solid KVM
facet normal 0.0 0.0 1.0
  outer loop
    vertex 212.56066689999793 113.40052308101687 5.0
    vertex 210.56066689999793 115.40052308101684 5.0
    vertex 210.56066689999793 113.40052308101687 5.0
  endloop
endfacet
facet normal 0.0 0.0 1.0
  outer loop
    vertex 210.56066689999793 115.40052308101684 5.0
    vertex 212.56066689999793 113.40052308101687 5.0
    vertex 210.56066689999793 118.40052308101687 5.0
  endloop
endfacet
facet normal 0.0 0.0 1.0
  outer loop
    vertex 210.56066689999793 118.40052308101687 5.0
    vertex 212.56066689999793 113.40052308101687 5.0
    vertex 212.56066689999793 118.40052308101687 5.0
  endloop
endfacet
facet normal 1.0 0.0 0.0
  outer loop
    vertex 212.56066689999793 118.40052308101687 -1.9999999999999998
    vertex 212.56066689999793 113.40052308101687 5.0
    vertex 212.56066689999793 113.40052308101687 -1.9999999999999998
  endloop
endfacet
facet normal 1.0 0.0 0.0
  outer loop
    vertex 212.56066689999793 113.40052308101687 5.0
    vertex 212.56066689999793 118.40052308101687 -1.9999999999999998
    vertex 212.56066689999793 118.40052308101687 5.0
  endloop
endfacet
facet normal 0.0 1.0 0.0
  outer loop
    vertex 210.56066689999793 118.40052308101687 0.0
    vertex 212.56066689999793 118.40052308101687 -1.9999999999999998
    vertex 210.56066689999793 118.40052308101687 -1.9999999999999998
  endloop
endfacet
facet normal 0.0 1.0 0.0
  outer loop
    vertex 212.56066689999793 118.40052308101687 -1.9999999999999998
    vertex 210.56066689999793 118.40052308101687 0.0
    vertex 212.56066689999793 118.40052308101687 5.0
  endloop
endfacet
facet normal 0.0 1.0 0.0
  outer loop
    vertex 212.56066689999793 118.40052308101687 5.0
    vertex 210.56066689999793 118.40052308101687 0.0
    vertex 210.56066689999793 118.40052308101687 5.0
  endloop
endfacet
facet normal -1.0 0.0 0.0
  outer loop
    vertex 210.56066689999793 118.40052308101687 5.0
    vertex 210.56066689999793 115.40052308101684 0.0
    vertex 210.56066689999793 115.40052308101684 5.0
  endloop
endfacet
facet normal -1.0 0.0 0.0
  outer loop
    vertex 210.56066689999793 115.40052308101684 0.0
    vertex 210.56066689999793 118.40052308101687 5.0
    vertex 210.56066689999793 118.40052308101687 0.0
  endloop
endfacet
facet normal 0.0 -1.0 0.0
  outer loop
    vertex 208.56066689999793 113.40052308101687 22.0
    vertex 147.5606668999979 113.40052308101687 12.0
    vertex 208.56066689999793 113.40052308101687 12.0
  endloop
endfacet
facet normal 0.0 -1.0 0.0
  outer loop
    vertex 147.5606668999979 113.40052308101687 12.0
    vertex 208.56066689999793 113.40052308101687 22.0
    vertex 147.5606668999979 113.40052308101687 22.0
  endloop
endfacet
facet normal 0.0 -1.0 0.0
  outer loop
    vertex 212.56066689999793 113.40052308101687 5.0
    vertex 145.56066689999793 113.40052308101687 -1.9999999999999998
    vertex 212.56066689999793 113.40052308101687 -1.9999999999999998
  endloop
endfacet
facet normal 0.0 -1.0 0.0
  outer loop
    vertex 145.56066689999793 113.40052308101687 -1.9999999999999998
    vertex 212.56066689999793 113.40052308101687 5.0
    vertex 210.56066689999793 113.40052308101687 5.0
  endloop
endfacet
facet normal 0.0 -1.0 0.0
  outer loop
    vertex 145.56066689999793 113.40052308101687 -1.9999999999999998
    vertex 210.56066689999793 113.40052308101687 5.0
    vertex 145.56066689999793 113.40052308101687 12.0
  endloop
endfacet
facet normal 0.0 -1.0 0.0
  outer loop
    vertex 145.56066689999793 113.40052308101687 12.0
    vertex 210.56066689999793 113.40052308101687 5.0
    vertex 210.56066689999793 113.40052308101687 12.0
  endloop
endfacet
facet normal 0.0 -1.0 0.0
  outer loop
    vertex 145.56066689999793 113.40052308101687 12.0
    vertex 210.56066689999793 113.40052308101687 12.0
    vertex 208.56066689999793 113.40052308101687 12.0
  endloop
endfacet
facet normal 0.0 -1.0 0.0
  outer loop
    vertex 145.56066689999793 113.40052308101687 12.0
    vertex 208.56066689999793 113.40052308101687 12.0
    vertex 147.5606668999979 113.40052308101687 12.0
  endloop
endfacet
facet normal 0.0 0.0 1.0
  outer loop
    vertex 212.56066689999793 224.40052308101684 5.0
    vertex 210.56066689999793 227.40052308101684 5.0
    vertex 210.56066689999793 224.40052308101684 5.0
  endloop
endfacet
facet normal 0.0 0.0 1.0
  outer loop
    vertex 210.56066689999793 227.40052308101684 5.0
    vertex 212.56066689999793 224.40052308101684 5.0
    vertex 210.56066689999793 229.40052308101684 5.0
  endloop
endfacet
facet normal 0.0 0.0 1.0
  outer loop
    vertex 210.56066689999793 229.40052308101684 5.0
    vertex 212.56066689999793 224.40052308101684 5.0
    vertex 212.56066689999793 229.40052308101684 5.0
  endloop
endfacet
facet normal 0.0 -1.0 0.0
  outer loop
    vertex 212.56066689999793 224.40052308101684 5.0
    vertex 210.56066689999793 224.40052308101684 -1.9999999999999998
    vertex 212.56066689999793 224.40052308101684 -1.9999999999999998
  endloop
endfacet
facet normal 0.0 -1.0 0.0
  outer loop
    vertex 210.56066689999793 224.40052308101684 -1.9999999999999998
    vertex 212.56066689999793 224.40052308101684 5.0
    vertex 210.56066689999793 224.40052308101684 0.0
  endloop
endfacet
facet normal 0.0 -1.0 0.0
  outer loop
    vertex 210.56066689999793 224.40052308101684 0.0
    vertex 212.56066689999793 224.40052308101684 5.0
    vertex 210.56066689999793 224.40052308101684 5.0
  endloop
endfacet
facet normal 1.0 0.0 0.0
  outer loop
    vertex 212.56066689999793 229.40052308101684 -1.9999999999999998
    vertex 212.56066689999793 224.40052308101684 5.0
    vertex 212.56066689999793 224.40052308101684 -1.9999999999999998
  endloop
endfacet
facet normal 1.0 0.0 0.0
  outer loop
    vertex 212.56066689999793 224.40052308101684 5.0
    vertex 212.56066689999793 229.40052308101684 -1.9999999999999998
    vertex 212.56066689999793 229.40052308101684 5.0
  endloop
endfacet
facet normal 0.0 1.0 0.0
  outer loop
    vertex 147.5606668999979 229.40052308101684 22.0
    vertex 208.56066689999793 229.40052308101684 11.999999999999998
    vertex 147.5606668999979 229.40052308101684 11.999999999999998
  endloop
endfacet
facet normal 0.0 1.0 0.0
  outer loop
    vertex 208.56066689999793 229.40052308101684 11.999999999999998
    vertex 147.5606668999979 229.40052308101684 22.0
    vertex 208.56066689999793 229.40052308101684 22.0
  endloop
endfacet
facet normal 0.0 1.0 0.0
  outer loop
    vertex 145.56066689999793 229.40052308101684 11.999999999999998
    vertex 212.56066689999793 229.40052308101684 -1.9999999999999998
    vertex 145.56066689999793 229.40052308101684 -1.9999999999999998
  endloop
endfacet
facet normal 0.0 1.0 0.0
  outer loop
    vertex 212.56066689999793 229.40052308101684 -1.9999999999999998
    vertex 145.56066689999793 229.40052308101684 11.999999999999998
    vertex 210.56066689999793 229.40052308101684 5.0
  endloop
endfacet
facet normal 0.0 1.0 0.0
  outer loop
    vertex 210.56066689999793 229.40052308101684 5.0
    vertex 145.56066689999793 229.40052308101684 11.999999999999998
    vertex 210.56066689999793 229.40052308101684 11.999999999999998
  endloop
endfacet
facet normal 0.0 1.0 0.0
  outer loop
    vertex 210.56066689999793 229.40052308101684 11.999999999999998
    vertex 145.56066689999793 229.40052308101684 11.999999999999998
    vertex 147.5606668999979 229.40052308101684 11.999999999999998
  endloop
endfacet
facet normal 0.0 1.0 0.0
  outer loop
    vertex 210.56066689999793 229.40052308101684 11.999999999999998
    vertex 147.5606668999979 229.40052308101684 11.999999999999998
    vertex 208.56066689999793 229.40052308101684 11.999999999999998
  endloop
endfacet
facet normal 0.0 1.0 0.0
  outer loop
    vertex 212.56066689999793 229.40052308101684 5.0
    vertex 212.56066689999793 229.40052308101684 -1.9999999999999998
    vertex 210.56066689999793 229.40052308101684 5.0
  endloop
endfacet
facet normal 1.0 0.0 0.0
  outer loop
    vertex 210.56066689999793 115.40052308101684 5.0
    vertex 210.56066689999793 113.40052308101687 12.0
    vertex 210.56066689999793 113.40052308101687 5.0
  endloop
endfacet
facet normal 1.0 0.0 0.0
  outer loop
    vertex 210.56066689999793 113.40052308101687 12.0
    vertex 210.56066689999793 115.40052308101684 5.0
    vertex 210.56066689999793 113.40052308101687 22.0
  endloop
endfacet
facet normal 1.0 0.0 0.0
  outer loop
    vertex 210.56066689999793 113.40052308101687 22.0
    vertex 210.56066689999793 115.40052308101684 5.0
    vertex 210.56066689999793 113.40052308101687 25.0
  endloop
endfacet
facet normal 1.0 0.0 0.0
  outer loop
    vertex 210.56066689999793 113.40052308101687 25.0
    vertex 210.56066689999793 115.40052308101684 5.0
    vertex 210.56066689999793 115.40052308101684 25.0
  endloop
endfacet
facet normal 3.606180161937477e-16 1.0 1.892221101492741e-18
  outer loop
    vertex 147.5606668999979 115.40052308101687 19.999999999999996
    vertex 210.56066689999793 115.40052308101684 25.0
    vertex 210.56066689999793 115.40052308101684 5.0
  endloop
endfacet
facet normal 3.606180161937477e-16 1.0 1.892221101492741e-18
  outer loop
    vertex 210.56066689999793 115.40052308101684 25.0
    vertex 147.5606668999979 115.40052308101687 19.999999999999996
    vertex 147.5606668999979 115.40052308101687 25.0
  endloop
endfacet
facet normal 3.606180161937477e-16 1.0 1.892221101492741e-18
  outer loop
    vertex 145.56066689999793 115.40052308101687 20.0
    vertex 147.5606668999979 115.40052308101687 1.9999999999999998
    vertex 145.56066689999793 115.40052308101687 1.9999999999999998
  endloop
endfacet
facet normal 3.606180161937477e-16 1.0 1.892221101492741e-18
  outer loop
    vertex 147.5606668999979 115.40052308101687 1.9999999999999998
    vertex 145.56066689999793 115.40052308101687 20.0
    vertex 210.56066689999793 115.40052308101684 5.0
  endloop
endfacet
facet normal 3.606180161937477e-16 1.0 1.892221101492741e-18
  outer loop
    vertex 210.56066689999793 115.40052308101684 5.0
    vertex 145.56066689999793 115.40052308101687 20.0
    vertex 147.5606668999979 115.40052308101687 19.999999999999996
  endloop
endfacet
facet normal 3.606180161937477e-16 1.0 1.892221101492741e-18
  outer loop
    vertex 147.5606668999979 115.40052308101687 1.9999999999999998
    vertex 210.56066689999793 115.40052308101684 0.0
    vertex 147.5606668999979 115.40052308101687 0.0
  endloop
endfacet
facet normal 3.606180161937477e-16 1.0 1.892221101492741e-18
  outer loop
    vertex 210.56066689999793 115.40052308101684 0.0
    vertex 147.5606668999979 115.40052308101687 1.9999999999999998
    vertex 210.56066689999793 115.40052308101684 5.0
  endloop
endfacet
facet normal -1.0 0.0 0.0
  outer loop
    vertex 145.56066689999793 229.40052308101684 25.0
    vertex 145.56066689999793 113.40052308101687 22.0
    vertex 145.56066689999793 113.40052308101687 25.0
  endloop
endfacet
facet normal -1.0 0.0 0.0
  outer loop
    vertex 145.56066689999793 113.40052308101687 22.0
    vertex 145.56066689999793 229.40052308101684 25.0
    vertex 145.56066689999793 115.40052308101687 20.0
  endloop
endfacet
facet normal -1.0 0.0 0.0
  outer loop
    vertex 145.56066689999793 113.40052308101687 22.0
    vertex 145.56066689999793 115.40052308101687 20.0
    vertex 145.56066689999793 113.40052308101687 12.0
  endloop
endfacet
facet normal -1.0 0.0 0.0
  outer loop
    vertex 145.56066689999793 113.40052308101687 12.0
    vertex 145.56066689999793 115.40052308101687 20.0
    vertex 145.56066689999793 113.40052308101687 -1.9999999999999998
  endloop
endfacet
facet normal -1.0 0.0 0.0
  outer loop
    vertex 145.56066689999793 115.40052308101687 20.0
    vertex 145.56066689999793 229.40052308101684 25.0
    vertex 145.56066689999793 227.40052308101684 20.0
  endloop
endfacet
facet normal -1.0 0.0 0.0
  outer loop
    vertex 145.56066689999793 227.40052308101684 20.0
    vertex 145.56066689999793 229.40052308101684 25.0
    vertex 145.56066689999793 227.40052308101684 1.9999999999999998
  endloop
endfacet
facet normal -1.0 0.0 0.0
  outer loop
    vertex 145.56066689999793 239.40052308101681 25.0
    vertex 145.56066689999793 229.40052308101684 11.999999999999998
    vertex 145.56066689999793 229.40052308101684 25.0
  endloop
endfacet
facet normal -1.0 0.0 0.0
  outer loop
    vertex 145.56066689999793 229.40052308101684 11.999999999999998
    vertex 145.56066689999793 239.40052308101681 25.0
    vertex 145.56066689999793 239.40052308101681 22.0
  endloop
endfacet
facet normal -1.0 0.0 0.0
  outer loop
    vertex 145.56066689999793 113.40052308101687 -1.9999999999999998
    vertex 145.56066689999793 115.40052308101687 1.9999999999999998
    vertex 145.56066689999793 229.40052308101684 -1.9999999999999998
  endloop
endfacet
facet normal -1.0 0.0 0.0
  outer loop
    vertex 145.56066689999793 115.40052308101687 1.9999999999999998
    vertex 145.56066689999793 113.40052308101687 -1.9999999999999998
    vertex 145.56066689999793 115.40052308101687 20.0
  endloop
endfacet
facet normal -1.0 0.0 0.0
  outer loop
    vertex 145.56066689999793 229.40052308101684 -1.9999999999999998
    vertex 145.56066689999793 115.40052308101687 1.9999999999999998
    vertex 145.56066689999793 227.40052308101684 1.9999999999999998
  endloop
endfacet
facet normal -1.0 0.0 0.0
  outer loop
    vertex 145.56066689999793 229.40052308101684 -1.9999999999999998
    vertex 145.56066689999793 227.40052308101684 1.9999999999999998
    vertex 145.56066689999793 229.40052308101684 25.0
  endloop
endfacet
facet normal -1.0 0.0 0.0
  outer loop
    vertex 145.56066689999793 229.40052308101684 -1.9999999999999998
    vertex 145.56066689999793 229.40052308101684 25.0
    vertex 145.56066689999793 229.40052308101684 11.999999999999998
  endloop
endfacet
facet normal 0.0 0.0 1.0
  outer loop
    vertex 145.56066689999793 113.40052308101687 25.0
    vertex 147.5606668999979 115.40052308101687 25.0
    vertex 145.56066689999793 229.40052308101684 25.0
  endloop
endfacet
facet normal 0.0 0.0 1.0
  outer loop
    vertex 147.5606668999979 115.40052308101687 25.0
    vertex 145.56066689999793 113.40052308101687 25.0
    vertex 210.56066689999793 113.40052308101687 25.0
  endloop
endfacet
facet normal 0.0 0.0 1.0
  outer loop
    vertex 147.5606668999979 115.40052308101687 25.0
    vertex 210.56066689999793 113.40052308101687 25.0
    vertex 210.56066689999793 115.40052308101684 25.0
  endloop
endfacet
facet normal 0.0 0.0 1.0
  outer loop
    vertex 145.56066689999793 229.40052308101684 25.0
    vertex 147.5606668999979 227.40052308101684 25.0
    vertex 210.56066689999793 229.40052308101684 25.0
  endloop
endfacet
facet normal 0.0 0.0 1.0
  outer loop
    vertex 147.5606668999979 227.40052308101684 25.0
    vertex 145.56066689999793 229.40052308101684 25.0
    vertex 147.5606668999979 115.40052308101687 25.0
  endloop
endfacet
facet normal 0.0 0.0 1.0
  outer loop
    vertex 210.56066689999793 229.40052308101684 25.0
    vertex 147.5606668999979 227.40052308101684 25.0
    vertex 210.56066689999793 227.40052308101684 25.0
  endloop
endfacet
facet normal 1.0 0.0 0.0
  outer loop
    vertex 210.56066689999793 229.40052308101684 5.0
    vertex 210.56066689999793 227.40052308101684 25.0
    vertex 210.56066689999793 227.40052308101684 5.0
  endloop
endfacet
facet normal 1.0 0.0 0.0
  outer loop
    vertex 210.56066689999793 227.40052308101684 25.0
    vertex 210.56066689999793 229.40052308101684 5.0
    vertex 210.56066689999793 229.40052308101684 25.0
  endloop
endfacet
facet normal 1.0 0.0 0.0
  outer loop
    vertex 210.56066689999793 229.40052308101684 25.0
    vertex 210.56066689999793 229.40052308101684 5.0
    vertex 210.56066689999793 229.40052308101684 11.999999999999998
  endloop
endfacet
facet normal 1.0 0.0 0.0
  outer loop
    vertex 210.56066689999793 229.40052308101684 25.0
    vertex 210.56066689999793 229.40052308101684 11.999999999999998
    vertex 210.56066689999793 229.40052308101684 22.0
  endloop
endfacet
facet normal 0.0 0.0 1.0
  outer loop
    vertex 147.5606668999979 115.40052308101687 1.9999999999999998
    vertex 145.56066689999793 227.40052308101684 1.9999999999999998
    vertex 145.56066689999793 115.40052308101687 1.9999999999999998
  endloop
endfacet
facet normal 0.0 0.0 1.0
  outer loop
    vertex 145.56066689999793 227.40052308101684 1.9999999999999998
    vertex 147.5606668999979 115.40052308101687 1.9999999999999998
    vertex 147.5606668999979 227.40052308101684 1.9999999999999998
  endloop
endfacet
facet normal 0.0 0.0 -1.0
  outer loop
    vertex 212.56066689999793 229.40052308101684 -1.9999999999999998
    vertex 145.56066689999793 113.40052308101687 -1.9999999999999998
    vertex 145.56066689999793 229.40052308101684 -1.9999999999999998
  endloop
endfacet
facet normal 0.0 0.0 -1.0
  outer loop
    vertex 145.56066689999793 113.40052308101687 -1.9999999999999998
    vertex 212.56066689999793 229.40052308101684 -1.9999999999999998
    vertex 210.56066689999793 224.40052308101684 -1.9999999999999998
  endloop
endfacet
facet normal 0.0 0.0 -1.0
  outer loop
    vertex 145.56066689999793 113.40052308101687 -1.9999999999999998
    vertex 210.56066689999793 224.40052308101684 -1.9999999999999998
    vertex 187.59474107370886 149.65934212611936 -1.9999999999999998
  endloop
endfacet
facet normal 0.0 0.0 -1.0
  outer loop
    vertex 145.56066689999793 113.40052308101687 -1.9999999999999998
    vertex 187.59474107370886 149.65934212611936 -1.9999999999999998
    vertex 187.56066689999793 149.40052308101684 -1.9999999999999998
  endloop
endfacet
facet normal 0.0 0.0 -1.0
  outer loop
    vertex 187.59474107370886 149.65934212611936 -1.9999999999999998
    vertex 210.56066689999793 224.40052308101684 -1.9999999999999998
    vertex 187.6946414962135 149.90052308101684 -1.9999999999999998
  endloop
endfacet
facet normal 0.0 0.0 -1.0
  outer loop
    vertex 187.6946414962135 149.90052308101684 -1.9999999999999998
    vertex 210.56066689999793 224.40052308101684 -1.9999999999999998
    vertex 187.85356011881137 150.1076298622034 -1.9999999999999998
  endloop
endfacet
facet normal 0.0 0.0 -1.0
  outer loop
    vertex 187.85356011881137 150.1076298622034 -1.9999999999999998
    vertex 210.56066689999793 224.40052308101684 -1.9999999999999998
    vertex 188.06066689999793 150.2665484848013 -1.9999999999999998
  endloop
endfacet
facet normal 0.0 0.0 -1.0
  outer loop
    vertex 188.06066689999793 150.2665484848013 -1.9999999999999998
    vertex 210.56066689999793 224.40052308101684 -1.9999999999999998
    vertex 188.3018478548954 150.3664489073059 -1.9999999999999998
  endloop
endfacet
facet normal 0.0 0.0 -1.0
  outer loop
    vertex 188.3018478548954 150.3664489073059 -1.9999999999999998
    vertex 210.56066689999793 224.40052308101684 -1.9999999999999998
    vertex 188.56066689999793 150.40052308101684 -1.9999999999999998
  endloop
endfacet
facet normal 0.0 0.0 -1.0
  outer loop
    vertex 188.56066689999793 150.40052308101684 -1.9999999999999998
    vertex 210.56066689999793 224.40052308101684 -1.9999999999999998
    vertex 206.56066689999793 150.40052308101684 -1.9999999999999998
  endloop
endfacet
facet normal 0.0 0.0 -1.0
  outer loop
    vertex 206.56066689999793 150.40052308101684 -1.9999999999999998
    vertex 210.56066689999793 224.40052308101684 -1.9999999999999998
    vertex 206.81948594510047 150.3664489073059 -1.9999999999999998
  endloop
endfacet
facet normal 0.0 0.0 -1.0
  outer loop
    vertex 206.81948594510047 150.3664489073059 -1.9999999999999998
    vertex 210.56066689999793 224.40052308101684 -1.9999999999999998
    vertex 207.06066689999793 150.2665484848013 -1.9999999999999998
  endloop
endfacet
facet normal 0.0 0.0 -1.0
  outer loop
    vertex 207.06066689999793 150.2665484848013 -1.9999999999999998
    vertex 210.56066689999793 224.40052308101684 -1.9999999999999998
    vertex 207.26777368118448 150.1076298622034 -1.9999999999999998
  endloop
endfacet
facet normal 0.0 0.0 -1.0
  outer loop
    vertex 207.26777368118448 150.1076298622034 -1.9999999999999998
    vertex 210.56066689999793 224.40052308101684 -1.9999999999999998
    vertex 207.42669230378237 149.90052308101684 -1.9999999999999998
  endloop
endfacet
facet normal 0.0 0.0 -1.0
  outer loop
    vertex 207.42669230378237 149.90052308101684 -1.9999999999999998
    vertex 210.56066689999793 224.40052308101684 -1.9999999999999998
    vertex 207.52659272628702 149.65934212611936 -1.9999999999999998
  endloop
endfacet
facet normal 0.0 0.0 -1.0
  outer loop
    vertex 207.52659272628702 149.65934212611936 -1.9999999999999998
    vertex 210.56066689999793 224.40052308101684 -1.9999999999999998
    vertex 207.56066689999793 149.40052308101684 -1.9999999999999998
  endloop
endfacet
facet normal 0.0 0.0 -1.0
  outer loop
    vertex 207.56066689999793 149.40052308101684 -1.9999999999999998
    vertex 210.56066689999793 224.40052308101684 -1.9999999999999998
    vertex 207.56066689999793 121.40052308101684 -1.9999999999999998
  endloop
endfacet
facet normal 0.0 0.0 -1.0
  outer loop
    vertex 210.56066689999793 224.40052308101684 -1.9999999999999998
    vertex 212.56066689999793 229.40052308101684 -1.9999999999999998
    vertex 212.56066689999793 224.40052308101684 -1.9999999999999998
  endloop
endfacet
facet normal 0.0 0.0 -1.0
  outer loop
    vertex 145.56066689999793 113.40052308101687 -1.9999999999999998
    vertex 188.3018478548954 120.43459725472778 -1.9999999999999998
    vertex 212.56066689999793 113.40052308101687 -1.9999999999999998
  endloop
endfacet
facet normal 0.0 0.0 -1.0
  outer loop
    vertex 188.3018478548954 120.43459725472778 -1.9999999999999998
    vertex 145.56066689999793 113.40052308101687 -1.9999999999999998
    vertex 188.06066689999793 120.53449767723241 -1.9999999999999998
  endloop
endfacet
facet normal 0.0 0.0 -1.0
  outer loop
    vertex 188.06066689999793 120.53449767723241 -1.9999999999999998
    vertex 145.56066689999793 113.40052308101687 -1.9999999999999998
    vertex 187.85356011881137 120.69341629983029 -1.9999999999999998
  endloop
endfacet
facet normal 0.0 0.0 -1.0
  outer loop
    vertex 187.85356011881137 120.69341629983029 -1.9999999999999998
    vertex 145.56066689999793 113.40052308101687 -1.9999999999999998
    vertex 187.6946414962135 120.90052308101684 -1.9999999999999998
  endloop
endfacet
facet normal 0.0 0.0 -1.0
  outer loop
    vertex 187.6946414962135 120.90052308101684 -1.9999999999999998
    vertex 145.56066689999793 113.40052308101687 -1.9999999999999998
    vertex 187.59474107370886 121.14170403591433 -1.9999999999999998
  endloop
endfacet
facet normal 0.0 0.0 -1.0
  outer loop
    vertex 187.59474107370886 121.14170403591433 -1.9999999999999998
    vertex 145.56066689999793 113.40052308101687 -1.9999999999999998
    vertex 187.56066689999793 121.40052308101684 -1.9999999999999998
  endloop
endfacet
facet normal 0.0 0.0 -1.0
  outer loop
    vertex 187.56066689999793 121.40052308101684 -1.9999999999999998
    vertex 145.56066689999793 113.40052308101687 -1.9999999999999998
    vertex 187.56066689999793 149.40052308101684 -1.9999999999999998
  endloop
endfacet
facet normal 0.0 0.0 -1.0
  outer loop
    vertex 212.56066689999793 113.40052308101687 -1.9999999999999998
    vertex 188.3018478548954 120.43459725472778 -1.9999999999999998
    vertex 188.56066689999793 120.40052308101684 -1.9999999999999998
  endloop
endfacet
facet normal 0.0 0.0 -1.0
  outer loop
    vertex 212.56066689999793 113.40052308101687 -1.9999999999999998
    vertex 188.56066689999793 120.40052308101684 -1.9999999999999998
    vertex 206.56066689999793 120.40052308101684 -1.9999999999999998
  endloop
endfacet
facet normal 0.0 0.0 -1.0
  outer loop
    vertex 212.56066689999793 113.40052308101687 -1.9999999999999998
    vertex 206.56066689999793 120.40052308101684 -1.9999999999999998
    vertex 206.81948594510047 120.43459725472778 -1.9999999999999998
  endloop
endfacet
facet normal 0.0 0.0 -1.0
  outer loop
    vertex 212.56066689999793 113.40052308101687 -1.9999999999999998
    vertex 206.81948594510047 120.43459725472778 -1.9999999999999998
    vertex 207.06066689999795 120.53449767723241 -1.9999999999999998
  endloop
endfacet
facet normal 0.0 0.0 -1.0
  outer loop
    vertex 212.56066689999793 113.40052308101687 -1.9999999999999998
    vertex 207.06066689999795 120.53449767723241 -1.9999999999999998
    vertex 207.26777368118448 120.69341629983029 -1.9999999999999998
  endloop
endfacet
facet normal 0.0 0.0 -1.0
  outer loop
    vertex 212.56066689999793 113.40052308101687 -1.9999999999999998
    vertex 207.26777368118448 120.69341629983029 -1.9999999999999998
    vertex 207.42669230378237 120.90052308101684 -1.9999999999999998
  endloop
endfacet
facet normal 0.0 0.0 -1.0
  outer loop
    vertex 212.56066689999793 113.40052308101687 -1.9999999999999998
    vertex 207.42669230378237 120.90052308101684 -1.9999999999999998
    vertex 207.52659272628702 121.14170403591433 -1.9999999999999998
  endloop
endfacet
facet normal 0.0 0.0 -1.0
  outer loop
    vertex 212.56066689999793 113.40052308101687 -1.9999999999999998
    vertex 207.52659272628702 121.14170403591433 -1.9999999999999998
    vertex 207.56066689999793 121.40052308101684 -1.9999999999999998
  endloop
endfacet
facet normal 0.0 0.0 -1.0
  outer loop
    vertex 212.56066689999793 113.40052308101687 -1.9999999999999998
    vertex 207.56066689999793 121.40052308101684 -1.9999999999999998
    vertex 210.56066689999793 118.40052308101687 -1.9999999999999998
  endloop
endfacet
facet normal 0.0 0.0 -1.0
  outer loop
    vertex 210.56066689999793 118.40052308101687 -1.9999999999999998
    vertex 207.56066689999793 121.40052308101684 -1.9999999999999998
    vertex 210.56066689999793 224.40052308101684 -1.9999999999999998
  endloop
endfacet
facet normal 0.0 0.0 -1.0
  outer loop
    vertex 212.56066689999793 113.40052308101687 -1.9999999999999998
    vertex 210.56066689999793 118.40052308101687 -1.9999999999999998
    vertex 212.56066689999793 118.40052308101687 -1.9999999999999998
  endloop
endfacet
facet normal 1.0 0.0 0.0
  outer loop
    vertex 210.56066689999793 224.40052308101684 -1.9999999999999998
    vertex 210.56066689999793 118.40052308101687 0.0
    vertex 210.56066689999793 118.40052308101687 -1.9999999999999998
  endloop
endfacet
facet normal 1.0 0.0 0.0
  outer loop
    vertex 210.56066689999793 118.40052308101687 0.0
    vertex 210.56066689999793 224.40052308101684 -1.9999999999999998
    vertex 210.56066689999793 224.40052308101684 0.0
  endloop
endfacet
facet normal -1.0 0.0 0.0
  outer loop
    vertex 210.56066689999793 227.40052308101684 5.0
    vertex 210.56066689999793 224.40052308101684 0.0
    vertex 210.56066689999793 224.40052308101684 5.0
  endloop
endfacet
facet normal -1.0 0.0 0.0
  outer loop
    vertex 210.56066689999793 224.40052308101684 0.0
    vertex 210.56066689999793 227.40052308101684 5.0
    vertex 210.56066689999793 227.40052308101684 0.0
  endloop
endfacet
facet normal -1.6325490219084634e-16 -1.0 5.718664575863695e-16
  outer loop
    vertex 210.56066689999793 227.40052308101684 25.0
    vertex 147.5606668999979 227.40052308101693 19.999999999999996
    vertex 210.56066689999793 227.40052308101684 5.0
  endloop
endfacet
facet normal -1.6325490219084634e-16 -1.0 5.718664575863695e-16
  outer loop
    vertex 147.5606668999979 227.40052308101693 19.999999999999996
    vertex 210.56066689999793 227.40052308101684 25.0
    vertex 147.5606668999979 227.40052308101684 25.0
  endloop
endfacet
facet normal -1.6325490219084634e-16 -1.0 5.718664575863695e-16
  outer loop
    vertex 210.56066689999793 227.40052308101684 5.0
    vertex 147.5606668999979 227.40052308101684 0.0
    vertex 210.56066689999793 227.40052308101684 0.0
  endloop
endfacet
facet normal -1.6325490219084634e-16 -1.0 5.718664575863695e-16
  outer loop
    vertex 147.5606668999979 227.40052308101684 0.0
    vertex 210.56066689999793 227.40052308101684 5.0
    vertex 147.5606668999979 227.40052308101684 1.9999999999999998
  endloop
endfacet
facet normal -1.6325490219084634e-16 -1.0 5.718664575863695e-16
  outer loop
    vertex 147.5606668999979 227.40052308101684 1.9999999999999998
    vertex 210.56066689999793 227.40052308101684 5.0
    vertex 145.56066689999793 227.40052308101684 1.9999999999999998
  endloop
endfacet
facet normal -1.6325490219084634e-16 -1.0 5.718664575863695e-16
  outer loop
    vertex 145.56066689999793 227.40052308101684 1.9999999999999998
    vertex 210.56066689999793 227.40052308101684 5.0
    vertex 145.56066689999793 227.40052308101684 20.0
  endloop
endfacet
facet normal -1.6325490219084634e-16 -1.0 5.718664575863695e-16
  outer loop
    vertex 145.56066689999793 227.40052308101684 20.0
    vertex 210.56066689999793 227.40052308101684 5.0
    vertex 147.5606668999979 227.40052308101693 19.999999999999996
  endloop
endfacet
facet normal 1.0 0.0 0.0
  outer loop
    vertex 147.5606668999979 227.40052308101684 0.0
    vertex 147.5606668999979 115.40052308101687 1.9999999999999998
    vertex 147.5606668999979 115.40052308101687 0.0
  endloop
endfacet
facet normal 1.0 0.0 0.0
  outer loop
    vertex 147.5606668999979 115.40052308101687 1.9999999999999998
    vertex 147.5606668999979 227.40052308101684 0.0
    vertex 147.5606668999979 227.40052308101684 1.9999999999999998
  endloop
endfacet
facet normal 0.0 1.0 0.0
  outer loop
    vertex 188.56066689999793 120.40052308101684 0.0
    vertex 206.56066689999793 120.40052308101684 -1.9999999999999998
    vertex 188.56066689999793 120.40052308101684 -1.9999999999999998
  endloop
endfacet
facet normal 0.0 1.0 0.0
  outer loop
    vertex 206.56066689999793 120.40052308101684 -1.9999999999999998
    vertex 188.56066689999793 120.40052308101684 0.0
    vertex 206.56066689999793 120.40052308101684 0.0
  endloop
endfacet
facet normal -0.1305261922200664 0.9914448613738085 0.0
  outer loop
    vertex 206.56066689999793 120.40052308101684 0.0
    vertex 206.81948594510047 120.43459725472778 -1.9999999999999998
    vertex 206.56066689999793 120.40052308101684 -1.9999999999999998
  endloop
endfacet
facet normal -0.1305261922200664 0.9914448613738085 0.0
  outer loop
    vertex 206.81948594510047 120.43459725472778 -1.9999999999999998
    vertex 206.56066689999793 120.40052308101684 0.0
    vertex 206.81948594510047 120.43459725472778 0.0
  endloop
endfacet
facet normal -0.38268343236507063 0.9238795325112947 0.0
  outer loop
    vertex 206.81948594510047 120.43459725472778 0.0
    vertex 207.06066689999795 120.53449767723241 -1.9999999999999998
    vertex 206.81948594510047 120.43459725472778 -1.9999999999999998
  endloop
endfacet
facet normal -0.38268343236507063 0.9238795325112947 0.0
  outer loop
    vertex 207.06066689999795 120.53449767723241 -1.9999999999999998
    vertex 206.81948594510047 120.43459725472778 0.0
    vertex 207.06066689999795 120.53449767723241 0.0
  endloop
endfacet
facet normal -0.6087614290087409 0.7933533402912196 0.0
  outer loop
    vertex 207.06066689999795 120.53449767723241 0.0
    vertex 207.26777368118448 120.69341629983029 -1.9999999999999998
    vertex 207.06066689999795 120.53449767723241 -1.9999999999999998
  endloop
endfacet
facet normal -0.6087614290087409 0.7933533402912196 0.0
  outer loop
    vertex 207.26777368118448 120.69341629983029 -1.9999999999999998
    vertex 207.06066689999795 120.53449767723241 0.0
    vertex 207.26777368118448 120.69341629983029 0.0
  endloop
endfacet
facet normal -0.7933533402912518 0.6087614290086991 0.0
  outer loop
    vertex 207.42669230378237 120.90052308101684 0.0
    vertex 207.26777368118448 120.69341629983029 -1.9999999999999998
    vertex 207.26777368118448 120.69341629983029 0.0
  endloop
endfacet
facet normal -0.7933533402912518 0.6087614290086991 0.0
  outer loop
    vertex 207.26777368118448 120.69341629983029 -1.9999999999999998
    vertex 207.42669230378237 120.90052308101684 0.0
    vertex 207.42669230378237 120.90052308101684 -1.9999999999999998
  endloop
endfacet
facet normal -0.9238795325112642 0.3826834323651444 0.0
  outer loop
    vertex 207.52659272628702 121.14170403591433 0.0
    vertex 207.42669230378237 120.90052308101684 -1.9999999999999998
    vertex 207.42669230378237 120.90052308101684 0.0
  endloop
endfacet
facet normal -0.9238795325112642 0.3826834323651444 0.0
  outer loop
    vertex 207.42669230378237 120.90052308101684 -1.9999999999999998
    vertex 207.52659272628702 121.14170403591433 0.0
    vertex 207.52659272628702 121.14170403591433 -1.9999999999999998
  endloop
endfacet
facet normal -0.9914448613738182 0.13052619221999262 0.0
  outer loop
    vertex 207.56066689999793 121.40052308101684 0.0
    vertex 207.52659272628702 121.14170403591433 -1.9999999999999998
    vertex 207.52659272628702 121.14170403591433 0.0
  endloop
endfacet
facet normal -0.9914448613738182 0.13052619221999262 0.0
  outer loop
    vertex 207.52659272628702 121.14170403591433 -1.9999999999999998
    vertex 207.56066689999793 121.40052308101684 0.0
    vertex 207.56066689999793 121.40052308101684 -1.9999999999999998
  endloop
endfacet
facet normal -1.0 0.0 0.0
  outer loop
    vertex 207.56066689999793 149.40052308101684 0.0
    vertex 207.56066689999793 121.40052308101684 -1.9999999999999998
    vertex 207.56066689999793 121.40052308101684 0.0
  endloop
endfacet
facet normal -1.0 0.0 0.0
  outer loop
    vertex 207.56066689999793 121.40052308101684 -1.9999999999999998
    vertex 207.56066689999793 149.40052308101684 0.0
    vertex 207.56066689999793 149.40052308101684 -1.9999999999999998
  endloop
endfacet
facet normal -0.9914448613738182 -0.13052619221999262 -0.0
  outer loop
    vertex 207.52659272628702 149.65934212611936 0.0
    vertex 207.56066689999793 149.40052308101684 -1.9999999999999998
    vertex 207.56066689999793 149.40052308101684 0.0
  endloop
endfacet
facet normal -0.9914448613738182 -0.13052619221999262 -0.0
  outer loop
    vertex 207.56066689999793 149.40052308101684 -1.9999999999999998
    vertex 207.52659272628702 149.65934212611936 0.0
    vertex 207.52659272628702 149.65934212611936 -1.9999999999999998
  endloop
endfacet
facet normal -0.9238795325112642 -0.3826834323651444 -0.0
  outer loop
    vertex 207.42669230378237 149.90052308101684 0.0
    vertex 207.52659272628702 149.65934212611936 -1.9999999999999998
    vertex 207.52659272628702 149.65934212611936 0.0
  endloop
endfacet
facet normal -0.9238795325112642 -0.3826834323651444 -0.0
  outer loop
    vertex 207.52659272628702 149.65934212611936 -1.9999999999999998
    vertex 207.42669230378237 149.90052308101684 0.0
    vertex 207.42669230378237 149.90052308101684 -1.9999999999999998
  endloop
endfacet
facet normal -0.7933533402912518 -0.6087614290086991 -0.0
  outer loop
    vertex 207.26777368118448 150.1076298622034 0.0
    vertex 207.42669230378237 149.90052308101684 -1.9999999999999998
    vertex 207.42669230378237 149.90052308101684 0.0
  endloop
endfacet
facet normal -0.7933533402912518 -0.6087614290086991 -0.0
  outer loop
    vertex 207.42669230378237 149.90052308101684 -1.9999999999999998
    vertex 207.26777368118448 150.1076298622034 0.0
    vertex 207.26777368118448 150.1076298622034 -1.9999999999999998
  endloop
endfacet
facet normal -0.6087614290086574 -0.7933533402912837 -0.0
  outer loop
    vertex 207.26777368118448 150.1076298622034 0.0
    vertex 207.06066689999793 150.2665484848013 -1.9999999999999998
    vertex 207.26777368118448 150.1076298622034 -1.9999999999999998
  endloop
endfacet
facet normal -0.6087614290086574 -0.7933533402912837 -0.0
  outer loop
    vertex 207.06066689999793 150.2665484848013 -1.9999999999999998
    vertex 207.26777368118448 150.1076298622034 0.0
    vertex 207.06066689999793 150.2665484848013 0.0
  endloop
endfacet
facet normal -0.3826834323651318 -0.9238795325112695 -0.0
  outer loop
    vertex 207.06066689999793 150.2665484848013 0.0
    vertex 206.81948594510047 150.3664489073059 -1.9999999999999998
    vertex 207.06066689999793 150.2665484848013 -1.9999999999999998
  endloop
endfacet
facet normal -0.3826834323651318 -0.9238795325112695 -0.0
  outer loop
    vertex 206.81948594510047 150.3664489073059 -1.9999999999999998
    vertex 207.06066689999793 150.2665484848013 0.0
    vertex 206.81948594510047 150.3664489073059 0.0
  endloop
endfacet
facet normal -0.1305261922200664 -0.9914448613738085 -0.0
  outer loop
    vertex 206.81948594510047 150.3664489073059 0.0
    vertex 206.56066689999793 150.40052308101684 -1.9999999999999998
    vertex 206.81948594510047 150.3664489073059 -1.9999999999999998
  endloop
endfacet
facet normal -0.1305261922200664 -0.9914448613738085 -0.0
  outer loop
    vertex 206.56066689999793 150.40052308101684 -1.9999999999999998
    vertex 206.81948594510047 150.3664489073059 0.0
    vertex 206.56066689999793 150.40052308101684 0.0
  endloop
endfacet
facet normal -0.0 -1.0 -0.0
  outer loop
    vertex 206.56066689999793 150.40052308101684 0.0
    vertex 188.56066689999793 150.40052308101684 -1.9999999999999998
    vertex 206.56066689999793 150.40052308101684 -1.9999999999999998
  endloop
endfacet
facet normal -0.0 -1.0 -0.0
  outer loop
    vertex 188.56066689999793 150.40052308101684 -1.9999999999999998
    vertex 206.56066689999793 150.40052308101684 0.0
    vertex 188.56066689999793 150.40052308101684 0.0
  endloop
endfacet
facet normal 0.13052619222007758 -0.991444861373807 0.0
  outer loop
    vertex 188.56066689999793 150.40052308101684 0.0
    vertex 188.3018478548954 150.3664489073059 -1.9999999999999998
    vertex 188.56066689999793 150.40052308101684 -1.9999999999999998
  endloop
endfacet
facet normal 0.13052619222007758 -0.991444861373807 0.0
  outer loop
    vertex 188.3018478548954 150.3664489073059 -1.9999999999999998
    vertex 188.56066689999793 150.40052308101684 0.0
    vertex 188.3018478548954 150.3664489073059 0.0
  endloop
endfacet
facet normal 0.38268343236507063 -0.9238795325112947 0.0
  outer loop
    vertex 188.3018478548954 150.3664489073059 0.0
    vertex 188.06066689999793 150.2665484848013 -1.9999999999999998
    vertex 188.3018478548954 150.3664489073059 -1.9999999999999998
  endloop
endfacet
facet normal 0.38268343236507063 -0.9238795325112947 0.0
  outer loop
    vertex 188.06066689999793 150.2665484848013 -1.9999999999999998
    vertex 188.3018478548954 150.3664489073059 0.0
    vertex 188.06066689999793 150.2665484848013 0.0
  endloop
endfacet
facet normal 0.6087614290086991 -0.7933533402912518 0.0
  outer loop
    vertex 188.06066689999793 150.2665484848013 0.0
    vertex 187.85356011881137 150.1076298622034 -1.9999999999999998
    vertex 188.06066689999793 150.2665484848013 -1.9999999999999998
  endloop
endfacet
facet normal 0.6087614290086991 -0.7933533402912518 0.0
  outer loop
    vertex 187.85356011881137 150.1076298622034 -1.9999999999999998
    vertex 188.06066689999793 150.2665484848013 0.0
    vertex 187.85356011881137 150.1076298622034 0.0
  endloop
endfacet
facet normal 0.7933533402912518 -0.6087614290086991 0.0
  outer loop
    vertex 187.85356011881137 150.1076298622034 -1.9999999999999998
    vertex 187.6946414962135 149.90052308101684 0.0
    vertex 187.6946414962135 149.90052308101684 -1.9999999999999998
  endloop
endfacet
facet normal 0.7933533402912518 -0.6087614290086991 0.0
  outer loop
    vertex 187.6946414962135 149.90052308101684 0.0
    vertex 187.85356011881137 150.1076298622034 -1.9999999999999998
    vertex 187.85356011881137 150.1076298622034 0.0
  endloop
endfacet
facet normal 0.9238795325112947 -0.38268343236507063 0.0
  outer loop
    vertex 187.6946414962135 149.90052308101684 -1.9999999999999998
    vertex 187.59474107370886 149.65934212611936 0.0
    vertex 187.59474107370886 149.65934212611936 -1.9999999999999998
  endloop
endfacet
facet normal 0.9238795325112947 -0.38268343236507063 0.0
  outer loop
    vertex 187.59474107370886 149.65934212611936 0.0
    vertex 187.6946414962135 149.90052308101684 -1.9999999999999998
    vertex 187.6946414962135 149.90052308101684 0.0
  endloop
endfacet
facet normal 0.991444861373807 -0.13052619222007758 0.0
  outer loop
    vertex 187.59474107370886 149.65934212611936 -1.9999999999999998
    vertex 187.56066689999793 149.40052308101684 0.0
    vertex 187.56066689999793 149.40052308101684 -1.9999999999999998
  endloop
endfacet
facet normal 0.991444861373807 -0.13052619222007758 0.0
  outer loop
    vertex 187.56066689999793 149.40052308101684 0.0
    vertex 187.59474107370886 149.65934212611936 -1.9999999999999998
    vertex 187.59474107370886 149.65934212611936 0.0
  endloop
endfacet
facet normal 1.0 0.0 0.0
  outer loop
    vertex 187.56066689999793 149.40052308101684 -1.9999999999999998
    vertex 187.56066689999793 121.40052308101684 0.0
    vertex 187.56066689999793 121.40052308101684 -1.9999999999999998
  endloop
endfacet
facet normal 1.0 0.0 0.0
  outer loop
    vertex 187.56066689999793 121.40052308101684 0.0
    vertex 187.56066689999793 149.40052308101684 -1.9999999999999998
    vertex 187.56066689999793 149.40052308101684 0.0
  endloop
endfacet
facet normal 0.991444861373807 0.13052619222007758 0.0
  outer loop
    vertex 187.56066689999793 121.40052308101684 -1.9999999999999998
    vertex 187.59474107370886 121.14170403591433 0.0
    vertex 187.59474107370886 121.14170403591433 -1.9999999999999998
  endloop
endfacet
facet normal 0.991444861373807 0.13052619222007758 0.0
  outer loop
    vertex 187.59474107370886 121.14170403591433 0.0
    vertex 187.56066689999793 121.40052308101684 -1.9999999999999998
    vertex 187.56066689999793 121.40052308101684 0.0
  endloop
endfacet
facet normal 0.9238795325112947 0.38268343236507063 0.0
  outer loop
    vertex 187.59474107370886 121.14170403591433 -1.9999999999999998
    vertex 187.6946414962135 120.90052308101684 0.0
    vertex 187.6946414962135 120.90052308101684 -1.9999999999999998
  endloop
endfacet
facet normal 0.9238795325112947 0.38268343236507063 0.0
  outer loop
    vertex 187.6946414962135 120.90052308101684 0.0
    vertex 187.59474107370886 121.14170403591433 -1.9999999999999998
    vertex 187.59474107370886 121.14170403591433 0.0
  endloop
endfacet
facet normal 0.7933533402912518 0.6087614290086991 0.0
  outer loop
    vertex 187.6946414962135 120.90052308101684 -1.9999999999999998
    vertex 187.85356011881137 120.69341629983029 0.0
    vertex 187.85356011881137 120.69341629983029 -1.9999999999999998
  endloop
endfacet
facet normal 0.7933533402912518 0.6087614290086991 0.0
  outer loop
    vertex 187.85356011881137 120.69341629983029 0.0
    vertex 187.6946414962135 120.90052308101684 -1.9999999999999998
    vertex 187.6946414962135 120.90052308101684 0.0
  endloop
endfacet
facet normal 0.6087614290086991 0.7933533402912518 0.0
  outer loop
    vertex 187.85356011881137 120.69341629983029 0.0
    vertex 188.06066689999793 120.53449767723241 -1.9999999999999998
    vertex 187.85356011881137 120.69341629983029 -1.9999999999999998
  endloop
endfacet
facet normal 0.6087614290086991 0.7933533402912518 0.0
  outer loop
    vertex 188.06066689999793 120.53449767723241 -1.9999999999999998
    vertex 187.85356011881137 120.69341629983029 0.0
    vertex 188.06066689999793 120.53449767723241 0.0
  endloop
endfacet
facet normal 0.38268343236507063 0.9238795325112947 0.0
  outer loop
    vertex 188.06066689999793 120.53449767723241 0.0
    vertex 188.3018478548954 120.43459725472778 -1.9999999999999998
    vertex 188.06066689999793 120.53449767723241 -1.9999999999999998
  endloop
endfacet
facet normal 0.38268343236507063 0.9238795325112947 0.0
  outer loop
    vertex 188.3018478548954 120.43459725472778 -1.9999999999999998
    vertex 188.06066689999793 120.53449767723241 0.0
    vertex 188.3018478548954 120.43459725472778 0.0
  endloop
endfacet
facet normal 0.13052619222007758 0.991444861373807 0.0
  outer loop
    vertex 188.3018478548954 120.43459725472778 0.0
    vertex 188.56066689999793 120.40052308101684 -1.9999999999999998
    vertex 188.3018478548954 120.43459725472778 -1.9999999999999998
  endloop
endfacet
facet normal 0.13052619222007758 0.991444861373807 0.0
  outer loop
    vertex 188.56066689999793 120.40052308101684 -1.9999999999999998
    vertex 188.3018478548954 120.43459725472778 0.0
    vertex 188.56066689999793 120.40052308101684 0.0
  endloop
endfacet
facet normal 1.0 0.0 0.0
  outer loop
    vertex 147.5606668999979 227.40052308101693 19.999999999999996
    vertex 147.5606668999979 115.40052308101687 25.0
    vertex 147.5606668999979 115.40052308101687 19.999999999999996
  endloop
endfacet
facet normal 1.0 0.0 0.0
  outer loop
    vertex 147.5606668999979 115.40052308101687 25.0
    vertex 147.5606668999979 227.40052308101693 19.999999999999996
    vertex 147.5606668999979 227.40052308101684 25.0
  endloop
endfacet
facet normal -1.4099832412739515e-15 -7.924317365564906e-35 -1.0
  outer loop
    vertex 147.5606668999979 227.40052308101693 19.999999999999996
    vertex 145.56066689999793 115.40052308101687 20.0
    vertex 145.56066689999793 227.40052308101684 20.0
  endloop
endfacet
facet normal -1.4099832412739515e-15 -7.924317365564906e-35 -1.0
  outer loop
    vertex 145.56066689999793 115.40052308101687 20.0
    vertex 147.5606668999979 227.40052308101693 19.999999999999996
    vertex 147.5606668999979 115.40052308101687 19.999999999999996
  endloop
endfacet
facet normal -2.3606516228045433e-31 1.6524074727674943e-30 1.0
  outer loop
    vertex 145.56066689999793 103.40052308101687 25.0
    vertex 154.81066689999793 107.10148497534023 25.0
    vertex 145.56066689999793 113.40052308101687 25.0
  endloop
endfacet
facet normal -2.3606516228045433e-31 1.6524074727674943e-30 1.0
  outer loop
    vertex 154.81066689999793 107.10148497534023 25.0
    vertex 145.56066689999793 103.40052308101687 25.0
    vertex 155.17243833234414 106.95163434158329 25.0
  endloop
endfacet
facet normal -2.3606516228045433e-31 1.6524074727674943e-30 1.0
  outer loop
    vertex 155.17243833234414 106.95163434158329 25.0
    vertex 145.56066689999793 103.40052308101687 25.0
    vertex 155.56066689999793 106.90052308101689 25.0
  endloop
endfacet
facet normal -2.3606516228045433e-31 1.6524074727674943e-30 1.0
  outer loop
    vertex 155.56066689999793 106.90052308101689 25.0
    vertex 145.56066689999793 103.40052308101687 25.0
    vertex 210.56066689999793 103.40052308101687 25.0
  endloop
endfacet
facet normal -2.3606516228045433e-31 1.6524074727674943e-30 1.0
  outer loop
    vertex 145.56066689999793 113.40052308101687 25.0
    vertex 154.81066689999793 107.10148497534023 25.0
    vertex 154.5000067282181 107.33986290923706 25.0
  endloop
endfacet
facet normal -2.3606516228045433e-31 1.6524074727674943e-30 1.0
  outer loop
    vertex 145.56066689999793 113.40052308101687 25.0
    vertex 154.5000067282181 107.33986290923706 25.0
    vertex 154.26162879432127 107.65052308101687 25.0
  endloop
endfacet
facet normal -2.3606516228045433e-31 1.6524074727674943e-30 1.0
  outer loop
    vertex 145.56066689999793 113.40052308101687 25.0
    vertex 154.26162879432127 107.65052308101687 25.0
    vertex 154.1117781605643 108.0122945133631 25.0
  endloop
endfacet
facet normal -2.3606516228045433e-31 1.6524074727674943e-30 1.0
  outer loop
    vertex 145.56066689999793 113.40052308101687 25.0
    vertex 154.1117781605643 108.0122945133631 25.0
    vertex 154.06066689999793 108.40052308101689 25.0
  endloop
endfacet
facet normal -2.3606516228045433e-31 1.6524074727674943e-30 1.0
  outer loop
    vertex 155.56066689999793 106.90052308101689 25.0
    vertex 210.56066689999793 103.40052308101687 25.0
    vertex 155.9488954676517 106.95163434158329 25.0
  endloop
endfacet
facet normal -2.3606516228045433e-31 1.6524074727674943e-30 1.0
  outer loop
    vertex 155.9488954676517 106.95163434158329 25.0
    vertex 210.56066689999793 103.40052308101687 25.0
    vertex 156.31066689999793 107.10148497534023 25.0
  endloop
endfacet
facet normal -2.3606516228045433e-31 1.6524074727674943e-30 1.0
  outer loop
    vertex 156.31066689999793 107.10148497534023 25.0
    vertex 210.56066689999793 103.40052308101687 25.0
    vertex 156.62132707177776 107.33986290923706 25.0
  endloop
endfacet
facet normal -2.3606516228045433e-31 1.6524074727674943e-30 1.0
  outer loop
    vertex 156.62132707177776 107.33986290923706 25.0
    vertex 210.56066689999793 103.40052308101687 25.0
    vertex 156.85970500567456 107.6505230810169 25.0
  endloop
endfacet
facet normal -2.3606516228045433e-31 1.6524074727674943e-30 1.0
  outer loop
    vertex 156.85970500567456 107.6505230810169 25.0
    vertex 210.56066689999793 103.40052308101687 25.0
    vertex 157.0095556394315 108.0122945133631 25.0
  endloop
endfacet
facet normal -2.3606516228045433e-31 1.6524074727674943e-30 1.0
  outer loop
    vertex 157.0095556394315 108.0122945133631 25.0
    vertex 210.56066689999793 103.40052308101687 25.0
    vertex 157.06066689999793 108.40052308101689 25.0
  endloop
endfacet
facet normal -2.3606516228045433e-31 1.6524074727674943e-30 1.0
  outer loop
    vertex 157.06066689999793 108.40052308101689 25.0
    vertex 210.56066689999793 103.40052308101687 25.0
    vertex 200.17243833234414 106.95163434158329 25.0
  endloop
endfacet
facet normal -2.3606516228045433e-31 1.6524074727674943e-30 1.0
  outer loop
    vertex 157.06066689999793 108.40052308101689 25.0
    vertex 200.17243833234414 106.95163434158329 25.0
    vertex 199.81066689999793 107.10148497534023 25.0
  endloop
endfacet
facet normal -2.3606516228045433e-31 1.6524074727674943e-30 1.0
  outer loop
    vertex 157.06066689999793 108.40052308101689 25.0
    vertex 199.81066689999793 107.10148497534023 25.0
    vertex 199.5000067282181 107.33986290923706 25.0
  endloop
endfacet
facet normal -2.3606516228045433e-31 1.6524074727674943e-30 1.0
  outer loop
    vertex 157.06066689999793 108.40052308101689 25.0
    vertex 199.5000067282181 107.33986290923706 25.0
    vertex 199.26162879432127 107.65052308101687 25.0
  endloop
endfacet
facet normal -2.3606516228045433e-31 1.6524074727674943e-30 1.0
  outer loop
    vertex 157.06066689999793 108.40052308101689 25.0
    vertex 199.26162879432127 107.65052308101687 25.0
    vertex 199.1117781605643 108.0122945133631 25.0
  endloop
endfacet
facet normal -2.3606516228045433e-31 1.6524074727674943e-30 1.0
  outer loop
    vertex 157.06066689999793 108.40052308101689 25.0
    vertex 199.1117781605643 108.0122945133631 25.0
    vertex 199.06066689999793 108.40052308101689 25.0
  endloop
endfacet
facet normal -2.3606516228045433e-31 1.6524074727674943e-30 1.0
  outer loop
    vertex 200.17243833234414 106.95163434158329 25.0
    vertex 210.56066689999793 103.40052308101687 25.0
    vertex 200.56066689999793 106.90052308101689 25.0
  endloop
endfacet
facet normal -2.3606516228045433e-31 1.6524074727674943e-30 1.0
  outer loop
    vertex 200.56066689999793 106.90052308101689 25.0
    vertex 210.56066689999793 103.40052308101687 25.0
    vertex 200.9488954676517 106.95163434158329 25.0
  endloop
endfacet
facet normal -2.3606516228045433e-31 1.6524074727674943e-30 1.0
  outer loop
    vertex 200.9488954676517 106.95163434158329 25.0
    vertex 210.56066689999793 103.40052308101687 25.0
    vertex 201.31066689999793 107.10148497534023 25.0
  endloop
endfacet
facet normal -2.3606516228045433e-31 1.6524074727674943e-30 1.0
  outer loop
    vertex 201.31066689999793 107.10148497534023 25.0
    vertex 210.56066689999793 103.40052308101687 25.0
    vertex 201.62132707177776 107.33986290923706 25.0
  endloop
endfacet
facet normal -2.3606516228045433e-31 1.6524074727674943e-30 1.0
  outer loop
    vertex 201.62132707177776 107.33986290923706 25.0
    vertex 210.56066689999793 103.40052308101687 25.0
    vertex 201.85970500567458 107.6505230810169 25.0
  endloop
endfacet
facet normal -2.3606516228045433e-31 1.6524074727674943e-30 1.0
  outer loop
    vertex 201.85970500567458 107.6505230810169 25.0
    vertex 210.56066689999793 103.40052308101687 25.0
    vertex 202.00955563943154 108.0122945133631 25.0
  endloop
endfacet
facet normal -2.3606516228045433e-31 1.6524074727674943e-30 1.0
  outer loop
    vertex 202.00955563943154 108.0122945133631 25.0
    vertex 210.56066689999793 103.40052308101687 25.0
    vertex 202.06066689999793 108.40052308101689 25.0
  endloop
endfacet
facet normal -2.3606516228045433e-31 1.6524074727674943e-30 1.0
  outer loop
    vertex 145.56066689999793 113.40052308101687 25.0
    vertex 155.56066689999793 109.90052308101689 25.0
    vertex 210.56066689999793 113.40052308101687 25.0
  endloop
endfacet
facet normal -2.3606516228045433e-31 1.6524074727674943e-30 1.0
  outer loop
    vertex 155.56066689999793 109.90052308101689 25.0
    vertex 145.56066689999793 113.40052308101687 25.0
    vertex 155.17243833234414 109.84941182045048 25.0
  endloop
endfacet
facet normal -2.3606516228045433e-31 1.6524074727674943e-30 1.0
  outer loop
    vertex 155.17243833234414 109.84941182045048 25.0
    vertex 145.56066689999793 113.40052308101687 25.0
    vertex 154.8106668999979 109.69956118669353 25.0
  endloop
endfacet
facet normal -2.3606516228045433e-31 1.6524074727674943e-30 1.0
  outer loop
    vertex 154.8106668999979 109.69956118669353 25.0
    vertex 145.56066689999793 113.40052308101687 25.0
    vertex 154.5000067282181 109.4611832527967 25.0
  endloop
endfacet
facet normal -2.3606516228045433e-31 1.6524074727674943e-30 1.0
  outer loop
    vertex 154.5000067282181 109.4611832527967 25.0
    vertex 145.56066689999793 113.40052308101687 25.0
    vertex 154.26162879432127 109.15052308101687 25.0
  endloop
endfacet
facet normal -2.3606516228045433e-31 1.6524074727674943e-30 1.0
  outer loop
    vertex 154.26162879432127 109.15052308101687 25.0
    vertex 145.56066689999793 113.40052308101687 25.0
    vertex 154.1117781605643 108.78875164867065 25.0
  endloop
endfacet
facet normal -2.3606516228045433e-31 1.6524074727674943e-30 1.0
  outer loop
    vertex 154.1117781605643 108.78875164867065 25.0
    vertex 145.56066689999793 113.40052308101687 25.0
    vertex 154.06066689999793 108.40052308101689 25.0
  endloop
endfacet
facet normal -2.3606516228045433e-31 1.6524074727674943e-30 1.0
  outer loop
    vertex 210.56066689999793 113.40052308101687 25.0
    vertex 155.56066689999793 109.90052308101689 25.0
    vertex 155.9488954676517 109.84941182045048 25.0
  endloop
endfacet
facet normal -2.3606516228045433e-31 1.6524074727674943e-30 1.0
  outer loop
    vertex 210.56066689999793 113.40052308101687 25.0
    vertex 155.9488954676517 109.84941182045048 25.0
    vertex 156.3106668999979 109.69956118669353 25.0
  endloop
endfacet
facet normal -2.3606516228045433e-31 1.6524074727674943e-30 1.0
  outer loop
    vertex 210.56066689999793 113.40052308101687 25.0
    vertex 156.3106668999979 109.69956118669353 25.0
    vertex 156.62132707177776 109.4611832527967 25.0
  endloop
endfacet
facet normal -2.3606516228045433e-31 1.6524074727674943e-30 1.0
  outer loop
    vertex 210.56066689999793 113.40052308101687 25.0
    vertex 156.62132707177776 109.4611832527967 25.0
    vertex 156.85970500567456 109.15052308101689 25.0
  endloop
endfacet
facet normal -2.3606516228045433e-31 1.6524074727674943e-30 1.0
  outer loop
    vertex 210.56066689999793 113.40052308101687 25.0
    vertex 156.85970500567456 109.15052308101689 25.0
    vertex 157.0095556394315 108.78875164867065 25.0
  endloop
endfacet
facet normal -2.3606516228045433e-31 1.6524074727674943e-30 1.0
  outer loop
    vertex 210.56066689999793 113.40052308101687 25.0
    vertex 157.0095556394315 108.78875164867065 25.0
    vertex 157.06066689999793 108.40052308101689 25.0
  endloop
endfacet
facet normal -2.3606516228045433e-31 1.6524074727674943e-30 1.0
  outer loop
    vertex 210.56066689999793 113.40052308101687 25.0
    vertex 157.06066689999793 108.40052308101689 25.0
    vertex 200.17243833234414 109.84941182045048 25.0
  endloop
endfacet
facet normal -2.3606516228045433e-31 1.6524074727674943e-30 1.0
  outer loop
    vertex 200.17243833234414 109.84941182045048 25.0
    vertex 157.06066689999793 108.40052308101689 25.0
    vertex 199.81066689999793 109.69956118669353 25.0
  endloop
endfacet
facet normal -2.3606516228045433e-31 1.6524074727674943e-30 1.0
  outer loop
    vertex 199.81066689999793 109.69956118669353 25.0
    vertex 157.06066689999793 108.40052308101689 25.0
    vertex 199.5000067282181 109.4611832527967 25.0
  endloop
endfacet
facet normal -2.3606516228045433e-31 1.6524074727674943e-30 1.0
  outer loop
    vertex 199.5000067282181 109.4611832527967 25.0
    vertex 157.06066689999793 108.40052308101689 25.0
    vertex 199.26162879432127 109.15052308101687 25.0
  endloop
endfacet
facet normal -2.3606516228045433e-31 1.6524074727674943e-30 1.0
  outer loop
    vertex 199.26162879432127 109.15052308101687 25.0
    vertex 157.06066689999793 108.40052308101689 25.0
    vertex 199.1117781605643 108.78875164867065 25.0
  endloop
endfacet
facet normal -2.3606516228045433e-31 1.6524074727674943e-30 1.0
  outer loop
    vertex 199.1117781605643 108.78875164867065 25.0
    vertex 157.06066689999793 108.40052308101689 25.0
    vertex 199.06066689999793 108.40052308101689 25.0
  endloop
endfacet
facet normal -2.3606516228045433e-31 1.6524074727674943e-30 1.0
  outer loop
    vertex 210.56066689999793 113.40052308101687 25.0
    vertex 200.17243833234414 109.84941182045048 25.0
    vertex 200.56066689999793 109.90052308101689 25.0
  endloop
endfacet
facet normal -2.3606516228045433e-31 1.6524074727674943e-30 1.0
  outer loop
    vertex 210.56066689999793 113.40052308101687 25.0
    vertex 200.56066689999793 109.90052308101689 25.0
    vertex 200.9488954676517 109.84941182045048 25.0
  endloop
endfacet
facet normal -2.3606516228045433e-31 1.6524074727674943e-30 1.0
  outer loop
    vertex 210.56066689999793 113.40052308101687 25.0
    vertex 200.9488954676517 109.84941182045048 25.0
    vertex 201.31066689999793 109.69956118669353 25.0
  endloop
endfacet
facet normal -2.3606516228045433e-31 1.6524074727674943e-30 1.0
  outer loop
    vertex 210.56066689999793 113.40052308101687 25.0
    vertex 201.31066689999793 109.69956118669353 25.0
    vertex 201.62132707177776 109.4611832527967 25.0
  endloop
endfacet
facet normal -2.3606516228045433e-31 1.6524074727674943e-30 1.0
  outer loop
    vertex 210.56066689999793 113.40052308101687 25.0
    vertex 201.62132707177776 109.4611832527967 25.0
    vertex 201.85970500567458 109.15052308101689 25.0
  endloop
endfacet
facet normal -2.3606516228045433e-31 1.6524074727674943e-30 1.0
  outer loop
    vertex 210.56066689999793 113.40052308101687 25.0
    vertex 201.85970500567458 109.15052308101689 25.0
    vertex 202.00955563943154 108.78875164867065 25.0
  endloop
endfacet
facet normal -2.3606516228045433e-31 1.6524074727674943e-30 1.0
  outer loop
    vertex 210.56066689999793 113.40052308101687 25.0
    vertex 202.00955563943154 108.78875164867065 25.0
    vertex 202.06066689999793 108.40052308101689 25.0
  endloop
endfacet
facet normal -2.3606516228045433e-31 1.6524074727674943e-30 1.0
  outer loop
    vertex 210.56066689999793 113.40052308101687 25.0
    vertex 202.06066689999793 108.40052308101689 25.0
    vertex 210.56066689999793 103.40052308101687 25.0
  endloop
endfacet
facet normal -8.827604379306435e-32 0.0 1.0
  outer loop
    vertex 145.56066689999793 229.40052308101684 25.0
    vertex 154.8106668999979 233.10148497534016 25.0
    vertex 145.56066689999793 239.40052308101681 25.0
  endloop
endfacet
facet normal -8.827604379306435e-32 0.0 1.0
  outer loop
    vertex 154.8106668999979 233.10148497534016 25.0
    vertex 145.56066689999793 229.40052308101684 25.0
    vertex 155.17243833234414 232.95163434158323 25.0
  endloop
endfacet
facet normal -8.827604379306435e-32 0.0 1.0
  outer loop
    vertex 155.17243833234414 232.95163434158323 25.0
    vertex 145.56066689999793 229.40052308101684 25.0
    vertex 155.56066689999793 232.90052308101681 25.0
  endloop
endfacet
facet normal -8.827604379306435e-32 0.0 1.0
  outer loop
    vertex 155.56066689999793 232.90052308101681 25.0
    vertex 145.56066689999793 229.40052308101684 25.0
    vertex 210.56066689999793 229.40052308101684 25.0
  endloop
endfacet
facet normal -8.827604379306435e-32 0.0 1.0
  outer loop
    vertex 145.56066689999793 239.40052308101681 25.0
    vertex 154.8106668999979 233.10148497534016 25.0
    vertex 154.50000672821807 233.33986290923698 25.0
  endloop
endfacet
facet normal -8.827604379306435e-32 0.0 1.0
  outer loop
    vertex 145.56066689999793 239.40052308101681 25.0
    vertex 154.50000672821807 233.33986290923698 25.0
    vertex 154.26162879432124 233.65052308101681 25.0
  endloop
endfacet
facet normal -8.827604379306435e-32 0.0 1.0
  outer loop
    vertex 145.56066689999793 239.40052308101681 25.0
    vertex 154.26162879432124 233.65052308101681 25.0
    vertex 154.11177816056428 234.01229451336303 25.0
  endloop
endfacet
facet normal -8.827604379306435e-32 0.0 1.0
  outer loop
    vertex 145.56066689999793 239.40052308101681 25.0
    vertex 154.11177816056428 234.01229451336303 25.0
    vertex 154.0606668999979 234.40052308101684 25.0
  endloop
endfacet
facet normal -8.827604379306435e-32 0.0 1.0
  outer loop
    vertex 155.56066689999793 232.90052308101681 25.0
    vertex 210.56066689999793 229.40052308101684 25.0
    vertex 155.9488954676517 232.95163434158323 25.0
  endloop
endfacet
facet normal -8.827604379306435e-32 0.0 1.0
  outer loop
    vertex 155.9488954676517 232.95163434158323 25.0
    vertex 210.56066689999793 229.40052308101684 25.0
    vertex 156.31066689999793 233.10148497534016 25.0
  endloop
endfacet
facet normal -8.827604379306435e-32 0.0 1.0
  outer loop
    vertex 156.31066689999793 233.10148497534016 25.0
    vertex 210.56066689999793 229.40052308101684 25.0
    vertex 156.62132707177776 233.33986290923698 25.0
  endloop
endfacet
facet normal -8.827604379306435e-32 0.0 1.0
  outer loop
    vertex 156.62132707177776 233.33986290923698 25.0
    vertex 210.56066689999793 229.40052308101684 25.0
    vertex 156.85970500567458 233.65052308101681 25.0
  endloop
endfacet
facet normal -8.827604379306435e-32 0.0 1.0
  outer loop
    vertex 156.85970500567458 233.65052308101681 25.0
    vertex 210.56066689999793 229.40052308101684 25.0
    vertex 157.00955563943154 234.01229451336303 25.0
  endloop
endfacet
facet normal -8.827604379306435e-32 0.0 1.0
  outer loop
    vertex 157.00955563943154 234.01229451336303 25.0
    vertex 210.56066689999793 229.40052308101684 25.0
    vertex 157.06066689999793 234.40052308101684 25.0
  endloop
endfacet
facet normal -8.827604379306435e-32 0.0 1.0
  outer loop
    vertex 157.06066689999793 234.40052308101684 25.0
    vertex 210.56066689999793 229.40052308101684 25.0
    vertex 200.17243833234414 232.95163434158323 25.0
  endloop
endfacet
facet normal -8.827604379306435e-32 0.0 1.0
  outer loop
    vertex 157.06066689999793 234.40052308101684 25.0
    vertex 200.17243833234414 232.95163434158323 25.0
    vertex 199.81066689999793 233.10148497534016 25.0
  endloop
endfacet
facet normal -8.827604379306435e-32 0.0 1.0
  outer loop
    vertex 157.06066689999793 234.40052308101684 25.0
    vertex 199.81066689999793 233.10148497534016 25.0
    vertex 199.50000672821807 233.33986290923698 25.0
  endloop
endfacet
facet normal -8.827604379306435e-32 0.0 1.0
  outer loop
    vertex 157.06066689999793 234.40052308101684 25.0
    vertex 199.50000672821807 233.33986290923698 25.0
    vertex 199.26162879432124 233.65052308101681 25.0
  endloop
endfacet
facet normal -8.827604379306435e-32 0.0 1.0
  outer loop
    vertex 157.06066689999793 234.40052308101684 25.0
    vertex 199.26162879432124 233.65052308101681 25.0
    vertex 199.1117781605643 234.01229451336303 25.0
  endloop
endfacet
facet normal -8.827604379306435e-32 0.0 1.0
  outer loop
    vertex 157.06066689999793 234.40052308101684 25.0
    vertex 199.1117781605643 234.01229451336303 25.0
    vertex 199.0606668999979 234.40052308101684 25.0
  endloop
endfacet
facet normal -8.827604379306435e-32 0.0 1.0
  outer loop
    vertex 200.17243833234414 232.95163434158323 25.0
    vertex 210.56066689999793 229.40052308101684 25.0
    vertex 200.56066689999793 232.90052308101681 25.0
  endloop
endfacet
facet normal -8.827604379306435e-32 0.0 1.0
  outer loop
    vertex 200.56066689999793 232.90052308101681 25.0
    vertex 210.56066689999793 229.40052308101684 25.0
    vertex 200.9488954676517 232.95163434158323 25.0
  endloop
endfacet
facet normal -8.827604379306435e-32 0.0 1.0
  outer loop
    vertex 200.9488954676517 232.95163434158323 25.0
    vertex 210.56066689999793 229.40052308101684 25.0
    vertex 201.31066689999793 233.10148497534016 25.0
  endloop
endfacet
facet normal -8.827604379306435e-32 0.0 1.0
  outer loop
    vertex 201.31066689999793 233.10148497534016 25.0
    vertex 210.56066689999793 229.40052308101684 25.0
    vertex 201.62132707177778 233.33986290923698 25.0
  endloop
endfacet
facet normal -8.827604379306435e-32 0.0 1.0
  outer loop
    vertex 201.62132707177778 233.33986290923698 25.0
    vertex 210.56066689999793 229.40052308101684 25.0
    vertex 201.8597050056746 233.65052308101681 25.0
  endloop
endfacet
facet normal -8.827604379306435e-32 0.0 1.0
  outer loop
    vertex 201.8597050056746 233.65052308101681 25.0
    vertex 210.56066689999793 229.40052308101684 25.0
    vertex 202.00955563943154 234.01229451336303 25.0
  endloop
endfacet
facet normal -8.827604379306435e-32 0.0 1.0
  outer loop
    vertex 202.00955563943154 234.01229451336303 25.0
    vertex 210.56066689999793 229.40052308101684 25.0
    vertex 202.06066689999795 234.40052308101684 25.0
  endloop
endfacet
facet normal -8.827604379306435e-32 0.0 1.0
  outer loop
    vertex 145.56066689999793 239.40052308101681 25.0
    vertex 155.56066689999793 235.90052308101684 25.0
    vertex 210.56066689999793 239.40052308101681 25.0
  endloop
endfacet
facet normal -8.827604379306435e-32 0.0 1.0
  outer loop
    vertex 155.56066689999793 235.90052308101684 25.0
    vertex 145.56066689999793 239.40052308101681 25.0
    vertex 155.17243833234414 235.84941182045043 25.0
  endloop
endfacet
facet normal -8.827604379306435e-32 0.0 1.0
  outer loop
    vertex 155.17243833234414 235.84941182045043 25.0
    vertex 145.56066689999793 239.40052308101681 25.0
    vertex 154.8106668999979 235.6995611866935 25.0
  endloop
endfacet
facet normal -8.827604379306435e-32 0.0 1.0
  outer loop
    vertex 154.8106668999979 235.6995611866935 25.0
    vertex 145.56066689999793 239.40052308101681 25.0
    vertex 154.50000672821807 235.46118325279667 25.0
  endloop
endfacet
facet normal -8.827604379306435e-32 0.0 1.0
  outer loop
    vertex 154.50000672821807 235.46118325279667 25.0
    vertex 145.56066689999793 239.40052308101681 25.0
    vertex 154.26162879432124 235.15052308101684 25.0
  endloop
endfacet
facet normal -8.827604379306435e-32 0.0 1.0
  outer loop
    vertex 154.26162879432124 235.15052308101684 25.0
    vertex 145.56066689999793 239.40052308101681 25.0
    vertex 154.11177816056428 234.78875164867063 25.0
  endloop
endfacet
facet normal -8.827604379306435e-32 0.0 1.0
  outer loop
    vertex 154.11177816056428 234.78875164867063 25.0
    vertex 145.56066689999793 239.40052308101681 25.0
    vertex 154.0606668999979 234.40052308101684 25.0
  endloop
endfacet
facet normal -8.827604379306435e-32 0.0 1.0
  outer loop
    vertex 210.56066689999793 239.40052308101681 25.0
    vertex 155.56066689999793 235.90052308101684 25.0
    vertex 155.9488954676517 235.84941182045043 25.0
  endloop
endfacet
facet normal -8.827604379306435e-32 0.0 1.0
  outer loop
    vertex 210.56066689999793 239.40052308101681 25.0
    vertex 155.9488954676517 235.84941182045043 25.0
    vertex 156.31066689999793 235.6995611866935 25.0
  endloop
endfacet
facet normal -8.827604379306435e-32 0.0 1.0
  outer loop
    vertex 210.56066689999793 239.40052308101681 25.0
    vertex 156.31066689999793 235.6995611866935 25.0
    vertex 156.62132707177776 235.46118325279667 25.0
  endloop
endfacet
facet normal -8.827604379306435e-32 0.0 1.0
  outer loop
    vertex 210.56066689999793 239.40052308101681 25.0
    vertex 156.62132707177776 235.46118325279667 25.0
    vertex 156.85970500567458 235.15052308101684 25.0
  endloop
endfacet
facet normal -8.827604379306435e-32 0.0 1.0
  outer loop
    vertex 210.56066689999793 239.40052308101681 25.0
    vertex 156.85970500567458 235.15052308101684 25.0
    vertex 157.00955563943154 234.78875164867063 25.0
  endloop
endfacet
facet normal -8.827604379306435e-32 0.0 1.0
  outer loop
    vertex 210.56066689999793 239.40052308101681 25.0
    vertex 157.00955563943154 234.78875164867063 25.0
    vertex 157.06066689999793 234.40052308101684 25.0
  endloop
endfacet
facet normal -8.827604379306435e-32 0.0 1.0
  outer loop
    vertex 210.56066689999793 239.40052308101681 25.0
    vertex 157.06066689999793 234.40052308101684 25.0
    vertex 200.17243833234414 235.84941182045043 25.0
  endloop
endfacet
facet normal -8.827604379306435e-32 0.0 1.0
  outer loop
    vertex 200.17243833234414 235.84941182045043 25.0
    vertex 157.06066689999793 234.40052308101684 25.0
    vertex 199.81066689999793 235.6995611866935 25.0
  endloop
endfacet
facet normal -8.827604379306435e-32 0.0 1.0
  outer loop
    vertex 199.81066689999793 235.6995611866935 25.0
    vertex 157.06066689999793 234.40052308101684 25.0
    vertex 199.50000672821807 235.46118325279667 25.0
  endloop
endfacet
facet normal -8.827604379306435e-32 0.0 1.0
  outer loop
    vertex 199.50000672821807 235.46118325279667 25.0
    vertex 157.06066689999793 234.40052308101684 25.0
    vertex 199.26162879432124 235.15052308101684 25.0
  endloop
endfacet
facet normal -8.827604379306435e-32 0.0 1.0
  outer loop
    vertex 199.26162879432124 235.15052308101684 25.0
    vertex 157.06066689999793 234.40052308101684 25.0
    vertex 199.1117781605643 234.78875164867063 25.0
  endloop
endfacet
facet normal -8.827604379306435e-32 0.0 1.0
  outer loop
    vertex 199.1117781605643 234.78875164867063 25.0
    vertex 157.06066689999793 234.40052308101684 25.0
    vertex 199.0606668999979 234.40052308101684 25.0
  endloop
endfacet
facet normal -8.827604379306435e-32 0.0 1.0
  outer loop
    vertex 210.56066689999793 239.40052308101681 25.0
    vertex 200.17243833234414 235.84941182045043 25.0
    vertex 200.56066689999793 235.90052308101684 25.0
  endloop
endfacet
facet normal -8.827604379306435e-32 0.0 1.0
  outer loop
    vertex 210.56066689999793 239.40052308101681 25.0
    vertex 200.56066689999793 235.90052308101684 25.0
    vertex 200.9488954676517 235.84941182045043 25.0
  endloop
endfacet
facet normal -8.827604379306435e-32 0.0 1.0
  outer loop
    vertex 210.56066689999793 239.40052308101681 25.0
    vertex 200.9488954676517 235.84941182045043 25.0
    vertex 201.31066689999793 235.6995611866935 25.0
  endloop
endfacet
facet normal -8.827604379306435e-32 0.0 1.0
  outer loop
    vertex 210.56066689999793 239.40052308101681 25.0
    vertex 201.31066689999793 235.6995611866935 25.0
    vertex 201.62132707177776 235.46118325279667 25.0
  endloop
endfacet
facet normal -8.827604379306435e-32 0.0 1.0
  outer loop
    vertex 210.56066689999793 239.40052308101681 25.0
    vertex 201.62132707177776 235.46118325279667 25.0
    vertex 201.8597050056746 235.15052308101684 25.0
  endloop
endfacet
facet normal -8.827604379306435e-32 0.0 1.0
  outer loop
    vertex 210.56066689999793 239.40052308101681 25.0
    vertex 201.8597050056746 235.15052308101684 25.0
    vertex 202.00955563943154 234.78875164867063 25.0
  endloop
endfacet
facet normal -8.827604379306435e-32 0.0 1.0
  outer loop
    vertex 210.56066689999793 239.40052308101681 25.0
    vertex 202.00955563943154 234.78875164867063 25.0
    vertex 202.06066689999795 234.40052308101684 25.0
  endloop
endfacet
facet normal -8.827604379306435e-32 0.0 1.0
  outer loop
    vertex 210.56066689999793 239.40052308101681 25.0
    vertex 202.06066689999795 234.40052308101684 25.0
    vertex 210.56066689999793 229.40052308101684 25.0
  endloop
endfacet
facet normal 0.0 1.0 0.0
  outer loop
    vertex 145.56066689999793 239.40052308101681 25.0
    vertex 147.5606668999979 239.40052308101681 22.0
    vertex 145.56066689999793 239.40052308101681 22.0
  endloop
endfacet
facet normal 0.0 1.0 0.0
  outer loop
    vertex 147.5606668999979 239.40052308101681 22.0
    vertex 145.56066689999793 239.40052308101681 25.0
    vertex 208.56066689999793 239.40052308101681 22.0
  endloop
endfacet
facet normal 0.0 1.0 0.0
  outer loop
    vertex 208.56066689999793 239.40052308101681 22.0
    vertex 145.56066689999793 239.40052308101681 25.0
    vertex 210.56066689999793 239.40052308101681 22.0
  endloop
endfacet
facet normal 0.0 1.0 0.0
  outer loop
    vertex 210.56066689999793 239.40052308101681 22.0
    vertex 145.56066689999793 239.40052308101681 25.0
    vertex 210.56066689999793 239.40052308101681 25.0
  endloop
endfacet
facet normal 1.0 0.0 0.0
  outer loop
    vertex 210.56066689999793 239.40052308101681 22.0
    vertex 210.56066689999793 229.40052308101684 25.0
    vertex 210.56066689999793 229.40052308101684 22.0
  endloop
endfacet
facet normal 1.0 0.0 0.0
  outer loop
    vertex 210.56066689999793 229.40052308101684 25.0
    vertex 210.56066689999793 239.40052308101681 22.0
    vertex 210.56066689999793 239.40052308101681 25.0
  endloop
endfacet
facet normal 0.0 0.0 -1.0
  outer loop
    vertex 147.5606668999979 113.40052308101687 22.0
    vertex 154.5000067282181 109.4611832527967 22.0
    vertex 147.5606668999979 103.40052308101687 22.0
  endloop
endfacet
facet normal 0.0 0.0 -1.0
  outer loop
    vertex 154.5000067282181 109.4611832527967 22.0
    vertex 147.5606668999979 113.40052308101687 22.0
    vertex 154.8106668999979 109.69956118669353 22.0
  endloop
endfacet
facet normal 0.0 0.0 -1.0
  outer loop
    vertex 154.8106668999979 109.69956118669353 22.0
    vertex 147.5606668999979 113.40052308101687 22.0
    vertex 155.17243833234414 109.84941182045048 22.0
  endloop
endfacet
facet normal 0.0 0.0 -1.0
  outer loop
    vertex 155.17243833234414 109.84941182045048 22.0
    vertex 147.5606668999979 113.40052308101687 22.0
    vertex 155.56066689999793 109.90052308101689 22.0
  endloop
endfacet
facet normal 0.0 0.0 -1.0
  outer loop
    vertex 155.56066689999793 109.90052308101689 22.0
    vertex 147.5606668999979 113.40052308101687 22.0
    vertex 208.56066689999793 113.40052308101687 22.0
  endloop
endfacet
facet normal 0.0 0.0 -1.0
  outer loop
    vertex 147.5606668999979 103.40052308101687 22.0
    vertex 154.5000067282181 109.4611832527967 22.0
    vertex 154.26162879432127 109.15052308101687 22.0
  endloop
endfacet
facet normal 0.0 0.0 -1.0
  outer loop
    vertex 147.5606668999979 103.40052308101687 22.0
    vertex 154.26162879432127 109.15052308101687 22.0
    vertex 154.1117781605643 108.78875164867065 22.0
  endloop
endfacet
facet normal 0.0 0.0 -1.0
  outer loop
    vertex 147.5606668999979 103.40052308101687 22.0
    vertex 154.1117781605643 108.78875164867065 22.0
    vertex 154.06066689999793 108.40052308101689 22.0
  endloop
endfacet
facet normal 0.0 0.0 -1.0
  outer loop
    vertex 155.56066689999793 109.90052308101689 22.0
    vertex 208.56066689999793 113.40052308101687 22.0
    vertex 155.9488954676517 109.84941182045048 22.0
  endloop
endfacet
facet normal 0.0 0.0 -1.0
  outer loop
    vertex 155.9488954676517 109.84941182045048 22.0
    vertex 208.56066689999793 113.40052308101687 22.0
    vertex 156.3106668999979 109.69956118669353 22.0
  endloop
endfacet
facet normal 0.0 0.0 -1.0
  outer loop
    vertex 156.3106668999979 109.69956118669353 22.0
    vertex 208.56066689999793 113.40052308101687 22.0
    vertex 156.62132707177776 109.4611832527967 22.0
  endloop
endfacet
facet normal 0.0 0.0 -1.0
  outer loop
    vertex 156.62132707177776 109.4611832527967 22.0
    vertex 208.56066689999793 113.40052308101687 22.0
    vertex 156.85970500567456 109.15052308101689 22.0
  endloop
endfacet
facet normal 0.0 0.0 -1.0
  outer loop
    vertex 156.85970500567456 109.15052308101689 22.0
    vertex 208.56066689999793 113.40052308101687 22.0
    vertex 157.0095556394315 108.78875164867065 22.0
  endloop
endfacet
facet normal 0.0 0.0 -1.0
  outer loop
    vertex 157.0095556394315 108.78875164867065 22.0
    vertex 208.56066689999793 113.40052308101687 22.0
    vertex 157.06066689999793 108.40052308101689 22.0
  endloop
endfacet
facet normal 0.0 0.0 -1.0
  outer loop
    vertex 157.06066689999793 108.40052308101689 22.0
    vertex 208.56066689999793 113.40052308101687 22.0
    vertex 199.81066689999793 109.69956118669353 22.0
  endloop
endfacet
facet normal 0.0 0.0 -1.0
  outer loop
    vertex 157.06066689999793 108.40052308101689 22.0
    vertex 199.81066689999793 109.69956118669353 22.0
    vertex 199.5000067282181 109.4611832527967 22.0
  endloop
endfacet
facet normal 0.0 0.0 -1.0
  outer loop
    vertex 157.06066689999793 108.40052308101689 22.0
    vertex 199.5000067282181 109.4611832527967 22.0
    vertex 199.26162879432127 109.15052308101687 22.0
  endloop
endfacet
facet normal 0.0 0.0 -1.0
  outer loop
    vertex 157.06066689999793 108.40052308101689 22.0
    vertex 199.26162879432127 109.15052308101687 22.0
    vertex 199.1117781605643 108.78875164867065 22.0
  endloop
endfacet
facet normal 0.0 0.0 -1.0
  outer loop
    vertex 157.06066689999793 108.40052308101689 22.0
    vertex 199.1117781605643 108.78875164867065 22.0
    vertex 199.06066689999793 108.40052308101689 22.0
  endloop
endfacet
facet normal 0.0 0.0 -1.0
  outer loop
    vertex 199.81066689999793 109.69956118669353 22.0
    vertex 208.56066689999793 113.40052308101687 22.0
    vertex 200.17243833234414 109.84941182045048 22.0
  endloop
endfacet
facet normal 0.0 0.0 -1.0
  outer loop
    vertex 200.17243833234414 109.84941182045048 22.0
    vertex 208.56066689999793 113.40052308101687 22.0
    vertex 200.56066689999793 109.90052308101689 22.0
  endloop
endfacet
facet normal 0.0 0.0 -1.0
  outer loop
    vertex 200.56066689999793 109.90052308101689 22.0
    vertex 208.56066689999793 113.40052308101687 22.0
    vertex 200.9488954676517 109.84941182045048 22.0
  endloop
endfacet
facet normal 0.0 0.0 -1.0
  outer loop
    vertex 200.9488954676517 109.84941182045048 22.0
    vertex 208.56066689999793 113.40052308101687 22.0
    vertex 201.31066689999793 109.69956118669353 22.0
  endloop
endfacet
facet normal 0.0 0.0 -1.0
  outer loop
    vertex 201.31066689999793 109.69956118669353 22.0
    vertex 208.56066689999793 113.40052308101687 22.0
    vertex 201.62132707177776 109.4611832527967 22.0
  endloop
endfacet
facet normal 0.0 0.0 -1.0
  outer loop
    vertex 201.62132707177776 109.4611832527967 22.0
    vertex 208.56066689999793 113.40052308101687 22.0
    vertex 201.85970500567458 109.15052308101689 22.0
  endloop
endfacet
facet normal 0.0 0.0 -1.0
  outer loop
    vertex 201.85970500567458 109.15052308101689 22.0
    vertex 208.56066689999793 113.40052308101687 22.0
    vertex 202.00955563943154 108.78875164867065 22.0
  endloop
endfacet
facet normal 0.0 0.0 -1.0
  outer loop
    vertex 202.00955563943154 108.78875164867065 22.0
    vertex 208.56066689999793 113.40052308101687 22.0
    vertex 202.06066689999793 108.40052308101689 22.0
  endloop
endfacet
facet normal 0.0 0.0 -1.0
  outer loop
    vertex 147.5606668999979 103.40052308101687 22.0
    vertex 155.56066689999793 106.90052308101689 22.0
    vertex 208.56066689999793 103.40052308101687 22.0
  endloop
endfacet
facet normal 0.0 0.0 -1.0
  outer loop
    vertex 155.56066689999793 106.90052308101689 22.0
    vertex 147.5606668999979 103.40052308101687 22.0
    vertex 155.17243833234414 106.95163434158329 22.0
  endloop
endfacet
facet normal 0.0 0.0 -1.0
  outer loop
    vertex 155.17243833234414 106.95163434158329 22.0
    vertex 147.5606668999979 103.40052308101687 22.0
    vertex 154.81066689999793 107.10148497534023 22.0
  endloop
endfacet
facet normal 0.0 0.0 -1.0
  outer loop
    vertex 154.81066689999793 107.10148497534023 22.0
    vertex 147.5606668999979 103.40052308101687 22.0
    vertex 154.5000067282181 107.33986290923706 22.0
  endloop
endfacet
facet normal 0.0 0.0 -1.0
  outer loop
    vertex 154.5000067282181 107.33986290923706 22.0
    vertex 147.5606668999979 103.40052308101687 22.0
    vertex 154.26162879432127 107.65052308101687 22.0
  endloop
endfacet
facet normal 0.0 0.0 -1.0
  outer loop
    vertex 154.26162879432127 107.65052308101687 22.0
    vertex 147.5606668999979 103.40052308101687 22.0
    vertex 154.1117781605643 108.0122945133631 22.0
  endloop
endfacet
facet normal 0.0 0.0 -1.0
  outer loop
    vertex 154.1117781605643 108.0122945133631 22.0
    vertex 147.5606668999979 103.40052308101687 22.0
    vertex 154.06066689999793 108.40052308101689 22.0
  endloop
endfacet
facet normal 0.0 0.0 -1.0
  outer loop
    vertex 208.56066689999793 103.40052308101687 22.0
    vertex 155.56066689999793 106.90052308101689 22.0
    vertex 155.9488954676517 106.95163434158329 22.0
  endloop
endfacet
facet normal 0.0 0.0 -1.0
  outer loop
    vertex 208.56066689999793 103.40052308101687 22.0
    vertex 155.9488954676517 106.95163434158329 22.0
    vertex 156.31066689999793 107.10148497534023 22.0
  endloop
endfacet
facet normal 0.0 0.0 -1.0
  outer loop
    vertex 208.56066689999793 103.40052308101687 22.0
    vertex 156.31066689999793 107.10148497534023 22.0
    vertex 156.62132707177776 107.33986290923706 22.0
  endloop
endfacet
facet normal 0.0 0.0 -1.0
  outer loop
    vertex 208.56066689999793 103.40052308101687 22.0
    vertex 156.62132707177776 107.33986290923706 22.0
    vertex 156.85970500567456 107.6505230810169 22.0
  endloop
endfacet
facet normal 0.0 0.0 -1.0
  outer loop
    vertex 208.56066689999793 103.40052308101687 22.0
    vertex 156.85970500567456 107.6505230810169 22.0
    vertex 157.0095556394315 108.0122945133631 22.0
  endloop
endfacet
facet normal 0.0 0.0 -1.0
  outer loop
    vertex 208.56066689999793 103.40052308101687 22.0
    vertex 157.0095556394315 108.0122945133631 22.0
    vertex 157.06066689999793 108.40052308101689 22.0
  endloop
endfacet
facet normal 0.0 0.0 -1.0
  outer loop
    vertex 208.56066689999793 103.40052308101687 22.0
    vertex 157.06066689999793 108.40052308101689 22.0
    vertex 199.81066689999793 107.10148497534023 22.0
  endloop
endfacet
facet normal 0.0 0.0 -1.0
  outer loop
    vertex 199.81066689999793 107.10148497534023 22.0
    vertex 157.06066689999793 108.40052308101689 22.0
    vertex 199.5000067282181 107.33986290923706 22.0
  endloop
endfacet
facet normal 0.0 0.0 -1.0
  outer loop
    vertex 199.5000067282181 107.33986290923706 22.0
    vertex 157.06066689999793 108.40052308101689 22.0
    vertex 199.26162879432127 107.65052308101687 22.0
  endloop
endfacet
facet normal 0.0 0.0 -1.0
  outer loop
    vertex 199.26162879432127 107.65052308101687 22.0
    vertex 157.06066689999793 108.40052308101689 22.0
    vertex 199.1117781605643 108.0122945133631 22.0
  endloop
endfacet
facet normal 0.0 0.0 -1.0
  outer loop
    vertex 199.1117781605643 108.0122945133631 22.0
    vertex 157.06066689999793 108.40052308101689 22.0
    vertex 199.06066689999793 108.40052308101689 22.0
  endloop
endfacet
facet normal 0.0 0.0 -1.0
  outer loop
    vertex 208.56066689999793 103.40052308101687 22.0
    vertex 199.81066689999793 107.10148497534023 22.0
    vertex 200.17243833234414 106.95163434158329 22.0
  endloop
endfacet
facet normal 0.0 0.0 -1.0
  outer loop
    vertex 208.56066689999793 103.40052308101687 22.0
    vertex 200.17243833234414 106.95163434158329 22.0
    vertex 200.56066689999793 106.90052308101689 22.0
  endloop
endfacet
facet normal 0.0 0.0 -1.0
  outer loop
    vertex 208.56066689999793 103.40052308101687 22.0
    vertex 200.56066689999793 106.90052308101689 22.0
    vertex 200.9488954676517 106.95163434158329 22.0
  endloop
endfacet
facet normal 0.0 0.0 -1.0
  outer loop
    vertex 208.56066689999793 103.40052308101687 22.0
    vertex 200.9488954676517 106.95163434158329 22.0
    vertex 201.31066689999793 107.10148497534023 22.0
  endloop
endfacet
facet normal 0.0 0.0 -1.0
  outer loop
    vertex 208.56066689999793 103.40052308101687 22.0
    vertex 201.31066689999793 107.10148497534023 22.0
    vertex 201.62132707177776 107.33986290923706 22.0
  endloop
endfacet
facet normal 0.0 0.0 -1.0
  outer loop
    vertex 208.56066689999793 103.40052308101687 22.0
    vertex 201.62132707177776 107.33986290923706 22.0
    vertex 201.85970500567458 107.6505230810169 22.0
  endloop
endfacet
facet normal 0.0 0.0 -1.0
  outer loop
    vertex 208.56066689999793 103.40052308101687 22.0
    vertex 201.85970500567458 107.6505230810169 22.0
    vertex 202.00955563943154 108.0122945133631 22.0
  endloop
endfacet
facet normal 0.0 0.0 -1.0
  outer loop
    vertex 208.56066689999793 103.40052308101687 22.0
    vertex 202.00955563943154 108.0122945133631 22.0
    vertex 202.06066689999793 108.40052308101689 22.0
  endloop
endfacet
facet normal 0.0 0.0 -1.0
  outer loop
    vertex 208.56066689999793 103.40052308101687 22.0
    vertex 202.06066689999793 108.40052308101689 22.0
    vertex 208.56066689999793 113.40052308101687 22.0
  endloop
endfacet
facet normal 0.0 -1.0 0.0
  outer loop
    vertex 210.56066689999793 103.40052308101687 25.0
    vertex 208.56066689999793 103.40052308101687 22.0
    vertex 210.56066689999793 103.40052308101687 22.0
  endloop
endfacet
facet normal 0.0 -1.0 0.0
  outer loop
    vertex 208.56066689999793 103.40052308101687 22.0
    vertex 210.56066689999793 103.40052308101687 25.0
    vertex 147.5606668999979 103.40052308101687 22.0
  endloop
endfacet
facet normal 0.0 -1.0 0.0
  outer loop
    vertex 147.5606668999979 103.40052308101687 22.0
    vertex 210.56066689999793 103.40052308101687 25.0
    vertex 145.56066689999793 103.40052308101687 22.0
  endloop
endfacet
facet normal 0.0 -1.0 0.0
  outer loop
    vertex 145.56066689999793 103.40052308101687 22.0
    vertex 210.56066689999793 103.40052308101687 25.0
    vertex 145.56066689999793 103.40052308101687 25.0
  endloop
endfacet
facet normal 1.0 0.0 0.0
  outer loop
    vertex 210.56066689999793 113.40052308101687 22.0
    vertex 210.56066689999793 103.40052308101687 25.0
    vertex 210.56066689999793 103.40052308101687 22.0
  endloop
endfacet
facet normal 1.0 0.0 0.0
  outer loop
    vertex 210.56066689999793 103.40052308101687 25.0
    vertex 210.56066689999793 113.40052308101687 22.0
    vertex 210.56066689999793 113.40052308101687 25.0
  endloop
endfacet
facet normal 0.0 -1.0 0.0
  outer loop
    vertex 210.56066689999793 113.40052308101687 25.0
    vertex 208.56066689999793 113.40052308101687 22.0
    vertex 210.56066689999793 113.40052308101687 22.0
  endloop
endfacet
facet normal 0.0 -1.0 0.0
  outer loop
    vertex 208.56066689999793 113.40052308101687 22.0
    vertex 210.56066689999793 113.40052308101687 25.0
    vertex 147.5606668999979 113.40052308101687 22.0
  endloop
endfacet
facet normal 0.0 -1.0 0.0
  outer loop
    vertex 147.5606668999979 113.40052308101687 22.0
    vertex 210.56066689999793 113.40052308101687 25.0
    vertex 145.56066689999793 113.40052308101687 22.0
  endloop
endfacet
facet normal 0.0 -1.0 0.0
  outer loop
    vertex 145.56066689999793 113.40052308101687 22.0
    vertex 210.56066689999793 113.40052308101687 25.0
    vertex 145.56066689999793 113.40052308101687 25.0
  endloop
endfacet
facet normal -1.0 0.0 0.0
  outer loop
    vertex 145.56066689999793 113.40052308101687 25.0
    vertex 145.56066689999793 103.40052308101687 22.0
    vertex 145.56066689999793 103.40052308101687 25.0
  endloop
endfacet
facet normal -1.0 0.0 0.0
  outer loop
    vertex 145.56066689999793 103.40052308101687 22.0
    vertex 145.56066689999793 113.40052308101687 25.0
    vertex 145.56066689999793 113.40052308101687 22.0
  endloop
endfacet
facet normal -1.0 0.0 0.0
  outer loop
    vertex 145.56066689999793 113.40052308101687 12.0
    vertex 145.56066689999793 103.40052308101687 22.0
    vertex 145.56066689999793 113.40052308101687 22.0
  endloop
endfacet
facet normal 1.0 0.0 0.0
  outer loop
    vertex 210.56066689999793 113.40052308101687 22.0
    vertex 210.56066689999793 103.40052308101687 22.0
    vertex 210.56066689999793 113.40052308101687 12.0
  endloop
endfacet
facet normal 1.0 0.0 0.0
  outer loop
    vertex 210.56066689999793 239.40052308101681 22.0
    vertex 210.56066689999793 229.40052308101684 22.0
    vertex 210.56066689999793 229.40052308101684 11.999999999999998
  endloop
endfacet
facet normal -1.0 0.0 0.0
  outer loop
    vertex 208.56066689999793 239.40052308101681 22.0
    vertex 208.56066689999793 229.40052308101684 11.999999999999998
    vertex 208.56066689999793 229.40052308101684 22.0
  endloop
endfacet
facet normal 0.0 0.7071067811865482 -0.7071067811865468
  outer loop
    vertex 208.56066689999793 239.40052308101681 22.0
    vertex 210.56066689999793 229.40052308101684 11.999999999999998
    vertex 208.56066689999793 229.40052308101684 11.999999999999998
  endloop
endfacet
facet normal 0.0 0.7071067811865482 -0.7071067811865468
  outer loop
    vertex 210.56066689999793 229.40052308101684 11.999999999999998
    vertex 208.56066689999793 239.40052308101681 22.0
    vertex 210.56066689999793 239.40052308101681 22.0
  endloop
endfacet
facet normal 0.0 0.0 -1.0
  outer loop
    vertex 210.56066689999793 239.40052308101681 22.0
    vertex 208.56066689999793 229.40052308101684 22.0
    vertex 208.56066689999793 239.40052308101681 22.0
  endloop
endfacet
facet normal 0.0 0.0 -1.0
  outer loop
    vertex 208.56066689999793 229.40052308101684 22.0
    vertex 210.56066689999793 239.40052308101681 22.0
    vertex 210.56066689999793 229.40052308101684 22.0
  endloop
endfacet
facet normal 0.0 1.0 0.0
  outer loop
    vertex 208.56066689999793 229.40052308101684 22.0
    vertex 210.56066689999793 229.40052308101684 11.999999999999998
    vertex 208.56066689999793 229.40052308101684 11.999999999999998
  endloop
endfacet
facet normal 0.0 1.0 0.0
  outer loop
    vertex 210.56066689999793 229.40052308101684 11.999999999999998
    vertex 208.56066689999793 229.40052308101684 22.0
    vertex 210.56066689999793 229.40052308101684 22.0
  endloop
endfacet
facet normal 1.0 0.0 0.0
  outer loop
    vertex 147.5606668999979 239.40052308101681 22.0
    vertex 147.5606668999979 229.40052308101684 22.0
    vertex 147.5606668999979 229.40052308101684 11.999999999999998
  endloop
endfacet
facet normal 0.0 0.7071067811865482 -0.7071067811865468
  outer loop
    vertex 145.56066689999793 239.40052308101681 22.0
    vertex 147.5606668999979 229.40052308101684 11.999999999999998
    vertex 145.56066689999793 229.40052308101684 11.999999999999998
  endloop
endfacet
facet normal 0.0 0.7071067811865482 -0.7071067811865468
  outer loop
    vertex 147.5606668999979 229.40052308101684 11.999999999999998
    vertex 145.56066689999793 239.40052308101681 22.0
    vertex 147.5606668999979 239.40052308101681 22.0
  endloop
endfacet
facet normal -1.0 0.0 0.0
  outer loop
    vertex 208.56066689999793 113.40052308101687 12.0
    vertex 208.56066689999793 103.40052308101687 22.0
    vertex 208.56066689999793 113.40052308101687 22.0
  endloop
endfacet
facet normal 0.0 -0.7071067811865474 -0.7071067811865477
  outer loop
    vertex 210.56066689999793 113.40052308101687 12.0
    vertex 208.56066689999793 103.40052308101687 22.0
    vertex 208.56066689999793 113.40052308101687 12.0
  endloop
endfacet
facet normal 0.0 -0.7071067811865474 -0.7071067811865477
  outer loop
    vertex 208.56066689999793 103.40052308101687 22.0
    vertex 210.56066689999793 113.40052308101687 12.0
    vertex 210.56066689999793 103.40052308101687 22.0
  endloop
endfacet
facet normal 0.0 -1.0 0.0
  outer loop
    vertex 210.56066689999793 113.40052308101687 22.0
    vertex 208.56066689999793 113.40052308101687 12.0
    vertex 210.56066689999793 113.40052308101687 12.0
  endloop
endfacet
facet normal 0.0 -1.0 0.0
  outer loop
    vertex 208.56066689999793 113.40052308101687 12.0
    vertex 210.56066689999793 113.40052308101687 22.0
    vertex 208.56066689999793 113.40052308101687 22.0
  endloop
endfacet
facet normal 0.0 0.0 -1.0
  outer loop
    vertex 210.56066689999793 113.40052308101687 22.0
    vertex 208.56066689999793 103.40052308101687 22.0
    vertex 208.56066689999793 113.40052308101687 22.0
  endloop
endfacet
facet normal 0.0 0.0 -1.0
  outer loop
    vertex 208.56066689999793 103.40052308101687 22.0
    vertex 210.56066689999793 113.40052308101687 22.0
    vertex 210.56066689999793 103.40052308101687 22.0
  endloop
endfacet
facet normal 1.0 0.0 0.0
  outer loop
    vertex 147.5606668999979 113.40052308101687 22.0
    vertex 147.5606668999979 103.40052308101687 22.0
    vertex 147.5606668999979 113.40052308101687 12.0
  endloop
endfacet
facet normal 0.0 -0.7071067811865474 -0.7071067811865477
  outer loop
    vertex 147.5606668999979 113.40052308101687 12.0
    vertex 145.56066689999793 103.40052308101687 22.0
    vertex 145.56066689999793 113.40052308101687 12.0
  endloop
endfacet
facet normal 0.0 -0.7071067811865474 -0.7071067811865477
  outer loop
    vertex 145.56066689999793 103.40052308101687 22.0
    vertex 147.5606668999979 113.40052308101687 12.0
    vertex 147.5606668999979 103.40052308101687 22.0
  endloop
endfacet
facet normal 0.0 0.0 -1.0
  outer loop
    vertex 147.5606668999979 113.40052308101687 22.0
    vertex 145.56066689999793 103.40052308101687 22.0
    vertex 145.56066689999793 113.40052308101687 22.0
  endloop
endfacet
facet normal 0.0 0.0 -1.0
  outer loop
    vertex 145.56066689999793 103.40052308101687 22.0
    vertex 147.5606668999979 113.40052308101687 22.0
    vertex 147.5606668999979 103.40052308101687 22.0
  endloop
endfacet
facet normal 0.0 -1.0 0.0
  outer loop
    vertex 147.5606668999979 113.40052308101687 22.0
    vertex 145.56066689999793 113.40052308101687 12.0
    vertex 147.5606668999979 113.40052308101687 12.0
  endloop
endfacet
facet normal 0.0 -1.0 0.0
  outer loop
    vertex 145.56066689999793 113.40052308101687 12.0
    vertex 147.5606668999979 113.40052308101687 22.0
    vertex 145.56066689999793 113.40052308101687 22.0
  endloop
endfacet
facet normal 0.9914448613738123 -0.13052619222003808 0.0
  outer loop
    vertex 199.1117781605643 234.78875164867063 22.0
    vertex 199.0606668999979 234.40052308101684 25.0
    vertex 199.0606668999979 234.40052308101684 22.0
  endloop
endfacet
facet normal 0.9914448613738123 -0.13052619222003808 0.0
  outer loop
    vertex 199.0606668999979 234.40052308101684 25.0
    vertex 199.1117781605643 234.78875164867063 22.0
    vertex 199.1117781605643 234.78875164867063 25.0
  endloop
endfacet
facet normal 0.9914448613738123 0.13052619222003808 0.0
  outer loop
    vertex 199.0606668999979 234.40052308101684 22.0
    vertex 199.1117781605643 234.01229451336303 25.0
    vertex 199.1117781605643 234.01229451336303 22.0
  endloop
endfacet
facet normal 0.9914448613738123 0.13052619222003808 0.0
  outer loop
    vertex 199.1117781605643 234.01229451336303 25.0
    vertex 199.0606668999979 234.40052308101684 22.0
    vertex 199.0606668999979 234.40052308101684 25.0
  endloop
endfacet
facet normal 0.9238795325112762 0.3826834323651156 0.0
  outer loop
    vertex 199.1117781605643 234.01229451336303 22.0
    vertex 199.26162879432124 233.65052308101681 25.0
    vertex 199.26162879432124 233.65052308101681 22.0
  endloop
endfacet
facet normal 0.9238795325112762 0.3826834323651156 0.0
  outer loop
    vertex 199.26162879432124 233.65052308101681 25.0
    vertex 199.1117781605643 234.01229451336303 22.0
    vertex 199.1117781605643 234.01229451336303 25.0
  endloop
endfacet
facet normal 0.7933533402912625 0.6087614290086852 0.0
  outer loop
    vertex 199.26162879432124 233.65052308101681 22.0
    vertex 199.50000672821807 233.33986290923698 25.0
    vertex 199.50000672821807 233.33986290923698 22.0
  endloop
endfacet
facet normal 0.7933533402912625 0.6087614290086852 0.0
  outer loop
    vertex 199.50000672821807 233.33986290923698 25.0
    vertex 199.26162879432124 233.65052308101681 22.0
    vertex 199.26162879432124 233.65052308101681 25.0
  endloop
endfacet
facet normal 0.6087614290086852 0.7933533402912625 0.0
  outer loop
    vertex 199.50000672821807 233.33986290923698 25.0
    vertex 199.81066689999793 233.10148497534016 22.0
    vertex 199.50000672821807 233.33986290923698 22.0
  endloop
endfacet
facet normal 0.6087614290086852 0.7933533402912625 0.0
  outer loop
    vertex 199.81066689999793 233.10148497534016 22.0
    vertex 199.50000672821807 233.33986290923698 25.0
    vertex 199.81066689999793 233.10148497534016 25.0
  endloop
endfacet
facet normal 0.382683432365046 0.9238795325113048 0.0
  outer loop
    vertex 199.81066689999793 233.10148497534016 25.0
    vertex 200.17243833234414 232.95163434158323 22.0
    vertex 199.81066689999793 233.10148497534016 22.0
  endloop
endfacet
facet normal 0.382683432365046 0.9238795325113048 0.0
  outer loop
    vertex 200.17243833234414 232.95163434158323 22.0
    vertex 199.81066689999793 233.10148497534016 25.0
    vertex 200.17243833234414 232.95163434158323 25.0
  endloop
endfacet
facet normal 0.13052619222010214 0.9914448613738037 0.0
  outer loop
    vertex 200.17243833234414 232.95163434158323 25.0
    vertex 200.56066689999793 232.90052308101681 22.0
    vertex 200.17243833234414 232.95163434158323 22.0
  endloop
endfacet
facet normal 0.13052619222010214 0.9914448613738037 0.0
  outer loop
    vertex 200.56066689999793 232.90052308101681 22.0
    vertex 200.17243833234414 232.95163434158323 25.0
    vertex 200.56066689999793 232.90052308101681 25.0
  endloop
endfacet
facet normal -0.13052619222010214 0.9914448613738037 0.0
  outer loop
    vertex 200.56066689999793 232.90052308101681 25.0
    vertex 200.9488954676517 232.95163434158323 22.0
    vertex 200.56066689999793 232.90052308101681 22.0
  endloop
endfacet
facet normal -0.13052619222010214 0.9914448613738037 0.0
  outer loop
    vertex 200.9488954676517 232.95163434158323 22.0
    vertex 200.56066689999793 232.90052308101681 25.0
    vertex 200.9488954676517 232.95163434158323 25.0
  endloop
endfacet
facet normal -0.382683432365046 0.9238795325113048 0.0
  outer loop
    vertex 200.9488954676517 232.95163434158323 25.0
    vertex 201.31066689999793 233.10148497534016 22.0
    vertex 200.9488954676517 232.95163434158323 22.0
  endloop
endfacet
facet normal -0.382683432365046 0.9238795325113048 0.0
  outer loop
    vertex 201.31066689999793 233.10148497534016 22.0
    vertex 200.9488954676517 232.95163434158323 25.0
    vertex 201.31066689999793 233.10148497534016 25.0
  endloop
endfacet
facet normal -0.6087614290086852 0.7933533402912625 0.0
  outer loop
    vertex 201.31066689999793 233.10148497534016 25.0
    vertex 201.62132707177778 233.33986290923698 22.0
    vertex 201.31066689999793 233.10148497534016 22.0
  endloop
endfacet
facet normal -0.6087614290086852 0.7933533402912625 0.0
  outer loop
    vertex 201.62132707177778 233.33986290923698 22.0
    vertex 201.31066689999793 233.10148497534016 25.0
    vertex 201.62132707177778 233.33986290923698 25.0
  endloop
endfacet
facet normal -0.7933533402912625 0.6087614290086852 0.0
  outer loop
    vertex 201.8597050056746 233.65052308101681 25.0
    vertex 201.62132707177778 233.33986290923698 22.0
    vertex 201.62132707177778 233.33986290923698 25.0
  endloop
endfacet
facet normal -0.7933533402912625 0.6087614290086852 0.0
  outer loop
    vertex 201.62132707177778 233.33986290923698 22.0
    vertex 201.8597050056746 233.65052308101681 25.0
    vertex 201.8597050056746 233.65052308101681 22.0
  endloop
endfacet
facet normal -0.9238795325112762 0.3826834323651156 0.0
  outer loop
    vertex 202.00955563943154 234.01229451336303 25.0
    vertex 201.8597050056746 233.65052308101681 22.0
    vertex 201.8597050056746 233.65052308101681 25.0
  endloop
endfacet
facet normal -0.9238795325112762 0.3826834323651156 0.0
  outer loop
    vertex 201.8597050056746 233.65052308101681 22.0
    vertex 202.00955563943154 234.01229451336303 25.0
    vertex 202.00955563943154 234.01229451336303 22.0
  endloop
endfacet
facet normal -0.9914448613738123 0.13052619222003808 0.0
  outer loop
    vertex 202.06066689999795 234.40052308101684 25.0
    vertex 202.00955563943154 234.01229451336303 22.0
    vertex 202.00955563943154 234.01229451336303 25.0
  endloop
endfacet
facet normal -0.9914448613738123 0.13052619222003808 0.0
  outer loop
    vertex 202.00955563943154 234.01229451336303 22.0
    vertex 202.06066689999795 234.40052308101684 25.0
    vertex 202.06066689999795 234.40052308101684 22.0
  endloop
endfacet
facet normal -0.9914448613738123 -0.13052619222003808 -0.0
  outer loop
    vertex 202.00955563943154 234.78875164867063 25.0
    vertex 202.06066689999795 234.40052308101684 22.0
    vertex 202.06066689999795 234.40052308101684 25.0
  endloop
endfacet
facet normal -0.9914448613738123 -0.13052619222003808 -0.0
  outer loop
    vertex 202.06066689999795 234.40052308101684 22.0
    vertex 202.00955563943154 234.78875164867063 25.0
    vertex 202.00955563943154 234.78875164867063 22.0
  endloop
endfacet
facet normal -0.9238795325112762 -0.3826834323651156 -0.0
  outer loop
    vertex 201.8597050056746 235.15052308101684 25.0
    vertex 202.00955563943154 234.78875164867063 22.0
    vertex 202.00955563943154 234.78875164867063 25.0
  endloop
endfacet
facet normal -0.9238795325112762 -0.3826834323651156 -0.0
  outer loop
    vertex 202.00955563943154 234.78875164867063 22.0
    vertex 201.8597050056746 235.15052308101684 25.0
    vertex 201.8597050056746 235.15052308101684 22.0
  endloop
endfacet
facet normal -0.7933533402912346 -0.6087614290087215 -0.0
  outer loop
    vertex 201.62132707177776 235.46118325279667 25.0
    vertex 201.8597050056746 235.15052308101684 22.0
    vertex 201.8597050056746 235.15052308101684 25.0
  endloop
endfacet
facet normal -0.7933533402912346 -0.6087614290087215 -0.0
  outer loop
    vertex 201.8597050056746 235.15052308101684 22.0
    vertex 201.62132707177776 235.46118325279667 25.0
    vertex 201.62132707177776 235.46118325279667 22.0
  endloop
endfacet
facet normal -0.608761429008713 -0.7933533402912409 -0.0
  outer loop
    vertex 201.62132707177776 235.46118325279667 25.0
    vertex 201.31066689999793 235.6995611866935 22.0
    vertex 201.62132707177776 235.46118325279667 22.0
  endloop
endfacet
facet normal -0.608761429008713 -0.7933533402912409 -0.0
  outer loop
    vertex 201.31066689999793 235.6995611866935 22.0
    vertex 201.62132707177776 235.46118325279667 25.0
    vertex 201.31066689999793 235.6995611866935 25.0
  endloop
endfacet
facet normal -0.382683432365046 -0.9238795325113048 -0.0
  outer loop
    vertex 201.31066689999793 235.6995611866935 25.0
    vertex 200.9488954676517 235.84941182045043 22.0
    vertex 201.31066689999793 235.6995611866935 22.0
  endloop
endfacet
facet normal -0.382683432365046 -0.9238795325113048 -0.0
  outer loop
    vertex 200.9488954676517 235.84941182045043 22.0
    vertex 201.31066689999793 235.6995611866935 25.0
    vertex 200.9488954676517 235.84941182045043 25.0
  endloop
endfacet
facet normal -0.13052619222010214 -0.9914448613738037 -0.0
  outer loop
    vertex 200.9488954676517 235.84941182045043 25.0
    vertex 200.56066689999793 235.90052308101684 22.0
    vertex 200.9488954676517 235.84941182045043 22.0
  endloop
endfacet
facet normal -0.13052619222010214 -0.9914448613738037 -0.0
  outer loop
    vertex 200.56066689999793 235.90052308101684 22.0
    vertex 200.9488954676517 235.84941182045043 25.0
    vertex 200.56066689999793 235.90052308101684 25.0
  endloop
endfacet
facet normal 0.13052619222010214 -0.9914448613738037 0.0
  outer loop
    vertex 200.56066689999793 235.90052308101684 25.0
    vertex 200.17243833234414 235.84941182045043 22.0
    vertex 200.56066689999793 235.90052308101684 22.0
  endloop
endfacet
facet normal 0.13052619222010214 -0.9914448613738037 0.0
  outer loop
    vertex 200.17243833234414 235.84941182045043 22.0
    vertex 200.56066689999793 235.90052308101684 25.0
    vertex 200.17243833234414 235.84941182045043 25.0
  endloop
endfacet
facet normal 0.382683432365046 -0.9238795325113048 0.0
  outer loop
    vertex 200.17243833234414 235.84941182045043 25.0
    vertex 199.81066689999793 235.6995611866935 22.0
    vertex 200.17243833234414 235.84941182045043 22.0
  endloop
endfacet
facet normal 0.382683432365046 -0.9238795325113048 0.0
  outer loop
    vertex 199.81066689999793 235.6995611866935 22.0
    vertex 200.17243833234414 235.84941182045043 25.0
    vertex 199.81066689999793 235.6995611866935 25.0
  endloop
endfacet
facet normal 0.6087614290086852 -0.7933533402912625 0.0
  outer loop
    vertex 199.81066689999793 235.6995611866935 25.0
    vertex 199.50000672821807 235.46118325279667 22.0
    vertex 199.81066689999793 235.6995611866935 22.0
  endloop
endfacet
facet normal 0.6087614290086852 -0.7933533402912625 0.0
  outer loop
    vertex 199.50000672821807 235.46118325279667 22.0
    vertex 199.81066689999793 235.6995611866935 25.0
    vertex 199.50000672821807 235.46118325279667 25.0
  endloop
endfacet
facet normal 0.7933533402912625 -0.6087614290086852 0.0
  outer loop
    vertex 199.50000672821807 235.46118325279667 22.0
    vertex 199.26162879432124 235.15052308101684 25.0
    vertex 199.26162879432124 235.15052308101684 22.0
  endloop
endfacet
facet normal 0.7933533402912625 -0.6087614290086852 0.0
  outer loop
    vertex 199.26162879432124 235.15052308101684 25.0
    vertex 199.50000672821807 235.46118325279667 22.0
    vertex 199.50000672821807 235.46118325279667 25.0
  endloop
endfacet
facet normal 0.9238795325112762 -0.3826834323651156 0.0
  outer loop
    vertex 199.26162879432124 235.15052308101684 22.0
    vertex 199.1117781605643 234.78875164867063 25.0
    vertex 199.1117781605643 234.78875164867063 22.0
  endloop
endfacet
facet normal 0.9238795325112762 -0.3826834323651156 0.0
  outer loop
    vertex 199.1117781605643 234.78875164867063 25.0
    vertex 199.26162879432124 235.15052308101684 22.0
    vertex 199.26162879432124 235.15052308101684 25.0
  endloop
endfacet
facet normal 0.0 0.0 -1.0
  outer loop
    vertex 147.5606668999979 239.40052308101681 22.0
    vertex 154.50000672821807 235.46118325279667 22.0
    vertex 147.5606668999979 229.40052308101684 22.0
  endloop
endfacet
facet normal 0.0 0.0 -1.0
  outer loop
    vertex 154.50000672821807 235.46118325279667 22.0
    vertex 147.5606668999979 239.40052308101681 22.0
    vertex 154.8106668999979 235.6995611866935 22.0
  endloop
endfacet
facet normal 0.0 0.0 -1.0
  outer loop
    vertex 154.8106668999979 235.6995611866935 22.0
    vertex 147.5606668999979 239.40052308101681 22.0
    vertex 155.17243833234414 235.84941182045043 22.0
  endloop
endfacet
facet normal 0.0 0.0 -1.0
  outer loop
    vertex 155.17243833234414 235.84941182045043 22.0
    vertex 147.5606668999979 239.40052308101681 22.0
    vertex 155.56066689999793 235.90052308101684 22.0
  endloop
endfacet
facet normal 0.0 0.0 -1.0
  outer loop
    vertex 155.56066689999793 235.90052308101684 22.0
    vertex 147.5606668999979 239.40052308101681 22.0
    vertex 208.56066689999793 239.40052308101681 22.0
  endloop
endfacet
facet normal 0.0 0.0 -1.0
  outer loop
    vertex 147.5606668999979 229.40052308101684 22.0
    vertex 154.50000672821807 235.46118325279667 22.0
    vertex 154.26162879432124 235.15052308101684 22.0
  endloop
endfacet
facet normal 0.0 0.0 -1.0
  outer loop
    vertex 147.5606668999979 229.40052308101684 22.0
    vertex 154.26162879432124 235.15052308101684 22.0
    vertex 154.11177816056428 234.78875164867063 22.0
  endloop
endfacet
facet normal 0.0 0.0 -1.0
  outer loop
    vertex 147.5606668999979 229.40052308101684 22.0
    vertex 154.11177816056428 234.78875164867063 22.0
    vertex 154.0606668999979 234.40052308101684 22.0
  endloop
endfacet
facet normal 0.0 0.0 -1.0
  outer loop
    vertex 155.56066689999793 235.90052308101684 22.0
    vertex 208.56066689999793 239.40052308101681 22.0
    vertex 155.9488954676517 235.84941182045043 22.0
  endloop
endfacet
facet normal 0.0 0.0 -1.0
  outer loop
    vertex 155.9488954676517 235.84941182045043 22.0
    vertex 208.56066689999793 239.40052308101681 22.0
    vertex 156.31066689999793 235.6995611866935 22.0
  endloop
endfacet
facet normal 0.0 0.0 -1.0
  outer loop
    vertex 156.31066689999793 235.6995611866935 22.0
    vertex 208.56066689999793 239.40052308101681 22.0
    vertex 156.62132707177776 235.46118325279667 22.0
  endloop
endfacet
facet normal 0.0 0.0 -1.0
  outer loop
    vertex 156.62132707177776 235.46118325279667 22.0
    vertex 208.56066689999793 239.40052308101681 22.0
    vertex 156.85970500567458 235.15052308101684 22.0
  endloop
endfacet
facet normal 0.0 0.0 -1.0
  outer loop
    vertex 156.85970500567458 235.15052308101684 22.0
    vertex 208.56066689999793 239.40052308101681 22.0
    vertex 157.00955563943154 234.78875164867063 22.0
  endloop
endfacet
facet normal 0.0 0.0 -1.0
  outer loop
    vertex 157.00955563943154 234.78875164867063 22.0
    vertex 208.56066689999793 239.40052308101681 22.0
    vertex 157.06066689999793 234.40052308101684 22.0
  endloop
endfacet
facet normal 0.0 0.0 -1.0
  outer loop
    vertex 157.06066689999793 234.40052308101684 22.0
    vertex 208.56066689999793 239.40052308101681 22.0
    vertex 199.81066689999793 235.6995611866935 22.0
  endloop
endfacet
facet normal 0.0 0.0 -1.0
  outer loop
    vertex 157.06066689999793 234.40052308101684 22.0
    vertex 199.81066689999793 235.6995611866935 22.0
    vertex 199.50000672821807 235.46118325279667 22.0
  endloop
endfacet
facet normal 0.0 0.0 -1.0
  outer loop
    vertex 157.06066689999793 234.40052308101684 22.0
    vertex 199.50000672821807 235.46118325279667 22.0
    vertex 199.26162879432124 235.15052308101684 22.0
  endloop
endfacet
facet normal 0.0 0.0 -1.0
  outer loop
    vertex 157.06066689999793 234.40052308101684 22.0
    vertex 199.26162879432124 235.15052308101684 22.0
    vertex 199.1117781605643 234.78875164867063 22.0
  endloop
endfacet
facet normal 0.0 0.0 -1.0
  outer loop
    vertex 157.06066689999793 234.40052308101684 22.0
    vertex 199.1117781605643 234.78875164867063 22.0
    vertex 199.0606668999979 234.40052308101684 22.0
  endloop
endfacet
facet normal 0.0 0.0 -1.0
  outer loop
    vertex 199.81066689999793 235.6995611866935 22.0
    vertex 208.56066689999793 239.40052308101681 22.0
    vertex 200.17243833234414 235.84941182045043 22.0
  endloop
endfacet
facet normal 0.0 0.0 -1.0
  outer loop
    vertex 200.17243833234414 235.84941182045043 22.0
    vertex 208.56066689999793 239.40052308101681 22.0
    vertex 200.56066689999793 235.90052308101684 22.0
  endloop
endfacet
facet normal 0.0 0.0 -1.0
  outer loop
    vertex 200.56066689999793 235.90052308101684 22.0
    vertex 208.56066689999793 239.40052308101681 22.0
    vertex 200.9488954676517 235.84941182045043 22.0
  endloop
endfacet
facet normal 0.0 0.0 -1.0
  outer loop
    vertex 200.9488954676517 235.84941182045043 22.0
    vertex 208.56066689999793 239.40052308101681 22.0
    vertex 201.31066689999793 235.6995611866935 22.0
  endloop
endfacet
facet normal 0.0 0.0 -1.0
  outer loop
    vertex 201.31066689999793 235.6995611866935 22.0
    vertex 208.56066689999793 239.40052308101681 22.0
    vertex 201.62132707177776 235.46118325279667 22.0
  endloop
endfacet
facet normal 0.0 0.0 -1.0
  outer loop
    vertex 201.62132707177776 235.46118325279667 22.0
    vertex 208.56066689999793 239.40052308101681 22.0
    vertex 201.8597050056746 235.15052308101684 22.0
  endloop
endfacet
facet normal 0.0 0.0 -1.0
  outer loop
    vertex 201.8597050056746 235.15052308101684 22.0
    vertex 208.56066689999793 239.40052308101681 22.0
    vertex 202.00955563943154 234.78875164867063 22.0
  endloop
endfacet
facet normal 0.0 0.0 -1.0
  outer loop
    vertex 202.00955563943154 234.78875164867063 22.0
    vertex 208.56066689999793 239.40052308101681 22.0
    vertex 202.06066689999795 234.40052308101684 22.0
  endloop
endfacet
facet normal 0.0 0.0 -1.0
  outer loop
    vertex 147.5606668999979 229.40052308101684 22.0
    vertex 155.56066689999793 232.90052308101681 22.0
    vertex 208.56066689999793 229.40052308101684 22.0
  endloop
endfacet
facet normal 0.0 0.0 -1.0
  outer loop
    vertex 155.56066689999793 232.90052308101681 22.0
    vertex 147.5606668999979 229.40052308101684 22.0
    vertex 155.17243833234414 232.95163434158323 22.0
  endloop
endfacet
facet normal 0.0 0.0 -1.0
  outer loop
    vertex 155.17243833234414 232.95163434158323 22.0
    vertex 147.5606668999979 229.40052308101684 22.0
    vertex 154.8106668999979 233.10148497534016 22.0
  endloop
endfacet
facet normal 0.0 0.0 -1.0
  outer loop
    vertex 154.8106668999979 233.10148497534016 22.0
    vertex 147.5606668999979 229.40052308101684 22.0
    vertex 154.50000672821807 233.33986290923698 22.0
  endloop
endfacet
facet normal 0.0 0.0 -1.0
  outer loop
    vertex 154.50000672821807 233.33986290923698 22.0
    vertex 147.5606668999979 229.40052308101684 22.0
    vertex 154.26162879432124 233.65052308101681 22.0
  endloop
endfacet
facet normal 0.0 0.0 -1.0
  outer loop
    vertex 154.26162879432124 233.65052308101681 22.0
    vertex 147.5606668999979 229.40052308101684 22.0
    vertex 154.11177816056428 234.01229451336303 22.0
  endloop
endfacet
facet normal 0.0 0.0 -1.0
  outer loop
    vertex 154.11177816056428 234.01229451336303 22.0
    vertex 147.5606668999979 229.40052308101684 22.0
    vertex 154.0606668999979 234.40052308101684 22.0
  endloop
endfacet
facet normal 0.0 0.0 -1.0
  outer loop
    vertex 208.56066689999793 229.40052308101684 22.0
    vertex 155.56066689999793 232.90052308101681 22.0
    vertex 155.9488954676517 232.95163434158323 22.0
  endloop
endfacet
facet normal 0.0 0.0 -1.0
  outer loop
    vertex 208.56066689999793 229.40052308101684 22.0
    vertex 155.9488954676517 232.95163434158323 22.0
    vertex 156.31066689999793 233.10148497534016 22.0
  endloop
endfacet
facet normal 0.0 0.0 -1.0
  outer loop
    vertex 208.56066689999793 229.40052308101684 22.0
    vertex 156.31066689999793 233.10148497534016 22.0
    vertex 156.62132707177776 233.33986290923698 22.0
  endloop
endfacet
facet normal 0.0 0.0 -1.0
  outer loop
    vertex 208.56066689999793 229.40052308101684 22.0
    vertex 156.62132707177776 233.33986290923698 22.0
    vertex 156.85970500567458 233.65052308101681 22.0
  endloop
endfacet
facet normal 0.0 0.0 -1.0
  outer loop
    vertex 208.56066689999793 229.40052308101684 22.0
    vertex 156.85970500567458 233.65052308101681 22.0
    vertex 157.00955563943154 234.01229451336303 22.0
  endloop
endfacet
facet normal 0.0 0.0 -1.0
  outer loop
    vertex 208.56066689999793 229.40052308101684 22.0
    vertex 157.00955563943154 234.01229451336303 22.0
    vertex 157.06066689999793 234.40052308101684 22.0
  endloop
endfacet
facet normal 0.0 0.0 -1.0
  outer loop
    vertex 208.56066689999793 229.40052308101684 22.0
    vertex 157.06066689999793 234.40052308101684 22.0
    vertex 199.81066689999793 233.10148497534016 22.0
  endloop
endfacet
facet normal 0.0 0.0 -1.0
  outer loop
    vertex 199.81066689999793 233.10148497534016 22.0
    vertex 157.06066689999793 234.40052308101684 22.0
    vertex 199.50000672821807 233.33986290923698 22.0
  endloop
endfacet
facet normal 0.0 0.0 -1.0
  outer loop
    vertex 199.50000672821807 233.33986290923698 22.0
    vertex 157.06066689999793 234.40052308101684 22.0
    vertex 199.26162879432124 233.65052308101681 22.0
  endloop
endfacet
facet normal 0.0 0.0 -1.0
  outer loop
    vertex 199.26162879432124 233.65052308101681 22.0
    vertex 157.06066689999793 234.40052308101684 22.0
    vertex 199.1117781605643 234.01229451336303 22.0
  endloop
endfacet
facet normal 0.0 0.0 -1.0
  outer loop
    vertex 199.1117781605643 234.01229451336303 22.0
    vertex 157.06066689999793 234.40052308101684 22.0
    vertex 199.0606668999979 234.40052308101684 22.0
  endloop
endfacet
facet normal 0.0 0.0 -1.0
  outer loop
    vertex 208.56066689999793 229.40052308101684 22.0
    vertex 199.81066689999793 233.10148497534016 22.0
    vertex 200.17243833234414 232.95163434158323 22.0
  endloop
endfacet
facet normal 0.0 0.0 -1.0
  outer loop
    vertex 208.56066689999793 229.40052308101684 22.0
    vertex 200.17243833234414 232.95163434158323 22.0
    vertex 200.56066689999793 232.90052308101681 22.0
  endloop
endfacet
facet normal 0.0 0.0 -1.0
  outer loop
    vertex 208.56066689999793 229.40052308101684 22.0
    vertex 200.56066689999793 232.90052308101681 22.0
    vertex 200.9488954676517 232.95163434158323 22.0
  endloop
endfacet
facet normal 0.0 0.0 -1.0
  outer loop
    vertex 208.56066689999793 229.40052308101684 22.0
    vertex 200.9488954676517 232.95163434158323 22.0
    vertex 201.31066689999793 233.10148497534016 22.0
  endloop
endfacet
facet normal 0.0 0.0 -1.0
  outer loop
    vertex 208.56066689999793 229.40052308101684 22.0
    vertex 201.31066689999793 233.10148497534016 22.0
    vertex 201.62132707177778 233.33986290923698 22.0
  endloop
endfacet
facet normal 0.0 0.0 -1.0
  outer loop
    vertex 208.56066689999793 229.40052308101684 22.0
    vertex 201.62132707177778 233.33986290923698 22.0
    vertex 201.8597050056746 233.65052308101681 22.0
  endloop
endfacet
facet normal 0.0 0.0 -1.0
  outer loop
    vertex 208.56066689999793 229.40052308101684 22.0
    vertex 201.8597050056746 233.65052308101681 22.0
    vertex 202.00955563943154 234.01229451336303 22.0
  endloop
endfacet
facet normal 0.0 0.0 -1.0
  outer loop
    vertex 208.56066689999793 229.40052308101684 22.0
    vertex 202.00955563943154 234.01229451336303 22.0
    vertex 202.06066689999795 234.40052308101684 22.0
  endloop
endfacet
facet normal 0.0 0.0 -1.0
  outer loop
    vertex 208.56066689999793 229.40052308101684 22.0
    vertex 202.06066689999795 234.40052308101684 22.0
    vertex 208.56066689999793 239.40052308101681 22.0
  endloop
endfacet
facet normal 0.9914448613738123 -0.13052619222003808 0.0
  outer loop
    vertex 154.11177816056428 234.78875164867063 22.0
    vertex 154.0606668999979 234.40052308101684 25.0
    vertex 154.0606668999979 234.40052308101684 22.0
  endloop
endfacet
facet normal 0.9914448613738123 -0.13052619222003808 0.0
  outer loop
    vertex 154.0606668999979 234.40052308101684 25.0
    vertex 154.11177816056428 234.78875164867063 22.0
    vertex 154.11177816056428 234.78875164867063 25.0
  endloop
endfacet
facet normal 0.9914448613738123 0.13052619222003808 0.0
  outer loop
    vertex 154.0606668999979 234.40052308101684 22.0
    vertex 154.11177816056428 234.01229451336303 25.0
    vertex 154.11177816056428 234.01229451336303 22.0
  endloop
endfacet
facet normal 0.9914448613738123 0.13052619222003808 0.0
  outer loop
    vertex 154.11177816056428 234.01229451336303 25.0
    vertex 154.0606668999979 234.40052308101684 22.0
    vertex 154.0606668999979 234.40052308101684 25.0
  endloop
endfacet
facet normal 0.9238795325112762 0.3826834323651156 0.0
  outer loop
    vertex 154.11177816056428 234.01229451336303 22.0
    vertex 154.26162879432124 233.65052308101681 25.0
    vertex 154.26162879432124 233.65052308101681 22.0
  endloop
endfacet
facet normal 0.9238795325112762 0.3826834323651156 0.0
  outer loop
    vertex 154.26162879432124 233.65052308101681 25.0
    vertex 154.11177816056428 234.01229451336303 22.0
    vertex 154.11177816056428 234.01229451336303 25.0
  endloop
endfacet
facet normal 0.7933533402912625 0.6087614290086852 0.0
  outer loop
    vertex 154.26162879432124 233.65052308101681 22.0
    vertex 154.50000672821807 233.33986290923698 25.0
    vertex 154.50000672821807 233.33986290923698 22.0
  endloop
endfacet
facet normal 0.7933533402912625 0.6087614290086852 0.0
  outer loop
    vertex 154.50000672821807 233.33986290923698 25.0
    vertex 154.26162879432124 233.65052308101681 22.0
    vertex 154.26162879432124 233.65052308101681 25.0
  endloop
endfacet
facet normal 0.6087614290086852 0.7933533402912625 0.0
  outer loop
    vertex 154.50000672821807 233.33986290923698 25.0
    vertex 154.8106668999979 233.10148497534016 22.0
    vertex 154.50000672821807 233.33986290923698 22.0
  endloop
endfacet
facet normal 0.6087614290086852 0.7933533402912625 0.0
  outer loop
    vertex 154.8106668999979 233.10148497534016 22.0
    vertex 154.50000672821807 233.33986290923698 25.0
    vertex 154.8106668999979 233.10148497534016 25.0
  endloop
endfacet
facet normal 0.382683432365046 0.9238795325113048 0.0
  outer loop
    vertex 154.8106668999979 233.10148497534016 25.0
    vertex 155.17243833234414 232.95163434158323 22.0
    vertex 154.8106668999979 233.10148497534016 22.0
  endloop
endfacet
facet normal 0.382683432365046 0.9238795325113048 0.0
  outer loop
    vertex 155.17243833234414 232.95163434158323 22.0
    vertex 154.8106668999979 233.10148497534016 25.0
    vertex 155.17243833234414 232.95163434158323 25.0
  endloop
endfacet
facet normal 0.13052619222010214 0.9914448613738037 0.0
  outer loop
    vertex 155.17243833234414 232.95163434158323 25.0
    vertex 155.56066689999793 232.90052308101681 22.0
    vertex 155.17243833234414 232.95163434158323 22.0
  endloop
endfacet
facet normal 0.13052619222010214 0.9914448613738037 0.0
  outer loop
    vertex 155.56066689999793 232.90052308101681 22.0
    vertex 155.17243833234414 232.95163434158323 25.0
    vertex 155.56066689999793 232.90052308101681 25.0
  endloop
endfacet
facet normal -0.13052619222010214 0.9914448613738037 0.0
  outer loop
    vertex 155.56066689999793 232.90052308101681 25.0
    vertex 155.9488954676517 232.95163434158323 22.0
    vertex 155.56066689999793 232.90052308101681 22.0
  endloop
endfacet
facet normal -0.13052619222010214 0.9914448613738037 0.0
  outer loop
    vertex 155.9488954676517 232.95163434158323 22.0
    vertex 155.56066689999793 232.90052308101681 25.0
    vertex 155.9488954676517 232.95163434158323 25.0
  endloop
endfacet
facet normal -0.382683432365046 0.9238795325113048 0.0
  outer loop
    vertex 155.9488954676517 232.95163434158323 25.0
    vertex 156.31066689999793 233.10148497534016 22.0
    vertex 155.9488954676517 232.95163434158323 22.0
  endloop
endfacet
facet normal -0.382683432365046 0.9238795325113048 0.0
  outer loop
    vertex 156.31066689999793 233.10148497534016 22.0
    vertex 155.9488954676517 232.95163434158323 25.0
    vertex 156.31066689999793 233.10148497534016 25.0
  endloop
endfacet
facet normal -0.6087614290086852 0.7933533402912625 0.0
  outer loop
    vertex 156.31066689999793 233.10148497534016 25.0
    vertex 156.62132707177776 233.33986290923698 22.0
    vertex 156.31066689999793 233.10148497534016 22.0
  endloop
endfacet
facet normal -0.6087614290086852 0.7933533402912625 0.0
  outer loop
    vertex 156.62132707177776 233.33986290923698 22.0
    vertex 156.31066689999793 233.10148497534016 25.0
    vertex 156.62132707177776 233.33986290923698 25.0
  endloop
endfacet
facet normal -0.7933533402912625 0.6087614290086852 0.0
  outer loop
    vertex 156.85970500567458 233.65052308101681 25.0
    vertex 156.62132707177776 233.33986290923698 22.0
    vertex 156.62132707177776 233.33986290923698 25.0
  endloop
endfacet
facet normal -0.7933533402912625 0.6087614290086852 0.0
  outer loop
    vertex 156.62132707177776 233.33986290923698 22.0
    vertex 156.85970500567458 233.65052308101681 25.0
    vertex 156.85970500567458 233.65052308101681 22.0
  endloop
endfacet
facet normal -0.9238795325112762 0.3826834323651156 0.0
  outer loop
    vertex 157.00955563943154 234.01229451336303 25.0
    vertex 156.85970500567458 233.65052308101681 22.0
    vertex 156.85970500567458 233.65052308101681 25.0
  endloop
endfacet
facet normal -0.9238795325112762 0.3826834323651156 0.0
  outer loop
    vertex 156.85970500567458 233.65052308101681 22.0
    vertex 157.00955563943154 234.01229451336303 25.0
    vertex 157.00955563943154 234.01229451336303 22.0
  endloop
endfacet
facet normal -0.9914448613738123 0.13052619222003808 0.0
  outer loop
    vertex 157.06066689999793 234.40052308101684 25.0
    vertex 157.00955563943154 234.01229451336303 22.0
    vertex 157.00955563943154 234.01229451336303 25.0
  endloop
endfacet
facet normal -0.9914448613738123 0.13052619222003808 0.0
  outer loop
    vertex 157.00955563943154 234.01229451336303 22.0
    vertex 157.06066689999793 234.40052308101684 25.0
    vertex 157.06066689999793 234.40052308101684 22.0
  endloop
endfacet
facet normal -0.9914448613738123 -0.13052619222003808 -0.0
  outer loop
    vertex 157.00955563943154 234.78875164867063 25.0
    vertex 157.06066689999793 234.40052308101684 22.0
    vertex 157.06066689999793 234.40052308101684 25.0
  endloop
endfacet
facet normal -0.9914448613738123 -0.13052619222003808 -0.0
  outer loop
    vertex 157.06066689999793 234.40052308101684 22.0
    vertex 157.00955563943154 234.78875164867063 25.0
    vertex 157.00955563943154 234.78875164867063 22.0
  endloop
endfacet
facet normal -0.9238795325112762 -0.3826834323651156 -0.0
  outer loop
    vertex 156.85970500567458 235.15052308101684 25.0
    vertex 157.00955563943154 234.78875164867063 22.0
    vertex 157.00955563943154 234.78875164867063 25.0
  endloop
endfacet
facet normal -0.9238795325112762 -0.3826834323651156 -0.0
  outer loop
    vertex 157.00955563943154 234.78875164867063 22.0
    vertex 156.85970500567458 235.15052308101684 25.0
    vertex 156.85970500567458 235.15052308101684 22.0
  endloop
endfacet
facet normal -0.7933533402912346 -0.6087614290087215 -0.0
  outer loop
    vertex 156.62132707177776 235.46118325279667 25.0
    vertex 156.85970500567458 235.15052308101684 22.0
    vertex 156.85970500567458 235.15052308101684 25.0
  endloop
endfacet
facet normal -0.7933533402912346 -0.6087614290087215 -0.0
  outer loop
    vertex 156.85970500567458 235.15052308101684 22.0
    vertex 156.62132707177776 235.46118325279667 25.0
    vertex 156.62132707177776 235.46118325279667 22.0
  endloop
endfacet
facet normal -0.608761429008713 -0.7933533402912409 -0.0
  outer loop
    vertex 156.62132707177776 235.46118325279667 25.0
    vertex 156.31066689999793 235.6995611866935 22.0
    vertex 156.62132707177776 235.46118325279667 22.0
  endloop
endfacet
facet normal -0.608761429008713 -0.7933533402912409 -0.0
  outer loop
    vertex 156.31066689999793 235.6995611866935 22.0
    vertex 156.62132707177776 235.46118325279667 25.0
    vertex 156.31066689999793 235.6995611866935 25.0
  endloop
endfacet
facet normal -0.382683432365046 -0.9238795325113048 -0.0
  outer loop
    vertex 156.31066689999793 235.6995611866935 25.0
    vertex 155.9488954676517 235.84941182045043 22.0
    vertex 156.31066689999793 235.6995611866935 22.0
  endloop
endfacet
facet normal -0.382683432365046 -0.9238795325113048 -0.0
  outer loop
    vertex 155.9488954676517 235.84941182045043 22.0
    vertex 156.31066689999793 235.6995611866935 25.0
    vertex 155.9488954676517 235.84941182045043 25.0
  endloop
endfacet
facet normal -0.13052619222010214 -0.9914448613738037 -0.0
  outer loop
    vertex 155.9488954676517 235.84941182045043 25.0
    vertex 155.56066689999793 235.90052308101684 22.0
    vertex 155.9488954676517 235.84941182045043 22.0
  endloop
endfacet
facet normal -0.13052619222010214 -0.9914448613738037 -0.0
  outer loop
    vertex 155.56066689999793 235.90052308101684 22.0
    vertex 155.9488954676517 235.84941182045043 25.0
    vertex 155.56066689999793 235.90052308101684 25.0
  endloop
endfacet
facet normal 0.13052619222010214 -0.9914448613738037 0.0
  outer loop
    vertex 155.56066689999793 235.90052308101684 25.0
    vertex 155.17243833234414 235.84941182045043 22.0
    vertex 155.56066689999793 235.90052308101684 22.0
  endloop
endfacet
facet normal 0.13052619222010214 -0.9914448613738037 0.0
  outer loop
    vertex 155.17243833234414 235.84941182045043 22.0
    vertex 155.56066689999793 235.90052308101684 25.0
    vertex 155.17243833234414 235.84941182045043 25.0
  endloop
endfacet
facet normal 0.382683432365046 -0.9238795325113048 0.0
  outer loop
    vertex 155.17243833234414 235.84941182045043 25.0
    vertex 154.8106668999979 235.6995611866935 22.0
    vertex 155.17243833234414 235.84941182045043 22.0
  endloop
endfacet
facet normal 0.382683432365046 -0.9238795325113048 0.0
  outer loop
    vertex 154.8106668999979 235.6995611866935 22.0
    vertex 155.17243833234414 235.84941182045043 25.0
    vertex 154.8106668999979 235.6995611866935 25.0
  endloop
endfacet
facet normal 0.6087614290086852 -0.7933533402912625 0.0
  outer loop
    vertex 154.8106668999979 235.6995611866935 25.0
    vertex 154.50000672821807 235.46118325279667 22.0
    vertex 154.8106668999979 235.6995611866935 22.0
  endloop
endfacet
facet normal 0.6087614290086852 -0.7933533402912625 0.0
  outer loop
    vertex 154.50000672821807 235.46118325279667 22.0
    vertex 154.8106668999979 235.6995611866935 25.0
    vertex 154.50000672821807 235.46118325279667 25.0
  endloop
endfacet
facet normal 0.7933533402912625 -0.6087614290086852 0.0
  outer loop
    vertex 154.50000672821807 235.46118325279667 22.0
    vertex 154.26162879432124 235.15052308101684 25.0
    vertex 154.26162879432124 235.15052308101684 22.0
  endloop
endfacet
facet normal 0.7933533402912625 -0.6087614290086852 0.0
  outer loop
    vertex 154.26162879432124 235.15052308101684 25.0
    vertex 154.50000672821807 235.46118325279667 22.0
    vertex 154.50000672821807 235.46118325279667 25.0
  endloop
endfacet
facet normal 0.9238795325112762 -0.3826834323651156 0.0
  outer loop
    vertex 154.26162879432124 235.15052308101684 22.0
    vertex 154.11177816056428 234.78875164867063 25.0
    vertex 154.11177816056428 234.78875164867063 22.0
  endloop
endfacet
facet normal 0.9238795325112762 -0.3826834323651156 0.0
  outer loop
    vertex 154.11177816056428 234.78875164867063 25.0
    vertex 154.26162879432124 235.15052308101684 22.0
    vertex 154.26162879432124 235.15052308101684 25.0
  endloop
endfacet
facet normal -0.9914448613738113 0.13052619222004555 0.0
  outer loop
    vertex 157.06066689999793 108.40052308101689 25.0
    vertex 157.0095556394315 108.0122945133631 22.0
    vertex 157.0095556394315 108.0122945133631 25.0
  endloop
endfacet
facet normal -0.9914448613738113 0.13052619222004555 0.0
  outer loop
    vertex 157.0095556394315 108.0122945133631 22.0
    vertex 157.06066689999793 108.40052308101689 25.0
    vertex 157.06066689999793 108.40052308101689 22.0
  endloop
endfacet
facet normal -0.9914448613738113 -0.13052619222004555 -0.0
  outer loop
    vertex 157.0095556394315 108.78875164867065 25.0
    vertex 157.06066689999793 108.40052308101689 22.0
    vertex 157.06066689999793 108.40052308101689 25.0
  endloop
endfacet
facet normal -0.9914448613738113 -0.13052619222004555 -0.0
  outer loop
    vertex 157.06066689999793 108.40052308101689 22.0
    vertex 157.0095556394315 108.78875164867065 25.0
    vertex 157.0095556394315 108.78875164867065 22.0
  endloop
endfacet
facet normal -0.9238795325112845 -0.3826834323650952 -0.0
  outer loop
    vertex 156.85970500567456 109.15052308101689 25.0
    vertex 157.0095556394315 108.78875164867065 22.0
    vertex 157.0095556394315 108.78875164867065 25.0
  endloop
endfacet
facet normal -0.9238795325112845 -0.3826834323650952 -0.0
  outer loop
    vertex 157.0095556394315 108.78875164867065 22.0
    vertex 156.85970500567456 109.15052308101689 25.0
    vertex 156.85970500567456 109.15052308101689 22.0
  endloop
endfacet
facet normal -0.7933533402912409 -0.608761429008713 -0.0
  outer loop
    vertex 156.62132707177776 109.4611832527967 25.0
    vertex 156.85970500567456 109.15052308101689 22.0
    vertex 156.85970500567456 109.15052308101689 25.0
  endloop
endfacet
facet normal -0.7933533402912409 -0.608761429008713 -0.0
  outer loop
    vertex 156.85970500567456 109.15052308101689 22.0
    vertex 156.62132707177776 109.4611832527967 25.0
    vertex 156.62132707177776 109.4611832527967 22.0
  endloop
endfacet
facet normal -0.6087614290086852 -0.7933533402912625 -0.0
  outer loop
    vertex 156.62132707177776 109.4611832527967 25.0
    vertex 156.3106668999979 109.69956118669353 22.0
    vertex 156.62132707177776 109.4611832527967 22.0
  endloop
endfacet
facet normal -0.6087614290086852 -0.7933533402912625 -0.0
  outer loop
    vertex 156.3106668999979 109.69956118669353 22.0
    vertex 156.62132707177776 109.4611832527967 25.0
    vertex 156.3106668999979 109.69956118669353 25.0
  endloop
endfacet
facet normal -0.3826834323651156 -0.9238795325112762 -0.0
  outer loop
    vertex 156.3106668999979 109.69956118669353 25.0
    vertex 155.9488954676517 109.84941182045048 22.0
    vertex 156.3106668999979 109.69956118669353 22.0
  endloop
endfacet
facet normal -0.3826834323651156 -0.9238795325112762 -0.0
  outer loop
    vertex 155.9488954676517 109.84941182045048 22.0
    vertex 156.3106668999979 109.69956118669353 25.0
    vertex 155.9488954676517 109.84941182045048 25.0
  endloop
endfacet
facet normal -0.13052619222004555 -0.9914448613738113 -0.0
  outer loop
    vertex 155.9488954676517 109.84941182045048 25.0
    vertex 155.56066689999793 109.90052308101689 22.0
    vertex 155.9488954676517 109.84941182045048 22.0
  endloop
endfacet
facet normal -0.13052619222004555 -0.9914448613738113 -0.0
  outer loop
    vertex 155.56066689999793 109.90052308101689 22.0
    vertex 155.9488954676517 109.84941182045048 25.0
    vertex 155.56066689999793 109.90052308101689 25.0
  endloop
endfacet
facet normal 0.13052619222004555 -0.9914448613738113 0.0
  outer loop
    vertex 155.56066689999793 109.90052308101689 25.0
    vertex 155.17243833234414 109.84941182045048 22.0
    vertex 155.56066689999793 109.90052308101689 22.0
  endloop
endfacet
facet normal 0.13052619222004555 -0.9914448613738113 0.0
  outer loop
    vertex 155.17243833234414 109.84941182045048 22.0
    vertex 155.56066689999793 109.90052308101689 25.0
    vertex 155.17243833234414 109.84941182045048 25.0
  endloop
endfacet
facet normal 0.3826834323650952 -0.9238795325112845 0.0
  outer loop
    vertex 155.17243833234414 109.84941182045048 25.0
    vertex 154.8106668999979 109.69956118669353 22.0
    vertex 155.17243833234414 109.84941182045048 22.0
  endloop
endfacet
facet normal 0.3826834323650952 -0.9238795325112845 0.0
  outer loop
    vertex 154.8106668999979 109.69956118669353 22.0
    vertex 155.17243833234414 109.84941182045048 25.0
    vertex 154.8106668999979 109.69956118669353 25.0
  endloop
endfacet
facet normal 0.608761429008713 -0.7933533402912409 0.0
  outer loop
    vertex 154.8106668999979 109.69956118669353 25.0
    vertex 154.5000067282181 109.4611832527967 22.0
    vertex 154.8106668999979 109.69956118669353 22.0
  endloop
endfacet
facet normal 0.608761429008713 -0.7933533402912409 0.0
  outer loop
    vertex 154.5000067282181 109.4611832527967 22.0
    vertex 154.8106668999979 109.69956118669353 25.0
    vertex 154.5000067282181 109.4611832527967 25.0
  endloop
endfacet
facet normal 0.7933533402912625 -0.6087614290086852 0.0
  outer loop
    vertex 154.5000067282181 109.4611832527967 22.0
    vertex 154.26162879432127 109.15052308101687 25.0
    vertex 154.26162879432127 109.15052308101687 22.0
  endloop
endfacet
facet normal 0.7933533402912625 -0.6087614290086852 0.0
  outer loop
    vertex 154.26162879432127 109.15052308101687 25.0
    vertex 154.5000067282181 109.4611832527967 22.0
    vertex 154.5000067282181 109.4611832527967 25.0
  endloop
endfacet
facet normal 0.9238795325112762 -0.3826834323651156 0.0
  outer loop
    vertex 154.26162879432127 109.15052308101687 22.0
    vertex 154.1117781605643 108.78875164867065 25.0
    vertex 154.1117781605643 108.78875164867065 22.0
  endloop
endfacet
facet normal 0.9238795325112762 -0.3826834323651156 0.0
  outer loop
    vertex 154.1117781605643 108.78875164867065 25.0
    vertex 154.26162879432127 109.15052308101687 22.0
    vertex 154.26162879432127 109.15052308101687 25.0
  endloop
endfacet
facet normal 0.9914448613738113 -0.13052619222004555 0.0
  outer loop
    vertex 154.1117781605643 108.78875164867065 22.0
    vertex 154.06066689999793 108.40052308101689 25.0
    vertex 154.06066689999793 108.40052308101689 22.0
  endloop
endfacet
facet normal 0.9914448613738113 -0.13052619222004555 0.0
  outer loop
    vertex 154.06066689999793 108.40052308101689 25.0
    vertex 154.1117781605643 108.78875164867065 22.0
    vertex 154.1117781605643 108.78875164867065 25.0
  endloop
endfacet
facet normal 0.9914448613738113 0.13052619222004555 0.0
  outer loop
    vertex 154.06066689999793 108.40052308101689 22.0
    vertex 154.1117781605643 108.0122945133631 25.0
    vertex 154.1117781605643 108.0122945133631 22.0
  endloop
endfacet
facet normal 0.9914448613738113 0.13052619222004555 0.0
  outer loop
    vertex 154.1117781605643 108.0122945133631 25.0
    vertex 154.06066689999793 108.40052308101689 22.0
    vertex 154.06066689999793 108.40052308101689 25.0
  endloop
endfacet
facet normal 0.9238795325112845 0.3826834323650952 0.0
  outer loop
    vertex 154.1117781605643 108.0122945133631 22.0
    vertex 154.26162879432127 107.65052308101687 25.0
    vertex 154.26162879432127 107.65052308101687 22.0
  endloop
endfacet
facet normal 0.9238795325112845 0.3826834323650952 0.0
  outer loop
    vertex 154.26162879432127 107.65052308101687 25.0
    vertex 154.1117781605643 108.0122945133631 22.0
    vertex 154.1117781605643 108.0122945133631 25.0
  endloop
endfacet
facet normal 0.7933533402912409 0.608761429008713 0.0
  outer loop
    vertex 154.26162879432127 107.65052308101687 22.0
    vertex 154.5000067282181 107.33986290923706 25.0
    vertex 154.5000067282181 107.33986290923706 22.0
  endloop
endfacet
facet normal 0.7933533402912409 0.608761429008713 0.0
  outer loop
    vertex 154.5000067282181 107.33986290923706 25.0
    vertex 154.26162879432127 107.65052308101687 22.0
    vertex 154.26162879432127 107.65052308101687 25.0
  endloop
endfacet
facet normal 0.6087614290086852 0.7933533402912625 0.0
  outer loop
    vertex 154.5000067282181 107.33986290923706 25.0
    vertex 154.81066689999793 107.10148497534023 22.0
    vertex 154.5000067282181 107.33986290923706 22.0
  endloop
endfacet
facet normal 0.6087614290086852 0.7933533402912625 0.0
  outer loop
    vertex 154.81066689999793 107.10148497534023 22.0
    vertex 154.5000067282181 107.33986290923706 25.0
    vertex 154.81066689999793 107.10148497534023 25.0
  endloop
endfacet
facet normal 0.3826834323651156 0.9238795325112762 0.0
  outer loop
    vertex 154.81066689999793 107.10148497534023 25.0
    vertex 155.17243833234414 106.95163434158329 22.0
    vertex 154.81066689999793 107.10148497534023 22.0
  endloop
endfacet
facet normal 0.3826834323651156 0.9238795325112762 0.0
  outer loop
    vertex 155.17243833234414 106.95163434158329 22.0
    vertex 154.81066689999793 107.10148497534023 25.0
    vertex 155.17243833234414 106.95163434158329 25.0
  endloop
endfacet
facet normal 0.13052619222004555 0.9914448613738113 0.0
  outer loop
    vertex 155.17243833234414 106.95163434158329 25.0
    vertex 155.56066689999793 106.90052308101689 22.0
    vertex 155.17243833234414 106.95163434158329 22.0
  endloop
endfacet
facet normal 0.13052619222004555 0.9914448613738113 0.0
  outer loop
    vertex 155.56066689999793 106.90052308101689 22.0
    vertex 155.17243833234414 106.95163434158329 25.0
    vertex 155.56066689999793 106.90052308101689 25.0
  endloop
endfacet
facet normal -0.13052619222004555 0.9914448613738113 0.0
  outer loop
    vertex 155.56066689999793 106.90052308101689 25.0
    vertex 155.9488954676517 106.95163434158329 22.0
    vertex 155.56066689999793 106.90052308101689 22.0
  endloop
endfacet
facet normal -0.13052619222004555 0.9914448613738113 0.0
  outer loop
    vertex 155.9488954676517 106.95163434158329 22.0
    vertex 155.56066689999793 106.90052308101689 25.0
    vertex 155.9488954676517 106.95163434158329 25.0
  endloop
endfacet
facet normal -0.3826834323650952 0.9238795325112845 0.0
  outer loop
    vertex 155.9488954676517 106.95163434158329 25.0
    vertex 156.31066689999793 107.10148497534023 22.0
    vertex 155.9488954676517 106.95163434158329 22.0
  endloop
endfacet
facet normal -0.3826834323650952 0.9238795325112845 0.0
  outer loop
    vertex 156.31066689999793 107.10148497534023 22.0
    vertex 155.9488954676517 106.95163434158329 25.0
    vertex 156.31066689999793 107.10148497534023 25.0
  endloop
endfacet
facet normal -0.608761429008713 0.7933533402912409 0.0
  outer loop
    vertex 156.31066689999793 107.10148497534023 25.0
    vertex 156.62132707177776 107.33986290923706 22.0
    vertex 156.31066689999793 107.10148497534023 22.0
  endloop
endfacet
facet normal -0.608761429008713 0.7933533402912409 0.0
  outer loop
    vertex 156.62132707177776 107.33986290923706 22.0
    vertex 156.31066689999793 107.10148497534023 25.0
    vertex 156.62132707177776 107.33986290923706 25.0
  endloop
endfacet
facet normal -0.7933533402912625 0.6087614290086852 0.0
  outer loop
    vertex 156.85970500567456 107.6505230810169 25.0
    vertex 156.62132707177776 107.33986290923706 22.0
    vertex 156.62132707177776 107.33986290923706 25.0
  endloop
endfacet
facet normal -0.7933533402912625 0.6087614290086852 0.0
  outer loop
    vertex 156.62132707177776 107.33986290923706 22.0
    vertex 156.85970500567456 107.6505230810169 25.0
    vertex 156.85970500567456 107.6505230810169 22.0
  endloop
endfacet
facet normal -0.9238795325112762 0.3826834323651156 0.0
  outer loop
    vertex 157.0095556394315 108.0122945133631 25.0
    vertex 156.85970500567456 107.6505230810169 22.0
    vertex 156.85970500567456 107.6505230810169 25.0
  endloop
endfacet
facet normal -0.9238795325112762 0.3826834323651156 0.0
  outer loop
    vertex 156.85970500567456 107.6505230810169 22.0
    vertex 157.0095556394315 108.0122945133631 25.0
    vertex 157.0095556394315 108.0122945133631 22.0
  endloop
endfacet
facet normal 0.9914448613738113 -0.13052619222004555 0.0
  outer loop
    vertex 199.1117781605643 108.78875164867065 22.0
    vertex 199.06066689999793 108.40052308101689 25.0
    vertex 199.06066689999793 108.40052308101689 22.0
  endloop
endfacet
facet normal 0.9914448613738113 -0.13052619222004555 0.0
  outer loop
    vertex 199.06066689999793 108.40052308101689 25.0
    vertex 199.1117781605643 108.78875164867065 22.0
    vertex 199.1117781605643 108.78875164867065 25.0
  endloop
endfacet
facet normal 0.9914448613738113 0.13052619222004555 0.0
  outer loop
    vertex 199.06066689999793 108.40052308101689 22.0
    vertex 199.1117781605643 108.0122945133631 25.0
    vertex 199.1117781605643 108.0122945133631 22.0
  endloop
endfacet
facet normal 0.9914448613738113 0.13052619222004555 0.0
  outer loop
    vertex 199.1117781605643 108.0122945133631 25.0
    vertex 199.06066689999793 108.40052308101689 22.0
    vertex 199.06066689999793 108.40052308101689 25.0
  endloop
endfacet
facet normal 0.9238795325112845 0.3826834323650952 0.0
  outer loop
    vertex 199.1117781605643 108.0122945133631 22.0
    vertex 199.26162879432127 107.65052308101687 25.0
    vertex 199.26162879432127 107.65052308101687 22.0
  endloop
endfacet
facet normal 0.9238795325112845 0.3826834323650952 0.0
  outer loop
    vertex 199.26162879432127 107.65052308101687 25.0
    vertex 199.1117781605643 108.0122945133631 22.0
    vertex 199.1117781605643 108.0122945133631 25.0
  endloop
endfacet
facet normal 0.7933533402912409 0.608761429008713 0.0
  outer loop
    vertex 199.26162879432127 107.65052308101687 22.0
    vertex 199.5000067282181 107.33986290923706 25.0
    vertex 199.5000067282181 107.33986290923706 22.0
  endloop
endfacet
facet normal 0.7933533402912409 0.608761429008713 0.0
  outer loop
    vertex 199.5000067282181 107.33986290923706 25.0
    vertex 199.26162879432127 107.65052308101687 22.0
    vertex 199.26162879432127 107.65052308101687 25.0
  endloop
endfacet
facet normal 0.6087614290086852 0.7933533402912625 0.0
  outer loop
    vertex 199.5000067282181 107.33986290923706 25.0
    vertex 199.81066689999793 107.10148497534023 22.0
    vertex 199.5000067282181 107.33986290923706 22.0
  endloop
endfacet
facet normal 0.6087614290086852 0.7933533402912625 0.0
  outer loop
    vertex 199.81066689999793 107.10148497534023 22.0
    vertex 199.5000067282181 107.33986290923706 25.0
    vertex 199.81066689999793 107.10148497534023 25.0
  endloop
endfacet
facet normal 0.3826834323651156 0.9238795325112762 0.0
  outer loop
    vertex 199.81066689999793 107.10148497534023 25.0
    vertex 200.17243833234414 106.95163434158329 22.0
    vertex 199.81066689999793 107.10148497534023 22.0
  endloop
endfacet
facet normal 0.3826834323651156 0.9238795325112762 0.0
  outer loop
    vertex 200.17243833234414 106.95163434158329 22.0
    vertex 199.81066689999793 107.10148497534023 25.0
    vertex 200.17243833234414 106.95163434158329 25.0
  endloop
endfacet
facet normal 0.13052619222004555 0.9914448613738113 0.0
  outer loop
    vertex 200.17243833234414 106.95163434158329 25.0
    vertex 200.56066689999793 106.90052308101689 22.0
    vertex 200.17243833234414 106.95163434158329 22.0
  endloop
endfacet
facet normal 0.13052619222004555 0.9914448613738113 0.0
  outer loop
    vertex 200.56066689999793 106.90052308101689 22.0
    vertex 200.17243833234414 106.95163434158329 25.0
    vertex 200.56066689999793 106.90052308101689 25.0
  endloop
endfacet
facet normal -0.13052619222004555 0.9914448613738113 0.0
  outer loop
    vertex 200.56066689999793 106.90052308101689 25.0
    vertex 200.9488954676517 106.95163434158329 22.0
    vertex 200.56066689999793 106.90052308101689 22.0
  endloop
endfacet
facet normal -0.13052619222004555 0.9914448613738113 0.0
  outer loop
    vertex 200.9488954676517 106.95163434158329 22.0
    vertex 200.56066689999793 106.90052308101689 25.0
    vertex 200.9488954676517 106.95163434158329 25.0
  endloop
endfacet
facet normal -0.3826834323650952 0.9238795325112845 0.0
  outer loop
    vertex 200.9488954676517 106.95163434158329 25.0
    vertex 201.31066689999793 107.10148497534023 22.0
    vertex 200.9488954676517 106.95163434158329 22.0
  endloop
endfacet
facet normal -0.3826834323650952 0.9238795325112845 0.0
  outer loop
    vertex 201.31066689999793 107.10148497534023 22.0
    vertex 200.9488954676517 106.95163434158329 25.0
    vertex 201.31066689999793 107.10148497534023 25.0
  endloop
endfacet
facet normal -0.608761429008713 0.7933533402912409 0.0
  outer loop
    vertex 201.31066689999793 107.10148497534023 25.0
    vertex 201.62132707177776 107.33986290923706 22.0
    vertex 201.31066689999793 107.10148497534023 22.0
  endloop
endfacet
facet normal -0.608761429008713 0.7933533402912409 0.0
  outer loop
    vertex 201.62132707177776 107.33986290923706 22.0
    vertex 201.31066689999793 107.10148497534023 25.0
    vertex 201.62132707177776 107.33986290923706 25.0
  endloop
endfacet
facet normal -0.7933533402912625 0.6087614290086852 0.0
  outer loop
    vertex 201.85970500567458 107.6505230810169 25.0
    vertex 201.62132707177776 107.33986290923706 22.0
    vertex 201.62132707177776 107.33986290923706 25.0
  endloop
endfacet
facet normal -0.7933533402912625 0.6087614290086852 0.0
  outer loop
    vertex 201.62132707177776 107.33986290923706 22.0
    vertex 201.85970500567458 107.6505230810169 25.0
    vertex 201.85970500567458 107.6505230810169 22.0
  endloop
endfacet
facet normal -0.9238795325112762 0.3826834323651156 0.0
  outer loop
    vertex 202.00955563943154 108.0122945133631 25.0
    vertex 201.85970500567458 107.6505230810169 22.0
    vertex 201.85970500567458 107.6505230810169 25.0
  endloop
endfacet
facet normal -0.9238795325112762 0.3826834323651156 0.0
  outer loop
    vertex 201.85970500567458 107.6505230810169 22.0
    vertex 202.00955563943154 108.0122945133631 25.0
    vertex 202.00955563943154 108.0122945133631 22.0
  endloop
endfacet
facet normal -0.9914448613738113 0.13052619222004555 0.0
  outer loop
    vertex 202.06066689999793 108.40052308101689 25.0
    vertex 202.00955563943154 108.0122945133631 22.0
    vertex 202.00955563943154 108.0122945133631 25.0
  endloop
endfacet
facet normal -0.9914448613738113 0.13052619222004555 0.0
  outer loop
    vertex 202.00955563943154 108.0122945133631 22.0
    vertex 202.06066689999793 108.40052308101689 25.0
    vertex 202.06066689999793 108.40052308101689 22.0
  endloop
endfacet
facet normal -0.9914448613738113 -0.13052619222004555 -0.0
  outer loop
    vertex 202.00955563943154 108.78875164867065 25.0
    vertex 202.06066689999793 108.40052308101689 22.0
    vertex 202.06066689999793 108.40052308101689 25.0
  endloop
endfacet
facet normal -0.9914448613738113 -0.13052619222004555 -0.0
  outer loop
    vertex 202.06066689999793 108.40052308101689 22.0
    vertex 202.00955563943154 108.78875164867065 25.0
    vertex 202.00955563943154 108.78875164867065 22.0
  endloop
endfacet
facet normal -0.9238795325112845 -0.3826834323650952 -0.0
  outer loop
    vertex 201.85970500567458 109.15052308101689 25.0
    vertex 202.00955563943154 108.78875164867065 22.0
    vertex 202.00955563943154 108.78875164867065 25.0
  endloop
endfacet
facet normal -0.9238795325112845 -0.3826834323650952 -0.0
  outer loop
    vertex 202.00955563943154 108.78875164867065 22.0
    vertex 201.85970500567458 109.15052308101689 25.0
    vertex 201.85970500567458 109.15052308101689 22.0
  endloop
endfacet
facet normal -0.7933533402912409 -0.608761429008713 -0.0
  outer loop
    vertex 201.62132707177776 109.4611832527967 25.0
    vertex 201.85970500567458 109.15052308101689 22.0
    vertex 201.85970500567458 109.15052308101689 25.0
  endloop
endfacet
facet normal -0.7933533402912409 -0.608761429008713 -0.0
  outer loop
    vertex 201.85970500567458 109.15052308101689 22.0
    vertex 201.62132707177776 109.4611832527967 25.0
    vertex 201.62132707177776 109.4611832527967 22.0
  endloop
endfacet
facet normal -0.6087614290086852 -0.7933533402912625 -0.0
  outer loop
    vertex 201.62132707177776 109.4611832527967 25.0
    vertex 201.31066689999793 109.69956118669353 22.0
    vertex 201.62132707177776 109.4611832527967 22.0
  endloop
endfacet
facet normal -0.6087614290086852 -0.7933533402912625 -0.0
  outer loop
    vertex 201.31066689999793 109.69956118669353 22.0
    vertex 201.62132707177776 109.4611832527967 25.0
    vertex 201.31066689999793 109.69956118669353 25.0
  endloop
endfacet
facet normal -0.3826834323651156 -0.9238795325112762 -0.0
  outer loop
    vertex 201.31066689999793 109.69956118669353 25.0
    vertex 200.9488954676517 109.84941182045048 22.0
    vertex 201.31066689999793 109.69956118669353 22.0
  endloop
endfacet
facet normal -0.3826834323651156 -0.9238795325112762 -0.0
  outer loop
    vertex 200.9488954676517 109.84941182045048 22.0
    vertex 201.31066689999793 109.69956118669353 25.0
    vertex 200.9488954676517 109.84941182045048 25.0
  endloop
endfacet
facet normal -0.13052619222004555 -0.9914448613738113 -0.0
  outer loop
    vertex 200.9488954676517 109.84941182045048 25.0
    vertex 200.56066689999793 109.90052308101689 22.0
    vertex 200.9488954676517 109.84941182045048 22.0
  endloop
endfacet
facet normal -0.13052619222004555 -0.9914448613738113 -0.0
  outer loop
    vertex 200.56066689999793 109.90052308101689 22.0
    vertex 200.9488954676517 109.84941182045048 25.0
    vertex 200.56066689999793 109.90052308101689 25.0
  endloop
endfacet
facet normal 0.13052619222004555 -0.9914448613738113 0.0
  outer loop
    vertex 200.56066689999793 109.90052308101689 25.0
    vertex 200.17243833234414 109.84941182045048 22.0
    vertex 200.56066689999793 109.90052308101689 22.0
  endloop
endfacet
facet normal 0.13052619222004555 -0.9914448613738113 0.0
  outer loop
    vertex 200.17243833234414 109.84941182045048 22.0
    vertex 200.56066689999793 109.90052308101689 25.0
    vertex 200.17243833234414 109.84941182045048 25.0
  endloop
endfacet
facet normal 0.3826834323650952 -0.9238795325112845 0.0
  outer loop
    vertex 200.17243833234414 109.84941182045048 25.0
    vertex 199.81066689999793 109.69956118669353 22.0
    vertex 200.17243833234414 109.84941182045048 22.0
  endloop
endfacet
facet normal 0.3826834323650952 -0.9238795325112845 0.0
  outer loop
    vertex 199.81066689999793 109.69956118669353 22.0
    vertex 200.17243833234414 109.84941182045048 25.0
    vertex 199.81066689999793 109.69956118669353 25.0
  endloop
endfacet
facet normal 0.608761429008713 -0.7933533402912409 0.0
  outer loop
    vertex 199.81066689999793 109.69956118669353 25.0
    vertex 199.5000067282181 109.4611832527967 22.0
    vertex 199.81066689999793 109.69956118669353 22.0
  endloop
endfacet
facet normal 0.608761429008713 -0.7933533402912409 0.0
  outer loop
    vertex 199.5000067282181 109.4611832527967 22.0
    vertex 199.81066689999793 109.69956118669353 25.0
    vertex 199.5000067282181 109.4611832527967 25.0
  endloop
endfacet
facet normal 0.7933533402912625 -0.6087614290086852 0.0
  outer loop
    vertex 199.5000067282181 109.4611832527967 22.0
    vertex 199.26162879432127 109.15052308101687 25.0
    vertex 199.26162879432127 109.15052308101687 22.0
  endloop
endfacet
facet normal 0.7933533402912625 -0.6087614290086852 0.0
  outer loop
    vertex 199.26162879432127 109.15052308101687 25.0
    vertex 199.5000067282181 109.4611832527967 22.0
    vertex 199.5000067282181 109.4611832527967 25.0
  endloop
endfacet
facet normal 0.9238795325112762 -0.3826834323651156 0.0
  outer loop
    vertex 199.26162879432127 109.15052308101687 22.0
    vertex 199.1117781605643 108.78875164867065 25.0
    vertex 199.1117781605643 108.78875164867065 22.0
  endloop
endfacet
facet normal 0.9238795325112762 -0.3826834323651156 0.0
  outer loop
    vertex 199.1117781605643 108.78875164867065 25.0
    vertex 199.26162879432127 109.15052308101687 22.0
    vertex 199.26162879432127 109.15052308101687 25.0
  endloop
endfacet
facet normal 1.0 0.0 0.0
  outer loop
    vertex 210.56066689999793 118.40052308101687 -1.9999999999999998
    vertex 210.56066689999793 115.40052308101684 0.0
    vertex 210.56066689999793 115.40052308101684 -1.9999999999999998
  endloop
endfacet
facet normal 1.0 0.0 0.0
  outer loop
    vertex 210.56066689999793 115.40052308101684 0.0
    vertex 210.56066689999793 118.40052308101687 -1.9999999999999998
    vertex 210.56066689999793 118.40052308101687 0.0
  endloop
endfacet
facet normal 0.0 0.0 1.0
  outer loop
    vertex 147.5606668999979 115.40052308101687 0.0
    vertex 187.59474107370886 121.14170403591433 0.0
    vertex 147.5606668999979 227.40052308101684 0.0
  endloop
endfacet
facet normal 0.0 0.0 1.0
  outer loop
    vertex 187.59474107370886 121.14170403591433 0.0
    vertex 147.5606668999979 115.40052308101687 0.0
    vertex 187.6946414962135 120.90052308101684 0.0
  endloop
endfacet
facet normal 0.0 0.0 1.0
  outer loop
    vertex 187.6946414962135 120.90052308101684 0.0
    vertex 147.5606668999979 115.40052308101687 0.0
    vertex 187.85356011881137 120.69341629983029 0.0
  endloop
endfacet
facet normal 0.0 0.0 1.0
  outer loop
    vertex 187.85356011881137 120.69341629983029 0.0
    vertex 147.5606668999979 115.40052308101687 0.0
    vertex 188.06066689999793 120.53449767723241 0.0
  endloop
endfacet
facet normal 0.0 0.0 1.0
  outer loop
    vertex 188.06066689999793 120.53449767723241 0.0
    vertex 147.5606668999979 115.40052308101687 0.0
    vertex 188.3018478548954 120.43459725472778 0.0
  endloop
endfacet
facet normal 0.0 0.0 1.0
  outer loop
    vertex 188.3018478548954 120.43459725472778 0.0
    vertex 147.5606668999979 115.40052308101687 0.0
    vertex 210.56066689999793 115.40052308101684 0.0
  endloop
endfacet
facet normal 0.0 0.0 1.0
  outer loop
    vertex 147.5606668999979 227.40052308101684 0.0
    vertex 187.59474107370886 121.14170403591433 0.0
    vertex 187.56066689999793 121.40052308101684 0.0
  endloop
endfacet
facet normal 0.0 0.0 1.0
  outer loop
    vertex 188.3018478548954 120.43459725472778 0.0
    vertex 210.56066689999793 115.40052308101684 0.0
    vertex 188.56066689999793 120.40052308101684 0.0
  endloop
endfacet
facet normal 0.0 0.0 1.0
  outer loop
    vertex 188.56066689999793 120.40052308101684 0.0
    vertex 210.56066689999793 115.40052308101684 0.0
    vertex 206.56066689999793 120.40052308101684 0.0
  endloop
endfacet
facet normal 0.0 0.0 1.0
  outer loop
    vertex 206.56066689999793 120.40052308101684 0.0
    vertex 210.56066689999793 115.40052308101684 0.0
    vertex 206.81948594510047 120.43459725472778 0.0
  endloop
endfacet
facet normal 0.0 0.0 1.0
  outer loop
    vertex 206.81948594510047 120.43459725472778 0.0
    vertex 210.56066689999793 115.40052308101684 0.0
    vertex 207.06066689999795 120.53449767723241 0.0
  endloop
endfacet
facet normal 0.0 0.0 1.0
  outer loop
    vertex 207.06066689999795 120.53449767723241 0.0
    vertex 210.56066689999793 115.40052308101684 0.0
    vertex 207.26777368118448 120.69341629983029 0.0
  endloop
endfacet
facet normal 0.0 0.0 1.0
  outer loop
    vertex 207.26777368118448 120.69341629983029 0.0
    vertex 210.56066689999793 115.40052308101684 0.0
    vertex 207.42669230378237 120.90052308101684 0.0
  endloop
endfacet
facet normal 0.0 0.0 1.0
  outer loop
    vertex 207.42669230378237 120.90052308101684 0.0
    vertex 210.56066689999793 115.40052308101684 0.0
    vertex 207.52659272628702 121.14170403591433 0.0
  endloop
endfacet
facet normal 0.0 0.0 1.0
  outer loop
    vertex 207.52659272628702 121.14170403591433 0.0
    vertex 210.56066689999793 115.40052308101684 0.0
    vertex 207.56066689999793 121.40052308101684 0.0
  endloop
endfacet
facet normal 0.0 0.0 1.0
  outer loop
    vertex 207.56066689999793 121.40052308101684 0.0
    vertex 210.56066689999793 115.40052308101684 0.0
    vertex 207.56066689999793 149.40052308101684 0.0
  endloop
endfacet
facet normal 0.0 0.0 1.0
  outer loop
    vertex 147.5606668999979 227.40052308101684 0.0
    vertex 187.59474107370886 149.65934212611936 0.0
    vertex 210.56066689999793 227.40052308101684 0.0
  endloop
endfacet
facet normal 0.0 0.0 1.0
  outer loop
    vertex 187.59474107370886 149.65934212611936 0.0
    vertex 147.5606668999979 227.40052308101684 0.0
    vertex 187.56066689999793 149.40052308101684 0.0
  endloop
endfacet
facet normal 0.0 0.0 1.0
  outer loop
    vertex 187.56066689999793 149.40052308101684 0.0
    vertex 147.5606668999979 227.40052308101684 0.0
    vertex 187.56066689999793 121.40052308101684 0.0
  endloop
endfacet
facet normal 0.0 0.0 1.0
  outer loop
    vertex 210.56066689999793 227.40052308101684 0.0
    vertex 187.59474107370886 149.65934212611936 0.0
    vertex 187.6946414962135 149.90052308101684 0.0
  endloop
endfacet
facet normal 0.0 0.0 1.0
  outer loop
    vertex 210.56066689999793 227.40052308101684 0.0
    vertex 187.6946414962135 149.90052308101684 0.0
    vertex 187.85356011881137 150.1076298622034 0.0
  endloop
endfacet
facet normal 0.0 0.0 1.0
  outer loop
    vertex 210.56066689999793 227.40052308101684 0.0
    vertex 187.85356011881137 150.1076298622034 0.0
    vertex 188.06066689999793 150.2665484848013 0.0
  endloop
endfacet
facet normal 0.0 0.0 1.0
  outer loop
    vertex 210.56066689999793 227.40052308101684 0.0
    vertex 188.06066689999793 150.2665484848013 0.0
    vertex 188.3018478548954 150.3664489073059 0.0
  endloop
endfacet
facet normal 0.0 0.0 1.0
  outer loop
    vertex 210.56066689999793 227.40052308101684 0.0
    vertex 188.3018478548954 150.3664489073059 0.0
    vertex 188.56066689999793 150.40052308101684 0.0
  endloop
endfacet
facet normal 0.0 0.0 1.0
  outer loop
    vertex 210.56066689999793 227.40052308101684 0.0
    vertex 188.56066689999793 150.40052308101684 0.0
    vertex 206.56066689999793 150.40052308101684 0.0
  endloop
endfacet
facet normal 0.0 0.0 1.0
  outer loop
    vertex 210.56066689999793 227.40052308101684 0.0
    vertex 206.56066689999793 150.40052308101684 0.0
    vertex 206.81948594510047 150.3664489073059 0.0
  endloop
endfacet
facet normal 0.0 0.0 1.0
  outer loop
    vertex 210.56066689999793 227.40052308101684 0.0
    vertex 206.81948594510047 150.3664489073059 0.0
    vertex 207.06066689999793 150.2665484848013 0.0
  endloop
endfacet
facet normal 0.0 0.0 1.0
  outer loop
    vertex 210.56066689999793 227.40052308101684 0.0
    vertex 207.06066689999793 150.2665484848013 0.0
    vertex 207.26777368118448 150.1076298622034 0.0
  endloop
endfacet
facet normal 0.0 0.0 1.0
  outer loop
    vertex 210.56066689999793 227.40052308101684 0.0
    vertex 207.26777368118448 150.1076298622034 0.0
    vertex 207.42669230378237 149.90052308101684 0.0
  endloop
endfacet
facet normal 0.0 0.0 1.0
  outer loop
    vertex 210.56066689999793 227.40052308101684 0.0
    vertex 207.42669230378237 149.90052308101684 0.0
    vertex 207.52659272628702 149.65934212611936 0.0
  endloop
endfacet
facet normal 0.0 0.0 1.0
  outer loop
    vertex 210.56066689999793 227.40052308101684 0.0
    vertex 207.52659272628702 149.65934212611936 0.0
    vertex 207.56066689999793 149.40052308101684 0.0
  endloop
endfacet
facet normal 0.0 0.0 1.0
  outer loop
    vertex 210.56066689999793 227.40052308101684 0.0
    vertex 207.56066689999793 149.40052308101684 0.0
    vertex 210.56066689999793 115.40052308101684 0.0
  endloop
endfacet
facet normal 0.0 0.0 1.0
  outer loop
    vertex 210.56066689999793 227.40052308101684 0.0
    vertex 210.56066689999793 115.40052308101684 0.0
    vertex 210.56066689999793 118.40052308101687 0.0
  endloop
endfacet
facet normal 0.0 0.0 1.0
  outer loop
    vertex 210.56066689999793 227.40052308101684 0.0
    vertex 210.56066689999793 118.40052308101687 0.0
    vertex 210.56066689999793 224.40052308101684 0.0
  endloop
endfacet
facet normal 0.0 0.0 -1.0
  outer loop
    vertex 147.5606668999979 239.40052308101681 22.0
    vertex 145.56066689999793 229.40052308101684 22.0
    vertex 145.56066689999793 239.40052308101681 22.0
  endloop
endfacet
facet normal 0.0 0.0 -1.0
  outer loop
    vertex 145.56066689999793 229.40052308101684 22.0
    vertex 147.5606668999979 239.40052308101681 22.0
    vertex 147.5606668999979 229.40052308101684 22.0
  endloop
endfacet
endsolid KVM
