solid Vacuum 3
facet normal -1.0 0.0 0.0
  outer loop
    vertex 87.23957907845633 124.69306783931643 24.999999999999996
    vertex 87.23957907845633 39.69306783931642 0.0
    vertex 87.23957907845633 39.69306783931642 24.999999999999996
  endloop
endfacet
facet normal -1.0 0.0 0.0
  outer loop
    vertex 87.23957907845633 39.69306783931642 0.0
    vertex 87.23957907845633 124.69306783931643 24.999999999999996
    vertex 87.23957907845633 129.69306783931643 0.0
  endloop
endfacet
facet normal -4.389762364225069e-17 0.9805806756909201 0.19611613513818454
  outer loop
    vertex 87.23957907845633 124.69306783931643 24.999999999999996
    vertex 92.23957907845634 129.69306783931643 0.0
    vertex 87.23957907845633 129.69306783931643 0.0
  endloop
endfacet
facet normal -4.389762364225069e-17 0.9805806756909201 0.19611613513818454
  outer loop
    vertex 92.23957907845634 129.69306783931643 0.0
    vertex 87.23957907845633 124.69306783931643 24.999999999999996
    vertex 92.23957907845634 124.69306783931643 24.999999999999996
  endloop
endfacet
facet normal 0.0 0.0 -1.0
  outer loop
    vertex 92.23957907845634 129.69306783931643 0.0
    vertex 87.23957907845633 39.69306783931642 0.0
    vertex 87.23957907845633 129.69306783931643 0.0
  endloop
endfacet
facet normal 0.0 0.0 -1.0
  outer loop
    vertex 87.23957907845633 39.69306783931642 0.0
    vertex 92.23957907845634 129.69306783931643 0.0
    vertex 87.23957907845633 35.69306783931642 0.0
  endloop
endfacet
facet normal 0.0 0.0 -1.0
  outer loop
    vertex 87.23957907845633 35.69306783931642 0.0
    vertex 92.23957907845634 129.69306783931643 0.0
    vertex 97.23957907845634 35.69306783931642 0.0
  endloop
endfacet
facet normal 0.0 0.0 -1.0
  outer loop
    vertex 97.23957907845634 35.69306783931642 0.0
    vertex 92.23957907845634 129.69306783931643 0.0
    vertex 97.23957907845634 129.69306783931643 0.0
  endloop
endfacet
facet normal 0.0 0.0 -1.0
  outer loop
    vertex 97.23957907845634 35.69306783931642 0.0
    vertex 97.23957907845634 129.69306783931643 0.0
    vertex 97.23957907845634 39.69306783931642 0.0
  endloop
endfacet
facet normal 0.0 0.0 1.0
  outer loop
    vertex 97.23957907845634 35.69306783931642 24.999999999999996
    vertex 87.23957907845633 39.69306783931642 24.999999999999996
    vertex 87.23957907845633 35.69306783931642 24.999999999999996
  endloop
endfacet
facet normal 0.0 0.0 1.0
  outer loop
    vertex 87.23957907845633 39.69306783931642 24.999999999999996
    vertex 97.23957907845634 35.69306783931642 24.999999999999996
    vertex 87.23957907845633 124.69306783931643 24.999999999999996
  endloop
endfacet
facet normal 0.0 0.0 1.0
  outer loop
    vertex 87.23957907845633 124.69306783931643 24.999999999999996
    vertex 97.23957907845634 35.69306783931642 24.999999999999996
    vertex 92.23957907845634 124.69306783931643 24.999999999999996
  endloop
endfacet
facet normal 0.0 0.0 1.0
  outer loop
    vertex 92.23957907845634 124.69306783931643 24.999999999999996
    vertex 97.23957907845634 35.69306783931642 24.999999999999996
    vertex 97.23957907845634 124.69306783931643 24.999999999999996
  endloop
endfacet
facet normal 0.0 0.0 1.0
  outer loop
    vertex 97.23957907845634 124.69306783931643 24.999999999999996
    vertex 97.23957907845634 35.69306783931642 24.999999999999996
    vertex 97.23957907845634 39.69306783931642 24.999999999999996
  endloop
endfacet
facet normal 0.0 1.0 0.0
  outer loop
    vertex 67.23957907845634 39.69306783931642 0.0
    vertex 75.67784145957027 39.69306783931642 10.54782797639242
    vertex 87.23957907845633 39.69306783931642 0.0
  endloop
endfacet
facet normal 0.0 1.0 0.0
  outer loop
    vertex 75.67784145957027 39.69306783931642 10.54782797639242
    vertex 67.23957907845634 39.69306783931642 0.0
    vertex 75.22579707946113 39.69306783931642 11.018554064259217
  endloop
endfacet
facet normal 0.0 1.0 0.0
  outer loop
    vertex 75.22579707946113 39.69306783931642 11.018554064259217
    vertex 67.23957907845634 39.69306783931642 0.0
    vertex 67.23957907845634 39.69306783931642 24.999999999999996
  endloop
endfacet
facet normal 0.0 1.0 0.0
  outer loop
    vertex 87.23957907845633 39.69306783931642 0.0
    vertex 75.67784145957027 39.69306783931642 10.54782797639242
    vertex 76.23631567751308 39.69306783931642 10.21013918581767
  endloop
endfacet
facet normal 0.0 1.0 0.0
  outer loop
    vertex 87.23957907845633 39.69306783931642 0.0
    vertex 76.23631567751308 39.69306783931642 10.21013918581767
    vertex 76.86316063825899 39.69306783931642 10.028500625555532
  endloop
endfacet
facet normal 0.0 1.0 0.0
  outer loop
    vertex 87.23957907845633 39.69306783931642 0.0
    vertex 76.86316063825899 39.69306783931642 10.028500625555532
    vertex 77.51565789364345 39.69306783931642 10.015290663315952
  endloop
endfacet
facet normal 0.0 1.0 0.0
  outer loop
    vertex 75.22579707946113 39.69306783931642 11.018554064259217
    vertex 67.23957907845634 39.69306783931642 24.999999999999996
    vertex 74.9109886146514 39.69306783931642 11.590238244441586
  endloop
endfacet
facet normal 0.0 1.0 0.0
  outer loop
    vertex 74.9109886146514 39.69306783931642 11.590238244441586
    vertex 67.23957907845634 39.69306783931642 24.999999999999996
    vertex 74.75486974177228 39.69306783931642 12.223921184812873
  endloop
endfacet
facet normal 0.0 1.0 0.0
  outer loop
    vertex 74.75486974177228 39.69306783931642 12.223921184812873
    vertex 67.23957907845634 39.69306783931642 24.999999999999996
    vertex 74.76807970401187 39.69306783931642 12.87641844019735
  endloop
endfacet
facet normal 0.0 1.0 0.0
  outer loop
    vertex 74.76807970401187 39.69306783931642 12.87641844019735
    vertex 67.23957907845634 39.69306783931642 24.999999999999996
    vertex 74.949718264274 39.69306783931642 13.50326340094326
  endloop
endfacet
facet normal 0.0 1.0 0.0
  outer loop
    vertex 74.949718264274 39.69306783931642 13.50326340094326
    vertex 67.23957907845634 39.69306783931642 24.999999999999996
    vertex 75.28740705484874 39.69306783931642 14.06173761888605
  endloop
endfacet
facet normal 0.0 1.0 0.0
  outer loop
    vertex 75.28740705484874 39.69306783931642 14.06173761888605
    vertex 67.23957907845634 39.69306783931642 24.999999999999996
    vertex 75.68485185651127 39.69306783931642 14.443409027431336
  endloop
endfacet
facet normal 0.0 1.0 0.0
  outer loop
    vertex 75.68485185651127 39.69306783931642 14.443409027431336
    vertex 67.23957907845634 39.69306783931642 24.999999999999996
    vertex 75.75813314271555 39.69306783931642 14.513781998995201
  endloop
endfacet
facet normal 0.0 1.0 0.0
  outer loop
    vertex 75.75813314271555 39.69306783931642 14.513781998995201
    vertex 67.23957907845634 39.69306783931642 24.999999999999996
    vertex 76.32981732289792 39.69306783931642 14.82859046380493
  endloop
endfacet
facet normal 0.0 1.0 0.0
  outer loop
    vertex 76.32981732289792 39.69306783931642 14.82859046380493
    vertex 67.23957907845634 39.69306783931642 24.999999999999996
    vertex 76.96350026326921 39.69306783931642 14.984709336684045
  endloop
endfacet
facet normal 0.0 1.0 0.0
  outer loop
    vertex 87.23957907845633 39.69306783931642 0.0
    vertex 79.52943989263866 39.69306783931642 11.496736599056735
    vertex 87.23957907845633 39.69306783931642 24.999999999999996
  endloop
endfacet
facet normal 0.0 1.0 0.0
  outer loop
    vertex 79.52943989263866 39.69306783931642 11.496736599056735
    vertex 87.23957907845633 39.69306783931642 0.0
    vertex 79.19175110206392 39.69306783931642 10.938262381113944
  endloop
endfacet
facet normal 0.0 1.0 0.0
  outer loop
    vertex 79.19175110206392 39.69306783931642 10.938262381113944
    vertex 87.23957907845633 39.69306783931642 0.0
    vertex 78.72102501419711 39.69306783931642 10.486218001004795
  endloop
endfacet
facet normal 0.0 1.0 0.0
  outer loop
    vertex 78.72102501419711 39.69306783931642 10.486218001004795
    vertex 87.23957907845633 39.69306783931642 0.0
    vertex 78.14934083401474 39.69306783931642 10.171409536195066
  endloop
endfacet
facet normal 0.0 1.0 0.0
  outer loop
    vertex 78.14934083401474 39.69306783931642 10.171409536195066
    vertex 87.23957907845633 39.69306783931642 0.0
    vertex 77.51565789364345 39.69306783931642 10.015290663315952
  endloop
endfacet
facet normal 0.0 1.0 0.0
  outer loop
    vertex 79.19175110206392 39.69306783931642 10.938262381113944
    vertex 78.72102501419711 39.69306783931642 10.486218001004795
    vertex 78.7943063004014 39.69306783931642 10.556590972568662
  endloop
endfacet
facet normal 0.0 1.0 0.0
  outer loop
    vertex 87.23957907845633 39.69306783931642 24.999999999999996
    vertex 79.52943989263866 39.69306783931642 11.496736599056735
    vertex 79.7110784529008 39.69306783931642 12.123581559802647
  endloop
endfacet
facet normal 0.0 1.0 0.0
  outer loop
    vertex 87.23957907845633 39.69306783931642 24.999999999999996
    vertex 79.7110784529008 39.69306783931642 12.123581559802647
    vertex 79.72428841514038 39.69306783931642 12.776078815187121
  endloop
endfacet
facet normal 0.0 1.0 0.0
  outer loop
    vertex 87.23957907845633 39.69306783931642 24.999999999999996
    vertex 79.72428841514038 39.69306783931642 12.776078815187121
    vertex 79.56816954226126 39.69306783931642 13.40976175555841
  endloop
endfacet
facet normal 0.0 1.0 0.0
  outer loop
    vertex 87.23957907845633 39.69306783931642 24.999999999999996
    vertex 79.56816954226126 39.69306783931642 13.40976175555841
    vertex 79.25336107745154 39.69306783931642 13.98144593574078
  endloop
endfacet
facet normal 0.0 1.0 0.0
  outer loop
    vertex 87.23957907845633 39.69306783931642 24.999999999999996
    vertex 79.25336107745154 39.69306783931642 13.98144593574078
    vertex 78.80131669734239 39.69306783931642 14.452172023607577
  endloop
endfacet
facet normal 0.0 1.0 0.0
  outer loop
    vertex 87.23957907845633 39.69306783931642 24.999999999999996
    vertex 78.80131669734239 39.69306783931642 14.452172023607577
    vertex 78.24284247939958 39.69306783931642 14.789860814182328
  endloop
endfacet
facet normal 0.0 1.0 0.0
  outer loop
    vertex 87.23957907845633 39.69306783931642 24.999999999999996
    vertex 78.24284247939958 39.69306783931642 14.789860814182328
    vertex 77.61599751865369 39.69306783931642 14.971499374444464
  endloop
endfacet
facet normal 0.0 1.0 0.0
  outer loop
    vertex 87.23957907845633 39.69306783931642 24.999999999999996
    vertex 77.61599751865369 39.69306783931642 14.971499374444464
    vertex 76.96350026326921 39.69306783931642 14.984709336684045
  endloop
endfacet
facet normal 0.0 1.0 0.0
  outer loop
    vertex 87.23957907845633 39.69306783931642 24.999999999999996
    vertex 76.96350026326921 39.69306783931642 14.984709336684045
    vertex 67.23957907845634 39.69306783931642 24.999999999999996
  endloop
endfacet
facet normal 0.0 1.0 0.0
  outer loop
    vertex 97.23957907845634 39.69306783931642 0.0
    vertex 106.86316063825899 39.69306783931642 10.028500625555532
    vertex 107.51565789364346 39.69306783931642 10.015290663315952
  endloop
endfacet
facet normal 0.0 1.0 0.0
  outer loop
    vertex 106.86316063825899 39.69306783931642 10.028500625555532
    vertex 97.23957907845634 39.69306783931642 0.0
    vertex 106.23631567751309 39.69306783931642 10.210139185817672
  endloop
endfacet
facet normal 0.0 1.0 0.0
  outer loop
    vertex 106.23631567751309 39.69306783931642 10.210139185817672
    vertex 97.23957907845634 39.69306783931642 0.0
    vertex 105.67784145957029 39.69306783931642 10.54782797639242
  endloop
endfacet
facet normal 0.0 1.0 0.0
  outer loop
    vertex 105.67784145957029 39.69306783931642 10.54782797639242
    vertex 97.23957907845634 39.69306783931642 0.0
    vertex 105.22579707946113 39.69306783931642 11.018554064259217
  endloop
endfacet
facet normal 0.0 1.0 0.0
  outer loop
    vertex 105.22579707946113 39.69306783931642 11.018554064259217
    vertex 97.23957907845634 39.69306783931642 0.0
    vertex 97.23957907845634 39.69306783931642 24.999999999999996
  endloop
endfacet
facet normal 0.0 1.0 0.0
  outer loop
    vertex 105.22579707946113 39.69306783931642 11.018554064259217
    vertex 97.23957907845634 39.69306783931642 24.999999999999996
    vertex 104.91098861465143 39.69306783931642 11.590238244441586
  endloop
endfacet
facet normal 0.0 1.0 0.0
  outer loop
    vertex 104.91098861465143 39.69306783931642 11.590238244441586
    vertex 97.23957907845634 39.69306783931642 24.999999999999996
    vertex 104.7548697417723 39.69306783931642 12.223921184812873
  endloop
endfacet
facet normal 0.0 1.0 0.0
  outer loop
    vertex 104.7548697417723 39.69306783931642 12.223921184812873
    vertex 97.23957907845634 39.69306783931642 24.999999999999996
    vertex 104.76807970401188 39.69306783931642 12.87641844019735
  endloop
endfacet
facet normal 0.0 1.0 0.0
  outer loop
    vertex 104.76807970401188 39.69306783931642 12.87641844019735
    vertex 97.23957907845634 39.69306783931642 24.999999999999996
    vertex 104.94971826427401 39.69306783931642 13.50326340094326
  endloop
endfacet
facet normal 0.0 1.0 0.0
  outer loop
    vertex 104.94971826427401 39.69306783931642 13.50326340094326
    vertex 97.23957907845634 39.69306783931642 24.999999999999996
    vertex 105.28740705484876 39.69306783931642 14.06173761888605
  endloop
endfacet
facet normal 0.0 1.0 0.0
  outer loop
    vertex 105.28740705484876 39.69306783931642 14.06173761888605
    vertex 97.23957907845634 39.69306783931642 24.999999999999996
    vertex 105.68485185651127 39.69306783931642 14.443409027431338
  endloop
endfacet
facet normal 0.0 1.0 0.0
  outer loop
    vertex 105.68485185651127 39.69306783931642 14.443409027431338
    vertex 97.23957907845634 39.69306783931642 24.999999999999996
    vertex 105.75813314271555 39.69306783931642 14.513781998995197
  endloop
endfacet
facet normal 0.0 1.0 0.0
  outer loop
    vertex 105.75813314271555 39.69306783931642 14.513781998995197
    vertex 97.23957907845634 39.69306783931642 24.999999999999996
    vertex 106.32981732289794 39.69306783931642 14.828590463804927
  endloop
endfacet
facet normal 0.0 1.0 0.0
  outer loop
    vertex 106.32981732289794 39.69306783931642 14.828590463804927
    vertex 97.23957907845634 39.69306783931642 24.999999999999996
    vertex 106.96350026326922 39.69306783931642 14.984709336684041
  endloop
endfacet
facet normal 0.0 1.0 0.0
  outer loop
    vertex 117.23957907845634 39.69306783931642 -2.8199664825478975e-15
    vertex 109.52943989263868 39.69306783931642 11.496736599056732
    vertex 117.23957907845634 39.69306783931642 24.999999999999996
  endloop
endfacet
facet normal 0.0 1.0 0.0
  outer loop
    vertex 109.52943989263868 39.69306783931642 11.496736599056732
    vertex 117.23957907845634 39.69306783931642 -2.8199664825478975e-15
    vertex 109.19175110206393 39.69306783931642 10.938262381113944
  endloop
endfacet
facet normal 0.0 1.0 0.0
  outer loop
    vertex 109.19175110206393 39.69306783931642 10.938262381113944
    vertex 117.23957907845634 39.69306783931642 -2.8199664825478975e-15
    vertex 108.79430630040142 39.69306783931642 10.556590972568655
  endloop
endfacet
facet normal 0.0 1.0 0.0
  outer loop
    vertex 108.79430630040142 39.69306783931642 10.556590972568655
    vertex 117.23957907845634 39.69306783931642 -2.8199664825478975e-15
    vertex 108.72102501419714 39.69306783931642 10.486218001004795
  endloop
endfacet
facet normal 0.0 1.0 0.0
  outer loop
    vertex 108.72102501419714 39.69306783931642 10.486218001004795
    vertex 117.23957907845634 39.69306783931642 -2.8199664825478975e-15
    vertex 97.23957907845634 39.69306783931642 0.0
  endloop
endfacet
facet normal 0.0 1.0 0.0
  outer loop
    vertex 108.72102501419714 39.69306783931642 10.486218001004795
    vertex 97.23957907845634 39.69306783931642 0.0
    vertex 108.14934083401475 39.69306783931642 10.171409536195066
  endloop
endfacet
facet normal 0.0 1.0 0.0
  outer loop
    vertex 108.14934083401475 39.69306783931642 10.171409536195066
    vertex 97.23957907845634 39.69306783931642 0.0
    vertex 107.51565789364346 39.69306783931642 10.015290663315952
  endloop
endfacet
facet normal 0.0 1.0 0.0
  outer loop
    vertex 117.23957907845634 39.69306783931642 24.999999999999996
    vertex 109.52943989263868 39.69306783931642 11.496736599056732
    vertex 109.71107845290081 39.69306783931642 12.123581559802645
  endloop
endfacet
facet normal 0.0 1.0 0.0
  outer loop
    vertex 117.23957907845634 39.69306783931642 24.999999999999996
    vertex 109.71107845290081 39.69306783931642 12.123581559802645
    vertex 109.72428841514039 39.69306783931642 12.776078815187121
  endloop
endfacet
facet normal 0.0 1.0 0.0
  outer loop
    vertex 117.23957907845634 39.69306783931642 24.999999999999996
    vertex 109.72428841514039 39.69306783931642 12.776078815187121
    vertex 109.56816954226129 39.69306783931642 13.409761755558408
  endloop
endfacet
facet normal 0.0 1.0 0.0
  outer loop
    vertex 117.23957907845634 39.69306783931642 24.999999999999996
    vertex 109.56816954226129 39.69306783931642 13.409761755558408
    vertex 109.25336107745154 39.69306783931642 13.981445935740776
  endloop
endfacet
facet normal 0.0 1.0 0.0
  outer loop
    vertex 117.23957907845634 39.69306783931642 24.999999999999996
    vertex 109.25336107745154 39.69306783931642 13.981445935740776
    vertex 108.8013166973424 39.69306783931642 14.452172023607575
  endloop
endfacet
facet normal 0.0 1.0 0.0
  outer loop
    vertex 117.23957907845634 39.69306783931642 24.999999999999996
    vertex 108.8013166973424 39.69306783931642 14.452172023607575
    vertex 108.2428424793996 39.69306783931642 14.789860814182322
  endloop
endfacet
facet normal 0.0 1.0 0.0
  outer loop
    vertex 117.23957907845634 39.69306783931642 24.999999999999996
    vertex 108.2428424793996 39.69306783931642 14.789860814182322
    vertex 107.6159975186537 39.69306783931642 14.97149937444446
  endloop
endfacet
facet normal 0.0 1.0 0.0
  outer loop
    vertex 117.23957907845634 39.69306783931642 24.999999999999996
    vertex 107.6159975186537 39.69306783931642 14.97149937444446
    vertex 106.96350026326922 39.69306783931642 14.984709336684041
  endloop
endfacet
facet normal 0.0 1.0 0.0
  outer loop
    vertex 117.23957907845634 39.69306783931642 24.999999999999996
    vertex 106.96350026326922 39.69306783931642 14.984709336684041
    vertex 97.23957907845634 39.69306783931642 24.999999999999996
  endloop
endfacet
facet normal 1.0 0.0 0.0
  outer loop
    vertex 97.23957907845634 129.69306783931643 0.0
    vertex 97.23957907845634 39.69306783931642 24.999999999999996
    vertex 97.23957907845634 39.69306783931642 0.0
  endloop
endfacet
facet normal 1.0 0.0 0.0
  outer loop
    vertex 97.23957907845634 39.69306783931642 24.999999999999996
    vertex 97.23957907845634 129.69306783931643 0.0
    vertex 97.23957907845634 124.69306783931643 24.999999999999996
  endloop
endfacet
facet normal 0.0 -1.0 0.0
  outer loop
    vertex 117.23957907845634 35.69306783931642 24.999999999999996
    vertex 108.2428424793996 35.69306783931642 14.789860814182322
    vertex 108.8013166973424 35.69306783931642 14.452172023607575
  endloop
endfacet
facet normal 0.0 -1.0 0.0
  outer loop
    vertex 108.2428424793996 35.69306783931642 14.789860814182322
    vertex 117.23957907845634 35.69306783931642 24.999999999999996
    vertex 107.6159975186537 35.69306783931642 14.97149937444446
  endloop
endfacet
facet normal 0.0 -1.0 0.0
  outer loop
    vertex 107.6159975186537 35.69306783931642 14.97149937444446
    vertex 117.23957907845634 35.69306783931642 24.999999999999996
    vertex 106.96350026326922 35.69306783931642 14.984709336684041
  endloop
endfacet
facet normal 0.0 -1.0 0.0
  outer loop
    vertex 105.75813314271555 35.69306783931642 14.513781998995197
    vertex 97.23957907845634 35.69306783931642 24.999999999999996
    vertex 105.68485185651127 35.69306783931642 14.443409027431338
  endloop
endfacet
facet normal 0.0 -1.0 0.0
  outer loop
    vertex 97.23957907845634 35.69306783931642 24.999999999999996
    vertex 105.75813314271555 35.69306783931642 14.513781998995197
    vertex 106.32981732289794 35.69306783931642 14.828590463804927
  endloop
endfacet
facet normal 0.0 -1.0 0.0
  outer loop
    vertex 97.23957907845634 35.69306783931642 24.999999999999996
    vertex 106.32981732289794 35.69306783931642 14.828590463804927
    vertex 106.96350026326922 35.69306783931642 14.984709336684041
  endloop
endfacet
facet normal 0.0 -1.0 0.0
  outer loop
    vertex 97.23957907845634 35.69306783931642 24.999999999999996
    vertex 106.96350026326922 35.69306783931642 14.984709336684041
    vertex 117.23957907845634 35.69306783931642 24.999999999999996
  endloop
endfacet
facet normal -1.409983241273948e-16 0.0 -1.0
  outer loop
    vertex 117.23957907845634 39.69306783931642 -2.8199664825478975e-15
    vertex 97.23957907845634 35.69306783931642 0.0
    vertex 97.23957907845634 39.69306783931642 0.0
  endloop
endfacet
facet normal -1.409983241273948e-16 0.0 -1.0
  outer loop
    vertex 97.23957907845634 35.69306783931642 0.0
    vertex 117.23957907845634 39.69306783931642 -2.8199664825478975e-15
    vertex 117.23957907845634 35.69306783931642 -2.8199664825478975e-15
  endloop
endfacet
facet normal 1.0 0.0 0.0
  outer loop
    vertex 117.23957907845634 39.69306783931642 -2.8199664825478975e-15
    vertex 117.23957907845634 35.69306783931642 24.999999999999996
    vertex 117.23957907845634 35.69306783931642 -2.8199664825478975e-15
  endloop
endfacet
facet normal 1.0 0.0 0.0
  outer loop
    vertex 117.23957907845634 35.69306783931642 24.999999999999996
    vertex 117.23957907845634 39.69306783931642 -2.8199664825478975e-15
    vertex 117.23957907845634 39.69306783931642 24.999999999999996
  endloop
endfacet
facet normal 0.0 0.0 1.0
  outer loop
    vertex 117.23957907845634 35.69306783931642 24.999999999999996
    vertex 97.23957907845634 39.69306783931642 24.999999999999996
    vertex 97.23957907845634 35.69306783931642 24.999999999999996
  endloop
endfacet
facet normal 0.0 0.0 1.0
  outer loop
    vertex 97.23957907845634 39.69306783931642 24.999999999999996
    vertex 117.23957907845634 35.69306783931642 24.999999999999996
    vertex 117.23957907845634 39.69306783931642 24.999999999999996
  endloop
endfacet
facet normal -1.0 0.0 0.0
  outer loop
    vertex 97.23957907845634 39.69306783931642 24.999999999999996
    vertex 97.23957907845634 35.69306783931642 0.0
    vertex 97.23957907845634 35.69306783931642 24.999999999999996
  endloop
endfacet
facet normal -1.0 0.0 0.0
  outer loop
    vertex 97.23957907845634 35.69306783931642 0.0
    vertex 97.23957907845634 39.69306783931642 24.999999999999996
    vertex 97.23957907845634 39.69306783931642 0.0
  endloop
endfacet
facet normal 0.0 -1.0 0.0
  outer loop
    vertex 97.23957907845634 35.69306783931642 24.999999999999996
    vertex 87.23957907845633 35.69306783931642 0.0
    vertex 97.23957907845634 35.69306783931642 0.0
  endloop
endfacet
facet normal 0.0 -1.0 0.0
  outer loop
    vertex 87.23957907845633 35.69306783931642 0.0
    vertex 97.23957907845634 35.69306783931642 24.999999999999996
    vertex 87.23957907845633 35.69306783931642 24.999999999999996
  endloop
endfacet
facet normal 0.0 -1.0 0.0
  outer loop
    vertex 87.23957907845633 35.69306783931642 24.999999999999996
    vertex 78.24284247939958 35.69306783931642 14.789860814182328
    vertex 78.80131669734239 35.69306783931642 14.452172023607577
  endloop
endfacet
facet normal 0.0 -1.0 0.0
  outer loop
    vertex 78.24284247939958 35.69306783931642 14.789860814182328
    vertex 87.23957907845633 35.69306783931642 24.999999999999996
    vertex 77.61599751865369 35.69306783931642 14.971499374444464
  endloop
endfacet
facet normal 0.0 -1.0 0.0
  outer loop
    vertex 77.61599751865369 35.69306783931642 14.971499374444464
    vertex 87.23957907845633 35.69306783931642 24.999999999999996
    vertex 76.96350026326921 35.69306783931642 14.984709336684045
  endloop
endfacet
facet normal 0.0 -1.0 0.0
  outer loop
    vertex 75.75813314271555 35.69306783931642 14.513781998995201
    vertex 67.23957907845634 35.69306783931642 24.999999999999996
    vertex 75.68485185651127 35.69306783931642 14.443409027431336
  endloop
endfacet
facet normal 0.0 -1.0 0.0
  outer loop
    vertex 67.23957907845634 35.69306783931642 24.999999999999996
    vertex 75.75813314271555 35.69306783931642 14.513781998995201
    vertex 76.32981732289792 35.69306783931642 14.82859046380493
  endloop
endfacet
facet normal 0.0 -1.0 0.0
  outer loop
    vertex 67.23957907845634 35.69306783931642 24.999999999999996
    vertex 76.32981732289792 35.69306783931642 14.82859046380493
    vertex 76.96350026326921 35.69306783931642 14.984709336684045
  endloop
endfacet
facet normal 0.0 -1.0 0.0
  outer loop
    vertex 67.23957907845634 35.69306783931642 24.999999999999996
    vertex 76.96350026326921 35.69306783931642 14.984709336684045
    vertex 87.23957907845633 35.69306783931642 24.999999999999996
  endloop
endfacet
facet normal 0.0 0.0 -1.0
  outer loop
    vertex 87.23957907845633 39.69306783931642 0.0
    vertex 67.23957907845634 35.69306783931642 0.0
    vertex 67.23957907845634 39.69306783931642 0.0
  endloop
endfacet
facet normal 0.0 0.0 -1.0
  outer loop
    vertex 67.23957907845634 35.69306783931642 0.0
    vertex 87.23957907845633 39.69306783931642 0.0
    vertex 87.23957907845633 35.69306783931642 0.0
  endloop
endfacet
facet normal 0.0 0.0 1.0
  outer loop
    vertex 87.23957907845633 35.69306783931642 24.999999999999996
    vertex 67.23957907845634 39.69306783931642 24.999999999999996
    vertex 67.23957907845634 35.69306783931642 24.999999999999996
  endloop
endfacet
facet normal 0.0 0.0 1.0
  outer loop
    vertex 67.23957907845634 39.69306783931642 24.999999999999996
    vertex 87.23957907845633 35.69306783931642 24.999999999999996
    vertex 87.23957907845633 39.69306783931642 24.999999999999996
  endloop
endfacet
facet normal -1.0 -0.0 -0.0
  outer loop
    vertex 67.23957907845634 39.69306783931642 24.999999999999996
    vertex 67.23957907845634 35.69306783931642 0.0
    vertex 67.23957907845634 35.69306783931642 24.999999999999996
  endloop
endfacet
facet normal -1.0 -0.0 -0.0
  outer loop
    vertex 67.23957907845634 35.69306783931642 0.0
    vertex 67.23957907845634 39.69306783931642 24.999999999999996
    vertex 67.23957907845634 39.69306783931642 0.0
  endloop
endfacet
facet normal -1.0 0.0 0.0
  outer loop
    vertex 87.23957907845633 39.69306783931642 24.999999999999996
    vertex 87.23957907845633 35.69306783931642 0.0
    vertex 87.23957907845633 35.69306783931642 24.999999999999996
  endloop
endfacet
facet normal -1.0 0.0 0.0
  outer loop
    vertex 87.23957907845633 35.69306783931642 0.0
    vertex 87.23957907845633 39.69306783931642 24.999999999999996
    vertex 87.23957907845633 39.69306783931642 0.0
  endloop
endfacet
facet normal 0.0 -1.0 0.0
  outer loop
    vertex 117.23957907845634 35.69306783931642 -2.8199664825478975e-15
    vertex 109.19175110206393 35.69306783931642 10.938262381113944
    vertex 108.79430630040142 35.69306783931642 10.556590972568655
  endloop
endfacet
facet normal 0.0 -1.0 0.0
  outer loop
    vertex 109.19175110206393 35.69306783931642 10.938262381113944
    vertex 117.23957907845634 35.69306783931642 -2.8199664825478975e-15
    vertex 109.52943989263868 35.69306783931642 11.496736599056732
  endloop
endfacet
facet normal 0.0 -1.0 0.0
  outer loop
    vertex 109.52943989263868 35.69306783931642 11.496736599056732
    vertex 117.23957907845634 35.69306783931642 -2.8199664825478975e-15
    vertex 117.23957907845634 35.69306783931642 24.999999999999996
  endloop
endfacet
facet normal 0.0 -1.0 0.0
  outer loop
    vertex 109.52943989263868 35.69306783931642 11.496736599056732
    vertex 117.23957907845634 35.69306783931642 24.999999999999996
    vertex 109.71107845290081 35.69306783931642 12.123581559802645
  endloop
endfacet
facet normal 0.0 -1.0 0.0
  outer loop
    vertex 109.71107845290081 35.69306783931642 12.123581559802645
    vertex 117.23957907845634 35.69306783931642 24.999999999999996
    vertex 109.72428841514039 35.69306783931642 12.776078815187121
  endloop
endfacet
facet normal 0.0 -1.0 0.0
  outer loop
    vertex 109.72428841514039 35.69306783931642 12.776078815187121
    vertex 117.23957907845634 35.69306783931642 24.999999999999996
    vertex 109.56816954226129 35.69306783931642 13.409761755558408
  endloop
endfacet
facet normal 0.0 -1.0 0.0
  outer loop
    vertex 109.56816954226129 35.69306783931642 13.409761755558408
    vertex 117.23957907845634 35.69306783931642 24.999999999999996
    vertex 109.25336107745154 35.69306783931642 13.981445935740776
  endloop
endfacet
facet normal 0.0 -1.0 0.0
  outer loop
    vertex 109.25336107745154 35.69306783931642 13.981445935740776
    vertex 117.23957907845634 35.69306783931642 24.999999999999996
    vertex 108.8013166973424 35.69306783931642 14.452172023607575
  endloop
endfacet
facet normal 0.0 -1.0 0.0
  outer loop
    vertex 67.23957907845634 35.69306783931642 0.0
    vertex 75.22579707946113 35.69306783931642 11.018554064259217
    vertex 67.23957907845634 35.69306783931642 24.999999999999996
  endloop
endfacet
facet normal 0.0 -1.0 0.0
  outer loop
    vertex 75.22579707946113 35.69306783931642 11.018554064259217
    vertex 67.23957907845634 35.69306783931642 0.0
    vertex 75.67784145957027 35.69306783931642 10.54782797639242
  endloop
endfacet
facet normal 0.0 -1.0 0.0
  outer loop
    vertex 67.23957907845634 35.69306783931642 24.999999999999996
    vertex 75.22579707946113 35.69306783931642 11.018554064259217
    vertex 74.9109886146514 35.69306783931642 11.590238244441586
  endloop
endfacet
facet normal 0.0 -1.0 0.0
  outer loop
    vertex 67.23957907845634 35.69306783931642 24.999999999999996
    vertex 74.9109886146514 35.69306783931642 11.590238244441586
    vertex 74.75486974177228 35.69306783931642 12.223921184812873
  endloop
endfacet
facet normal 0.0 -1.0 0.0
  outer loop
    vertex 67.23957907845634 35.69306783931642 24.999999999999996
    vertex 74.75486974177228 35.69306783931642 12.223921184812873
    vertex 74.76807970401187 35.69306783931642 12.87641844019735
  endloop
endfacet
facet normal 0.0 -1.0 0.0
  outer loop
    vertex 67.23957907845634 35.69306783931642 24.999999999999996
    vertex 74.76807970401187 35.69306783931642 12.87641844019735
    vertex 74.949718264274 35.69306783931642 13.50326340094326
  endloop
endfacet
facet normal 0.0 -1.0 0.0
  outer loop
    vertex 67.23957907845634 35.69306783931642 24.999999999999996
    vertex 74.949718264274 35.69306783931642 13.50326340094326
    vertex 75.28740705484874 35.69306783931642 14.06173761888605
  endloop
endfacet
facet normal 0.0 -1.0 0.0
  outer loop
    vertex 67.23957907845634 35.69306783931642 24.999999999999996
    vertex 75.28740705484874 35.69306783931642 14.06173761888605
    vertex 75.68485185651127 35.69306783931642 14.443409027431336
  endloop
endfacet
facet normal 0.0 -1.0 0.0
  outer loop
    vertex 87.23957907845633 35.69306783931642 0.0
    vertex 78.72102501419711 35.69306783931642 10.486218001004795
    vertex 67.23957907845634 35.69306783931642 0.0
  endloop
endfacet
facet normal 0.0 -1.0 0.0
  outer loop
    vertex 78.72102501419711 35.69306783931642 10.486218001004795
    vertex 87.23957907845633 35.69306783931642 0.0
    vertex 78.7943063004014 35.69306783931642 10.556590972568662
  endloop
endfacet
facet normal 0.0 -1.0 0.0
  outer loop
    vertex 67.23957907845634 35.69306783931642 0.0
    vertex 78.72102501419711 35.69306783931642 10.486218001004795
    vertex 78.14934083401474 35.69306783931642 10.171409536195066
  endloop
endfacet
facet normal 0.0 -1.0 0.0
  outer loop
    vertex 67.23957907845634 35.69306783931642 0.0
    vertex 78.14934083401474 35.69306783931642 10.171409536195066
    vertex 77.51565789364345 35.69306783931642 10.015290663315952
  endloop
endfacet
facet normal 0.0 -1.0 0.0
  outer loop
    vertex 67.23957907845634 35.69306783931642 0.0
    vertex 76.23631567751308 35.69306783931642 10.21013918581767
    vertex 75.67784145957027 35.69306783931642 10.54782797639242
  endloop
endfacet
facet normal 0.0 -1.0 0.0
  outer loop
    vertex 76.23631567751308 35.69306783931642 10.21013918581767
    vertex 67.23957907845634 35.69306783931642 0.0
    vertex 76.86316063825899 35.69306783931642 10.028500625555532
  endloop
endfacet
facet normal 0.0 -1.0 0.0
  outer loop
    vertex 76.86316063825899 35.69306783931642 10.028500625555532
    vertex 67.23957907845634 35.69306783931642 0.0
    vertex 77.51565789364345 35.69306783931642 10.015290663315952
  endloop
endfacet
facet normal 0.0 -1.0 0.0
  outer loop
    vertex 87.23957907845633 35.69306783931642 0.0
    vertex 79.19175110206392 35.69306783931642 10.938262381113944
    vertex 78.7943063004014 35.69306783931642 10.556590972568662
  endloop
endfacet
facet normal 0.0 -1.0 0.0
  outer loop
    vertex 79.19175110206392 35.69306783931642 10.938262381113944
    vertex 87.23957907845633 35.69306783931642 0.0
    vertex 79.52943989263866 35.69306783931642 11.496736599056735
  endloop
endfacet
facet normal 0.0 -1.0 0.0
  outer loop
    vertex 79.52943989263866 35.69306783931642 11.496736599056735
    vertex 87.23957907845633 35.69306783931642 0.0
    vertex 87.23957907845633 35.69306783931642 24.999999999999996
  endloop
endfacet
facet normal 0.0 -1.0 0.0
  outer loop
    vertex 79.52943989263866 35.69306783931642 11.496736599056735
    vertex 87.23957907845633 35.69306783931642 24.999999999999996
    vertex 79.7110784529008 35.69306783931642 12.123581559802647
  endloop
endfacet
facet normal 0.0 -1.0 0.0
  outer loop
    vertex 79.7110784529008 35.69306783931642 12.123581559802647
    vertex 87.23957907845633 35.69306783931642 24.999999999999996
    vertex 79.72428841514038 35.69306783931642 12.776078815187121
  endloop
endfacet
facet normal 0.0 -1.0 0.0
  outer loop
    vertex 79.72428841514038 35.69306783931642 12.776078815187121
    vertex 87.23957907845633 35.69306783931642 24.999999999999996
    vertex 79.56816954226126 35.69306783931642 13.40976175555841
  endloop
endfacet
facet normal 0.0 -1.0 0.0
  outer loop
    vertex 79.56816954226126 35.69306783931642 13.40976175555841
    vertex 87.23957907845633 35.69306783931642 24.999999999999996
    vertex 79.25336107745154 35.69306783931642 13.98144593574078
  endloop
endfacet
facet normal 0.0 -1.0 0.0
  outer loop
    vertex 79.25336107745154 35.69306783931642 13.98144593574078
    vertex 87.23957907845633 35.69306783931642 24.999999999999996
    vertex 78.80131669734239 35.69306783931642 14.452172023607577
  endloop
endfacet
facet normal 0.0 -1.0 0.0
  outer loop
    vertex 97.23957907845634 35.69306783931642 0.0
    vertex 105.22579707946113 35.69306783931642 11.018554064259217
    vertex 97.23957907845634 35.69306783931642 24.999999999999996
  endloop
endfacet
facet normal 0.0 -1.0 0.0
  outer loop
    vertex 105.22579707946113 35.69306783931642 11.018554064259217
    vertex 97.23957907845634 35.69306783931642 0.0
    vertex 105.67784145957029 35.69306783931642 10.54782797639242
  endloop
endfacet
facet normal 0.0 -1.0 0.0
  outer loop
    vertex 97.23957907845634 35.69306783931642 24.999999999999996
    vertex 105.22579707946113 35.69306783931642 11.018554064259217
    vertex 104.91098861465143 35.69306783931642 11.590238244441586
  endloop
endfacet
facet normal 0.0 -1.0 0.0
  outer loop
    vertex 97.23957907845634 35.69306783931642 24.999999999999996
    vertex 104.91098861465143 35.69306783931642 11.590238244441586
    vertex 104.7548697417723 35.69306783931642 12.223921184812873
  endloop
endfacet
facet normal 0.0 -1.0 0.0
  outer loop
    vertex 97.23957907845634 35.69306783931642 24.999999999999996
    vertex 104.7548697417723 35.69306783931642 12.223921184812873
    vertex 104.76807970401188 35.69306783931642 12.87641844019735
  endloop
endfacet
facet normal 0.0 -1.0 0.0
  outer loop
    vertex 97.23957907845634 35.69306783931642 24.999999999999996
    vertex 104.76807970401188 35.69306783931642 12.87641844019735
    vertex 104.94971826427401 35.69306783931642 13.50326340094326
  endloop
endfacet
facet normal 0.0 -1.0 0.0
  outer loop
    vertex 97.23957907845634 35.69306783931642 24.999999999999996
    vertex 104.94971826427401 35.69306783931642 13.50326340094326
    vertex 105.28740705484876 35.69306783931642 14.06173761888605
  endloop
endfacet
facet normal 0.0 -1.0 0.0
  outer loop
    vertex 97.23957907845634 35.69306783931642 24.999999999999996
    vertex 105.28740705484876 35.69306783931642 14.06173761888605
    vertex 105.68485185651127 35.69306783931642 14.443409027431338
  endloop
endfacet
facet normal 0.0 -1.0 0.0
  outer loop
    vertex 117.23957907845634 35.69306783931642 -2.8199664825478975e-15
    vertex 108.72102501419714 35.69306783931642 10.486218001004795
    vertex 97.23957907845634 35.69306783931642 0.0
  endloop
endfacet
facet normal 0.0 -1.0 0.0
  outer loop
    vertex 108.72102501419714 35.69306783931642 10.486218001004795
    vertex 117.23957907845634 35.69306783931642 -2.8199664825478975e-15
    vertex 108.79430630040142 35.69306783931642 10.556590972568655
  endloop
endfacet
facet normal 0.0 -1.0 0.0
  outer loop
    vertex 97.23957907845634 35.69306783931642 0.0
    vertex 108.72102501419714 35.69306783931642 10.486218001004795
    vertex 108.14934083401475 35.69306783931642 10.171409536195066
  endloop
endfacet
facet normal 0.0 -1.0 0.0
  outer loop
    vertex 97.23957907845634 35.69306783931642 0.0
    vertex 108.14934083401475 35.69306783931642 10.171409536195066
    vertex 107.51565789364346 35.69306783931642 10.015290663315952
  endloop
endfacet
facet normal 0.0 -1.0 0.0
  outer loop
    vertex 97.23957907845634 35.69306783931642 0.0
    vertex 106.23631567751309 35.69306783931642 10.210139185817672
    vertex 105.67784145957029 35.69306783931642 10.54782797639242
  endloop
endfacet
facet normal 0.0 -1.0 0.0
  outer loop
    vertex 106.23631567751309 35.69306783931642 10.210139185817672
    vertex 97.23957907845634 35.69306783931642 0.0
    vertex 106.86316063825899 35.69306783931642 10.028500625555532
  endloop
endfacet
facet normal 0.0 -1.0 0.0
  outer loop
    vertex 106.86316063825899 35.69306783931642 10.028500625555532
    vertex 97.23957907845634 35.69306783931642 0.0
    vertex 107.51565789364346 35.69306783931642 10.015290663315952
  endloop
endfacet
facet normal 0.721274527143501 -4.3428898479676655e-31 0.6926493026733795
  outer loop
    vertex 75.67784145957027 39.69306783931642 10.54782797639242
    vertex 75.22579707946113 35.69306783931642 11.018554064259217
    vertex 75.67784145957027 35.69306783931642 10.54782797639242
  endloop
endfacet
facet normal 0.721274527143501 -4.3428898479676655e-31 0.6926493026733795
  outer loop
    vertex 75.22579707946113 35.69306783931642 11.018554064259217
    vertex 75.67784145957027 39.69306783931642 10.54782797639242
    vertex 75.22579707946113 39.69306783931642 11.018554064259217
  endloop
endfacet
facet normal 0.5174268625034933 -5.201001622116198e-31 0.8557274343853838
  outer loop
    vertex 76.23631567751308 35.69306783931642 10.21013918581767
    vertex 75.67784145957027 39.69306783931642 10.54782797639242
    vertex 75.67784145957027 35.69306783931642 10.54782797639242
  endloop
endfacet
facet normal 0.5174268625034933 -5.201001622116198e-31 0.8557274343853838
  outer loop
    vertex 75.67784145957027 39.69306783931642 10.54782797639242
    vertex 76.23631567751308 35.69306783931642 10.21013918581767
    vertex 76.23631567751308 39.69306783931642 10.21013918581767
  endloop
endfacet
facet normal 0.2783174122721934 -5.704673730779084e-31 0.9604891556004732
  outer loop
    vertex 76.86316063825899 35.69306783931642 10.028500625555532
    vertex 76.23631567751308 39.69306783931642 10.21013918581767
    vertex 76.23631567751308 35.69306783931642 10.21013918581767
  endloop
endfacet
facet normal 0.2783174122721934 -5.704673730779084e-31 0.9604891556004732
  outer loop
    vertex 76.23631567751308 39.69306783931642 10.21013918581767
    vertex 76.86316063825899 35.69306783931642 10.028500625555532
    vertex 76.86316063825899 39.69306783931642 10.028500625555532
  endloop
endfacet
facet normal 0.020241090335814785 -5.819581752108463e-31 0.9997951281447702
  outer loop
    vertex 77.51565789364345 35.69306783931642 10.015290663315952
    vertex 76.86316063825899 39.69306783931642 10.028500625555532
    vertex 76.86316063825899 35.69306783931642 10.028500625555532
  endloop
endfacet
facet normal 0.020241090335814785 -5.819581752108463e-31 0.9997951281447702
  outer loop
    vertex 76.86316063825899 39.69306783931642 10.028500625555532
    vertex 77.51565789364345 35.69306783931642 10.015290663315952
    vertex 77.51565789364345 39.69306783931642 10.015290663315952
  endloop
endfacet
facet normal -0.23921462845697053 -5.537894894345218e-31 0.970966714945571
  outer loop
    vertex 78.14934083401474 35.69306783931642 10.171409536195066
    vertex 77.51565789364345 39.69306783931642 10.015290663315952
    vertex 77.51565789364345 35.69306783931642 10.015290663315952
  endloop
endfacet
facet normal -0.23921462845697053 -5.537894894345218e-31 0.970966714945571
  outer loop
    vertex 77.51565789364345 39.69306783931642 10.015290663315952
    vertex 78.14934083401474 35.69306783931642 10.171409536195066
    vertex 78.14934083401474 39.69306783931642 10.171409536195066
  endloop
endfacet
facet normal -0.48236826564127594 -4.87880965133637e-31 0.8759685247211955
  outer loop
    vertex 78.72102501419711 35.69306783931642 10.486218001004795
    vertex 78.14934083401474 39.69306783931642 10.171409536195066
    vertex 78.14934083401474 35.69306783931642 10.171409536195066
  endloop
endfacet
facet normal -0.48236826564127594 -4.87880965133637e-31 0.8759685247211955
  outer loop
    vertex 78.14934083401474 39.69306783931642 10.171409536195066
    vertex 78.72102501419711 35.69306783931642 10.486218001004795
    vertex 78.72102501419711 39.69306783931642 10.486218001004795
  endloop
endfacet
facet normal -0.692649302673395 -3.8872415932030074e-31 0.7212745271434863
  outer loop
    vertex 78.7943063004014 35.69306783931642 10.556590972568662
    vertex 78.72102501419711 39.69306783931642 10.486218001004795
    vertex 78.72102501419711 35.69306783931642 10.486218001004795
  endloop
endfacet
facet normal -0.692649302673395 -3.8872415932030074e-31 0.7212745271434863
  outer loop
    vertex 78.72102501419711 39.69306783931642 10.486218001004795
    vertex 78.7943063004014 35.69306783931642 10.556590972568662
    vertex 78.7943063004014 39.69306783931642 10.556590972568662
  endloop
endfacet
facet normal -0.6926493026733651 -3.887241593203188e-31 0.7212745271435149
  outer loop
    vertex 79.19175110206392 35.69306783931642 10.938262381113944
    vertex 78.7943063004014 39.69306783931642 10.556590972568662
    vertex 78.7943063004014 35.69306783931642 10.556590972568662
  endloop
endfacet
facet normal -0.6926493026733651 -3.887241593203188e-31 0.7212745271435149
  outer loop
    vertex 78.7943063004014 39.69306783931642 10.556590972568662
    vertex 79.19175110206392 35.69306783931642 10.938262381113944
    vertex 79.19175110206392 39.69306783931642 10.938262381113944
  endloop
endfacet
facet normal -0.8557274343853848 -2.630764444463511e-31 0.5174268625034913
  outer loop
    vertex 79.52943989263866 39.69306783931642 11.496736599056735
    vertex 79.19175110206392 35.69306783931642 10.938262381113944
    vertex 79.52943989263866 35.69306783931642 11.496736599056735
  endloop
endfacet
facet normal -0.8557274343853848 -2.630764444463511e-31 0.5174268625034913
  outer loop
    vertex 79.19175110206392 35.69306783931642 10.938262381113944
    vertex 79.52943989263866 39.69306783931642 11.496736599056735
    vertex 79.19175110206392 39.69306783931642 10.938262381113944
  endloop
endfacet
facet normal -0.960489155600475 -1.1950050463775275e-31 0.2783174122721875
  outer loop
    vertex 79.7110784529008 39.69306783931642 12.123581559802647
    vertex 79.52943989263866 35.69306783931642 11.496736599056735
    vertex 79.7110784529008 35.69306783931642 12.123581559802647
  endloop
endfacet
facet normal -0.960489155600475 -1.1950050463775275e-31 0.2783174122721875
  outer loop
    vertex 79.52943989263866 35.69306783931642 11.496736599056735
    vertex 79.7110784529008 39.69306783931642 12.123581559802647
    vertex 79.52943989263866 39.69306783931642 11.496736599056735
  endloop
endfacet
facet normal -0.9997951281447701 3.2219197077976203e-32 0.02024109033582325
  outer loop
    vertex 79.72428841514038 39.69306783931642 12.776078815187121
    vertex 79.7110784529008 35.69306783931642 12.123581559802647
    vertex 79.72428841514038 35.69306783931642 12.776078815187121
  endloop
endfacet
facet normal -0.9997951281447701 3.2219197077976203e-32 0.02024109033582325
  outer loop
    vertex 79.7110784529008 35.69306783931642 12.123581559802647
    vertex 79.72428841514038 39.69306783931642 12.776078815187121
    vertex 79.7110784529008 39.69306783931642 12.123581559802647
  endloop
endfacet
facet normal -0.9709667149455702 1.8174321375759905e-31 -0.23921462845697358
  outer loop
    vertex 79.56816954226126 39.69306783931642 13.40976175555841
    vertex 79.72428841514038 35.69306783931642 12.776078815187121
    vertex 79.56816954226126 35.69306783931642 13.40976175555841
  endloop
endfacet
facet normal -0.9709667149455702 1.8174321375759905e-31 -0.23921462845697358
  outer loop
    vertex 79.72428841514038 35.69306783931642 12.776078815187121
    vertex 79.56816954226126 39.69306783931642 13.40976175555841
    vertex 79.72428841514038 39.69306783931642 12.776078815187121
  endloop
endfacet
facet normal -0.8759685247211991 3.1888173076448972e-31 -0.48236826564126933
  outer loop
    vertex 79.25336107745154 39.69306783931642 13.98144593574078
    vertex 79.56816954226126 35.69306783931642 13.40976175555841
    vertex 79.25336107745154 35.69306783931642 13.98144593574078
  endloop
endfacet
facet normal -0.8759685247211991 3.1888173076448972e-31 -0.48236826564126933
  outer loop
    vertex 79.56816954226126 35.69306783931642 13.40976175555841
    vertex 79.25336107745154 39.69306783931642 13.98144593574078
    vertex 79.56816954226126 39.69306783931642 13.40976175555841
  endloop
endfacet
facet normal -0.721274527143501 4.3428898479676655e-31 -0.6926493026733795
  outer loop
    vertex 78.80131669734239 39.69306783931642 14.452172023607577
    vertex 79.25336107745154 35.69306783931642 13.98144593574078
    vertex 78.80131669734239 35.69306783931642 14.452172023607577
  endloop
endfacet
facet normal -0.721274527143501 4.3428898479676655e-31 -0.6926493026733795
  outer loop
    vertex 79.25336107745154 35.69306783931642 13.98144593574078
    vertex 78.80131669734239 39.69306783931642 14.452172023607577
    vertex 79.25336107745154 39.69306783931642 13.98144593574078
  endloop
endfacet
facet normal -0.5174268625034949 5.201001622116193e-31 -0.8557274343853829
  outer loop
    vertex 78.80131669734239 39.69306783931642 14.452172023607577
    vertex 78.24284247939958 35.69306783931642 14.789860814182328
    vertex 78.24284247939958 39.69306783931642 14.789860814182328
  endloop
endfacet
facet normal -0.5174268625034949 5.201001622116193e-31 -0.8557274343853829
  outer loop
    vertex 78.24284247939958 35.69306783931642 14.789860814182328
    vertex 78.80131669734239 39.69306783931642 14.452172023607577
    vertex 78.80131669734239 35.69306783931642 14.452172023607577
  endloop
endfacet
facet normal -0.2783174122721914 5.7046737307790855e-31 -0.9604891556004738
  outer loop
    vertex 78.24284247939958 39.69306783931642 14.789860814182328
    vertex 77.61599751865369 35.69306783931642 14.971499374444464
    vertex 77.61599751865369 39.69306783931642 14.971499374444464
  endloop
endfacet
facet normal -0.2783174122721914 5.7046737307790855e-31 -0.9604891556004738
  outer loop
    vertex 77.61599751865369 35.69306783931642 14.971499374444464
    vertex 78.24284247939958 39.69306783931642 14.789860814182328
    vertex 78.24284247939958 35.69306783931642 14.789860814182328
  endloop
endfacet
facet normal -0.020241090335814785 5.819581752108463e-31 -0.9997951281447702
  outer loop
    vertex 77.61599751865369 39.69306783931642 14.971499374444464
    vertex 76.96350026326921 35.69306783931642 14.984709336684045
    vertex 76.96350026326921 39.69306783931642 14.984709336684045
  endloop
endfacet
facet normal -0.020241090335814785 5.819581752108463e-31 -0.9997951281447702
  outer loop
    vertex 76.96350026326921 35.69306783931642 14.984709336684045
    vertex 77.61599751865369 39.69306783931642 14.971499374444464
    vertex 77.61599751865369 35.69306783931642 14.971499374444464
  endloop
endfacet
facet normal 0.23921462845697053 5.537894894345218e-31 -0.970966714945571
  outer loop
    vertex 76.96350026326921 39.69306783931642 14.984709336684045
    vertex 76.32981732289792 35.69306783931642 14.82859046380493
    vertex 76.32981732289792 39.69306783931642 14.82859046380493
  endloop
endfacet
facet normal 0.23921462845697053 5.537894894345218e-31 -0.970966714945571
  outer loop
    vertex 76.32981732289792 35.69306783931642 14.82859046380493
    vertex 76.96350026326921 39.69306783931642 14.984709336684045
    vertex 76.96350026326921 35.69306783931642 14.984709336684045
  endloop
endfacet
facet normal 0.48236826564127594 4.87880965133637e-31 -0.8759685247211955
  outer loop
    vertex 76.32981732289792 39.69306783931642 14.82859046380493
    vertex 75.75813314271555 35.69306783931642 14.513781998995201
    vertex 75.75813314271555 39.69306783931642 14.513781998995201
  endloop
endfacet
facet normal 0.48236826564127594 4.87880965133637e-31 -0.8759685247211955
  outer loop
    vertex 75.75813314271555 35.69306783931642 14.513781998995201
    vertex 76.32981732289792 39.69306783931642 14.82859046380493
    vertex 76.32981732289792 35.69306783931642 14.82859046380493
  endloop
endfacet
facet normal 0.6926493026733878 3.887241593203052e-31 -0.7212745271434933
  outer loop
    vertex 75.75813314271555 39.69306783931642 14.513781998995201
    vertex 75.68485185651127 35.69306783931642 14.443409027431336
    vertex 75.68485185651127 39.69306783931642 14.443409027431336
  endloop
endfacet
facet normal 0.6926493026733878 3.887241593203052e-31 -0.7212745271434933
  outer loop
    vertex 75.68485185651127 35.69306783931642 14.443409027431336
    vertex 75.75813314271555 39.69306783931642 14.513781998995201
    vertex 75.75813314271555 35.69306783931642 14.513781998995201
  endloop
endfacet
facet normal 0.6926493026733678 3.8872415932031717e-31 -0.7212745271435124
  outer loop
    vertex 75.68485185651127 39.69306783931642 14.443409027431336
    vertex 75.28740705484874 35.69306783931642 14.06173761888605
    vertex 75.28740705484874 39.69306783931642 14.06173761888605
  endloop
endfacet
facet normal 0.6926493026733678 3.8872415932031717e-31 -0.7212745271435124
  outer loop
    vertex 75.28740705484874 35.69306783931642 14.06173761888605
    vertex 75.68485185651127 39.69306783931642 14.443409027431336
    vertex 75.68485185651127 35.69306783931642 14.443409027431336
  endloop
endfacet
facet normal 0.8557274343853853 2.6307644444635054e-31 -0.5174268625034905
  outer loop
    vertex 74.949718264274 39.69306783931642 13.50326340094326
    vertex 75.28740705484874 35.69306783931642 14.06173761888605
    vertex 74.949718264274 35.69306783931642 13.50326340094326
  endloop
endfacet
facet normal 0.8557274343853853 2.6307644444635054e-31 -0.5174268625034905
  outer loop
    vertex 75.28740705484874 35.69306783931642 14.06173761888605
    vertex 74.949718264274 39.69306783931642 13.50326340094326
    vertex 75.28740705484874 39.69306783931642 14.06173761888605
  endloop
endfacet
facet normal 0.9604891556004747 1.1950050463775345e-31 -0.27831741227218865
  outer loop
    vertex 74.76807970401187 39.69306783931642 12.87641844019735
    vertex 74.949718264274 35.69306783931642 13.50326340094326
    vertex 74.76807970401187 35.69306783931642 12.87641844019735
  endloop
endfacet
facet normal 0.9604891556004747 1.1950050463775345e-31 -0.27831741227218865
  outer loop
    vertex 74.949718264274 35.69306783931642 13.50326340094326
    vertex 74.76807970401187 39.69306783931642 12.87641844019735
    vertex 74.949718264274 39.69306783931642 13.50326340094326
  endloop
endfacet
facet normal 0.99979512814477 -3.221919707797626e-32 -0.02024109033582316
  outer loop
    vertex 74.75486974177228 39.69306783931642 12.223921184812873
    vertex 74.76807970401187 35.69306783931642 12.87641844019735
    vertex 74.75486974177228 35.69306783931642 12.223921184812873
  endloop
endfacet
facet normal 0.99979512814477 -3.221919707797626e-32 -0.02024109033582316
  outer loop
    vertex 74.76807970401187 35.69306783931642 12.87641844019735
    vertex 74.75486974177228 39.69306783931642 12.223921184812873
    vertex 74.76807970401187 39.69306783931642 12.87641844019735
  endloop
endfacet
facet normal 0.97096671494557 -1.8174321375759962e-31 0.23921462845697458
  outer loop
    vertex 74.9109886146514 39.69306783931642 11.590238244441586
    vertex 74.75486974177228 35.69306783931642 12.223921184812873
    vertex 74.9109886146514 35.69306783931642 11.590238244441586
  endloop
endfacet
facet normal 0.97096671494557 -1.8174321375759962e-31 0.23921462845697458
  outer loop
    vertex 74.75486974177228 35.69306783931642 12.223921184812873
    vertex 74.9109886146514 39.69306783931642 11.590238244441586
    vertex 74.75486974177228 39.69306783931642 12.223921184812873
  endloop
endfacet
facet normal 0.8759685247211991 -3.1888173076448972e-31 0.48236826564126933
  outer loop
    vertex 75.22579707946113 39.69306783931642 11.018554064259217
    vertex 74.9109886146514 35.69306783931642 11.590238244441586
    vertex 75.22579707946113 35.69306783931642 11.018554064259217
  endloop
endfacet
facet normal 0.8759685247211991 -3.1888173076448972e-31 0.48236826564126933
  outer loop
    vertex 74.9109886146514 35.69306783931642 11.590238244441586
    vertex 75.22579707946113 39.69306783931642 11.018554064259217
    vertex 74.9109886146514 39.69306783931642 11.590238244441586
  endloop
endfacet
facet normal 0.6926493026733589 -1.2957471977344086e-31 -0.721274527143521
  outer loop
    vertex 105.75813314271555 39.69306783931642 14.513781998995197
    vertex 105.68485185651127 35.69306783931642 14.443409027431338
    vertex 105.68485185651127 39.69306783931642 14.443409027431338
  endloop
endfacet
facet normal 0.6926493026733589 -1.2957471977344086e-31 -0.721274527143521
  outer loop
    vertex 105.68485185651127 35.69306783931642 14.443409027431338
    vertex 105.75813314271555 39.69306783931642 14.513781998995197
    vertex 105.75813314271555 35.69306783931642 14.513781998995197
  endloop
endfacet
facet normal 0.6926493026733808 -1.2957471977343648e-31 -0.7212745271435
  outer loop
    vertex 105.68485185651127 39.69306783931642 14.443409027431338
    vertex 105.28740705484876 35.69306783931642 14.06173761888605
    vertex 105.28740705484876 39.69306783931642 14.06173761888605
  endloop
endfacet
facet normal 0.6926493026733808 -1.2957471977343648e-31 -0.7212745271435
  outer loop
    vertex 105.28740705484876 35.69306783931642 14.06173761888605
    vertex 105.68485185651127 39.69306783931642 14.443409027431338
    vertex 105.68485185651127 35.69306783931642 14.443409027431338
  endloop
endfacet
facet normal 0.8557274343853853 -8.769214814878345e-32 -0.5174268625034905
  outer loop
    vertex 104.94971826427401 39.69306783931642 13.50326340094326
    vertex 105.28740705484876 35.69306783931642 14.06173761888605
    vertex 104.94971826427401 35.69306783931642 13.50326340094326
  endloop
endfacet
facet normal 0.8557274343853853 -8.769214814878345e-32 -0.5174268625034905
  outer loop
    vertex 105.28740705484876 35.69306783931642 14.06173761888605
    vertex 104.94971826427401 39.69306783931642 13.50326340094326
    vertex 105.28740705484876 39.69306783931642 14.06173761888605
  endloop
endfacet
facet normal 0.9604891556004747 -3.983350154591769e-32 -0.27831741227218865
  outer loop
    vertex 104.76807970401188 39.69306783931642 12.87641844019735
    vertex 104.94971826427401 35.69306783931642 13.50326340094326
    vertex 104.76807970401188 35.69306783931642 12.87641844019735
  endloop
endfacet
facet normal 0.9604891556004747 -3.983350154591769e-32 -0.27831741227218865
  outer loop
    vertex 104.94971826427401 35.69306783931642 13.50326340094326
    vertex 104.76807970401188 39.69306783931642 12.87641844019735
    vertex 104.94971826427401 39.69306783931642 13.50326340094326
  endloop
endfacet
facet normal 0.99979512814477 1.0739732359325605e-32 -0.02024109033582316
  outer loop
    vertex 104.7548697417723 39.69306783931642 12.223921184812873
    vertex 104.76807970401188 35.69306783931642 12.87641844019735
    vertex 104.7548697417723 35.69306783931642 12.223921184812873
  endloop
endfacet
facet normal 0.99979512814477 1.0739732359325605e-32 -0.02024109033582316
  outer loop
    vertex 104.76807970401188 35.69306783931642 12.87641844019735
    vertex 104.7548697417723 39.69306783931642 12.223921184812873
    vertex 104.76807970401188 39.69306783931642 12.87641844019735
  endloop
endfacet
facet normal 0.9709667149455661 6.058107125253655e-32 0.23921462845699093
  outer loop
    vertex 104.91098861465143 39.69306783931642 11.590238244441586
    vertex 104.7548697417723 35.69306783931642 12.223921184812873
    vertex 104.91098861465143 35.69306783931642 11.590238244441586
  endloop
endfacet
facet normal 0.9709667149455661 6.058107125253655e-32 0.23921462845699093
  outer loop
    vertex 104.7548697417723 35.69306783931642 12.223921184812873
    vertex 104.91098861465143 39.69306783931642 11.590238244441586
    vertex 104.7548697417723 39.69306783931642 12.223921184812873
  endloop
endfacet
facet normal 0.8759685247212063 1.0629391025482767e-31 0.482368265641256
  outer loop
    vertex 105.22579707946113 39.69306783931642 11.018554064259217
    vertex 104.91098861465143 35.69306783931642 11.590238244441586
    vertex 105.22579707946113 35.69306783931642 11.018554064259217
  endloop
endfacet
facet normal 0.8759685247212063 1.0629391025482767e-31 0.482368265641256
  outer loop
    vertex 104.91098861465143 35.69306783931642 11.590238244441586
    vertex 105.22579707946113 39.69306783931642 11.018554064259217
    vertex 104.91098861465143 39.69306783931642 11.590238244441586
  endloop
endfacet
facet normal 0.721274527143501 1.4476299493225578e-31 0.6926493026733795
  outer loop
    vertex 105.67784145957029 39.69306783931642 10.54782797639242
    vertex 105.22579707946113 35.69306783931642 11.018554064259217
    vertex 105.67784145957029 35.69306783931642 10.54782797639242
  endloop
endfacet
facet normal 0.721274527143501 1.4476299493225578e-31 0.6926493026733795
  outer loop
    vertex 105.22579707946113 35.69306783931642 11.018554064259217
    vertex 105.67784145957029 39.69306783931642 10.54782797639242
    vertex 105.22579707946113 39.69306783931642 11.018554064259217
  endloop
endfacet
facet normal 0.5174268625034917 1.7336672073720703e-31 0.8557274343853847
  outer loop
    vertex 106.23631567751309 35.69306783931642 10.210139185817672
    vertex 105.67784145957029 39.69306783931642 10.54782797639242
    vertex 105.67784145957029 35.69306783931642 10.54782797639242
  endloop
endfacet
facet normal 0.5174268625034917 1.7336672073720703e-31 0.8557274343853847
  outer loop
    vertex 105.67784145957029 39.69306783931642 10.54782797639242
    vertex 106.23631567751309 35.69306783931642 10.210139185817672
    vertex 106.23631567751309 39.69306783931642 10.210139185817672
  endloop
endfacet
facet normal 0.2783174122722001 1.9015579102596945e-31 0.9604891556004714
  outer loop
    vertex 106.86316063825899 35.69306783931642 10.028500625555532
    vertex 106.23631567751309 39.69306783931642 10.210139185817672
    vertex 106.23631567751309 35.69306783931642 10.210139185817672
  endloop
endfacet
facet normal 0.2783174122722001 1.9015579102596945e-31 0.9604891556004714
  outer loop
    vertex 106.23631567751309 39.69306783931642 10.210139185817672
    vertex 106.86316063825899 35.69306783931642 10.028500625555532
    vertex 106.86316063825899 39.69306783931642 10.028500625555532
  endloop
endfacet
facet normal 0.02024109033581444 1.9398605840361566e-31 0.9997951281447703
  outer loop
    vertex 107.51565789364346 35.69306783931642 10.015290663315952
    vertex 106.86316063825899 39.69306783931642 10.028500625555532
    vertex 106.86316063825899 35.69306783931642 10.028500625555532
  endloop
endfacet
facet normal 0.02024109033581444 1.9398605840361566e-31 0.9997951281447703
  outer loop
    vertex 106.86316063825899 39.69306783931642 10.028500625555532
    vertex 107.51565789364346 35.69306783931642 10.015290663315952
    vertex 107.51565789364346 39.69306783931642 10.015290663315952
  endloop
endfacet
facet normal -0.23921462845697053 1.8459649647817406e-31 0.970966714945571
  outer loop
    vertex 108.14934083401475 35.69306783931642 10.171409536195066
    vertex 107.51565789364346 39.69306783931642 10.015290663315952
    vertex 107.51565789364346 35.69306783931642 10.015290663315952
  endloop
endfacet
facet normal -0.23921462845697053 1.8459649647817406e-31 0.970966714945571
  outer loop
    vertex 107.51565789364346 39.69306783931642 10.015290663315952
    vertex 108.14934083401475 35.69306783931642 10.171409536195066
    vertex 108.14934083401475 39.69306783931642 10.171409536195066
  endloop
endfacet
facet normal -0.482368265641267 1.6262698837788013e-31 0.8759685247212003
  outer loop
    vertex 108.72102501419714 35.69306783931642 10.486218001004795
    vertex 108.14934083401475 39.69306783931642 10.171409536195066
    vertex 108.14934083401475 35.69306783931642 10.171409536195066
  endloop
endfacet
facet normal -0.482368265641267 1.6262698837788013e-31 0.8759685247212003
  outer loop
    vertex 108.14934083401475 39.69306783931642 10.171409536195066
    vertex 108.72102501419714 35.69306783931642 10.486218001004795
    vertex 108.72102501419714 39.69306783931642 10.486218001004795
  endloop
endfacet
facet normal -0.6926493026733661 1.2957471977343941e-31 0.721274527143514
  outer loop
    vertex 108.79430630040142 35.69306783931642 10.556590972568655
    vertex 108.72102501419714 39.69306783931642 10.486218001004795
    vertex 108.72102501419714 35.69306783931642 10.486218001004795
  endloop
endfacet
facet normal -0.6926493026733661 1.2957471977343941e-31 0.721274527143514
  outer loop
    vertex 108.72102501419714 39.69306783931642 10.486218001004795
    vertex 108.79430630040142 35.69306783931642 10.556590972568655
    vertex 108.79430630040142 39.69306783931642 10.556590972568655
  endloop
endfacet
facet normal -0.6926493026733808 1.2957471977343648e-31 0.7212745271435
  outer loop
    vertex 109.19175110206393 35.69306783931642 10.938262381113944
    vertex 108.79430630040142 39.69306783931642 10.556590972568655
    vertex 108.79430630040142 35.69306783931642 10.556590972568655
  endloop
endfacet
facet normal -0.6926493026733808 1.2957471977343648e-31 0.7212745271435
  outer loop
    vertex 108.79430630040142 39.69306783931642 10.556590972568655
    vertex 109.19175110206393 35.69306783931642 10.938262381113944
    vertex 109.19175110206393 39.69306783931642 10.938262381113944
  endloop
endfacet
facet normal -0.8557274343853843 8.769214814878386e-32 0.5174268625034925
  outer loop
    vertex 109.52943989263868 39.69306783931642 11.496736599056732
    vertex 109.19175110206393 35.69306783931642 10.938262381113944
    vertex 109.52943989263868 35.69306783931642 11.496736599056732
  endloop
endfacet
facet normal -0.8557274343853843 8.769214814878386e-32 0.5174268625034925
  outer loop
    vertex 109.19175110206393 35.69306783931642 10.938262381113944
    vertex 109.52943989263868 39.69306783931642 11.496736599056732
    vertex 109.19175110206393 39.69306783931642 10.938262381113944
  endloop
endfacet
facet normal -0.960489155600475 3.983350154591746e-32 0.2783174122721875
  outer loop
    vertex 109.71107845290081 39.69306783931642 12.123581559802645
    vertex 109.52943989263868 35.69306783931642 11.496736599056732
    vertex 109.71107845290081 35.69306783931642 12.123581559802645
  endloop
endfacet
facet normal -0.960489155600475 3.983350154591746e-32 0.2783174122721875
  outer loop
    vertex 109.52943989263868 35.69306783931642 11.496736599056732
    vertex 109.71107845290081 39.69306783931642 12.123581559802645
    vertex 109.52943989263868 39.69306783931642 11.496736599056732
  endloop
endfacet
facet normal -0.99979512814477 -1.0739732359325605e-32 0.02024109033582316
  outer loop
    vertex 109.72428841514039 39.69306783931642 12.776078815187121
    vertex 109.71107845290081 35.69306783931642 12.123581559802645
    vertex 109.72428841514039 35.69306783931642 12.776078815187121
  endloop
endfacet
facet normal -0.99979512814477 -1.0739732359325605e-32 0.02024109033582316
  outer loop
    vertex 109.71107845290081 35.69306783931642 12.123581559802645
    vertex 109.72428841514039 39.69306783931642 12.776078815187121
    vertex 109.71107845290081 39.69306783931642 12.123581559802645
  endloop
endfacet
facet normal -0.970966714945574 -6.058107125253033e-32 -0.23921462845695832
  outer loop
    vertex 109.56816954226129 39.69306783931642 13.409761755558408
    vertex 109.72428841514039 35.69306783931642 12.776078815187121
    vertex 109.56816954226129 35.69306783931642 13.409761755558408
  endloop
endfacet
facet normal -0.970966714945574 -6.058107125253033e-32 -0.23921462845695832
  outer loop
    vertex 109.72428841514039 35.69306783931642 12.776078815187121
    vertex 109.56816954226129 39.69306783931642 13.409761755558408
    vertex 109.72428841514039 39.69306783931642 12.776078815187121
  endloop
endfacet
facet normal -0.8759685247211917 -1.0629391025483262e-31 -0.48236826564128255
  outer loop
    vertex 109.25336107745154 39.69306783931642 13.981445935740776
    vertex 109.56816954226129 35.69306783931642 13.409761755558408
    vertex 109.25336107745154 35.69306783931642 13.981445935740776
  endloop
endfacet
facet normal -0.8759685247211917 -1.0629391025483262e-31 -0.48236826564128255
  outer loop
    vertex 109.56816954226129 35.69306783931642 13.409761755558408
    vertex 109.25336107745154 39.69306783931642 13.981445935740776
    vertex 109.56816954226129 39.69306783931642 13.409761755558408
  endloop
endfacet
facet normal -0.721274527143501 -1.4476299493225578e-31 -0.6926493026733795
  outer loop
    vertex 108.8013166973424 39.69306783931642 14.452172023607575
    vertex 109.25336107745154 35.69306783931642 13.981445935740776
    vertex 108.8013166973424 35.69306783931642 14.452172023607575
  endloop
endfacet
facet normal -0.721274527143501 -1.4476299493225578e-31 -0.6926493026733795
  outer loop
    vertex 109.25336107745154 35.69306783931642 13.981445935740776
    vertex 108.8013166973424 39.69306783931642 14.452172023607575
    vertex 109.25336107745154 39.69306783931642 13.981445935740776
  endloop
endfacet
facet normal -0.5174268625034917 -1.7336672073720703e-31 -0.8557274343853847
  outer loop
    vertex 108.8013166973424 39.69306783931642 14.452172023607575
    vertex 108.2428424793996 35.69306783931642 14.789860814182322
    vertex 108.2428424793996 39.69306783931642 14.789860814182322
  endloop
endfacet
facet normal -0.5174268625034917 -1.7336672073720703e-31 -0.8557274343853847
  outer loop
    vertex 108.2428424793996 35.69306783931642 14.789860814182322
    vertex 108.8013166973424 39.69306783931642 14.452172023607575
    vertex 108.8013166973424 35.69306783931642 14.452172023607575
  endloop
endfacet
facet normal -0.2783174122722001 -1.9015579102596945e-31 -0.9604891556004714
  outer loop
    vertex 108.2428424793996 39.69306783931642 14.789860814182322
    vertex 107.6159975186537 35.69306783931642 14.97149937444446
    vertex 107.6159975186537 39.69306783931642 14.97149937444446
  endloop
endfacet
facet normal -0.2783174122722001 -1.9015579102596945e-31 -0.9604891556004714
  outer loop
    vertex 107.6159975186537 35.69306783931642 14.97149937444446
    vertex 108.2428424793996 39.69306783931642 14.789860814182322
    vertex 108.2428424793996 35.69306783931642 14.789860814182322
  endloop
endfacet
facet normal -0.02024109033581444 -1.9398605840361566e-31 -0.9997951281447703
  outer loop
    vertex 107.6159975186537 39.69306783931642 14.97149937444446
    vertex 106.96350026326922 35.69306783931642 14.984709336684041
    vertex 106.96350026326922 39.69306783931642 14.984709336684041
  endloop
endfacet
facet normal -0.02024109033581444 -1.9398605840361566e-31 -0.9997951281447703
  outer loop
    vertex 106.96350026326922 35.69306783931642 14.984709336684041
    vertex 107.6159975186537 39.69306783931642 14.97149937444446
    vertex 107.6159975186537 35.69306783931642 14.97149937444446
  endloop
endfacet
facet normal 0.23921462845697053 -1.8459649647817406e-31 -0.970966714945571
  outer loop
    vertex 106.96350026326922 39.69306783931642 14.984709336684041
    vertex 106.32981732289794 35.69306783931642 14.828590463804927
    vertex 106.32981732289794 39.69306783931642 14.828590463804927
  endloop
endfacet
facet normal 0.23921462845697053 -1.8459649647817406e-31 -0.970966714945571
  outer loop
    vertex 106.32981732289794 35.69306783931642 14.828590463804927
    vertex 106.96350026326922 39.69306783931642 14.984709336684041
    vertex 106.96350026326922 35.69306783931642 14.984709336684041
  endloop
endfacet
facet normal 0.4823682656412686 -1.6262698837787994e-31 -0.8759685247211995
  outer loop
    vertex 106.32981732289794 39.69306783931642 14.828590463804927
    vertex 105.75813314271555 35.69306783931642 14.513781998995197
    vertex 105.75813314271555 39.69306783931642 14.513781998995197
  endloop
endfacet
facet normal 0.4823682656412686 -1.6262698837787994e-31 -0.8759685247211995
  outer loop
    vertex 105.75813314271555 35.69306783931642 14.513781998995197
    vertex 106.32981732289794 39.69306783931642 14.828590463804927
    vertex 106.32981732289794 35.69306783931642 14.828590463804927
  endloop
endfacet
facet normal -0.37631327917423385 -0.9085006222835255 -0.18170012445670555
  outer loop
    vertex 86.67496960875212 125.3961938218959 25.14734376102806
    vertex 81.48957907845633 132.8519673232001 -1.3922283262454762
    vertex 86.67496960875212 130.786718204114 -1.8052781500626973
  endloop
endfacet
facet normal -0.37631327917423385 -0.9085006222835255 -0.18170012445670555
  outer loop
    vertex 81.48957907845633 132.8519673232001 -1.3922283262454762
    vertex 86.67496960875212 125.3961938218959 25.14734376102806
    vertex 81.48957907845633 127.46144294098201 25.56039358484529
  endloop
endfacet
facet normal -0.6012399525923413 -0.7835511613841811 -0.15671023227683664
  outer loop
    vertex 81.48957907845633 127.46144294098201 25.56039358484529
    vertex 77.03678328294556 136.13730423267575 -0.7351609443503478
    vertex 81.48957907845633 132.8519673232001 -1.3922283262454762
  endloop
endfacet
facet normal -0.6012399525923413 -0.7835511613841811 -0.15671023227683664
  outer loop
    vertex 77.03678328294556 136.13730423267575 -0.7351609443503478
    vertex 81.48957907845633 127.46144294098201 25.56039358484529
    vertex 77.03678328294556 130.74677985045764 26.217460966740425
  endloop
endfacet
facet normal -0.7875377334005572 -0.6042989568900298 -0.12085979137800629
  outer loop
    vertex 73.6200328970909 135.028314269218 27.073767850492498
    vertex 77.03678328294556 136.13730423267575 -0.7351609443503478
    vertex 77.03678328294556 130.74677985045764 26.217460966740425
  endloop
endfacet
facet normal -0.7875377334005572 -0.6042989568900298 -0.12085979137800629
  outer loop
    vertex 77.03678328294556 136.13730423267575 -0.7351609443503478
    vertex 73.6200328970909 135.028314269218 27.073767850492498
    vertex 73.6200328970909 140.4188386514361 0.12114593940172648
  endloop
endfacet
facet normal -0.921185382722435 -0.3815674789834803 -0.07631349579669629
  outer loop
    vertex 71.47217381324135 140.01426670219473 28.070958337087855
    vertex 73.6200328970909 140.4188386514361 0.12114593940172648
    vertex 73.6200328970909 135.028314269218 27.073767850492498
  endloop
endfacet
facet normal -0.921185382722435 -0.3815674789834803 -0.07631349579669629
  outer loop
    vertex 73.6200328970909 140.4188386514361 0.12114593940172648
    vertex 71.47217381324135 140.01426670219473 28.070958337087855
    vertex 71.47217381324135 145.40479108441284 1.1183364259970783
  endloop
endfacet
facet normal -0.9911072072989545 -0.13048173921777628 -0.026096347843555332
  outer loop
    vertex 70.73957907845633 145.36485273075644 29.141075542800188
    vertex 71.47217381324135 145.40479108441284 1.1183364259970783
    vertex 71.47217381324135 140.01426670219473 28.070958337087855
  endloop
endfacet
facet normal -0.9911072072989545 -0.13048173921777628 -0.026096347843555332
  outer loop
    vertex 71.47217381324135 145.40479108441284 1.1183364259970783
    vertex 70.73957907845633 145.36485273075644 29.141075542800188
    vertex 70.73957907845633 150.75537711297454 2.188453631709422
  endloop
endfacet
facet normal -0.9911072072989542 0.13048173921777767 0.026096347843555606
  outer loop
    vertex 71.47217381324137 150.71543875931818 30.21119274851255
    vertex 70.73957907845633 150.75537711297454 2.188453631709422
    vertex 70.73957907845633 145.36485273075644 29.141075542800188
  endloop
endfacet
facet normal -0.9911072072989542 0.13048173921777767 0.026096347843555606
  outer loop
    vertex 70.73957907845633 150.75537711297454 2.188453631709422
    vertex 71.47217381324137 150.71543875931818 30.21119274851255
    vertex 71.47217381324137 156.10596314153628 3.258570837421777
  endloop
endfacet
facet normal -0.9211853827224349 0.3815674789834805 0.0763134957966963
  outer loop
    vertex 73.62003289709091 155.70139119229492 31.208383235107892
    vertex 71.47217381324137 156.10596314153628 3.258570837421777
    vertex 71.47217381324137 150.71543875931818 30.21119274851255
  endloop
endfacet
facet normal -0.9211853827224349 0.3815674789834805 0.0763134957966963
  outer loop
    vertex 71.47217381324137 156.10596314153628 3.258570837421777
    vertex 73.62003289709091 155.70139119229492 31.208383235107892
    vertex 73.62003289709091 161.09191557451305 4.25576132401712
  endloop
endfacet
facet normal -0.7875377334005572 0.6042989568900298 0.12085979137800629
  outer loop
    vertex 75.74707601828764 158.36678795460296 31.741482244845496
    vertex 73.62003289709091 161.09191557451305 4.25576132401712
    vertex 73.62003289709091 155.70139119229492 31.208383235107892
  endloop
endfacet
facet normal -0.7875377334005572 0.6042989568900298 0.12085979137800629
  outer loop
    vertex 73.62003289709091 161.09191557451305 4.25576132401712
    vertex 75.74707601828764 158.36678795460296 31.741482244845496
    vertex 75.74707224998855 163.7573025087031 4.788859507889665
  endloop
endfacet
facet normal 0.601239952592338 0.7835511613841837 0.15671023227683717
  outer loop
    vertex 105.21597320791261 167.01610861989323 5.440601072851698
    vertex 107.44237487396711 159.9829256110553 32.064690118859964
    vertex 107.44237487396711 165.3734499932734 5.112068207769195
  endloop
endfacet
facet normal 0.601239952592338 0.7835511613841837 0.15671023227683717
  outer loop
    vertex 107.44237487396711 159.9829256110553 32.064690118859964
    vertex 105.21597320791261 167.01610861989323 5.440601072851698
    vertex 105.21597697621172 161.62559406579308 32.39322380980753
  endloop
endfacet
facet normal 0.7875377334005588 0.6042989568900279 0.1208597913780059
  outer loop
    vertex 110.85912525982178 161.09191557451302 4.255761324017114
    vertex 107.44237487396711 159.9829256110553 32.064690118859964
    vertex 110.85912525982178 155.70139119229492 31.208383235107878
  endloop
endfacet
facet normal 0.7875377334005588 0.6042989568900279 0.1208597913780059
  outer loop
    vertex 107.44237487396711 159.9829256110553 32.064690118859964
    vertex 110.85912525982178 161.09191557451302 4.255761324017114
    vertex 107.44237487396711 165.3734499932734 5.112068207769195
  endloop
endfacet
facet normal 0.9211853827224358 0.38156747898347887 0.07631349579669597
  outer loop
    vertex 113.0069843436713 156.10596314153628 3.2585708374217712
    vertex 110.85912525982178 155.70139119229492 31.208383235107878
    vertex 113.0069843436713 150.71543875931818 30.211192748512534
  endloop
endfacet
facet normal 0.9211853827224358 0.38156747898347887 0.07631349579669597
  outer loop
    vertex 110.85912525982178 155.70139119229492 31.208383235107878
    vertex 113.0069843436713 156.10596314153628 3.2585708374217712
    vertex 110.85912525982178 161.09191557451302 4.255761324017114
  endloop
endfacet
facet normal 0.9911072072989537 0.13048173921778017 0.026096347843556106
  outer loop
    vertex 113.73957907845636 150.75537711297454 2.188453631709422
    vertex 113.0069843436713 150.71543875931818 30.211192748512534
    vertex 113.73957907845636 145.36485273075644 29.141075542800188
  endloop
endfacet
facet normal 0.9911072072989537 0.13048173921778017 0.026096347843556106
  outer loop
    vertex 113.0069843436713 150.71543875931818 30.211192748512534
    vertex 113.73957907845636 150.75537711297454 2.188453631709422
    vertex 113.0069843436713 156.10596314153628 3.2585708374217712
  endloop
endfacet
facet normal 0.991107207298954 -0.13048173921777967 -0.026096347843556005
  outer loop
    vertex 113.0069843436713 145.40479108441284 1.1183364259970725
    vertex 113.73957907845636 145.36485273075644 29.141075542800188
    vertex 113.0069843436713 140.01426670219473 28.07095833708784
  endloop
endfacet
facet normal 0.991107207298954 -0.13048173921777967 -0.026096347843556005
  outer loop
    vertex 113.73957907845636 145.36485273075644 29.141075542800188
    vertex 113.0069843436713 145.40479108441284 1.1183364259970725
    vertex 113.73957907845636 150.75537711297454 2.188453631709422
  endloop
endfacet
facet normal 0.9211853827224342 -0.3815674789834821 -0.07631349579669663
  outer loop
    vertex 110.85912525982177 140.41883865143606 0.12114593940172085
    vertex 113.0069843436713 140.01426670219473 28.07095833708784
    vertex 110.85912525982177 135.02831426921796 27.073767850492487
  endloop
endfacet
facet normal 0.9211853827224342 -0.3815674789834821 -0.07631349579669663
  outer loop
    vertex 113.0069843436713 140.01426670219473 28.07095833708784
    vertex 110.85912525982177 140.41883865143606 0.12114593940172085
    vertex 113.0069843436713 145.40479108441284 1.1183364259970725
  endloop
endfacet
facet normal 0.7875377334005591 -0.6042989568900273 -0.12085979137800579
  outer loop
    vertex 107.44237487396711 136.13730423267572 -0.7351609443503478
    vertex 110.85912525982177 135.02831426921796 27.073767850492487
    vertex 107.44237487396711 130.7467798504576 26.217460966740425
  endloop
endfacet
facet normal 0.7875377334005591 -0.6042989568900273 -0.12085979137800579
  outer loop
    vertex 110.85912525982177 135.02831426921796 27.073767850492487
    vertex 107.44237487396711 136.13730423267572 -0.7351609443503478
    vertex 110.85912525982177 140.41883865143606 0.12114593940172085
  endloop
endfacet
facet normal 0.6012399525923379 -0.7835511613841837 -0.15671023227683717
  outer loop
    vertex 107.44237487396711 136.13730423267572 -0.7351609443503478
    vertex 102.98957907845634 127.46144294098201 25.56039358484529
    vertex 102.98957907845634 132.8519673232001 -1.3922283262454762
  endloop
endfacet
facet normal 0.6012399525923379 -0.7835511613841837 -0.15671023227683717
  outer loop
    vertex 102.98957907845634 127.46144294098201 25.56039358484529
    vertex 107.44237487396711 136.13730423267572 -0.7351609443503478
    vertex 107.44237487396711 130.7467798504576 26.217460966740425
  endloop
endfacet
facet normal 0.3763132791742339 -0.9085006222835255 -0.18170012445670555
  outer loop
    vertex 102.98957907845634 132.8519673232001 -1.3922283262454762
    vertex 97.80418854816054 125.3961938218959 25.14734376102806
    vertex 97.80418854816054 130.786718204114 -1.8052781500626973
  endloop
endfacet
facet normal 0.3763132791742339 -0.9085006222835255 -0.18170012445670555
  outer loop
    vertex 97.80418854816054 125.3961938218959 25.14734376102806
    vertex 102.98957907845634 132.8519673232001 -1.3922283262454762
    vertex 102.98957907845634 127.46144294098201 25.56039358484529
  endloop
endfacet
facet normal 0.12803341702986035 -0.9725103539708148 -0.19450207079416526
  outer loop
    vertex 92.23957907845634 129.69306783931643 0.0
    vertex 92.23957907845634 130.08230018989764 -1.9461617529059718
    vertex 97.80418854816054 130.786718204114 -1.8052781500626973
  endloop
endfacet
facet normal -0.12803341702986012 -0.9725103539708148 -0.19450207079416532
  outer loop
    vertex 92.23957907845634 129.69306783931643 0.0
    vertex 86.67496960875212 130.786718204114 -1.8052781500626973
    vertex 92.23957907845634 130.08230018989764 -1.9461617529059718
  endloop
endfacet
facet normal -0.3491666840532736 0.9188635470113172 0.18377270940219184
  outer loop
    vertex 96.4976080359896 128.05397723830674 25.678900444310244
    vertex 101.01211885306267 129.90526424573912 24.999999999999996
    vertex 96.4976080359896 128.18975732716873 24.999999999999996
  endloop
endfacet
facet normal -0.3491666840532736 0.9188635470113172 0.18377270940219184
  outer loop
    vertex 101.01211885306267 129.90526424573912 24.999999999999996
    vertex 96.4976080359896 128.05397723830674 25.678900444310244
    vertex 101.01211885306267 129.70350312154753 26.008805620958398
  endloop
endfacet
facet normal -0.5775053317656095 0.8005332308135829 0.16010664616267656
  outer loop
    vertex 101.01211885306267 129.70350312154753 26.008805620958398
    vertex 104.92879558180377 132.73075806234374 24.999999999999996
    vertex 101.01211885306267 129.90526424573912 24.999999999999996
  endloop
endfacet
facet normal -0.5775053317656095 0.8005332308135829 0.16010664616267656
  outer loop
    vertex 104.92879558180377 132.73075806234374 24.999999999999996
    vertex 101.01211885306267 129.70350312154753 26.008805620958398
    vertex 104.92879558180377 132.42032409905192 26.552169816459287
  endloop
endfacet
facet normal -0.7689016848589518 0.6269509542689298 0.12539019085376624
  outer loop
    vertex 107.9807231757635 136.019293310962 27.271963658841297
    vertex 104.92879558180377 132.73075806234374 24.999999999999996
    vertex 104.92879558180377 132.42032409905192 26.552169816459287
  endloop
endfacet
facet normal -0.7689016848589518 0.6269509542689298 0.12539019085376624
  outer loop
    vertex 104.92879558180377 132.73075806234374 24.999999999999996
    vertex 107.9807231757635 136.019293310962 27.271963658841297
    vertex 107.9807231757635 136.4736860427302 24.999999999999996
  endloop
endfacet
facet normal -0.9091195172478581 0.4084465214959454 0.0816893042991795
  outer loop
    vertex 109.95991781296232 140.25514695306387 28.11913438726169
    vertex 107.9807231757635 136.4736860427302 24.999999999999996
    vertex 107.9807231757635 136.019293310962 27.271963658841297
  endloop
endfacet
facet normal -0.9091195172478581 0.4084465214959454 0.0816893042991795
  outer loop
    vertex 107.9807231757635 136.4736860427302 24.999999999999996
    vertex 109.95991781296232 140.25514695306387 28.11913438726169
    vertex 109.95991781296232 140.87897383051614 24.999999999999996
  endloop
endfacet
facet normal -0.9866514280134397 0.15968406186737055 0.03193681237347145
  outer loop
    vertex 110.73150064964892 144.83921859972747 29.035948716594394
    vertex 109.95991781296232 140.87897383051614 24.999999999999996
    vertex 109.95991781296232 140.25514695306387 28.11913438726169
  endloop
endfacet
facet normal -0.9866514280134397 0.15968406186737055 0.03193681237347145
  outer loop
    vertex 109.95991781296232 140.87897383051614 24.999999999999996
    vertex 110.73150064964892 144.83921859972747 29.035948716594394
    vertex 110.73150064964892 145.64640834304632 24.999999999999996
  endloop
endfacet
facet normal -0.9946652590572627 -0.10115212469986366 -0.02023042493997276
  outer loop
    vertex 110.24288959060405 149.4591113437692 29.959927265402754
    vertex 110.6759083093801 146.19306783931643 24.999999999999996
    vertex 110.6759083093801 145.36485273075644 29.141075542800188
  endloop
endfacet
facet normal -0.9946652590572627 -0.10115212469986366 -0.02023042493997276
  outer loop
    vertex 110.6759083093801 146.19306783931643 24.999999999999996
    vertex 110.73150064964892 150.22974298194558 2.083326805503629
    vertex 110.73150064964892 145.64640834304632 24.999999999999996
  endloop
endfacet
facet normal -0.9946652590572627 -0.10115212469986366 -0.02023042493997276
  outer loop
    vertex 110.73150064964892 150.22974298194558 2.083326805503629
    vertex 110.6759083093801 146.19306783931643 24.999999999999996
    vertex 110.24288959060405 149.4591113437692 29.959927265402754
  endloop
endfacet
facet normal -0.9946652590572627 -0.10115212469986366 -0.02023042493997276
  outer loop
    vertex 110.73150064964892 150.22974298194558 2.083326805503629
    vertex 110.24288959060405 149.4591113437692 29.959927265402754
    vertex 110.24288959060405 154.8496357259873 3.0073053543119825
  endloop
endfacet
facet normal -0.9324339699321975 -0.35432342314462517 -0.07086468462892459
  outer loop
    vertex 108.52738267203362 153.7999871294164 30.82810242253219
    vertex 110.24288959060405 154.8496357259873 3.0073053543119825
    vertex 110.24288959060405 149.4591113437692 29.959927265402754
  endloop
endfacet
facet normal -0.9324339699321975 -0.35432342314462517 -0.07086468462892459
  outer loop
    vertex 110.24288959060405 154.8496357259873 3.0073053543119825
    vertex 108.52738267203362 153.7999871294164 30.82810242253219
    vertex 108.52738267203362 159.1905115116345 3.875480511441421
  endloop
endfacet
facet normal -0.8054998053853615 -0.5810882227505306 -0.11621764455010536
  outer loop
    vertex 105.70188885542905 157.5660224455136 31.58130948575162
    vertex 108.52738267203362 159.1905115116345 3.875480511441421
    vertex 108.52738267203362 153.7999871294164 30.82810242253219
  endloop
endfacet
facet normal -0.8054998053853615 -0.5810882227505306 -0.11621764455010536
  outer loop
    vertex 108.52738267203362 159.1905115116345 3.875480511441421
    vertex 105.70188885542905 157.5660224455136 31.58130948575162
    vertex 105.70188885542905 162.9565468277317 4.628687574660858
  endloop
endfacet
facet normal -0.6244811158889437 -0.7658726394786664 -0.15317452789573205
  outer loop
    vertex 105.70188885542905 157.5660224455136 31.58130948575162
    vertex 103.83042109693672 164.42380988132513 4.922141325138072
    vertex 105.70188885542905 162.9565468277317 4.628687574660858
  endloop
endfacet
facet normal -0.6244811158889437 -0.7658726394786664 -0.15317452789573205
  outer loop
    vertex 103.83042109693672 164.42380988132513 4.922141325138072
    vertex 105.70188885542905 157.5660224455136 31.58130948575162
    vertex 103.83042486523583 159.033295327225 31.874764062093906
  endloop
endfacet
facet normal 0.7689016848589523 -0.6269509542689254 -0.1253901908537841
  outer loop
    vertex 76.49843498114919 160.100936532769 4.057565515668317
    vertex 78.02439877812905 156.50989675650595 31.370084347950094
    vertex 76.49843498114919 154.7104121505509 31.01018742675908
  endloop
endfacet
facet normal 0.7689016848589523 -0.6269509542689254 -0.1253901908537841
  outer loop
    vertex 78.02439877812905 156.50989675650595 31.370084347950094
    vertex 76.49843498114919 160.100936532769 4.057565515668317
    vertex 78.02439500982995 161.90041131060607 4.41746161099426
  endloop
endfacet
facet normal 0.9091195172478568 -0.40844652149594657 -0.08168930429918886
  outer loop
    vertex 74.51924034395036 155.86508289066714 3.2103947872479446
    vertex 76.49843498114919 154.7104121505509 31.01018742675908
    vertex 74.51924034395036 150.474558508449 30.163016698338716
  endloop
endfacet
facet normal 0.9091195172478568 -0.40844652149594657 -0.08168930429918886
  outer loop
    vertex 76.49843498114919 154.7104121505509 31.01018742675908
    vertex 74.51924034395036 155.86508289066714 3.2103947872479446
    vertex 76.49843498114919 160.100936532769 4.057565515668317
  endloop
endfacet
facet normal 0.9866514280134397 -0.1596840618673688 -0.031936812373473594
  outer loop
    vertex 73.74765750726377 151.28101124400354 2.2935804579152204
    vertex 74.51924034395036 150.474558508449 30.163016698338716
    vertex 73.74765750726377 145.89048686178543 29.246202369005985
  endloop
endfacet
facet normal 0.9866514280134397 -0.1596840618673688 -0.031936812373473594
  outer loop
    vertex 74.51924034395036 150.474558508449 30.163016698338716
    vertex 73.74765750726377 151.28101124400354 2.2935804579152204
    vertex 74.51924034395036 155.86508289066714 3.2103947872479446
  endloop
endfacet
facet normal 0.9946652590572629 0.10115212469986223 0.020230424939972326
  outer loop
    vertex 74.23626856630862 146.66111849996182 1.36960190910687
    vertex 73.80324984753257 145.36485273075644 29.141075542800188
    vertex 74.23626856630862 141.2705941177437 28.32222382019764
  endloop
endfacet
facet normal 0.9946652590572629 0.10115212469986223 0.020230424939972326
  outer loop
    vertex 73.80324984753257 145.36485273075644 29.141075542800188
    vertex 74.23626856630862 146.66111849996182 1.36960190910687
    vertex 73.74765750726377 145.89048686178543 29.246202369005985
  endloop
endfacet
facet normal 0.9946652590572629 0.10115212469986223 0.020230424939972326
  outer loop
    vertex 73.74765750726377 145.89048686178543 29.246202369005985
    vertex 74.23626856630862 146.66111849996182 1.36960190910687
    vertex 73.74765750726377 151.28101124400354 2.2935804579152204
  endloop
endfacet
facet normal 0.9324339699321983 0.35432342314462273 0.07086468462892428
  outer loop
    vertex 75.95177548487904 142.32024271431462 0.5014267519774318
    vertex 74.23626856630862 141.2705941177437 28.32222382019764
    vertex 75.95177548487904 136.9297183320965 27.4540486630682
  endloop
endfacet
facet normal 0.9324339699321983 0.35432342314462273 0.07086468462892428
  outer loop
    vertex 74.23626856630862 141.2705941177437 28.32222382019764
    vertex 75.95177548487904 142.32024271431462 0.5014267519774318
    vertex 74.23626856630862 146.66111849996182 1.36960190910687
  endloop
endfacet
facet normal 0.8054998053853588 0.5810882227505344 0.11621764455010647
  outer loop
    vertex 78.77726930148363 138.55420739821741 -0.25178031124200795
    vertex 75.95177548487904 136.9297183320965 27.4540486630682
    vertex 78.77726930148363 133.1636830159993 26.70084159984877
  endloop
endfacet
facet normal 0.8054998053853588 0.5810882227505344 0.11621764455010647
  outer loop
    vertex 75.95177548487904 136.9297183320965 27.4540486630682
    vertex 78.77726930148363 138.55420739821741 -0.25178031124200795
    vertex 75.95177548487904 142.32024271431462 0.5014267519774318
  endloop
endfacet
facet normal 0.6244811158889485 0.7658726394786626 0.15317452789573188
  outer loop
    vertex 78.77726930148363 138.55420739821741 -0.25178031124200795
    vertex 82.5201972818701 130.2291372525765 26.113932447164192
    vertex 82.5201972818701 135.6196616347946 -0.8386894639265724
  endloop
endfacet
facet normal 0.6244811158889485 0.7658726394786626 0.15317452789573188
  outer loop
    vertex 82.5201972818701 130.2291372525765 26.113932447164192
    vertex 78.77726930148363 138.55420739821741 -0.25178031124200795
    vertex 78.77726930148363 133.1636830159993 26.70084159984877
  endloop
endfacet
facet normal 0.403162077966902 0.8973574125482009 0.17947148250963943
  outer loop
    vertex 82.5201972818701 135.6196616347946 -0.8386894639265724
    vertex 86.92548506965606 128.32606548603917 25.733318093856724
    vertex 86.92548506965606 133.71658986825727 -1.2193038172340387
  endloop
endfacet
facet normal 0.403162077966902 0.8973574125482009 0.17947148250963943
  outer loop
    vertex 86.92548506965606 128.32606548603917 25.733318093856724
    vertex 82.5201972818701 135.6196616347946 -0.8386894639265724
    vertex 82.5201972818701 130.2291372525765 26.113932447164192
  endloop
endfacet
facet normal 0.15673997789675906 0.9684606040838352 0.1936921208167664
  outer loop
    vertex 86.92548506965606 133.71658986825727 -1.2193038172340387
    vertex 91.69291958218619 127.58415891230206 25.584936779109302
    vertex 91.69291958218619 132.97468329452016 -1.3676851319814636
  endloop
endfacet
facet normal 0.15673997789675906 0.9684606040838352 0.1936921208167664
  outer loop
    vertex 91.69291958218619 127.58415891230206 25.584936779109302
    vertex 86.92548506965606 133.71658986825727 -1.2193038172340387
    vertex 86.92548506965606 128.32606548603917 25.733318093856724
  endloop
endfacet
facet normal -0.09922765671606737 0.9757412725238097 0.19514825450476134
  outer loop
    vertex 91.69291958218619 127.58415891230206 25.584936779109302
    vertex 92.23957907845634 133.02813746785557 -1.3569942973143858
    vertex 91.69291958218619 132.97468329452016 -1.3676851319814636
  endloop
endfacet
facet normal -0.09922765671606737 0.9757412725238097 0.19514825450476134
  outer loop
    vertex 92.23957907845634 133.02813746785557 -1.3569942973143858
    vertex 91.69291958218619 127.58415891230206 25.584936779109302
    vertex 96.4976080359896 133.44450162052485 -1.2737214667805277
  endloop
endfacet
facet normal -0.09922765671606737 0.9757412725238097 0.19514825450476134
  outer loop
    vertex 96.4976080359896 133.44450162052485 -1.2737214667805277
    vertex 91.69291958218619 127.58415891230206 25.584936779109302
    vertex 96.4976080359896 128.18975732716873 24.999999999999996
  endloop
endfacet
facet normal -0.09922765671606737 0.9757412725238097 0.19514825450476134
  outer loop
    vertex 96.4976080359896 128.18975732716873 24.999999999999996
    vertex 91.69291958218619 127.58415891230206 25.584936779109302
    vertex 96.4976080359896 128.05397723830674 25.678900444310244
  endloop
endfacet
facet normal -0.9946652590572611 -0.10115212469987875 -0.02023042493997431
  outer loop
    vertex 110.6759083093801 145.36485273075644 29.141075542800188
    vertex 110.73150064964892 145.64640834304632 24.999999999999996
    vertex 110.73150064964892 144.83921859972747 29.035948716594394
  endloop
endfacet
facet normal -0.9946652590572611 -0.10115212469987875 -0.02023042493997431
  outer loop
    vertex 110.73150064964892 145.64640834304632 24.999999999999996
    vertex 110.6759083093801 145.36485273075644 29.141075542800188
    vertex 110.6759083093801 146.19306783931643 24.999999999999996
  endloop
endfacet
facet normal -4.389762364225069e-17 0.9805806756909201 0.19611613513818454
  outer loop
    vertex 92.23957907845634 124.69306783931643 24.999999999999996
    vertex 97.23957907845634 129.69306783931643 0.0
    vertex 92.23957907845634 129.69306783931643 0.0
  endloop
endfacet
facet normal -4.389762364225069e-17 0.9805806756909201 0.19611613513818454
  outer loop
    vertex 97.23957907845634 129.69306783931643 0.0
    vertex 92.23957907845634 124.69306783931643 24.999999999999996
    vertex 97.23957907845634 124.69306783931643 24.999999999999996
  endloop
endfacet
facet normal -0.3491666840532712 0.9188635470113041 0.1837727094022615
  outer loop
    vertex 96.4976080359896 128.18975732716873 24.999999999999996
    vertex 101.01211885306267 135.09402750376563 -0.9438162901323709
    vertex 96.4976080359896 133.44450162052485 -1.2737214667805277
  endloop
endfacet
facet normal -0.3491666840532712 0.9188635470113041 0.1837727094022615
  outer loop
    vertex 101.01211885306267 135.09402750376563 -0.9438162901323709
    vertex 96.4976080359896 128.18975732716873 24.999999999999996
    vertex 101.01211885306267 129.90526424573912 24.999999999999996
  endloop
endfacet
facet normal -0.5775053317656075 0.8005332308135763 0.16010664616271583
  outer loop
    vertex 101.01211885306267 129.90526424573912 24.999999999999996
    vertex 104.92879558180377 137.81084848127003 -0.4004520946314838
    vertex 101.01211885306267 135.09402750376563 -0.9438162901323709
  endloop
endfacet
facet normal -0.5775053317656075 0.8005332308135763 0.16010664616271583
  outer loop
    vertex 104.92879558180377 137.81084848127003 -0.4004520946314838
    vertex 101.01211885306267 129.90526424573912 24.999999999999996
    vertex 104.92879558180377 132.73075806234374 24.999999999999996
  endloop
endfacet
facet normal -0.7689016848589508 0.6269509542689268 0.12539019085378572
  outer loop
    vertex 107.9807231757635 136.4736860427302 24.999999999999996
    vertex 104.92879558180377 137.81084848127003 -0.4004520946314838
    vertex 104.92879558180377 132.73075806234374 24.999999999999996
  endloop
endfacet
facet normal -0.7689016848589508 0.6269509542689268 0.12539019085378572
  outer loop
    vertex 104.92879558180377 137.81084848127003 -0.4004520946314838
    vertex 107.9807231757635 136.4736860427302 24.999999999999996
    vertex 107.9807231757635 141.40981769318012 0.31934174775052937
  endloop
endfacet
facet normal -0.9091195172478574 0.40844652149594446 0.08168930429918912
  outer loop
    vertex 109.95991781296232 140.87897383051614 24.999999999999996
    vertex 107.9807231757635 141.40981769318012 0.31934174775052937
    vertex 107.9807231757635 136.4736860427302 24.999999999999996
  endloop
endfacet
facet normal -0.9091195172478574 0.40844652149594446 0.08168930429918912
  outer loop
    vertex 107.9807231757635 141.40981769318012 0.31934174775052937
    vertex 109.95991781296232 140.87897383051614 24.999999999999996
    vertex 109.95991781296232 145.64567133528197 1.1665124761709078
  endloop
endfacet
facet normal -0.9866514280134395 0.15968406186737025 0.03193681237347413
  outer loop
    vertex 110.73150064964892 145.64640834304632 24.999999999999996
    vertex 109.95991781296232 145.64567133528197 1.1665124761709078
    vertex 109.95991781296232 140.87897383051614 24.999999999999996
  endloop
endfacet
facet normal -0.9866514280134395 0.15968406186737025 0.03193681237347413
  outer loop
    vertex 109.95991781296232 145.64567133528197 1.1665124761709078
    vertex 110.73150064964892 145.64640834304632 24.999999999999996
    vertex 110.73150064964892 150.22974298194558 2.083326805503629
  endloop
endfacet
facet normal 2.617386783436493e-18 -0.20510033292314986 0.978740953181593
  outer loop
    vertex 97.80418854816054 125.3961938218959 25.14734376102806
    vertex 92.23957907845634 124.69306783931643 24.999999999999996
    vertex 97.23957907845634 124.69306783931643 24.999999999999996
  endloop
endfacet
facet normal 0.0 -0.20510033292314983 0.978740953181593
  outer loop
    vertex 92.23957907845634 124.69306783931643 24.999999999999996
    vertex 86.67496960875212 125.3961938218959 25.14734376102806
    vertex 87.23957907845633 124.69306783931643 24.999999999999996
  endloop
endfacet
facet normal -0.7862240706106473 -0.6059415042156933 -0.12118830084313822
  outer loop
    vertex 86.67496960875212 125.3961938218959 25.14734376102806
    vertex 87.23957907845633 129.69306783931643 0.0
    vertex 87.23957907845633 124.69306783931643 24.999999999999996
  endloop
endfacet
facet normal -0.7862240706106473 -0.6059415042156933 -0.12118830084313822
  outer loop
    vertex 87.23957907845633 129.69306783931643 0.0
    vertex 86.67496960875212 125.3961938218959 25.14734376102806
    vertex 86.67496960875212 130.786718204114 -1.8052781500626973
  endloop
endfacet
facet normal 0.7862240706106531 -0.6059415042156859 -0.12118830084313675
  outer loop
    vertex 97.23957907845634 129.69306783931643 0.0
    vertex 97.80418854816054 125.3961938218959 25.14734376102806
    vertex 97.23957907845634 124.69306783931643 24.999999999999996
  endloop
endfacet
facet normal 0.7862240706106531 -0.6059415042156859 -0.12118830084313675
  outer loop
    vertex 97.80418854816054 125.3961938218959 25.14734376102806
    vertex 97.23957907845634 129.69306783931643 0.0
    vertex 97.80418854816054 130.786718204114 -1.8052781500626973
  endloop
endfacet
facet normal 0.1280334170298665 -0.9725103539708145 -0.1945020707941622
  outer loop
    vertex 97.80418854816054 125.3961938218959 25.14734376102806
    vertex 92.23957907845634 129.69306783931643 0.0
    vertex 97.80418854816054 130.786718204114 -1.8052781500626973
  endloop
endfacet
facet normal 0.1280334170298665 -0.9725103539708145 -0.1945020707941622
  outer loop
    vertex 92.23957907845634 129.69306783931643 0.0
    vertex 97.80418854816054 125.3961938218959 25.14734376102806
    vertex 92.23957907845634 124.69306783931643 24.999999999999996
  endloop
endfacet
facet normal 0.0 -0.8552939141570003 -0.5181431466361375
  outer loop
    vertex 92.23957907845634 129.69306783931643 0.0
    vertex 97.80418854816054 130.786718204114 -1.8052781500626973
    vertex 97.23957907845634 129.69306783931643 0.0
  endloop
endfacet
facet normal -0.12803341702986631 -0.9725103539708145 -0.19450207079416224
  outer loop
    vertex 92.23957907845634 129.69306783931643 0.0
    vertex 86.67496960875212 125.3961938218959 25.14734376102806
    vertex 86.67496960875212 130.786718204114 -1.8052781500626973
  endloop
endfacet
facet normal -0.12803341702986631 -0.9725103539708145 -0.19450207079416224
  outer loop
    vertex 86.67496960875212 125.3961938218959 25.14734376102806
    vertex 92.23957907845634 129.69306783931643 0.0
    vertex 92.23957907845634 124.69306783931643 24.999999999999996
  endloop
endfacet
facet normal -2.2206163954441542e-17 -0.8552939141570003 -0.5181431466361375
  outer loop
    vertex 87.23957907845633 129.69306783931643 0.0
    vertex 86.67496960875212 130.786718204114 -1.8052781500626973
    vertex 92.23957907845634 129.69306783931643 0.0
  endloop
endfacet
facet normal 5.765030727012922e-07 -0.1961359002971971 0.9805767224517802
  outer loop
    vertex 71.47217381324135 140.01426670219473 28.070958337087855
    vertex 71.47217381324137 150.71543875931818 30.21119274851255
    vertex 70.73957907845633 145.36485273075644 29.141075542800188
  endloop
endfacet
facet normal 5.765030727012922e-07 -0.1961359002971971 0.9805767224517802
  outer loop
    vertex 71.47217381324137 150.71543875931818 30.21119274851255
    vertex 71.47217381324135 140.01426670219473 28.070958337087855
    vertex 73.6200328970909 135.028314269218 27.073767850492498
  endloop
endfacet
facet normal 5.765030727012922e-07 -0.1961359002971971 0.9805767224517802
  outer loop
    vertex 71.47217381324137 150.71543875931818 30.21119274851255
    vertex 73.6200328970909 135.028314269218 27.073767850492498
    vertex 73.62003289709091 155.70139119229492 31.208383235107892
  endloop
endfacet
facet normal 5.765030727012922e-07 -0.1961359002971971 0.9805767224517802
  outer loop
    vertex 73.62003289709091 155.70139119229492 31.208383235107892
    vertex 73.6200328970909 135.028314269218 27.073767850492498
    vertex 73.74765750726377 145.89048686178543 29.246202369005985
  endloop
endfacet
facet normal 5.765030727012922e-07 -0.1961359002971971 0.9805767224517802
  outer loop
    vertex 73.74765750726377 145.89048686178543 29.246202369005985
    vertex 73.6200328970909 135.028314269218 27.073767850492498
    vertex 73.80324984753257 145.36485273075644 29.141075542800188
  endloop
endfacet
facet normal 5.765030727012922e-07 -0.1961359002971971 0.9805767224517802
  outer loop
    vertex 73.80324984753257 145.36485273075644 29.141075542800188
    vertex 73.6200328970909 135.028314269218 27.073767850492498
    vertex 74.23626856630862 141.2705941177437 28.32222382019764
  endloop
endfacet
facet normal 5.765030727012922e-07 -0.1961359002971971 0.9805767224517802
  outer loop
    vertex 74.23626856630862 141.2705941177437 28.32222382019764
    vertex 73.6200328970909 135.028314269218 27.073767850492498
    vertex 77.03678328294556 130.74677985045764 26.217460966740425
  endloop
endfacet
facet normal 5.765030727012922e-07 -0.1961359002971971 0.9805767224517802
  outer loop
    vertex 74.23626856630862 141.2705941177437 28.32222382019764
    vertex 77.03678328294556 130.74677985045764 26.217460966740425
    vertex 75.95177548487904 136.9297183320965 27.4540486630682
  endloop
endfacet
facet normal 5.765030727012922e-07 -0.1961359002971971 0.9805767224517802
  outer loop
    vertex 75.95177548487904 136.9297183320965 27.4540486630682
    vertex 77.03678328294556 130.74677985045764 26.217460966740425
    vertex 78.77726930148363 133.1636830159993 26.70084159984877
  endloop
endfacet
facet normal 5.765030727012922e-07 -0.1961359002971971 0.9805767224517802
  outer loop
    vertex 78.77726930148363 133.1636830159993 26.70084159984877
    vertex 77.03678328294556 130.74677985045764 26.217460966740425
    vertex 81.48957907845633 127.46144294098201 25.56039358484529
  endloop
endfacet
facet normal 5.765030727012922e-07 -0.1961359002971971 0.9805767224517802
  outer loop
    vertex 78.77726930148363 133.1636830159993 26.70084159984877
    vertex 81.48957907845633 127.46144294098201 25.56039358484529
    vertex 82.5201972818701 130.2291372525765 26.113932447164192
  endloop
endfacet
facet normal 5.765030727012922e-07 -0.1961359002971971 0.9805767224517802
  outer loop
    vertex 82.5201972818701 130.2291372525765 26.113932447164192
    vertex 81.48957907845633 127.46144294098201 25.56039358484529
    vertex 86.67496960875212 125.3961938218959 25.14734376102806
  endloop
endfacet
facet normal 5.765030727012922e-07 -0.1961359002971971 0.9805767224517802
  outer loop
    vertex 82.5201972818701 130.2291372525765 26.113932447164192
    vertex 86.67496960875212 125.3961938218959 25.14734376102806
    vertex 86.92548506965606 128.32606548603917 25.733318093856724
  endloop
endfacet
facet normal 5.765030727012922e-07 -0.1961359002971971 0.9805767224517802
  outer loop
    vertex 86.92548506965606 128.32606548603917 25.733318093856724
    vertex 86.67496960875212 125.3961938218959 25.14734376102806
    vertex 92.23957907845634 124.69306783931643 24.999999999999996
  endloop
endfacet
facet normal 5.765030727012922e-07 -0.1961359002971971 0.9805767224517802
  outer loop
    vertex 86.92548506965606 128.32606548603917 25.733318093856724
    vertex 92.23957907845634 124.69306783931643 24.999999999999996
    vertex 91.69291958218619 127.58415891230206 25.584936779109302
  endloop
endfacet
facet normal 5.765030727012922e-07 -0.1961359002971971 0.9805767224517802
  outer loop
    vertex 91.69291958218619 127.58415891230206 25.584936779109302
    vertex 92.23957907845634 124.69306783931643 24.999999999999996
    vertex 96.4976080359896 128.05397723830674 25.678900444310244
  endloop
endfacet
facet normal 5.765030727012922e-07 -0.1961359002971971 0.9805767224517802
  outer loop
    vertex 96.4976080359896 128.05397723830674 25.678900444310244
    vertex 92.23957907845634 124.69306783931643 24.999999999999996
    vertex 97.80418854816054 125.3961938218959 25.14734376102806
  endloop
endfacet
facet normal 5.765030727012922e-07 -0.1961359002971971 0.9805767224517802
  outer loop
    vertex 96.4976080359896 128.05397723830674 25.678900444310244
    vertex 97.80418854816054 125.3961938218959 25.14734376102806
    vertex 101.01211885306267 129.70350312154753 26.008805620958398
  endloop
endfacet
facet normal 5.765030727012922e-07 -0.1961359002971971 0.9805767224517802
  outer loop
    vertex 101.01211885306267 129.70350312154753 26.008805620958398
    vertex 97.80418854816054 125.3961938218959 25.14734376102806
    vertex 102.98957907845634 127.46144294098201 25.56039358484529
  endloop
endfacet
facet normal 5.765030727012922e-07 -0.1961359002971971 0.9805767224517802
  outer loop
    vertex 101.01211885306267 129.70350312154753 26.008805620958398
    vertex 102.98957907845634 127.46144294098201 25.56039358484529
    vertex 104.92879558180377 132.42032409905192 26.552169816459287
  endloop
endfacet
facet normal 5.765030727012922e-07 -0.1961359002971971 0.9805767224517802
  outer loop
    vertex 104.92879558180377 132.42032409905192 26.552169816459287
    vertex 102.98957907845634 127.46144294098201 25.56039358484529
    vertex 107.44237487396711 130.7467798504576 26.217460966740425
  endloop
endfacet
facet normal 5.765030727012922e-07 -0.1961359002971971 0.9805767224517802
  outer loop
    vertex 104.92879558180377 132.42032409905192 26.552169816459287
    vertex 107.44237487396711 130.7467798504576 26.217460966740425
    vertex 107.9807231757635 136.019293310962 27.271963658841297
  endloop
endfacet
facet normal 5.765030727012922e-07 -0.1961359002971971 0.9805767224517802
  outer loop
    vertex 107.9807231757635 136.019293310962 27.271963658841297
    vertex 107.44237487396711 130.7467798504576 26.217460966740425
    vertex 110.85912525982177 135.02831426921796 27.073767850492487
  endloop
endfacet
facet normal 5.765030727012922e-07 -0.1961359002971971 0.9805767224517802
  outer loop
    vertex 107.9807231757635 136.019293310962 27.271963658841297
    vertex 110.85912525982177 135.02831426921796 27.073767850492487
    vertex 109.95991781296232 140.25514695306387 28.11913438726169
  endloop
endfacet
facet normal 5.765030727012922e-07 -0.1961359002971971 0.9805767224517802
  outer loop
    vertex 109.95991781296232 140.25514695306387 28.11913438726169
    vertex 110.85912525982177 135.02831426921796 27.073767850492487
    vertex 110.73150064964892 144.83921859972747 29.035948716594394
  endloop
endfacet
facet normal 5.765030727012922e-07 -0.1961359002971971 0.9805767224517802
  outer loop
    vertex 105.70188885542905 157.5660224455136 31.58130948575162
    vertex 105.21597697621172 161.62559406579308 32.39322380980753
    vertex 103.83042486523583 159.033295327225 31.874764062093906
  endloop
endfacet
facet normal 5.765030727012922e-07 -0.1961359002971971 0.9805767224517802
  outer loop
    vertex 105.21597697621172 161.62559406579308 32.39322380980753
    vertex 105.70188885542905 157.5660224455136 31.58130948575162
    vertex 107.44237487396711 159.9829256110553 32.064690118859964
  endloop
endfacet
facet normal 5.765030727012922e-07 -0.1961359002971971 0.9805767224517802
  outer loop
    vertex 107.44237487396711 159.9829256110553 32.064690118859964
    vertex 105.70188885542905 157.5660224455136 31.58130948575162
    vertex 108.52738267203362 153.7999871294164 30.82810242253219
  endloop
endfacet
facet normal 5.765030727012922e-07 -0.1961359002971971 0.9805767224517802
  outer loop
    vertex 107.44237487396711 159.9829256110553 32.064690118859964
    vertex 108.52738267203362 153.7999871294164 30.82810242253219
    vertex 110.85912525982178 155.70139119229492 31.208383235107878
  endloop
endfacet
facet normal 5.765030727012922e-07 -0.1961359002971971 0.9805767224517802
  outer loop
    vertex 110.85912525982178 155.70139119229492 31.208383235107878
    vertex 108.52738267203362 153.7999871294164 30.82810242253219
    vertex 110.24288959060405 149.4591113437692 29.959927265402754
  endloop
endfacet
facet normal 5.765030727012922e-07 -0.1961359002971971 0.9805767224517802
  outer loop
    vertex 110.85912525982178 155.70139119229492 31.208383235107878
    vertex 110.24288959060405 149.4591113437692 29.959927265402754
    vertex 110.6759083093801 145.36485273075644 29.141075542800188
  endloop
endfacet
facet normal 5.765030727012922e-07 -0.1961359002971971 0.9805767224517802
  outer loop
    vertex 110.85912525982178 155.70139119229492 31.208383235107878
    vertex 110.6759083093801 145.36485273075644 29.141075542800188
    vertex 110.73150064964892 144.83921859972747 29.035948716594394
  endloop
endfacet
facet normal 5.765030727012922e-07 -0.1961359002971971 0.9805767224517802
  outer loop
    vertex 110.85912525982178 155.70139119229492 31.208383235107878
    vertex 110.73150064964892 144.83921859972747 29.035948716594394
    vertex 110.85912525982177 135.02831426921796 27.073767850492487
  endloop
endfacet
facet normal 5.765030727012922e-07 -0.1961359002971971 0.9805767224517802
  outer loop
    vertex 110.85912525982178 155.70139119229492 31.208383235107878
    vertex 110.85912525982177 135.02831426921796 27.073767850492487
    vertex 113.0069843436713 140.01426670219473 28.07095833708784
  endloop
endfacet
facet normal 5.765030727012922e-07 -0.1961359002971971 0.9805767224517802
  outer loop
    vertex 110.85912525982178 155.70139119229492 31.208383235107878
    vertex 113.0069843436713 140.01426670219473 28.07095833708784
    vertex 113.0069843436713 150.71543875931818 30.211192748512534
  endloop
endfacet
facet normal 5.765030727012922e-07 -0.1961359002971971 0.9805767224517802
  outer loop
    vertex 113.0069843436713 150.71543875931818 30.211192748512534
    vertex 113.0069843436713 140.01426670219473 28.07095833708784
    vertex 113.73957907845636 145.36485273075644 29.141075542800188
  endloop
endfacet
facet normal 5.765030727012922e-07 -0.1961359002971971 0.9805767224517802
  outer loop
    vertex 73.74765750726377 145.89048686178543 29.246202369005985
    vertex 75.74707601828764 158.36678795460296 31.741482244845496
    vertex 73.62003289709091 155.70139119229492 31.208383235107892
  endloop
endfacet
facet normal 5.765030727012922e-07 -0.1961359002971971 0.9805767224517802
  outer loop
    vertex 75.74707601828764 158.36678795460296 31.741482244845496
    vertex 73.74765750726377 145.89048686178543 29.246202369005985
    vertex 74.51924034395036 150.474558508449 30.163016698338716
  endloop
endfacet
facet normal 5.765030727012922e-07 -0.1961359002971971 0.9805767224517802
  outer loop
    vertex 75.74707601828764 158.36678795460296 31.741482244845496
    vertex 74.51924034395036 150.474558508449 30.163016698338716
    vertex 76.49843498114919 154.7104121505509 31.01018742675908
  endloop
endfacet
facet normal 5.765030727012922e-07 -0.1961359002971971 0.9805767224517802
  outer loop
    vertex 75.74707601828764 158.36678795460296 31.741482244845496
    vertex 76.49843498114919 154.7104121505509 31.01018742675908
    vertex 78.02439877812905 156.50989675650595 31.370084347950094
  endloop
endfacet
facet normal -0.8857226905610343 0.4552000021209822 0.09103995548318662
  outer loop
    vertex 105.21597697621172 161.62559406579308 32.39322380980753
    vertex 103.83042109693672 164.42380988132513 4.922141325138072
    vertex 103.83042486523583 159.033295327225 31.874764062093906
  endloop
endfacet
facet normal -0.8857226905610343 0.4552000021209822 0.09103995548318662
  outer loop
    vertex 103.83042109693672 164.42380988132513 4.922141325138072
    vertex 105.21597697621172 161.62559406579308 32.39322380980753
    vertex 105.21597320791261 167.01610861989323 5.440601072851698
  endloop
endfacet
facet normal 0.6393670299727845 0.7539702046323785 0.15079367198390614
  outer loop
    vertex 75.74707224998855 163.7573025087031 4.788859507889665
    vertex 78.02439877812905 156.50989675650595 31.370084347950094
    vertex 78.02439500982995 161.90041131060607 4.41746161099426
  endloop
endfacet
facet normal 0.6393670299727845 0.7539702046323785 0.15079367198390614
  outer loop
    vertex 78.02439877812905 156.50989675650595 31.370084347950094
    vertex 75.74707224998855 163.7573025087031 4.788859507889665
    vertex 75.74707601828764 158.36678795460296 31.741482244845496
  endloop
endfacet
facet normal -3.867167962685671e-08 0.19611620772990793 -0.9805806611725718
  outer loop
    vertex 75.74707224998855 163.7573025087031 4.788859507889665
    vertex 73.74765750726377 151.28101124400354 2.2935804579152204
    vertex 73.62003289709091 161.09191557451305 4.25576132401712
  endloop
endfacet
facet normal -3.867167962685671e-08 0.19611620772990793 -0.9805806611725718
  outer loop
    vertex 73.74765750726377 151.28101124400354 2.2935804579152204
    vertex 75.74707224998855 163.7573025087031 4.788859507889665
    vertex 74.51924034395036 155.86508289066714 3.2103947872479446
  endloop
endfacet
facet normal -3.867167962685671e-08 0.19611620772990793 -0.9805806611725718
  outer loop
    vertex 74.51924034395036 155.86508289066714 3.2103947872479446
    vertex 75.74707224998855 163.7573025087031 4.788859507889665
    vertex 76.49843498114919 160.100936532769 4.057565515668317
  endloop
endfacet
facet normal -3.867167962685671e-08 0.19611620772990793 -0.9805806611725718
  outer loop
    vertex 76.49843498114919 160.100936532769 4.057565515668317
    vertex 75.74707224998855 163.7573025087031 4.788859507889665
    vertex 78.02439500982995 161.90041131060607 4.41746161099426
  endloop
endfacet
facet normal -3.867167962685671e-08 0.19611620772990793 -0.9805806611725718
  outer loop
    vertex 105.21597320791261 167.01610861989323 5.440601072851698
    vertex 105.70188885542905 162.9565468277317 4.628687574660858
    vertex 103.83042109693672 164.42380988132513 4.922141325138072
  endloop
endfacet
facet normal -3.867167962685671e-08 0.19611620772990793 -0.9805806611725718
  outer loop
    vertex 105.70188885542905 162.9565468277317 4.628687574660858
    vertex 105.21597320791261 167.01610861989323 5.440601072851698
    vertex 107.44237487396711 165.3734499932734 5.112068207769195
  endloop
endfacet
facet normal -3.867167962685671e-08 0.19611620772990793 -0.9805806611725718
  outer loop
    vertex 105.70188885542905 162.9565468277317 4.628687574660858
    vertex 107.44237487396711 165.3734499932734 5.112068207769195
    vertex 108.52738267203362 159.1905115116345 3.875480511441421
  endloop
endfacet
facet normal -3.867167962685671e-08 0.19611620772990793 -0.9805806611725718
  outer loop
    vertex 108.52738267203362 159.1905115116345 3.875480511441421
    vertex 107.44237487396711 165.3734499932734 5.112068207769195
    vertex 110.85912525982178 161.09191557451302 4.255761324017114
  endloop
endfacet
facet normal -3.867167962685671e-08 0.19611620772990793 -0.9805806611725718
  outer loop
    vertex 108.52738267203362 159.1905115116345 3.875480511441421
    vertex 110.85912525982178 161.09191557451302 4.255761324017114
    vertex 110.24288959060405 154.8496357259873 3.0073053543119825
  endloop
endfacet
facet normal -3.867167962685671e-08 0.19611620772990793 -0.9805806611725718
  outer loop
    vertex 110.24288959060405 154.8496357259873 3.0073053543119825
    vertex 110.85912525982178 161.09191557451302 4.255761324017114
    vertex 110.73150064964892 150.22974298194558 2.083326805503629
  endloop
endfacet
facet normal -3.867167962685671e-08 0.19611620772990793 -0.9805806611725718
  outer loop
    vertex 110.73150064964892 150.22974298194558 2.083326805503629
    vertex 110.85912525982178 161.09191557451302 4.255761324017114
    vertex 110.85912525982177 140.41883865143606 0.12114593940172085
  endloop
endfacet
facet normal -3.867167962685671e-08 0.19611620772990793 -0.9805806611725718
  outer loop
    vertex 110.85912525982177 140.41883865143606 0.12114593940172085
    vertex 110.85912525982178 161.09191557451302 4.255761324017114
    vertex 113.0069843436713 145.40479108441284 1.1183364259970725
  endloop
endfacet
facet normal -3.867167962685671e-08 0.19611620772990793 -0.9805806611725718
  outer loop
    vertex 113.0069843436713 145.40479108441284 1.1183364259970725
    vertex 110.85912525982178 161.09191557451302 4.255761324017114
    vertex 113.0069843436713 156.10596314153628 3.2585708374217712
  endloop
endfacet
facet normal -3.867167962685671e-08 0.19611620772990793 -0.9805806611725718
  outer loop
    vertex 113.0069843436713 145.40479108441284 1.1183364259970725
    vertex 113.0069843436713 156.10596314153628 3.2585708374217712
    vertex 113.73957907845636 150.75537711297454 2.188453631709422
  endloop
endfacet
facet normal -3.867167962685671e-08 0.19611620772990793 -0.9805806611725718
  outer loop
    vertex 71.47217381324137 156.10596314153628 3.258570837421777
    vertex 71.47217381324135 145.40479108441284 1.1183364259970783
    vertex 70.73957907845633 150.75537711297454 2.188453631709422
  endloop
endfacet
facet normal -3.867167962685671e-08 0.19611620772990793 -0.9805806611725718
  outer loop
    vertex 71.47217381324135 145.40479108441284 1.1183364259970783
    vertex 71.47217381324137 156.10596314153628 3.258570837421777
    vertex 73.6200328970909 140.4188386514361 0.12114593940172648
  endloop
endfacet
facet normal -3.867167962685671e-08 0.19611620772990793 -0.9805806611725718
  outer loop
    vertex 73.6200328970909 140.4188386514361 0.12114593940172648
    vertex 71.47217381324137 156.10596314153628 3.258570837421777
    vertex 73.62003289709091 161.09191557451305 4.25576132401712
  endloop
endfacet
facet normal -3.867167962685671e-08 0.19611620772990793 -0.9805806611725718
  outer loop
    vertex 73.6200328970909 140.4188386514361 0.12114593940172648
    vertex 73.62003289709091 161.09191557451305 4.25576132401712
    vertex 73.74765750726377 151.28101124400354 2.2935804579152204
  endloop
endfacet
facet normal -3.867167962685671e-08 0.19611620772990793 -0.9805806611725718
  outer loop
    vertex 73.6200328970909 140.4188386514361 0.12114593940172648
    vertex 73.74765750726377 151.28101124400354 2.2935804579152204
    vertex 74.23626856630862 146.66111849996182 1.36960190910687
  endloop
endfacet
facet normal -3.867167962685671e-08 0.19611620772990793 -0.9805806611725718
  outer loop
    vertex 73.6200328970909 140.4188386514361 0.12114593940172648
    vertex 74.23626856630862 146.66111849996182 1.36960190910687
    vertex 77.03678328294556 136.13730423267575 -0.7351609443503478
  endloop
endfacet
facet normal -3.867167962685671e-08 0.19611620772990793 -0.9805806611725718
  outer loop
    vertex 77.03678328294556 136.13730423267575 -0.7351609443503478
    vertex 74.23626856630862 146.66111849996182 1.36960190910687
    vertex 75.95177548487904 142.32024271431462 0.5014267519774318
  endloop
endfacet
facet normal -3.867167962685671e-08 0.19611620772990793 -0.9805806611725718
  outer loop
    vertex 77.03678328294556 136.13730423267575 -0.7351609443503478
    vertex 75.95177548487904 142.32024271431462 0.5014267519774318
    vertex 78.77726930148363 138.55420739821741 -0.25178031124200795
  endloop
endfacet
facet normal -3.867167962685671e-08 0.19611620772990793 -0.9805806611725718
  outer loop
    vertex 77.03678328294556 136.13730423267575 -0.7351609443503478
    vertex 78.77726930148363 138.55420739821741 -0.25178031124200795
    vertex 81.48957907845633 132.8519673232001 -1.3922283262454762
  endloop
endfacet
facet normal -3.867167962685671e-08 0.19611620772990793 -0.9805806611725718
  outer loop
    vertex 81.48957907845633 132.8519673232001 -1.3922283262454762
    vertex 78.77726930148363 138.55420739821741 -0.25178031124200795
    vertex 82.5201972818701 135.6196616347946 -0.8386894639265724
  endloop
endfacet
facet normal -3.867167962685671e-08 0.19611620772990793 -0.9805806611725718
  outer loop
    vertex 81.48957907845633 132.8519673232001 -1.3922283262454762
    vertex 82.5201972818701 135.6196616347946 -0.8386894639265724
    vertex 86.67496960875212 130.786718204114 -1.8052781500626973
  endloop
endfacet
facet normal -3.867167962685671e-08 0.19611620772990793 -0.9805806611725718
  outer loop
    vertex 86.67496960875212 130.786718204114 -1.8052781500626973
    vertex 82.5201972818701 135.6196616347946 -0.8386894639265724
    vertex 86.92548506965606 133.71658986825727 -1.2193038172340387
  endloop
endfacet
facet normal -3.867167962685671e-08 0.19611620772990793 -0.9805806611725718
  outer loop
    vertex 86.67496960875212 130.786718204114 -1.8052781500626973
    vertex 86.92548506965606 133.71658986825727 -1.2193038172340387
    vertex 92.23957907845634 130.08230018989764 -1.9461617529059718
  endloop
endfacet
facet normal -3.867167962685671e-08 0.19611620772990793 -0.9805806611725718
  outer loop
    vertex 92.23957907845634 130.08230018989764 -1.9461617529059718
    vertex 86.92548506965606 133.71658986825727 -1.2193038172340387
    vertex 91.69291958218619 132.97468329452016 -1.3676851319814636
  endloop
endfacet
facet normal -3.867167962685671e-08 0.19611620772990793 -0.9805806611725718
  outer loop
    vertex 92.23957907845634 130.08230018989764 -1.9461617529059718
    vertex 91.69291958218619 132.97468329452016 -1.3676851319814636
    vertex 92.23957907845634 133.02813746785557 -1.3569942973143858
  endloop
endfacet
facet normal -3.867167962685671e-08 0.19611620772990793 -0.9805806611725718
  outer loop
    vertex 92.23957907845634 130.08230018989764 -1.9461617529059718
    vertex 92.23957907845634 133.02813746785557 -1.3569942973143858
    vertex 96.4976080359896 133.44450162052485 -1.2737214667805277
  endloop
endfacet
facet normal -3.867167962685671e-08 0.19611620772990793 -0.9805806611725718
  outer loop
    vertex 92.23957907845634 130.08230018989764 -1.9461617529059718
    vertex 96.4976080359896 133.44450162052485 -1.2737214667805277
    vertex 97.80418854816054 130.786718204114 -1.8052781500626973
  endloop
endfacet
facet normal -3.867167962685671e-08 0.19611620772990793 -0.9805806611725718
  outer loop
    vertex 97.80418854816054 130.786718204114 -1.8052781500626973
    vertex 96.4976080359896 133.44450162052485 -1.2737214667805277
    vertex 101.01211885306267 135.09402750376563 -0.9438162901323709
  endloop
endfacet
facet normal -3.867167962685671e-08 0.19611620772990793 -0.9805806611725718
  outer loop
    vertex 97.80418854816054 130.786718204114 -1.8052781500626973
    vertex 101.01211885306267 135.09402750376563 -0.9438162901323709
    vertex 102.98957907845634 132.8519673232001 -1.3922283262454762
  endloop
endfacet
facet normal -3.867167962685671e-08 0.19611620772990793 -0.9805806611725718
  outer loop
    vertex 102.98957907845634 132.8519673232001 -1.3922283262454762
    vertex 101.01211885306267 135.09402750376563 -0.9438162901323709
    vertex 104.92879558180377 137.81084848127003 -0.4004520946314838
  endloop
endfacet
facet normal -3.867167962685671e-08 0.19611620772990793 -0.9805806611725718
  outer loop
    vertex 102.98957907845634 132.8519673232001 -1.3922283262454762
    vertex 104.92879558180377 137.81084848127003 -0.4004520946314838
    vertex 107.44237487396711 136.13730423267572 -0.7351609443503478
  endloop
endfacet
facet normal -3.867167962685671e-08 0.19611620772990793 -0.9805806611725718
  outer loop
    vertex 107.44237487396711 136.13730423267572 -0.7351609443503478
    vertex 104.92879558180377 137.81084848127003 -0.4004520946314838
    vertex 107.9807231757635 141.40981769318012 0.31934174775052937
  endloop
endfacet
facet normal -3.867167962685671e-08 0.19611620772990793 -0.9805806611725718
  outer loop
    vertex 107.44237487396711 136.13730423267572 -0.7351609443503478
    vertex 107.9807231757635 141.40981769318012 0.31934174775052937
    vertex 110.85912525982177 140.41883865143606 0.12114593940172085
  endloop
endfacet
facet normal -3.867167962685671e-08 0.19611620772990793 -0.9805806611725718
  outer loop
    vertex 110.85912525982177 140.41883865143606 0.12114593940172085
    vertex 107.9807231757635 141.40981769318012 0.31934174775052937
    vertex 109.95991781296232 145.64567133528197 1.1665124761709078
  endloop
endfacet
facet normal -3.867167962685671e-08 0.19611620772990793 -0.9805806611725718
  outer loop
    vertex 110.85912525982177 140.41883865143606 0.12114593940172085
    vertex 109.95991781296232 145.64567133528197 1.1665124761709078
    vertex 110.73150064964892 150.22974298194558 2.083326805503629
  endloop
endfacet
endsolid Vacuum 3
