solid Ножка-f1
facet normal 0.0 1.0 0.0
  outer loop
    vertex 3.524829550895098 44.59534987485362 6.654306999999989
    vertex 54.52482955089507 44.59534987485362 -1.345693000000011
    vertex 3.524829550895098 44.59534987485362 -1.345693000000011
  endloop
endfacet
facet normal 0.0 1.0 0.0
  outer loop
    vertex 54.52482955089507 44.59534987485362 -1.345693000000011
    vertex 3.524829550895098 44.59534987485362 6.654306999999989
    vertex 54.52482955089507 44.59534987485362 6.654306999999989
  endloop
endfacet
facet normal 0.0 -1.0 0.0
  outer loop
    vertex 54.52482955089507 13.595349874853603 6.654306999999989
    vertex 3.524829550895098 13.595349874853603 -4.345693000000011
    vertex 54.52482955089507 13.595349874853603 -4.345693000000011
  endloop
endfacet
facet normal 0.0 -1.0 0.0
  outer loop
    vertex 3.524829550895098 13.595349874853603 -4.345693000000011
    vertex 54.52482955089507 13.595349874853603 6.654306999999989
    vertex 3.524829550895098 13.595349874853603 6.654306999999989
  endloop
endfacet
facet normal 0.0 1.0 0.0
  outer loop
    vertex 9.524829550895095 18.595349874853603 10.65430699999999
    vertex 48.52482955089507 18.595349874853603 6.65430699999999
    vertex 9.524829550895095 18.595349874853603 6.65430699999999
  endloop
endfacet
facet normal 0.0 1.0 0.0
  outer loop
    vertex 48.52482955089507 18.595349874853603 6.65430699999999
    vertex 9.524829550895095 18.595349874853603 10.65430699999999
    vertex 48.52482955089507 18.595349874853603 10.65430699999999
  endloop
endfacet
facet normal 1.0 -6.714205910828325e-17 1.6685244328084662e-47
  outer loop
    vertex 9.524829550895097 39.59534987485361 6.65430699999999
    vertex 9.524829550895095 18.595349874853603 10.65430699999999
    vertex 9.524829550895095 18.595349874853603 6.65430699999999
  endloop
endfacet
facet normal 1.0 -6.714205910828325e-17 1.6685244328084662e-47
  outer loop
    vertex 9.524829550895095 18.595349874853603 10.65430699999999
    vertex 9.524829550895097 39.59534987485361 6.65430699999999
    vertex 9.524829550895097 39.59534987485361 10.65430699999999
  endloop
endfacet
facet normal 0.0 -1.0 0.0
  outer loop
    vertex 48.52482955089507 39.59534987485361 10.65430699999999
    vertex 9.524829550895097 39.59534987485361 6.65430699999999
    vertex 48.52482955089507 39.59534987485361 6.65430699999999
  endloop
endfacet
facet normal 0.0 -1.0 0.0
  outer loop
    vertex 9.524829550895097 39.59534987485361 6.65430699999999
    vertex 48.52482955089507 39.59534987485361 10.65430699999999
    vertex 9.524829550895097 39.59534987485361 10.65430699999999
  endloop
endfacet
facet normal -1.0 0.0 0.0
  outer loop
    vertex 48.52482955089507 39.59534987485361 10.65430699999999
    vertex 48.52482955089507 18.595349874853603 6.65430699999999
    vertex 48.52482955089507 18.595349874853603 10.65430699999999
  endloop
endfacet
facet normal -1.0 0.0 0.0
  outer loop
    vertex 48.52482955089507 18.595349874853603 6.65430699999999
    vertex 48.52482955089507 39.59534987485361 10.65430699999999
    vertex 48.52482955089507 39.59534987485361 6.65430699999999
  endloop
endfacet
facet normal 0.0 0.6246950475544243 0.7808688094430305
  outer loop
    vertex 9.524829550895097 39.59534987485361 10.65430699999999
    vertex 54.52482955089507 44.59534987485362 6.654306999999989
    vertex 3.524829550895098 44.59534987485362 6.654306999999989
  endloop
endfacet
facet normal 0.0 0.6246950475544243 0.7808688094430305
  outer loop
    vertex 54.52482955089507 44.59534987485362 6.654306999999989
    vertex 9.524829550895097 39.59534987485361 10.65430699999999
    vertex 48.52482955089507 39.59534987485361 10.65430699999999
  endloop
endfacet
facet normal -0.5547001962252294 1.2398410926557608e-17 0.8320502943378437
  outer loop
    vertex 9.524829550895095 18.595349874853603 10.65430699999999
    vertex 3.524829550895098 44.59534987485362 6.654306999999989
    vertex 3.524829550895098 13.595349874853603 6.654306999999989
  endloop
endfacet
facet normal -0.5547001962252294 1.2398410926557608e-17 0.8320502943378437
  outer loop
    vertex 3.524829550895098 44.59534987485362 6.654306999999989
    vertex 9.524829550895095 18.595349874853603 10.65430699999999
    vertex 9.524829550895097 39.59534987485361 10.65430699999999
  endloop
endfacet
facet normal 6.78449858022424e-19 -0.6246950475544244 0.7808688094430304
  outer loop
    vertex 54.52482955089507 13.595349874853603 6.654306999999989
    vertex 9.524829550895095 18.595349874853603 10.65430699999999
    vertex 3.524829550895098 13.595349874853603 6.654306999999989
  endloop
endfacet
facet normal 6.78449858022424e-19 -0.6246950475544244 0.7808688094430304
  outer loop
    vertex 9.524829550895095 18.595349874853603 10.65430699999999
    vertex 54.52482955089507 13.595349874853603 6.654306999999989
    vertex 48.52482955089507 18.595349874853603 10.65430699999999
  endloop
endfacet
facet normal 0.5547001962252293 -1.7712015609368028e-18 0.8320502943378437
  outer loop
    vertex 54.52482955089507 13.595349874853603 6.654306999999989
    vertex 48.52482955089507 39.59534987485361 10.65430699999999
    vertex 48.52482955089507 18.595349874853603 10.65430699999999
  endloop
endfacet
facet normal 0.5547001962252293 -1.7712015609368028e-18 0.8320502943378437
  outer loop
    vertex 48.52482955089507 39.59534987485361 10.65430699999999
    vertex 54.52482955089507 13.595349874853603 6.654306999999989
    vertex 54.52482955089507 44.59534987485362 6.654306999999989
  endloop
endfacet
facet normal 0.0 0.0 1.0
  outer loop
    vertex 17.53092723422478 38.09534987485361 5.654306999999986
    vertex 17.526662992284866 38.155876904123254 5.654306999999986
    vertex 12.524829550895095 38.09534987485361 5.6543069999999895
  endloop
endfacet
facet normal 0.0 0.0 1.0
  outer loop
    vertex 28.03338466039272 38.09534987485361 5.654306999999986
    vertex 28.033353078546376 38.22563573279277 5.654306999999986
    vertex 19.51873186756541 38.09534987485361 5.654306999999986
  endloop
endfacet
facet normal 0.0 0.0 1.0
  outer loop
    vertex 38.53320553522257 38.09534987485361 5.654306999999986
    vertex 38.53108277498128 38.20700714224336 5.654306999999986
    vertex 30.016274441397467 38.09534987485361 5.654306999999986
  endloop
endfacet
facet normal 0.0 0.0 1.0
  outer loop
    vertex 45.720481679439686 35.07602323769975 5.654306999999986
    vertex 45.52482955089507 38.09534987485361 5.6543069999999895
    vertex 45.52482955089507 35.08895951990165 5.654306999999986
  endloop
endfacet
facet normal 0.0 0.0 1.0
  outer loop
    vertex 45.78364859599759 25.061275701142666 5.654306999999986
    vertex 45.52482955089507 33.10174022980557 5.654306999999986
    vertex 45.52482955089507 25.0953498748536 5.654306999999986
  endloop
endfacet
facet normal 0.0 0.0 1.0
  outer loop
    vertex 45.52482955089507 33.10174022980557 5.654306999999986
    vertex 45.78364859599759 25.061275701142666 5.654306999999986
    vertex 45.58966105029471 33.09745364944458 5.654306999999986
  endloop
endfacet
facet normal 0.0 0.0 1.0
  outer loop
    vertex 45.58966105029471 33.09745364944458 5.654306999999986
    vertex 45.78364859599759 25.061275701142666 5.654306999999986
    vertex 45.845726518694 33.14823576554183 5.654306999999986
  endloop
endfacet
facet normal 0.0 0.0 1.0
  outer loop
    vertex 45.845726518694 33.14823576554183 5.654306999999986
    vertex 45.78364859599759 25.061275701142666 5.654306999999986
    vertex 46.02482955089507 24.961375278638037 5.654306999999986
  endloop
endfacet
facet normal 0.0 0.0 1.0
  outer loop
    vertex 45.845726518694 33.14823576554183 5.654306999999986
    vertex 46.02482955089507 24.961375278638037 5.654306999999986
    vertex 46.079923389045106 33.263562143008606 5.654306999999986
  endloop
endfacet
facet normal 0.0 0.0 1.0
  outer loop
    vertex 46.079923389045106 33.263562143008606 5.654306999999986
    vertex 46.02482955089507 24.961375278638037 5.654306999999986
    vertex 46.23193633208161 24.802456656040146 5.654306999999986
  endloop
endfacet
facet normal 0.0 0.0 1.0
  outer loop
    vertex 46.079923389045106 33.263562143008606 5.654306999999986
    vertex 46.23193633208161 24.802456656040146 5.654306999999986
    vertex 46.27629153166223 33.4355734798064 5.654306999999986
  endloop
endfacet
facet normal 0.0 0.0 1.0
  outer loop
    vertex 46.27629153166223 33.4355734798064 5.654306999999986
    vertex 46.23193633208161 24.802456656040146 5.654306999999986
    vertex 46.390854954679504 24.5953498748536 5.654306999999986
  endloop
endfacet
facet normal 0.0 0.0 1.0
  outer loop
    vertex 46.27629153166223 33.4355734798064 5.654306999999986
    vertex 46.390854954679504 24.5953498748536 5.654306999999986
    vertex 46.42144878213971 33.65254748759462 5.654306999999986
  endloop
endfacet
facet normal 0.0 0.0 1.0
  outer loop
    vertex 46.42144878213971 33.65254748759462 5.654306999999986
    vertex 46.390854954679504 24.5953498748536 5.654306999999986
    vertex 46.490755377184136 24.35416891995612 5.654306999999986
  endloop
endfacet
facet normal 0.0 0.0 1.0
  outer loop
    vertex 46.42144878213971 33.65254748759462 5.654306999999986
    vertex 46.490755377184136 24.35416891995612 5.654306999999986
    vertex 46.50550291374121 33.89969774630899 5.654306999999986
  endloop
endfacet
facet normal 0.0 0.0 1.0
  outer loop
    vertex 46.50550291374121 33.89969774630899 5.654306999999986
    vertex 46.490755377184136 24.35416891995612 5.654306999999986
    vertex 46.52482955089507 24.0953498748536 5.654306999999986
  endloop
endfacet
facet normal 0.0 0.0 1.0
  outer loop
    vertex 46.50550291374121 33.89969774630899 5.654306999999986
    vertex 46.52482955089507 24.0953498748536 5.654306999999986
    vertex 46.5227257763041 34.16018137425325 5.654306999999986
  endloop
endfacet
facet normal 0.0 0.0 1.0
  outer loop
    vertex 9.524829550895095 18.595349874853603 5.6543069999999895
    vertex 11.524829550895095 24.0953498748536 5.654306999999986
    vertex 9.524829550895097 39.59534987485361 5.6543069999999895
  endloop
endfacet
facet normal 0.0 0.0 1.0
  outer loop
    vertex 11.524829550895095 24.0953498748536 5.654306999999986
    vertex 9.524829550895095 18.595349874853603 5.6543069999999895
    vertex 11.558903724606028 23.83653082975108 5.654306999999986
  endloop
endfacet
facet normal 0.0 0.0 1.0
  outer loop
    vertex 11.558903724606028 23.83653082975108 5.654306999999986
    vertex 9.524829550895095 18.595349874853603 5.6543069999999895
    vertex 12.524829550895095 20.095349874853603 5.6543069999999895
  endloop
endfacet
facet normal 0.0 0.0 1.0
  outer loop
    vertex 12.524829550895095 20.095349874853603 5.6543069999999895
    vertex 9.524829550895095 18.595349874853603 5.6543069999999895
    vertex 18.266010505792572 19.129424048564534 5.654306999999992
  endloop
endfacet
facet normal 0.0 0.0 1.0
  outer loop
    vertex 18.266010505792572 19.129424048564534 5.654306999999992
    vertex 9.524829550895095 18.595349874853603 5.6543069999999895
    vertex 18.524829550895095 19.095349874853603 5.654306999999992
  endloop
endfacet
facet normal 0.0 0.0 1.0
  outer loop
    vertex 18.524829550895095 19.095349874853603 5.654306999999992
    vertex 9.524829550895095 18.595349874853603 5.6543069999999895
    vertex 48.52482955089507 18.595349874853603 5.6543069999999895
  endloop
endfacet
facet normal 0.0 0.0 1.0
  outer loop
    vertex 11.558903724606028 23.83653082975108 5.654306999999986
    vertex 12.524829550895095 20.095349874853603 5.6543069999999895
    vertex 11.658804147110658 23.595349874853603 5.654306999999986
  endloop
endfacet
facet normal 0.0 0.0 1.0
  outer loop
    vertex 11.658804147110658 23.595349874853603 5.654306999999986
    vertex 12.524829550895095 20.095349874853603 5.6543069999999895
    vertex 11.817722769708547 23.388243093667054 5.654306999999986
  endloop
endfacet
facet normal 0.0 0.0 1.0
  outer loop
    vertex 11.817722769708547 23.388243093667054 5.654306999999986
    vertex 12.524829550895095 20.095349874853603 5.6543069999999895
    vertex 12.024829550895095 23.229324471069162 5.654306999999986
  endloop
endfacet
facet normal 0.0 0.0 1.0
  outer loop
    vertex 12.024829550895095 23.229324471069162 5.654306999999986
    vertex 12.524829550895095 20.095349874853603 5.6543069999999895
    vertex 12.266010505792574 23.129424048564534 5.654306999999986
  endloop
endfacet
facet normal 0.0 0.0 1.0
  outer loop
    vertex 12.524829550895095 20.095349874853603 5.6543069999999895
    vertex 18.266010505792572 19.129424048564534 5.654306999999992
    vertex 18.024829550895095 19.229324471069162 5.654306999999992
  endloop
endfacet
facet normal 0.0 0.0 1.0
  outer loop
    vertex 12.524829550895095 20.095349874853603 5.6543069999999895
    vertex 18.024829550895095 19.229324471069162 5.654306999999992
    vertex 17.817722769708546 19.388243093667054 5.654306999999992
  endloop
endfacet
facet normal 0.0 0.0 1.0
  outer loop
    vertex 12.524829550895095 20.095349874853603 5.6543069999999895
    vertex 17.817722769708546 19.388243093667054 5.654306999999992
    vertex 17.658804147110658 19.595349874853603 5.654306999999992
  endloop
endfacet
facet normal 0.0 0.0 1.0
  outer loop
    vertex 12.524829550895095 20.095349874853603 5.6543069999999895
    vertex 17.658804147110658 19.595349874853603 5.654306999999992
    vertex 17.558903724606026 19.836530829751084 5.654306999999992
  endloop
endfacet
facet normal 0.0 0.0 1.0
  outer loop
    vertex 12.524829550895095 20.095349874853603 5.6543069999999895
    vertex 17.558903724606026 19.836530829751084 5.654306999999992
    vertex 17.524829550895095 20.095349874853603 5.654306999999992
  endloop
endfacet
facet normal 0.0 0.0 1.0
  outer loop
    vertex 18.524829550895095 19.095349874853603 5.654306999999992
    vertex 48.52482955089507 18.595349874853603 5.6543069999999895
    vertex 18.783648595997615 19.129424048564534 5.654306999999992
  endloop
endfacet
facet normal 0.0 0.0 1.0
  outer loop
    vertex 18.783648595997615 19.129424048564534 5.654306999999992
    vertex 48.52482955089507 18.595349874853603 5.6543069999999895
    vertex 19.024829550895095 19.229324471069162 5.654306999999992
  endloop
endfacet
facet normal 0.0 0.0 1.0
  outer loop
    vertex 19.024829550895095 19.229324471069162 5.654306999999992
    vertex 48.52482955089507 18.595349874853603 5.6543069999999895
    vertex 29.02482955089508 19.095349874853603 5.6543069999999975
  endloop
endfacet
facet normal 0.0 0.0 1.0
  outer loop
    vertex 19.024829550895095 19.229324471069162 5.654306999999992
    vertex 29.02482955089508 19.095349874853603 5.6543069999999975
    vertex 19.231936332081645 19.388243093667054 5.654306999999992
  endloop
endfacet
facet normal 0.0 0.0 1.0
  outer loop
    vertex 19.231936332081645 19.388243093667054 5.654306999999992
    vertex 29.02482955089508 19.095349874853603 5.6543069999999975
    vertex 19.390854954679536 19.5953498748536 5.654306999999992
  endloop
endfacet
facet normal 0.0 0.0 1.0
  outer loop
    vertex 19.390854954679536 19.5953498748536 5.654306999999992
    vertex 29.02482955089508 19.095349874853603 5.6543069999999975
    vertex 19.490755377184165 19.836530829751084 5.654306999999992
  endloop
endfacet
facet normal 0.0 0.0 1.0
  outer loop
    vertex 19.490755377184165 19.836530829751084 5.654306999999992
    vertex 29.02482955089508 19.095349874853603 5.6543069999999975
    vertex 19.524829550895095 20.095349874853603 5.654306999999992
  endloop
endfacet
facet normal 0.0 0.0 1.0
  outer loop
    vertex 19.524829550895095 20.095349874853603 5.654306999999992
    vertex 29.02482955089508 19.095349874853603 5.6543069999999975
    vertex 28.766010505792558 19.129424048564534 5.6543069999999975
  endloop
endfacet
facet normal 0.0 0.0 1.0
  outer loop
    vertex 19.524829550895095 20.095349874853603 5.654306999999992
    vertex 28.766010505792558 19.129424048564534 5.6543069999999975
    vertex 28.524829550895085 19.229324471069162 5.6543069999999975
  endloop
endfacet
facet normal 0.0 0.0 1.0
  outer loop
    vertex 19.524829550895095 20.095349874853603 5.654306999999992
    vertex 28.524829550895085 19.229324471069162 5.6543069999999975
    vertex 28.31772276970853 19.388243093667054 5.6543069999999975
  endloop
endfacet
facet normal 0.0 0.0 1.0
  outer loop
    vertex 19.524829550895095 20.095349874853603 5.654306999999992
    vertex 28.31772276970853 19.388243093667054 5.6543069999999975
    vertex 28.158804147110644 19.595349874853603 5.6543069999999975
  endloop
endfacet
facet normal 0.0 0.0 1.0
  outer loop
    vertex 19.524829550895095 20.095349874853603 5.654306999999992
    vertex 28.158804147110644 19.595349874853603 5.6543069999999975
    vertex 28.05890372460601 19.836530829751084 5.6543069999999975
  endloop
endfacet
facet normal 0.0 0.0 1.0
  outer loop
    vertex 19.524829550895095 20.095349874853603 5.654306999999992
    vertex 28.05890372460601 19.836530829751084 5.6543069999999975
    vertex 28.024829550895085 20.095349874853603 5.6543069999999975
  endloop
endfacet
facet normal 0.0 0.0 1.0
  outer loop
    vertex 29.02482955089508 19.095349874853603 5.6543069999999975
    vertex 48.52482955089507 18.595349874853603 5.6543069999999895
    vertex 29.283648595997605 19.129424048564534 5.6543069999999975
  endloop
endfacet
facet normal 0.0 0.0 1.0
  outer loop
    vertex 29.283648595997605 19.129424048564534 5.6543069999999975
    vertex 48.52482955089507 18.595349874853603 5.6543069999999895
    vertex 29.52482955089508 19.229324471069162 5.6543069999999975
  endloop
endfacet
facet normal 0.0 0.0 1.0
  outer loop
    vertex 29.52482955089508 19.229324471069162 5.6543069999999975
    vertex 48.52482955089507 18.595349874853603 5.6543069999999895
    vertex 29.73193633208163 19.388243093667054 5.6543069999999975
  endloop
endfacet
facet normal 0.0 0.0 1.0
  outer loop
    vertex 29.73193633208163 19.388243093667054 5.6543069999999975
    vertex 48.52482955089507 18.595349874853603 5.6543069999999895
    vertex 29.890854954679522 19.5953498748536 5.6543069999999975
  endloop
endfacet
facet normal 0.0 0.0 1.0
  outer loop
    vertex 29.890854954679522 19.5953498748536 5.6543069999999975
    vertex 48.52482955089507 18.595349874853603 5.6543069999999895
    vertex 39.52482955089507 19.095349874853603 5.654306999999975
  endloop
endfacet
facet normal 0.0 0.0 1.0
  outer loop
    vertex 29.890854954679522 19.5953498748536 5.6543069999999975
    vertex 39.52482955089507 19.095349874853603 5.654306999999975
    vertex 29.990755377184154 19.836530829751084 5.6543069999999975
  endloop
endfacet
facet normal 0.0 0.0 1.0
  outer loop
    vertex 29.990755377184154 19.836530829751084 5.6543069999999975
    vertex 39.52482955089507 19.095349874853603 5.654306999999975
    vertex 30.02482955089508 20.095349874853603 5.6543069999999975
  endloop
endfacet
facet normal 0.0 0.0 1.0
  outer loop
    vertex 30.02482955089508 20.095349874853603 5.6543069999999975
    vertex 39.52482955089507 19.095349874853603 5.654306999999975
    vertex 39.26601050579254 19.129424048564534 5.654306999999975
  endloop
endfacet
facet normal 0.0 0.0 1.0
  outer loop
    vertex 30.02482955089508 20.095349874853603 5.6543069999999975
    vertex 39.26601050579254 19.129424048564534 5.654306999999975
    vertex 39.02482955089507 19.229324471069162 5.654306999999975
  endloop
endfacet
facet normal 0.0 0.0 1.0
  outer loop
    vertex 30.02482955089508 20.095349874853603 5.6543069999999975
    vertex 39.02482955089507 19.229324471069162 5.654306999999975
    vertex 38.81772276970852 19.388243093667054 5.654306999999975
  endloop
endfacet
facet normal 0.0 0.0 1.0
  outer loop
    vertex 30.02482955089508 20.095349874853603 5.6543069999999975
    vertex 38.81772276970852 19.388243093667054 5.654306999999975
    vertex 38.65880414711063 19.595349874853603 5.654306999999975
  endloop
endfacet
facet normal 0.0 0.0 1.0
  outer loop
    vertex 30.02482955089508 20.095349874853603 5.6543069999999975
    vertex 38.65880414711063 19.595349874853603 5.654306999999975
    vertex 38.558903724606 19.836530829751084 5.654306999999975
  endloop
endfacet
facet normal 0.0 0.0 1.0
  outer loop
    vertex 30.02482955089508 20.095349874853603 5.6543069999999975
    vertex 38.558903724606 19.836530829751084 5.654306999999975
    vertex 38.52482955089506 20.095349874853603 5.654306999999975
  endloop
endfacet
facet normal 0.0 0.0 1.0
  outer loop
    vertex 39.52482955089507 19.095349874853603 5.654306999999975
    vertex 48.52482955089507 18.595349874853603 5.6543069999999895
    vertex 39.78364859599759 19.129424048564534 5.654306999999975
  endloop
endfacet
facet normal 0.0 0.0 1.0
  outer loop
    vertex 39.78364859599759 19.129424048564534 5.654306999999975
    vertex 48.52482955089507 18.595349874853603 5.6543069999999895
    vertex 40.02482955089507 19.229324471069162 5.654306999999975
  endloop
endfacet
facet normal 0.0 0.0 1.0
  outer loop
    vertex 40.02482955089507 19.229324471069162 5.654306999999975
    vertex 48.52482955089507 18.595349874853603 5.6543069999999895
    vertex 40.23193633208162 19.388243093667054 5.654306999999975
  endloop
endfacet
facet normal 0.0 0.0 1.0
  outer loop
    vertex 40.23193633208162 19.388243093667054 5.654306999999975
    vertex 48.52482955089507 18.595349874853603 5.6543069999999895
    vertex 40.390854954679504 19.5953498748536 5.654306999999975
  endloop
endfacet
facet normal 0.0 0.0 1.0
  outer loop
    vertex 40.390854954679504 19.5953498748536 5.654306999999975
    vertex 48.52482955089507 18.595349874853603 5.6543069999999895
    vertex 40.490755377184136 19.836530829751084 5.654306999999975
  endloop
endfacet
facet normal 0.0 0.0 1.0
  outer loop
    vertex 40.490755377184136 19.836530829751084 5.654306999999975
    vertex 48.52482955089507 18.595349874853603 5.6543069999999895
    vertex 40.52482955089507 20.095349874853603 5.654306999999975
  endloop
endfacet
facet normal 0.0 0.0 1.0
  outer loop
    vertex 40.52482955089507 20.095349874853603 5.654306999999975
    vertex 48.52482955089507 18.595349874853603 5.6543069999999895
    vertex 45.52482955089507 20.095349874853603 5.6543069999999895
  endloop
endfacet
facet normal 0.0 0.0 1.0
  outer loop
    vertex 45.52482955089507 20.095349874853603 5.6543069999999895
    vertex 48.52482955089507 18.595349874853603 5.6543069999999895
    vertex 45.52482955089507 23.095349874853603 5.654306999999986
  endloop
endfacet
facet normal 0.0 0.0 1.0
  outer loop
    vertex 45.52482955089507 23.095349874853603 5.654306999999986
    vertex 48.52482955089507 18.595349874853603 5.6543069999999895
    vertex 45.78364859599758 23.129424048564534 5.654306999999986
  endloop
endfacet
facet normal 0.0 0.0 1.0
  outer loop
    vertex 45.78364859599758 23.129424048564534 5.654306999999986
    vertex 48.52482955089507 18.595349874853603 5.6543069999999895
    vertex 46.02482955089507 23.229324471069166 5.654306999999986
  endloop
endfacet
facet normal 0.0 0.0 1.0
  outer loop
    vertex 46.02482955089507 23.229324471069166 5.654306999999986
    vertex 48.52482955089507 18.595349874853603 5.6543069999999895
    vertex 46.23193633208161 23.388243093667054 5.654306999999986
  endloop
endfacet
facet normal 0.0 0.0 1.0
  outer loop
    vertex 46.23193633208161 23.388243093667054 5.654306999999986
    vertex 48.52482955089507 18.595349874853603 5.6543069999999895
    vertex 46.390854954679504 23.595349874853603 5.654306999999986
  endloop
endfacet
facet normal 0.0 0.0 1.0
  outer loop
    vertex 46.390854954679504 23.595349874853603 5.654306999999986
    vertex 48.52482955089507 18.595349874853603 5.6543069999999895
    vertex 46.490755377184136 23.83653082975108 5.654306999999986
  endloop
endfacet
facet normal 0.0 0.0 1.0
  outer loop
    vertex 46.490755377184136 23.83653082975108 5.654306999999986
    vertex 48.52482955089507 18.595349874853603 5.6543069999999895
    vertex 46.52482955089507 24.0953498748536 5.654306999999986
  endloop
endfacet
facet normal 0.0 0.0 1.0
  outer loop
    vertex 9.524829550895097 39.59534987485361 5.6543069999999895
    vertex 18.58535658016474 39.09351643346384 5.654306999999986
    vertex 48.52482955089507 39.59534987485361 5.6543069999999895
  endloop
endfacet
facet normal 0.0 0.0 1.0
  outer loop
    vertex 18.58535658016474 39.09351643346384 5.654306999999986
    vertex 9.524829550895097 39.59534987485361 5.6543069999999895
    vertex 18.32494965610243 39.07517028067178 5.654306999999986
  endloop
endfacet
facet normal 0.0 0.0 1.0
  outer loop
    vertex 18.32494965610243 39.07517028067178 5.654306999999986
    vertex 9.524829550895097 39.59534987485361 5.6543069999999895
    vertex 12.524829550895095 38.09534987485361 5.6543069999999895
  endloop
endfacet
facet normal 0.0 0.0 1.0
  outer loop
    vertex 12.524829550895095 38.09534987485361 5.6543069999999895
    vertex 9.524829550895097 39.59534987485361 5.6543069999999895
    vertex 11.55890372460603 34.35416891995613 5.654306999999986
  endloop
endfacet
facet normal 0.0 0.0 1.0
  outer loop
    vertex 11.55890372460603 34.35416891995613 5.654306999999986
    vertex 9.524829550895097 39.59534987485361 5.6543069999999895
    vertex 11.524829550895097 34.09534987485361 5.654306999999986
  endloop
endfacet
facet normal 0.0 0.0 1.0
  outer loop
    vertex 11.524829550895097 34.09534987485361 5.654306999999986
    vertex 9.524829550895097 39.59534987485361 5.6543069999999895
    vertex 11.524829550895095 24.0953498748536 5.654306999999986
  endloop
endfacet
facet normal 0.0 0.0 1.0
  outer loop
    vertex 12.524829550895095 38.09534987485361 5.6543069999999895
    vertex 11.55890372460603 34.35416891995613 5.654306999999986
    vertex 11.65880414711066 34.59534987485361 5.654306999999986
  endloop
endfacet
facet normal 0.0 0.0 1.0
  outer loop
    vertex 12.524829550895095 38.09534987485361 5.6543069999999895
    vertex 11.65880414711066 34.59534987485361 5.654306999999986
    vertex 11.81772276970855 34.802456656040164 5.654306999999986
  endloop
endfacet
facet normal 0.0 0.0 1.0
  outer loop
    vertex 12.524829550895095 38.09534987485361 5.6543069999999895
    vertex 11.81772276970855 34.802456656040164 5.654306999999986
    vertex 12.024829550895097 34.96137527863805 5.654306999999986
  endloop
endfacet
facet normal 0.0 0.0 1.0
  outer loop
    vertex 12.524829550895095 38.09534987485361 5.6543069999999895
    vertex 12.024829550895097 34.96137527863805 5.654306999999986
    vertex 12.266010505792575 35.06127570114268 5.654306999999986
  endloop
endfacet
facet normal 0.0 0.0 1.0
  outer loop
    vertex 12.524829550895095 38.09534987485361 5.6543069999999895
    vertex 12.266010505792575 35.06127570114268 5.654306999999986
    vertex 12.524829550895095 35.09534987485361 5.654306999999986
  endloop
endfacet
facet normal 0.0 0.0 1.0
  outer loop
    vertex 18.32494965610243 39.07517028067178 5.654306999999986
    vertex 12.524829550895095 38.09534987485361 5.6543069999999895
    vertex 18.078164216553095 38.99005098645298 5.654306999999986
  endloop
endfacet
facet normal 0.0 0.0 1.0
  outer loop
    vertex 18.078164216553095 38.99005098645298 5.654306999999986
    vertex 12.524829550895095 38.09534987485361 5.6543069999999895
    vertex 17.8618182813898 38.843959290042186 5.654306999999986
  endloop
endfacet
facet normal 0.0 0.0 1.0
  outer loop
    vertex 17.8618182813898 38.843959290042186 5.654306999999986
    vertex 12.524829550895095 38.09534987485361 5.6543069999999895
    vertex 17.690655468565367 38.64685109912184 5.654306999999986
  endloop
endfacet
facet normal 0.0 0.0 1.0
  outer loop
    vertex 17.690655468565367 38.64685109912184 5.654306999999986
    vertex 12.524829550895095 38.09534987485361 5.6543069999999895
    vertex 17.57634024091385 38.41215901116648 5.654306999999986
  endloop
endfacet
facet normal 0.0 0.0 1.0
  outer loop
    vertex 17.57634024091385 38.41215901116648 5.654306999999986
    vertex 12.524829550895095 38.09534987485361 5.6543069999999895
    vertex 17.526662992284866 38.155876904123254 5.654306999999986
  endloop
endfacet
facet normal 0.0 0.0 1.0
  outer loop
    vertex 48.52482955089507 39.59534987485361 5.6543069999999895
    vertex 18.58535658016474 39.09351643346384 5.654306999999986
    vertex 18.84163868720797 39.04383918483485 5.654306999999986
  endloop
endfacet
facet normal 0.0 0.0 1.0
  outer loop
    vertex 48.52482955089507 39.59534987485361 5.6543069999999895
    vertex 18.84163868720797 39.04383918483485 5.654306999999986
    vertex 19.076330775163328 38.929523957183335 5.654306999999986
  endloop
endfacet
facet normal 0.0 0.0 1.0
  outer loop
    vertex 48.52482955089507 39.59534987485361 5.6543069999999895
    vertex 19.076330775163328 38.929523957183335 5.654306999999986
    vertex 28.89406303206384 39.08676306699539 5.654306999999986
  endloop
endfacet
facet normal 0.0 0.0 1.0
  outer loop
    vertex 28.89406303206384 39.08676306699539 5.654306999999986
    vertex 19.076330775163328 38.929523957183335 5.654306999999986
    vertex 19.27343896608367 38.7583611443589 5.654306999999986
  endloop
endfacet
facet normal 0.0 0.0 1.0
  outer loop
    vertex 28.89406303206384 39.08676306699539 5.654306999999986
    vertex 19.27343896608367 38.7583611443589 5.654306999999986
    vertex 19.419530662494466 38.54201520919561 5.654306999999986
  endloop
endfacet
facet normal 0.0 0.0 1.0
  outer loop
    vertex 28.89406303206384 39.08676306699539 5.654306999999986
    vertex 19.419530662494466 38.54201520919561 5.654306999999986
    vertex 19.50464995671326 38.29522976964628 5.654306999999986
  endloop
endfacet
facet normal 0.0 0.0 1.0
  outer loop
    vertex 28.89406303206384 39.08676306699539 5.654306999999986
    vertex 19.50464995671326 38.29522976964628 5.654306999999986
    vertex 19.51873186756541 38.09534987485361 5.654306999999986
  endloop
endfacet
facet normal 0.0 0.0 1.0
  outer loop
    vertex 28.89406303206384 39.08676306699539 5.654306999999986
    vertex 19.51873186756541 38.09534987485361 5.654306999999986
    vertex 28.641922177449892 39.01913661613175 5.654306999999986
  endloop
endfacet
facet normal 0.0 0.0 1.0
  outer loop
    vertex 28.641922177449892 39.01913661613175 5.654306999999986
    vertex 19.51873186756541 38.09534987485361 5.654306999999986
    vertex 28.415875827551883 38.88855562547978 5.654306999999986
  endloop
endfacet
facet normal 0.0 0.0 1.0
  outer loop
    vertex 28.415875827551883 38.88855562547978 5.654306999999986
    vertex 19.51873186756541 38.09534987485361 5.654306999999986
    vertex 28.231328667556102 38.703918973757126 5.654306999999986
  endloop
endfacet
facet normal 0.0 0.0 1.0
  outer loop
    vertex 28.231328667556102 38.703918973757126 5.654306999999986
    vertex 19.51873186756541 38.09534987485361 5.654306999999986
    vertex 28.100857281437662 38.477809343652176 5.654306999999986
  endloop
endfacet
facet normal 0.0 0.0 1.0
  outer loop
    vertex 28.100857281437662 38.477809343652176 5.654306999999986
    vertex 19.51873186756541 38.09534987485361 5.654306999999986
    vertex 28.033353078546376 38.22563573279277 5.654306999999986
  endloop
endfacet
facet normal 0.0 0.0 1.0
  outer loop
    vertex 48.52482955089507 39.59534987485361 5.6543069999999895
    vertex 28.89406303206384 39.08676306699539 5.654306999999986
    vertex 29.15511540883425 39.086826347202326 5.654306999999986
  endloop
endfacet
facet normal 0.0 0.0 1.0
  outer loop
    vertex 48.52482955089507 39.59534987485361 5.6543069999999895
    vertex 29.15511540883425 39.086826347202326 5.654306999999986
    vertex 29.407289019693664 39.01932214431104 5.654306999999986
  endloop
endfacet
facet normal 0.0 0.0 1.0
  outer loop
    vertex 48.52482955089507 39.59534987485361 5.6543069999999895
    vertex 29.407289019693664 39.01932214431104 5.654306999999986
    vertex 29.63339864979861 38.888850758192596 5.654306999999986
  endloop
endfacet
facet normal 0.0 0.0 1.0
  outer loop
    vertex 48.52482955089507 39.59534987485361 5.6543069999999895
    vertex 29.63339864979861 38.888850758192596 5.654306999999986
    vertex 29.81803530152127 38.70430359819682 5.654306999999986
  endloop
endfacet
facet normal 0.0 0.0 1.0
  outer loop
    vertex 48.52482955089507 39.59534987485361 5.6543069999999895
    vertex 29.81803530152127 38.70430359819682 5.654306999999986
    vertex 39.37548159754398 39.08413457782481 5.654306999999986
  endloop
endfacet
facet normal 0.0 0.0 1.0
  outer loop
    vertex 39.37548159754398 39.08413457782481 5.654306999999986
    vertex 29.81803530152127 38.70430359819682 5.654306999999986
    vertex 29.948616292173238 38.47825724829881 5.654306999999986
  endloop
endfacet
facet normal 0.0 0.0 1.0
  outer loop
    vertex 39.37548159754398 39.08413457782481 5.654306999999986
    vertex 29.948616292173238 38.47825724829881 5.654306999999986
    vertex 30.016242743036873 38.22611639368486 5.654306999999986
  endloop
endfacet
facet normal 0.0 0.0 1.0
  outer loop
    vertex 39.37548159754398 39.08413457782481 5.654306999999986
    vertex 30.016242743036873 38.22611639368486 5.654306999999986
    vertex 30.016274441397467 38.09534987485361 5.654306999999986
  endloop
endfacet
facet normal 0.0 0.0 1.0
  outer loop
    vertex 39.37548159754398 39.08413457782481 5.654306999999986
    vertex 30.016274441397467 38.09534987485361 5.654306999999986
    vertex 39.12465419301485 39.01178846141871 5.654306999999986
  endloop
endfacet
facet normal 0.0 0.0 1.0
  outer loop
    vertex 39.12465419301485 39.01178846141871 5.654306999999986
    vertex 30.016274441397467 38.09534987485361 5.654306999999986
    vertex 38.901098077804214 38.876988569824576 5.654306999999986
  endloop
endfacet
facet normal 0.0 0.0 1.0
  outer loop
    vertex 38.901098077804214 38.876988569824576 5.654306999999986
    vertex 30.016274441397467 38.09534987485361 5.654306999999986
    vertex 38.720048231719716 38.68892129288718 5.654306999999986
  endloop
endfacet
facet normal 0.0 0.0 1.0
  outer loop
    vertex 38.720048231719716 38.68892129288718 5.654306999999986
    vertex 30.016274441397467 38.09534987485361 5.654306999999986
    vertex 38.59384290257301 38.46040310473395 5.654306999999986
  endloop
endfacet
facet normal 0.0 0.0 1.0
  outer loop
    vertex 38.59384290257301 38.46040310473395 5.654306999999986
    vertex 30.016274441397467 38.09534987485361 5.654306999999986
    vertex 38.53108277498128 38.20700714224336 5.654306999999986
  endloop
endfacet
facet normal 0.0 0.0 1.0
  outer loop
    vertex 48.52482955089507 39.59534987485361 5.6543069999999895
    vertex 39.37548159754398 39.08413457782481 5.654306999999986
    vertex 39.63648681828482 39.0890966507674 5.654306999999986
  endloop
endfacet
facet normal 0.0 0.0 1.0
  outer loop
    vertex 48.52482955089507 39.59534987485361 5.6543069999999895
    vertex 39.63648681828482 39.0890966507674 5.654306999999986
    vertex 39.88988278077541 39.026336523175665 5.654306999999986
  endloop
endfacet
facet normal 0.0 0.0 1.0
  outer loop
    vertex 48.52482955089507 39.59534987485361 5.6543069999999895
    vertex 39.88988278077541 39.026336523175665 5.654306999999986
    vertex 40.11840096892864 38.90013119402896 5.654306999999986
  endloop
endfacet
facet normal 0.0 0.0 1.0
  outer loop
    vertex 48.52482955089507 39.59534987485361 5.6543069999999895
    vertex 40.11840096892864 38.90013119402896 5.654306999999986
    vertex 40.306468245866036 38.71908134794447 5.654306999999986
  endloop
endfacet
facet normal 0.0 0.0 1.0
  outer loop
    vertex 48.52482955089507 39.59534987485361 5.6543069999999895
    vertex 40.306468245866036 38.71908134794447 5.654306999999986
    vertex 40.44126813746017 38.495525232733826 5.654306999999986
  endloop
endfacet
facet normal 0.0 0.0 1.0
  outer loop
    vertex 48.52482955089507 39.59534987485361 5.6543069999999895
    vertex 40.44126813746017 38.495525232733826 5.654306999999986
    vertex 40.51361425386627 38.2446978282047 5.654306999999986
  endloop
endfacet
facet normal 0.0 0.0 1.0
  outer loop
    vertex 48.52482955089507 39.59534987485361 5.6543069999999895
    vertex 40.51361425386627 38.2446978282047 5.654306999999986
    vertex 40.51645356656757 38.09534987485361 5.654306999999986
  endloop
endfacet
facet normal 0.0 0.0 1.0
  outer loop
    vertex 48.52482955089507 39.59534987485361 5.6543069999999895
    vertex 40.51645356656757 38.09534987485361 5.654306999999986
    vertex 45.52482955089507 38.09534987485361 5.6543069999999895
  endloop
endfacet
facet normal 0.0 0.0 1.0
  outer loop
    vertex 48.52482955089507 39.59534987485361 5.6543069999999895
    vertex 45.52482955089507 38.09534987485361 5.6543069999999895
    vertex 45.720481679439686 35.07602323769975 5.654306999999986
  endloop
endfacet
facet normal 0.0 0.0 1.0
  outer loop
    vertex 48.52482955089507 39.59534987485361 5.6543069999999895
    vertex 45.720481679439686 35.07602323769975 5.654306999999986
    vertex 45.96763193815406 34.99196910609825 5.654306999999986
  endloop
endfacet
facet normal 0.0 0.0 1.0
  outer loop
    vertex 48.52482955089507 39.59534987485361 5.6543069999999895
    vertex 45.96763193815406 34.99196910609825 5.654306999999986
    vertex 46.18460594594228 34.84681185562077 5.654306999999986
  endloop
endfacet
facet normal 0.0 0.0 1.0
  outer loop
    vertex 48.52482955089507 39.59534987485361 5.6543069999999895
    vertex 46.18460594594228 34.84681185562077 5.654306999999986
    vertex 46.356617282740075 34.650443713003654 5.654306999999986
  endloop
endfacet
facet normal 0.0 0.0 1.0
  outer loop
    vertex 48.52482955089507 39.59534987485361 5.6543069999999895
    vertex 46.356617282740075 34.650443713003654 5.654306999999986
    vertex 46.471943660206854 34.41624684265254 5.654306999999986
  endloop
endfacet
facet normal 0.0 0.0 1.0
  outer loop
    vertex 48.52482955089507 39.59534987485361 5.6543069999999895
    vertex 46.471943660206854 34.41624684265254 5.654306999999986
    vertex 46.5227257763041 34.16018137425325 5.654306999999986
  endloop
endfacet
facet normal 0.0 0.0 1.0
  outer loop
    vertex 48.52482955089507 39.59534987485361 5.6543069999999895
    vertex 46.5227257763041 34.16018137425325 5.654306999999986
    vertex 46.52482955089507 24.0953498748536 5.654306999999986
  endloop
endfacet
facet normal 0.0 0.0 1.0
  outer loop
    vertex 48.52482955089507 39.59534987485361 5.6543069999999895
    vertex 46.52482955089507 24.0953498748536 5.654306999999986
    vertex 48.52482955089507 18.595349874853603 5.6543069999999895
  endloop
endfacet
facet normal 0.0 0.0 1.0
  outer loop
    vertex 12.524829550895095 23.095349874853603 5.654306999999986
    vertex 12.266010505792574 23.129424048564534 5.654306999999986
    vertex 12.524829550895095 20.095349874853603 5.6543069999999895
  endloop
endfacet
facet normal 0.0 0.0 1.0
  outer loop
    vertex 11.558903724606028 24.354168919956123 5.654306999999986
    vertex 11.524829550895097 34.09534987485361 5.654306999999986
    vertex 11.524829550895095 24.0953498748536 5.654306999999986
  endloop
endfacet
facet normal 0.0 0.0 1.0
  outer loop
    vertex 11.524829550895097 34.09534987485361 5.654306999999986
    vertex 11.558903724606028 24.354168919956123 5.654306999999986
    vertex 11.55890372460603 33.83653082975109 5.654306999999986
  endloop
endfacet
facet normal 0.0 0.0 1.0
  outer loop
    vertex 11.55890372460603 33.83653082975109 5.654306999999986
    vertex 11.558903724606028 24.354168919956123 5.654306999999986
    vertex 11.658804147110658 24.5953498748536 5.654306999999986
  endloop
endfacet
facet normal 0.0 0.0 1.0
  outer loop
    vertex 11.55890372460603 33.83653082975109 5.654306999999986
    vertex 11.658804147110658 24.5953498748536 5.654306999999986
    vertex 11.658804147110658 33.59534987485361 5.654306999999986
  endloop
endfacet
facet normal 0.0 0.0 1.0
  outer loop
    vertex 11.658804147110658 33.59534987485361 5.654306999999986
    vertex 11.658804147110658 24.5953498748536 5.654306999999986
    vertex 11.81772276970855 24.802456656040146 5.654306999999986
  endloop
endfacet
facet normal 0.0 0.0 1.0
  outer loop
    vertex 11.658804147110658 33.59534987485361 5.654306999999986
    vertex 11.81772276970855 24.802456656040146 5.654306999999986
    vertex 11.81772276970855 33.388243093667064 5.654306999999986
  endloop
endfacet
facet normal 0.0 0.0 1.0
  outer loop
    vertex 11.81772276970855 33.388243093667064 5.654306999999986
    vertex 11.81772276970855 24.802456656040146 5.654306999999986
    vertex 12.024829550895097 24.96137527863804 5.654306999999986
  endloop
endfacet
facet normal 0.0 0.0 1.0
  outer loop
    vertex 11.81772276970855 33.388243093667064 5.654306999999986
    vertex 12.024829550895097 24.96137527863804 5.654306999999986
    vertex 12.024829550895097 33.22932447106917 5.654306999999986
  endloop
endfacet
facet normal 0.0 0.0 1.0
  outer loop
    vertex 12.024829550895097 33.22932447106917 5.654306999999986
    vertex 12.024829550895097 24.96137527863804 5.654306999999986
    vertex 12.266010505792575 25.06127570114267 5.654306999999986
  endloop
endfacet
facet normal 0.0 0.0 1.0
  outer loop
    vertex 12.024829550895097 33.22932447106917 5.654306999999986
    vertex 12.266010505792575 25.06127570114267 5.654306999999986
    vertex 12.266010505792574 33.129424048564545 5.654306999999986
  endloop
endfacet
facet normal 0.0 0.0 1.0
  outer loop
    vertex 12.266010505792574 33.129424048564545 5.654306999999986
    vertex 12.266010505792575 25.06127570114267 5.654306999999986
    vertex 12.524829550895095 33.09534987485361 5.654306999999986
  endloop
endfacet
facet normal 0.0 0.0 1.0
  outer loop
    vertex 12.524829550895095 33.09534987485361 5.654306999999986
    vertex 12.266010505792575 25.06127570114267 5.654306999999986
    vertex 12.524829550895095 25.0953498748536 5.654306999999986
  endloop
endfacet
facet normal 0.0 1.0 0.0
  outer loop
    vertex 9.524829550895095 18.595349874853603 6.65430699999999
    vertex 48.52482955089507 18.595349874853603 5.6543069999999895
    vertex 9.524829550895095 18.595349874853603 5.6543069999999895
  endloop
endfacet
facet normal 0.0 1.0 0.0
  outer loop
    vertex 48.52482955089507 18.595349874853603 5.6543069999999895
    vertex 9.524829550895095 18.595349874853603 6.65430699999999
    vertex 48.52482955089507 18.595349874853603 6.65430699999999
  endloop
endfacet
facet normal 1.0 -6.714205910828325e-17 -5.367404295610549e-33
  outer loop
    vertex 9.524829550895097 39.59534987485361 5.6543069999999895
    vertex 9.524829550895095 18.595349874853603 6.65430699999999
    vertex 9.524829550895095 18.595349874853603 5.6543069999999895
  endloop
endfacet
facet normal 1.0 -6.714205910828325e-17 -5.367404295610549e-33
  outer loop
    vertex 9.524829550895095 18.595349874853603 6.65430699999999
    vertex 9.524829550895097 39.59534987485361 5.6543069999999895
    vertex 9.524829550895097 39.59534987485361 6.65430699999999
  endloop
endfacet
facet normal 0.0 -1.0 0.0
  outer loop
    vertex 48.52482955089507 39.59534987485361 6.65430699999999
    vertex 9.524829550895097 39.59534987485361 5.6543069999999895
    vertex 48.52482955089507 39.59534987485361 5.6543069999999895
  endloop
endfacet
facet normal 0.0 -1.0 0.0
  outer loop
    vertex 9.524829550895097 39.59534987485361 5.6543069999999895
    vertex 48.52482955089507 39.59534987485361 6.65430699999999
    vertex 9.524829550895097 39.59534987485361 6.65430699999999
  endloop
endfacet
facet normal -1.0 0.0 0.0
  outer loop
    vertex 48.52482955089507 39.59534987485361 6.65430699999999
    vertex 48.52482955089507 18.595349874853603 5.6543069999999895
    vertex 48.52482955089507 18.595349874853603 6.65430699999999
  endloop
endfacet
facet normal -1.0 0.0 0.0
  outer loop
    vertex 48.52482955089507 18.595349874853603 5.6543069999999895
    vertex 48.52482955089507 39.59534987485361 6.65430699999999
    vertex 48.52482955089507 39.59534987485361 5.6543069999999895
  endloop
endfacet
facet normal 4.947309618505083e-16 0.0 1.0
  outer loop
    vertex 42.52482955089505 23.095349874853603 5.154306999999987
    vertex 31.12482955089505 35.09534987485361 5.154306999999993
    vertex 31.12482955089505 23.095349874853603 5.154306999999993
  endloop
endfacet
facet normal 4.947309618505083e-16 0.0 1.0
  outer loop
    vertex 31.12482955089505 35.09534987485361 5.154306999999993
    vertex 42.52482955089505 23.095349874853603 5.154306999999987
    vertex 42.52482955089505 35.09534987485361 5.154306999999987
  endloop
endfacet
facet normal 0.0 1.0 0.0
  outer loop
    vertex 31.12482955089505 23.095349874853603 5.154306999999993
    vertex 42.52482955089507 23.095349874853603 42.15430699999999
    vertex 42.52482955089505 23.095349874853603 5.154306999999987
  endloop
endfacet
facet normal 0.0 1.0 0.0
  outer loop
    vertex 42.52482955089507 23.095349874853603 42.15430699999999
    vertex 31.12482955089505 23.095349874853603 5.154306999999993
    vertex 31.12482955089507 23.095349874853603 42.154306999999996
  endloop
endfacet
facet normal 1.0 0.0 -4.947309618505083e-16
  outer loop
    vertex 31.12482955089505 35.09534987485361 5.154306999999993
    vertex 31.12482955089507 23.095349874853603 42.154306999999996
    vertex 31.12482955089505 23.095349874853603 5.154306999999993
  endloop
endfacet
facet normal 1.0 0.0 -4.947309618505083e-16
  outer loop
    vertex 31.12482955089507 23.095349874853603 42.154306999999996
    vertex 31.12482955089505 35.09534987485361 5.154306999999993
    vertex 31.12482955089507 35.09534987485361 42.154306999999996
  endloop
endfacet
facet normal -0.0 -1.0 -0.0
  outer loop
    vertex 42.52482955089507 35.09534987485361 42.15430699999999
    vertex 31.12482955089505 35.09534987485361 5.154306999999993
    vertex 42.52482955089505 35.09534987485361 5.154306999999987
  endloop
endfacet
facet normal -0.0 -1.0 -0.0
  outer loop
    vertex 31.12482955089505 35.09534987485361 5.154306999999993
    vertex 42.52482955089507 35.09534987485361 42.15430699999999
    vertex 31.12482955089507 35.09534987485361 42.154306999999996
  endloop
endfacet
facet normal -1.0 0.0 4.947309618505083e-16
  outer loop
    vertex 42.52482955089507 35.09534987485361 42.15430699999999
    vertex 42.52482955089505 23.095349874853603 5.154306999999987
    vertex 42.52482955089507 23.095349874853603 42.15430699999999
  endloop
endfacet
facet normal -1.0 0.0 4.947309618505083e-16
  outer loop
    vertex 42.52482955089505 23.095349874853603 5.154306999999987
    vertex 42.52482955089507 35.09534987485361 42.15430699999999
    vertex 42.52482955089505 35.09534987485361 5.154306999999987
  endloop
endfacet
facet normal -9.808579069731816e-16 -4.699944137579826e-16 1.0
  outer loop
    vertex 27.02482955089513 23.09534987485362 5.154306999999993
    vertex 15.524829550895133 35.095349874853625 5.154306999999987
    vertex 15.524829550895133 23.09534987485362 5.154306999999987
  endloop
endfacet
facet normal -9.808579069731816e-16 -4.699944137579826e-16 1.0
  outer loop
    vertex 15.524829550895133 35.095349874853625 5.154306999999987
    vertex 27.02482955089513 23.09534987485362 5.154306999999993
    vertex 27.02482955089513 35.095349874853625 5.154307000000004
  endloop
endfacet
facet normal 6.914966054516136e-31 -1.0 -4.699944137579826e-16
  outer loop
    vertex 27.02482955089513 35.095349874853625 5.154307000000004
    vertex 15.524829550895095 35.09534987485361 42.15430699999999
    vertex 15.524829550895133 35.095349874853625 5.154306999999987
  endloop
endfacet
facet normal 6.914966054516136e-31 -1.0 -4.699944137579826e-16
  outer loop
    vertex 15.524829550895095 35.09534987485361 42.15430699999999
    vertex 27.02482955089513 35.095349874853625 5.154307000000004
    vertex 27.024829550895095 35.09534987485361 42.154307
  endloop
endfacet
facet normal -1.0 9.219954739354847e-31 -9.808579069731816e-16
  outer loop
    vertex 27.024829550895095 35.09534987485361 42.154307
    vertex 27.02482955089513 23.09534987485362 5.154306999999993
    vertex 27.024829550895095 23.095349874853603 42.154306999999996
  endloop
endfacet
facet normal -1.0 9.219954739354847e-31 -9.808579069731816e-16
  outer loop
    vertex 27.02482955089513 23.09534987485362 5.154306999999993
    vertex 27.024829550895095 35.09534987485361 42.154307
    vertex 27.02482955089513 35.095349874853625 5.154307000000004
  endloop
endfacet
facet normal -2.3049886848387117e-31 1.0 4.699944137579826e-16
  outer loop
    vertex 15.524829550895095 23.095349874853603 42.15430699999999
    vertex 27.02482955089513 23.09534987485362 5.154306999999993
    vertex 15.524829550895133 23.09534987485362 5.154306999999987
  endloop
endfacet
facet normal -2.3049886848387117e-31 1.0 4.699944137579826e-16
  outer loop
    vertex 27.02482955089513 23.09534987485362 5.154306999999993
    vertex 15.524829550895095 23.095349874853603 42.15430699999999
    vertex 27.024829550895095 23.095349874853603 42.154306999999996
  endloop
endfacet
facet normal 1.0 0.0 9.808579069731816e-16
  outer loop
    vertex 15.524829550895133 23.09534987485362 5.154306999999987
    vertex 15.524829550895095 35.09534987485361 42.15430699999999
    vertex 15.524829550895095 23.095349874853603 42.15430699999999
  endloop
endfacet
facet normal 1.0 0.0 9.808579069731816e-16
  outer loop
    vertex 15.524829550895095 35.09534987485361 42.15430699999999
    vertex 15.524829550895133 23.09534987485362 5.154306999999987
    vertex 15.524829550895133 35.095349874853625 5.154306999999987
  endloop
endfacet
facet normal -1.0 -2.5702667194324575e-16 6.879847156518546e-16
  outer loop
    vertex 3.524829550895098 44.59534987485362 6.654306999999989
    vertex 3.524829550895098 13.595349874853603 -4.345693000000011
    vertex 3.524829550895098 13.595349874853603 6.654306999999989
  endloop
endfacet
facet normal -1.0 -2.5702667194324575e-16 6.879847156518546e-16
  outer loop
    vertex 3.524829550895098 13.595349874853603 -4.345693000000011
    vertex 3.524829550895098 44.59534987485362 6.654306999999989
    vertex 3.524829550895072 42.88885760737528 -1.5108374129817856
  endloop
endfacet
facet normal -1.0 -2.5702667194324575e-16 6.879847156518546e-16
  outer loop
    vertex 3.524829550895072 42.88885760737528 -1.5108374129817856
    vertex 3.524829550895098 44.59534987485362 6.654306999999989
    vertex 3.524829550895098 44.59534987485362 -1.345693000000011
  endloop
endfacet
facet normal -0.9914448613738105 -0.13052619222005213 0.0
  outer loop
    vertex 38.52482955089506 20.095349874853603 38.15430699999999
    vertex 38.558903724606 19.836530829751084 5.654306999999975
    vertex 38.558903724606 19.836530829751084 38.15430699999999
  endloop
endfacet
facet normal -0.9914448613738105 -0.13052619222005213 0.0
  outer loop
    vertex 38.558903724606 19.836530829751084 5.654306999999975
    vertex 38.52482955089506 20.095349874853603 38.15430699999999
    vertex 38.52482955089506 20.095349874853603 5.654306999999975
  endloop
endfacet
facet normal 0.9914448613738077 -0.1305261922200734 0.0
  outer loop
    vertex 40.52482955089507 20.095349874853603 5.654306999999975
    vertex 40.490755377184136 19.836530829751084 38.15430699999999
    vertex 40.490755377184136 19.836530829751084 5.654306999999975
  endloop
endfacet
facet normal 0.9914448613738077 -0.1305261922200734 0.0
  outer loop
    vertex 40.490755377184136 19.836530829751084 38.15430699999999
    vertex 40.52482955089507 20.095349874853603 5.654306999999975
    vertex 40.52482955089507 20.095349874853603 38.15430699999999
  endloop
endfacet
facet normal 0.9238795325112916 -0.38268343236507835 0.0
  outer loop
    vertex 40.490755377184136 19.836530829751084 5.654306999999975
    vertex 40.390854954679504 19.5953498748536 38.15430699999999
    vertex 40.390854954679504 19.5953498748536 5.654306999999975
  endloop
endfacet
facet normal 0.9238795325112916 -0.38268343236507835 0.0
  outer loop
    vertex 40.390854954679504 19.5953498748536 38.15430699999999
    vertex 40.490755377184136 19.836530829751084 5.654306999999975
    vertex 40.490755377184136 19.836530829751084 38.15430699999999
  endloop
endfacet
facet normal 0.7933533402912372 -0.6087614290087179 0.0
  outer loop
    vertex 40.390854954679504 19.5953498748536 5.654306999999975
    vertex 40.23193633208162 19.388243093667054 38.15430699999999
    vertex 40.23193633208162 19.388243093667054 5.654306999999975
  endloop
endfacet
facet normal 0.7933533402912372 -0.6087614290087179 0.0
  outer loop
    vertex 40.23193633208162 19.388243093667054 38.15430699999999
    vertex 40.390854954679504 19.5953498748536 5.654306999999975
    vertex 40.390854954679504 19.5953498748536 38.15430699999999
  endloop
endfacet
facet normal 0.6087614290087128 -0.7933533402912413 0.0
  outer loop
    vertex 40.23193633208162 19.388243093667054 38.15430699999999
    vertex 40.02482955089507 19.229324471069162 5.654306999999975
    vertex 40.23193633208162 19.388243093667054 5.654306999999975
  endloop
endfacet
facet normal 0.6087614290087128 -0.7933533402912413 0.0
  outer loop
    vertex 40.02482955089507 19.229324471069162 5.654306999999975
    vertex 40.23193633208162 19.388243093667054 38.15430699999999
    vertex 40.02482955089507 19.229324471069162 38.15430699999999
  endloop
endfacet
facet normal 0.3826834323650951 -0.9238795325112845 0.0
  outer loop
    vertex 40.02482955089507 19.229324471069162 38.15430699999999
    vertex 39.78364859599759 19.129424048564534 5.654306999999975
    vertex 40.02482955089507 19.229324471069162 5.654306999999975
  endloop
endfacet
facet normal 0.3826834323650951 -0.9238795325112845 0.0
  outer loop
    vertex 39.78364859599759 19.129424048564534 5.654306999999975
    vertex 40.02482955089507 19.229324471069162 38.15430699999999
    vertex 39.78364859599759 19.129424048564534 38.15430699999999
  endloop
endfacet
facet normal 0.13052619222005077 -0.9914448613738106 0.0
  outer loop
    vertex 39.78364859599759 19.129424048564534 38.15430699999999
    vertex 39.52482955089507 19.095349874853603 5.654306999999975
    vertex 39.78364859599759 19.129424048564534 5.654306999999975
  endloop
endfacet
facet normal 0.13052619222005077 -0.9914448613738106 0.0
  outer loop
    vertex 39.52482955089507 19.095349874853603 5.654306999999975
    vertex 39.78364859599759 19.129424048564534 38.15430699999999
    vertex 39.52482955089507 19.095349874853603 38.15430699999999
  endloop
endfacet
facet normal -0.13052619222005077 -0.9914448613738106 -0.0
  outer loop
    vertex 39.52482955089507 19.095349874853603 38.15430699999999
    vertex 39.26601050579254 19.129424048564534 5.654306999999975
    vertex 39.52482955089507 19.095349874853603 5.654306999999975
  endloop
endfacet
facet normal -0.13052619222005077 -0.9914448613738106 -0.0
  outer loop
    vertex 39.26601050579254 19.129424048564534 5.654306999999975
    vertex 39.52482955089507 19.095349874853603 38.15430699999999
    vertex 39.26601050579254 19.129424048564534 38.15430699999999
  endloop
endfacet
facet normal -0.3826834323650951 -0.9238795325112845 -0.0
  outer loop
    vertex 39.26601050579254 19.129424048564534 38.15430699999999
    vertex 39.02482955089507 19.229324471069162 5.654306999999975
    vertex 39.26601050579254 19.129424048564534 5.654306999999975
  endloop
endfacet
facet normal -0.3826834323650951 -0.9238795325112845 -0.0
  outer loop
    vertex 39.02482955089507 19.229324471069162 5.654306999999975
    vertex 39.26601050579254 19.129424048564534 38.15430699999999
    vertex 39.02482955089507 19.229324471069162 38.15430699999999
  endloop
endfacet
facet normal -0.6087614290087128 -0.7933533402912413 -0.0
  outer loop
    vertex 39.02482955089507 19.229324471069162 38.15430699999999
    vertex 38.81772276970852 19.388243093667054 5.654306999999975
    vertex 39.02482955089507 19.229324471069162 5.654306999999975
  endloop
endfacet
facet normal -0.6087614290087128 -0.7933533402912413 -0.0
  outer loop
    vertex 38.81772276970852 19.388243093667054 5.654306999999975
    vertex 39.02482955089507 19.229324471069162 38.15430699999999
    vertex 38.81772276970852 19.388243093667054 38.15430699999999
  endloop
endfacet
facet normal -0.7933533402912413 -0.6087614290087128 -0.0
  outer loop
    vertex 38.65880414711063 19.595349874853603 38.15430699999999
    vertex 38.81772276970852 19.388243093667054 5.654306999999975
    vertex 38.81772276970852 19.388243093667054 38.15430699999999
  endloop
endfacet
facet normal -0.7933533402912413 -0.6087614290087128 -0.0
  outer loop
    vertex 38.81772276970852 19.388243093667054 5.654306999999975
    vertex 38.65880414711063 19.595349874853603 38.15430699999999
    vertex 38.65880414711063 19.595349874853603 5.654306999999975
  endloop
endfacet
facet normal -0.9238795325112824 -0.38268343236510055 -0.0
  outer loop
    vertex 38.558903724606 19.836530829751084 38.15430699999999
    vertex 38.65880414711063 19.595349874853603 5.654306999999975
    vertex 38.65880414711063 19.595349874853603 38.15430699999999
  endloop
endfacet
facet normal -0.9238795325112824 -0.38268343236510055 -0.0
  outer loop
    vertex 38.65880414711063 19.595349874853603 5.654306999999975
    vertex 38.558903724606 19.836530829751084 38.15430699999999
    vertex 38.558903724606 19.836530829751084 5.654306999999975
  endloop
endfacet
facet normal 0.9914448613738132 -0.13052619222003087 0.0
  outer loop
    vertex 30.02482955089508 20.095349874853603 5.6543069999999975
    vertex 29.990755377184154 19.836530829751084 38.15430699999999
    vertex 29.990755377184154 19.836530829751084 5.6543069999999975
  endloop
endfacet
facet normal 0.9914448613738132 -0.13052619222003087 0.0
  outer loop
    vertex 29.990755377184154 19.836530829751084 38.15430699999999
    vertex 30.02482955089508 20.095349874853603 5.6543069999999975
    vertex 30.02482955089508 20.095349874853603 38.15430699999999
  endloop
endfacet
facet normal 0.923879532511284 -0.3826834323650968 0.0
  outer loop
    vertex 29.990755377184154 19.836530829751084 5.6543069999999975
    vertex 29.890854954679522 19.5953498748536 38.15430699999999
    vertex 29.890854954679522 19.5953498748536 5.6543069999999975
  endloop
endfacet
facet normal 0.923879532511284 -0.3826834323650968 0.0
  outer loop
    vertex 29.890854954679522 19.5953498748536 38.15430699999999
    vertex 29.990755377184154 19.836530829751084 5.6543069999999975
    vertex 29.990755377184154 19.836530829751084 38.15430699999999
  endloop
endfacet
facet normal 0.7933533402912372 -0.6087614290087179 0.0
  outer loop
    vertex 29.890854954679522 19.5953498748536 5.6543069999999975
    vertex 29.73193633208163 19.388243093667054 38.15430699999999
    vertex 29.73193633208163 19.388243093667054 5.6543069999999975
  endloop
endfacet
facet normal 0.7933533402912372 -0.6087614290087179 0.0
  outer loop
    vertex 29.73193633208163 19.388243093667054 38.15430699999999
    vertex 29.890854954679522 19.5953498748536 5.6543069999999975
    vertex 29.890854954679522 19.5953498748536 38.15430699999999
  endloop
endfacet
facet normal 0.6087614290087128 -0.7933533402912413 0.0
  outer loop
    vertex 29.73193633208163 19.388243093667054 38.15430699999999
    vertex 29.52482955089508 19.229324471069162 5.6543069999999975
    vertex 29.73193633208163 19.388243093667054 5.6543069999999975
  endloop
endfacet
facet normal 0.6087614290087128 -0.7933533402912413 0.0
  outer loop
    vertex 29.52482955089508 19.229324471069162 5.6543069999999975
    vertex 29.73193633208163 19.388243093667054 38.15430699999999
    vertex 29.52482955089508 19.229324471069162 38.15430699999999
  endloop
endfacet
facet normal 0.3826834323650951 -0.9238795325112845 0.0
  outer loop
    vertex 29.52482955089508 19.229324471069162 38.15430699999999
    vertex 29.283648595997605 19.129424048564534 5.6543069999999975
    vertex 29.52482955089508 19.229324471069162 5.6543069999999975
  endloop
endfacet
facet normal 0.3826834323650951 -0.9238795325112845 0.0
  outer loop
    vertex 29.283648595997605 19.129424048564534 5.6543069999999975
    vertex 29.52482955089508 19.229324471069162 38.15430699999999
    vertex 29.283648595997605 19.129424048564534 38.15430699999999
  endloop
endfacet
facet normal 0.13052619222005077 -0.9914448613738106 0.0
  outer loop
    vertex 29.283648595997605 19.129424048564534 38.15430699999999
    vertex 29.02482955089508 19.095349874853603 5.6543069999999975
    vertex 29.283648595997605 19.129424048564534 5.6543069999999975
  endloop
endfacet
facet normal 0.13052619222005077 -0.9914448613738106 0.0
  outer loop
    vertex 29.02482955089508 19.095349874853603 5.6543069999999975
    vertex 29.283648595997605 19.129424048564534 38.15430699999999
    vertex 29.02482955089508 19.095349874853603 38.15430699999999
  endloop
endfacet
facet normal -0.13052619222005077 -0.9914448613738106 -0.0
  outer loop
    vertex 29.02482955089508 19.095349874853603 38.15430699999999
    vertex 28.766010505792558 19.129424048564534 5.6543069999999975
    vertex 29.02482955089508 19.095349874853603 5.6543069999999975
  endloop
endfacet
facet normal -0.13052619222005077 -0.9914448613738106 -0.0
  outer loop
    vertex 28.766010505792558 19.129424048564534 5.6543069999999975
    vertex 29.02482955089508 19.095349874853603 38.15430699999999
    vertex 28.766010505792558 19.129424048564534 38.15430699999999
  endloop
endfacet
facet normal -0.3826834323650951 -0.9238795325112845 -0.0
  outer loop
    vertex 28.766010505792558 19.129424048564534 38.15430699999999
    vertex 28.524829550895085 19.229324471069162 5.6543069999999975
    vertex 28.766010505792558 19.129424048564534 5.6543069999999975
  endloop
endfacet
facet normal -0.3826834323650951 -0.9238795325112845 -0.0
  outer loop
    vertex 28.524829550895085 19.229324471069162 5.6543069999999975
    vertex 28.766010505792558 19.129424048564534 38.15430699999999
    vertex 28.524829550895085 19.229324471069162 38.15430699999999
  endloop
endfacet
facet normal -0.6087614290087128 -0.7933533402912413 -0.0
  outer loop
    vertex 28.524829550895085 19.229324471069162 38.15430699999999
    vertex 28.31772276970853 19.388243093667054 5.6543069999999975
    vertex 28.524829550895085 19.229324471069162 5.6543069999999975
  endloop
endfacet
facet normal -0.6087614290087128 -0.7933533402912413 -0.0
  outer loop
    vertex 28.31772276970853 19.388243093667054 5.6543069999999975
    vertex 28.524829550895085 19.229324471069162 38.15430699999999
    vertex 28.31772276970853 19.388243093667054 38.15430699999999
  endloop
endfacet
facet normal -0.7933533402912413 -0.6087614290087128 -0.0
  outer loop
    vertex 28.158804147110644 19.595349874853603 38.15430699999999
    vertex 28.31772276970853 19.388243093667054 5.6543069999999975
    vertex 28.31772276970853 19.388243093667054 38.15430699999999
  endloop
endfacet
facet normal -0.7933533402912413 -0.6087614290087128 -0.0
  outer loop
    vertex 28.31772276970853 19.388243093667054 5.6543069999999975
    vertex 28.158804147110644 19.595349874853603 38.15430699999999
    vertex 28.158804147110644 19.595349874853603 5.6543069999999975
  endloop
endfacet
facet normal -0.9238795325112824 -0.38268343236510055 -0.0
  outer loop
    vertex 28.05890372460601 19.836530829751084 38.15430699999999
    vertex 28.158804147110644 19.595349874853603 5.6543069999999975
    vertex 28.158804147110644 19.595349874853603 38.15430699999999
  endloop
endfacet
facet normal -0.9238795325112824 -0.38268343236510055 -0.0
  outer loop
    vertex 28.158804147110644 19.595349874853603 5.6543069999999975
    vertex 28.05890372460601 19.836530829751084 38.15430699999999
    vertex 28.05890372460601 19.836530829751084 5.6543069999999975
  endloop
endfacet
facet normal -0.9914448613738132 -0.13052619222003087 0.0
  outer loop
    vertex 28.024829550895085 20.095349874853603 38.15430699999999
    vertex 28.05890372460601 19.836530829751084 5.6543069999999975
    vertex 28.05890372460601 19.836530829751084 38.15430699999999
  endloop
endfacet
facet normal -0.9914448613738132 -0.13052619222003087 0.0
  outer loop
    vertex 28.05890372460601 19.836530829751084 5.6543069999999975
    vertex 28.024829550895085 20.095349874853603 38.15430699999999
    vertex 28.024829550895085 20.095349874853603 5.6543069999999975
  endloop
endfacet
facet normal -0.9914448613738105 -0.13052619222005216 0.0
  outer loop
    vertex 17.524829550895095 20.095349874853603 38.15430699999999
    vertex 17.558903724606026 19.836530829751084 5.654306999999992
    vertex 17.558903724606026 19.836530829751084 38.15430699999999
  endloop
endfacet
facet normal -0.9914448613738105 -0.13052619222005216 0.0
  outer loop
    vertex 17.558903724606026 19.836530829751084 5.654306999999992
    vertex 17.524829550895095 20.095349874853603 38.15430699999999
    vertex 17.524829550895095 20.095349874853603 5.654306999999992
  endloop
endfacet
facet normal 0.9914448613738105 -0.13052619222005216 0.0
  outer loop
    vertex 19.524829550895095 20.095349874853603 5.654306999999992
    vertex 19.490755377184165 19.836530829751084 38.15430699999999
    vertex 19.490755377184165 19.836530829751084 5.654306999999992
  endloop
endfacet
facet normal 0.9914448613738105 -0.13052619222005216 0.0
  outer loop
    vertex 19.490755377184165 19.836530829751084 38.15430699999999
    vertex 19.524829550895095 20.095349874853603 5.654306999999992
    vertex 19.524829550895095 20.095349874853603 38.15430699999999
  endloop
endfacet
facet normal 0.9238795325112878 -0.38268343236508756 0.0
  outer loop
    vertex 19.490755377184165 19.836530829751084 5.654306999999992
    vertex 19.390854954679536 19.5953498748536 38.15430699999999
    vertex 19.390854954679536 19.5953498748536 5.654306999999992
  endloop
endfacet
facet normal 0.9238795325112878 -0.38268343236508756 0.0
  outer loop
    vertex 19.390854954679536 19.5953498748536 38.15430699999999
    vertex 19.490755377184165 19.836530829751084 5.654306999999992
    vertex 19.490755377184165 19.836530829751084 38.15430699999999
  endloop
endfacet
facet normal 0.7933533402912372 -0.6087614290087179 0.0
  outer loop
    vertex 19.390854954679536 19.5953498748536 5.654306999999992
    vertex 19.231936332081645 19.388243093667054 38.15430699999999
    vertex 19.231936332081645 19.388243093667054 5.654306999999992
  endloop
endfacet
facet normal 0.7933533402912372 -0.6087614290087179 0.0
  outer loop
    vertex 19.231936332081645 19.388243093667054 38.15430699999999
    vertex 19.390854954679536 19.5953498748536 5.654306999999992
    vertex 19.390854954679536 19.5953498748536 38.15430699999999
  endloop
endfacet
facet normal 0.6087614290087128 -0.7933533402912413 0.0
  outer loop
    vertex 19.231936332081645 19.388243093667054 38.15430699999999
    vertex 19.024829550895095 19.229324471069162 5.654306999999992
    vertex 19.231936332081645 19.388243093667054 5.654306999999992
  endloop
endfacet
facet normal 0.6087614290087128 -0.7933533402912413 0.0
  outer loop
    vertex 19.024829550895095 19.229324471069162 5.654306999999992
    vertex 19.231936332081645 19.388243093667054 38.15430699999999
    vertex 19.024829550895095 19.229324471069162 38.15430699999999
  endloop
endfacet
facet normal 0.3826834323650914 -0.9238795325112863 0.0
  outer loop
    vertex 19.024829550895095 19.229324471069162 38.15430699999999
    vertex 18.783648595997615 19.129424048564534 5.654306999999992
    vertex 19.024829550895095 19.229324471069162 5.654306999999992
  endloop
endfacet
facet normal 0.3826834323650914 -0.9238795325112863 0.0
  outer loop
    vertex 18.783648595997615 19.129424048564534 5.654306999999992
    vertex 19.024829550895095 19.229324471069162 38.15430699999999
    vertex 18.783648595997615 19.129424048564534 38.15430699999999
  endloop
endfacet
facet normal 0.13052619222005216 -0.9914448613738104 0.0
  outer loop
    vertex 18.783648595997615 19.129424048564534 38.15430699999999
    vertex 18.524829550895095 19.095349874853603 5.654306999999992
    vertex 18.783648595997615 19.129424048564534 5.654306999999992
  endloop
endfacet
facet normal 0.13052619222005216 -0.9914448613738104 0.0
  outer loop
    vertex 18.524829550895095 19.095349874853603 5.654306999999992
    vertex 18.783648595997615 19.129424048564534 38.15430699999999
    vertex 18.524829550895095 19.095349874853603 38.15430699999999
  endloop
endfacet
facet normal -0.13052619222005077 -0.9914448613738106 -0.0
  outer loop
    vertex 18.524829550895095 19.095349874853603 38.15430699999999
    vertex 18.266010505792572 19.129424048564534 5.654306999999992
    vertex 18.524829550895095 19.095349874853603 5.654306999999992
  endloop
endfacet
facet normal -0.13052619222005077 -0.9914448613738106 -0.0
  outer loop
    vertex 18.266010505792572 19.129424048564534 5.654306999999992
    vertex 18.524829550895095 19.095349874853603 38.15430699999999
    vertex 18.266010505792572 19.129424048564534 38.15430699999999
  endloop
endfacet
facet normal -0.3826834323650914 -0.9238795325112863 -0.0
  outer loop
    vertex 18.266010505792572 19.129424048564534 38.15430699999999
    vertex 18.024829550895095 19.229324471069162 5.654306999999992
    vertex 18.266010505792572 19.129424048564534 5.654306999999992
  endloop
endfacet
facet normal -0.3826834323650914 -0.9238795325112863 -0.0
  outer loop
    vertex 18.024829550895095 19.229324471069162 5.654306999999992
    vertex 18.266010505792572 19.129424048564534 38.15430699999999
    vertex 18.024829550895095 19.229324471069162 38.15430699999999
  endloop
endfacet
facet normal -0.6087614290087179 -0.7933533402912372 -0.0
  outer loop
    vertex 18.024829550895095 19.229324471069162 38.15430699999999
    vertex 17.817722769708546 19.388243093667054 5.654306999999992
    vertex 18.024829550895095 19.229324471069162 5.654306999999992
  endloop
endfacet
facet normal -0.6087614290087179 -0.7933533402912372 -0.0
  outer loop
    vertex 17.817722769708546 19.388243093667054 5.654306999999992
    vertex 18.024829550895095 19.229324471069162 38.15430699999999
    vertex 17.817722769708546 19.388243093667054 38.15430699999999
  endloop
endfacet
facet normal -0.7933533402912413 -0.6087614290087128 -0.0
  outer loop
    vertex 17.658804147110658 19.595349874853603 38.15430699999999
    vertex 17.817722769708546 19.388243093667054 5.654306999999992
    vertex 17.817722769708546 19.388243093667054 38.15430699999999
  endloop
endfacet
facet normal -0.7933533402912413 -0.6087614290087128 -0.0
  outer loop
    vertex 17.817722769708546 19.388243093667054 5.654306999999992
    vertex 17.658804147110658 19.595349874853603 38.15430699999999
    vertex 17.658804147110658 19.595349874853603 5.654306999999992
  endloop
endfacet
facet normal -0.9238795325112863 -0.3826834323650914 -0.0
  outer loop
    vertex 17.558903724606026 19.836530829751084 38.15430699999999
    vertex 17.658804147110658 19.595349874853603 5.654306999999992
    vertex 17.658804147110658 19.595349874853603 38.15430699999999
  endloop
endfacet
facet normal -0.9238795325112863 -0.3826834323650914 -0.0
  outer loop
    vertex 17.658804147110658 19.595349874853603 5.654306999999992
    vertex 17.558903724606026 19.836530829751084 38.15430699999999
    vertex 17.558903724606026 19.836530829751084 5.654306999999992
  endloop
endfacet
facet normal 0.13052619222005077 0.9914448613738105 0.0
  outer loop
    vertex 45.52482955089507 25.0953498748536 38.15430699999999
    vertex 45.78364859599759 25.061275701142666 5.654306999999986
    vertex 45.52482955089507 25.0953498748536 5.654306999999986
  endloop
endfacet
facet normal 0.13052619222005077 0.9914448613738105 0.0
  outer loop
    vertex 45.78364859599759 25.061275701142666 5.654306999999986
    vertex 45.52482955089507 25.0953498748536 38.15430699999999
    vertex 45.78364859599759 25.061275701142666 38.15430699999999
  endloop
endfacet
facet normal 0.3826834323650951 0.9238795325112845 0.0
  outer loop
    vertex 45.78364859599759 25.061275701142666 38.15430699999999
    vertex 46.02482955089507 24.961375278638037 5.654306999999986
    vertex 45.78364859599759 25.061275701142666 5.654306999999986
  endloop
endfacet
facet normal 0.3826834323650951 0.9238795325112845 0.0
  outer loop
    vertex 46.02482955089507 24.961375278638037 5.654306999999986
    vertex 45.78364859599759 25.061275701142666 38.15430699999999
    vertex 46.02482955089507 24.961375278638037 38.15430699999999
  endloop
endfacet
facet normal 0.6087614290087231 0.7933533402912333 0.0
  outer loop
    vertex 46.02482955089507 24.961375278638037 38.15430699999999
    vertex 46.23193633208161 24.802456656040146 5.654306999999986
    vertex 46.02482955089507 24.961375278638037 5.654306999999986
  endloop
endfacet
facet normal 0.6087614290087231 0.7933533402912333 0.0
  outer loop
    vertex 46.23193633208161 24.802456656040146 5.654306999999986
    vertex 46.02482955089507 24.961375278638037 38.15430699999999
    vertex 46.23193633208161 24.802456656040146 38.15430699999999
  endloop
endfacet
facet normal 0.7933533402912268 0.6087614290087315 0.0
  outer loop
    vertex 46.23193633208161 24.802456656040146 5.654306999999986
    vertex 46.390854954679504 24.5953498748536 38.15430699999999
    vertex 46.390854954679504 24.5953498748536 5.654306999999986
  endloop
endfacet
facet normal 0.7933533402912268 0.6087614290087315 0.0
  outer loop
    vertex 46.390854954679504 24.5953498748536 38.15430699999999
    vertex 46.23193633208161 24.802456656040146 5.654306999999986
    vertex 46.23193633208161 24.802456656040146 38.15430699999999
  endloop
endfacet
facet normal 0.92387953251129 0.38268343236508207 0.0
  outer loop
    vertex 46.390854954679504 24.5953498748536 5.654306999999986
    vertex 46.490755377184136 24.35416891995612 38.15430699999999
    vertex 46.490755377184136 24.35416891995612 5.654306999999986
  endloop
endfacet
facet normal 0.92387953251129 0.38268343236508207 0.0
  outer loop
    vertex 46.490755377184136 24.35416891995612 38.15430699999999
    vertex 46.390854954679504 24.5953498748536 5.654306999999986
    vertex 46.390854954679504 24.5953498748536 38.15430699999999
  endloop
endfacet
facet normal 0.9914448613738104 0.13052619222005216 0.0
  outer loop
    vertex 46.490755377184136 24.35416891995612 5.654306999999986
    vertex 46.52482955089507 24.0953498748536 38.15430699999999
    vertex 46.52482955089507 24.0953498748536 5.654306999999986
  endloop
endfacet
facet normal 0.9914448613738104 0.13052619222005216 0.0
  outer loop
    vertex 46.52482955089507 24.0953498748536 38.15430699999999
    vertex 46.490755377184136 24.35416891995612 5.654306999999986
    vertex 46.490755377184136 24.35416891995612 38.15430699999999
  endloop
endfacet
facet normal 0.9914448613738104 -0.13052619222005216 0.0
  outer loop
    vertex 46.52482955089507 24.0953498748536 5.654306999999986
    vertex 46.490755377184136 23.83653082975108 38.15430699999999
    vertex 46.490755377184136 23.83653082975108 5.654306999999986
  endloop
endfacet
facet normal 0.9914448613738104 -0.13052619222005216 0.0
  outer loop
    vertex 46.490755377184136 23.83653082975108 38.15430699999999
    vertex 46.52482955089507 24.0953498748536 5.654306999999986
    vertex 46.52482955089507 24.0953498748536 38.15430699999999
  endloop
endfacet
facet normal 0.92387953251129 -0.38268343236508207 0.0
  outer loop
    vertex 46.490755377184136 23.83653082975108 5.654306999999986
    vertex 46.390854954679504 23.595349874853603 38.15430699999999
    vertex 46.390854954679504 23.595349874853603 5.654306999999986
  endloop
endfacet
facet normal 0.92387953251129 -0.38268343236508207 0.0
  outer loop
    vertex 46.390854954679504 23.595349874853603 38.15430699999999
    vertex 46.490755377184136 23.83653082975108 5.654306999999986
    vertex 46.490755377184136 23.83653082975108 38.15430699999999
  endloop
endfacet
facet normal 0.7933533402912268 -0.6087614290087315 0.0
  outer loop
    vertex 46.390854954679504 23.595349874853603 5.654306999999986
    vertex 46.23193633208161 23.388243093667054 38.15430699999999
    vertex 46.23193633208161 23.388243093667054 5.654306999999986
  endloop
endfacet
facet normal 0.7933533402912268 -0.6087614290087315 0.0
  outer loop
    vertex 46.23193633208161 23.388243093667054 38.15430699999999
    vertex 46.390854954679504 23.595349874853603 5.654306999999986
    vertex 46.390854954679504 23.595349874853603 38.15430699999999
  endloop
endfacet
facet normal 0.6087614290087231 -0.7933533402912333 0.0
  outer loop
    vertex 46.23193633208161 23.388243093667054 38.15430699999999
    vertex 46.02482955089507 23.229324471069166 5.654306999999986
    vertex 46.23193633208161 23.388243093667054 5.654306999999986
  endloop
endfacet
facet normal 0.6087614290087231 -0.7933533402912333 0.0
  outer loop
    vertex 46.02482955089507 23.229324471069166 5.654306999999986
    vertex 46.23193633208161 23.388243093667054 38.15430699999999
    vertex 46.02482955089507 23.229324471069166 38.15430699999999
  endloop
endfacet
facet normal 0.38268343236508756 -0.9238795325112878 0.0
  outer loop
    vertex 46.02482955089507 23.229324471069166 38.15430699999999
    vertex 45.78364859599758 23.129424048564534 5.654306999999986
    vertex 46.02482955089507 23.229324471069166 5.654306999999986
  endloop
endfacet
facet normal 0.38268343236508756 -0.9238795325112878 0.0
  outer loop
    vertex 45.78364859599758 23.129424048564534 5.654306999999986
    vertex 46.02482955089507 23.229324471069166 38.15430699999999
    vertex 45.78364859599758 23.129424048564534 38.15430699999999
  endloop
endfacet
facet normal 0.13052619222005357 -0.9914448613738103 0.0
  outer loop
    vertex 45.78364859599758 23.129424048564534 38.15430699999999
    vertex 45.52482955089507 23.095349874853603 5.654306999999986
    vertex 45.78364859599758 23.129424048564534 5.654306999999986
  endloop
endfacet
facet normal 0.13052619222005357 -0.9914448613738103 0.0
  outer loop
    vertex 45.52482955089507 23.095349874853603 5.654306999999986
    vertex 45.78364859599758 23.129424048564534 38.15430699999999
    vertex 45.52482955089507 23.095349874853603 38.15430699999999
  endloop
endfacet
facet normal -0.06597473759845683 -0.9978212936186595 0.0
  outer loop
    vertex 45.58966105029471 33.09745364944458 38.15430699999999
    vertex 45.52482955089507 33.10174022980557 5.654306999999986
    vertex 45.58966105029471 33.09745364944458 5.654306999999986
  endloop
endfacet
facet normal -0.06597473759845683 -0.9978212936186595 0.0
  outer loop
    vertex 45.52482955089507 33.10174022980557 5.654306999999986
    vertex 45.58966105029471 33.09745364944458 38.15430699999999
    vertex 45.52482955089507 33.10174022980557 38.15430699999999
  endloop
endfacet
facet normal 0.0659747375984666 0.9978212936186588 0.0
  outer loop
    vertex 45.52482955089507 35.08895951990165 38.15430699999999
    vertex 45.720481679439686 35.07602323769975 5.654306999999986
    vertex 45.52482955089507 35.08895951990165 5.654306999999986
  endloop
endfacet
facet normal 0.0659747375984666 0.9978212936186588 0.0
  outer loop
    vertex 45.720481679439686 35.07602323769975 5.654306999999986
    vertex 45.52482955089507 35.08895951990165 38.15430699999999
    vertex 45.720481679439686 35.07602323769975 38.15430699999999
  endloop
endfacet
facet normal 0.3219818573263625 0.9467458389413002 0.0
  outer loop
    vertex 45.720481679439686 35.07602323769975 38.15430699999999
    vertex 45.96763193815406 34.99196910609825 5.654306999999986
    vertex 45.720481679439686 35.07602323769975 5.654306999999986
  endloop
endfacet
facet normal 0.3219818573263625 0.9467458389413002 0.0
  outer loop
    vertex 45.96763193815406 34.99196910609825 5.654306999999986
    vertex 45.720481679439686 35.07602323769975 38.15430699999999
    vertex 45.96763193815406 34.99196910609825 38.15430699999999
  endloop
endfacet
facet normal 0.5560464455776091 0.8311512199115797 0.0
  outer loop
    vertex 45.96763193815406 34.99196910609825 38.15430699999999
    vertex 46.18460594594228 34.84681185562077 5.654306999999986
    vertex 45.96763193815406 34.99196910609825 5.654306999999986
  endloop
endfacet
facet normal 0.5560464455776091 0.8311512199115797 0.0
  outer loop
    vertex 46.18460594594228 34.84681185562077 5.654306999999986
    vertex 45.96763193815406 34.99196910609825 38.15430699999999
    vertex 46.18460594594228 34.84681185562077 38.15430699999999
  endloop
endfacet
facet normal 0.7522173874729701 0.6589150187872029 0.0
  outer loop
    vertex 46.18460594594228 34.84681185562077 5.654306999999986
    vertex 46.356617282740075 34.650443713003654 38.15430699999999
    vertex 46.356617282740075 34.650443713003654 5.654306999999986
  endloop
endfacet
facet normal 0.7522173874729701 0.6589150187872029 0.0
  outer loop
    vertex 46.356617282740075 34.650443713003654 38.15430699999999
    vertex 46.18460594594228 34.84681185562077 5.654306999999986
    vertex 46.18460594594228 34.84681185562077 38.15430699999999
  endloop
endfacet
facet normal 0.8971259575100421 0.4417748480410475 0.0
  outer loop
    vertex 46.356617282740075 34.650443713003654 5.654306999999986
    vertex 46.471943660206854 34.41624684265254 38.15430699999999
    vertex 46.471943660206854 34.41624684265254 5.654306999999986
  endloop
endfacet
facet normal 0.8971259575100421 0.4417748480410475 0.0
  outer loop
    vertex 46.471943660206854 34.41624684265254 38.15430699999999
    vertex 46.356617282740075 34.650443713003654 5.654306999999986
    vertex 46.356617282740075 34.650443713003654 38.15430699999999
  endloop
endfacet
facet normal 0.9808968761135574 0.1945284514683252 0.0
  outer loop
    vertex 46.471943660206854 34.41624684265254 5.654306999999986
    vertex 46.5227257763041 34.16018137425325 38.15430699999999
    vertex 46.5227257763041 34.16018137425325 5.654306999999986
  endloop
endfacet
facet normal 0.9808968761135574 0.1945284514683252 0.0
  outer loop
    vertex 46.5227257763041 34.16018137425325 38.15430699999999
    vertex 46.471943660206854 34.41624684265254 5.654306999999986
    vertex 46.471943660206854 34.41624684265254 38.15430699999999
  endloop
endfacet
facet normal 0.997821293618659 -0.06597473759846419 0.0
  outer loop
    vertex 46.5227257763041 34.16018137425325 5.654306999999986
    vertex 46.50550291374121 33.89969774630899 38.15430699999999
    vertex 46.50550291374121 33.89969774630899 5.654306999999986
  endloop
endfacet
facet normal 0.997821293618659 -0.06597473759846419 0.0
  outer loop
    vertex 46.50550291374121 33.89969774630899 38.15430699999999
    vertex 46.5227257763041 34.16018137425325 5.654306999999986
    vertex 46.5227257763041 34.16018137425325 38.15430699999999
  endloop
endfacet
facet normal 0.9467458389413002 -0.3219818573263625 0.0
  outer loop
    vertex 46.50550291374121 33.89969774630899 5.654306999999986
    vertex 46.42144878213971 33.65254748759462 38.15430699999999
    vertex 46.42144878213971 33.65254748759462 5.654306999999986
  endloop
endfacet
facet normal 0.9467458389413002 -0.3219818573263625 0.0
  outer loop
    vertex 46.42144878213971 33.65254748759462 38.15430699999999
    vertex 46.50550291374121 33.89969774630899 5.654306999999986
    vertex 46.50550291374121 33.89969774630899 38.15430699999999
  endloop
endfacet
facet normal 0.8311512199115797 -0.5560464455776091 0.0
  outer loop
    vertex 46.42144878213971 33.65254748759462 5.654306999999986
    vertex 46.27629153166223 33.4355734798064 38.15430699999999
    vertex 46.27629153166223 33.4355734798064 5.654306999999986
  endloop
endfacet
facet normal 0.8311512199115797 -0.5560464455776091 0.0
  outer loop
    vertex 46.27629153166223 33.4355734798064 38.15430699999999
    vertex 46.42144878213971 33.65254748759462 5.654306999999986
    vertex 46.42144878213971 33.65254748759462 38.15430699999999
  endloop
endfacet
facet normal 0.6589150187872029 -0.7522173874729701 0.0
  outer loop
    vertex 46.27629153166223 33.4355734798064 38.15430699999999
    vertex 46.079923389045106 33.263562143008606 5.654306999999986
    vertex 46.27629153166223 33.4355734798064 5.654306999999986
  endloop
endfacet
facet normal 0.6589150187872029 -0.7522173874729701 0.0
  outer loop
    vertex 46.079923389045106 33.263562143008606 5.654306999999986
    vertex 46.27629153166223 33.4355734798064 38.15430699999999
    vertex 46.079923389045106 33.263562143008606 38.15430699999999
  endloop
endfacet
facet normal 0.4417748480410475 -0.8971259575100421 0.0
  outer loop
    vertex 46.079923389045106 33.263562143008606 38.15430699999999
    vertex 45.845726518694 33.14823576554183 5.654306999999986
    vertex 46.079923389045106 33.263562143008606 5.654306999999986
  endloop
endfacet
facet normal 0.4417748480410475 -0.8971259575100421 0.0
  outer loop
    vertex 45.845726518694 33.14823576554183 5.654306999999986
    vertex 46.079923389045106 33.263562143008606 38.15430699999999
    vertex 45.845726518694 33.14823576554183 38.15430699999999
  endloop
endfacet
facet normal 0.1945284514683252 -0.9808968761135574 0.0
  outer loop
    vertex 45.845726518694 33.14823576554183 38.15430699999999
    vertex 45.58966105029471 33.09745364944458 5.654306999999986
    vertex 45.845726518694 33.14823576554183 5.654306999999986
  endloop
endfacet
facet normal 0.1945284514683252 -0.9808968761135574 0.0
  outer loop
    vertex 45.58966105029471 33.09745364944458 5.654306999999986
    vertex 45.845726518694 33.14823576554183 38.15430699999999
    vertex 45.58966105029471 33.09745364944458 38.15430699999999
  endloop
endfacet
facet normal 0.9998193324325998 0.019007958702366736 0.0
  outer loop
    vertex 40.51361425386627 38.2446978282047 5.654306999999986
    vertex 40.51645356656757 38.09534987485361 38.15430699999999
    vertex 40.51645356656757 38.09534987485361 5.654306999999986
  endloop
endfacet
facet normal 0.9998193324325998 0.019007958702366736 0.0
  outer loop
    vertex 40.51645356656757 38.09534987485361 38.15430699999999
    vertex 40.51361425386627 38.2446978282047 5.654306999999986
    vertex 40.51361425386627 38.2446978282047 38.15430699999999
  endloop
endfacet
facet normal -0.9998193324325998 -0.019007958702360786 0.0
  outer loop
    vertex 38.53108277498128 38.20700714224336 38.15430699999999
    vertex 38.53320553522257 38.09534987485361 5.654306999999986
    vertex 38.53320553522257 38.09534987485361 38.15430699999999
  endloop
endfacet
facet normal -0.9998193324325998 -0.019007958702360786 0.0
  outer loop
    vertex 38.53320553522257 38.09534987485361 5.654306999999986
    vertex 38.53108277498128 38.20700714224336 38.15430699999999
    vertex 38.53108277498128 38.20700714224336 5.654306999999986
  endloop
endfacet
facet normal -0.9706709365404396 0.24041200667958762 0.0
  outer loop
    vertex 38.59384290257301 38.46040310473395 38.15430699999999
    vertex 38.53108277498128 38.20700714224336 5.654306999999986
    vertex 38.53108277498128 38.20700714224336 38.15430699999999
  endloop
endfacet
facet normal -0.9706709365404396 0.24041200667958762 0.0
  outer loop
    vertex 38.53108277498128 38.20700714224336 5.654306999999986
    vertex 38.59384290257301 38.46040310473395 38.15430699999999
    vertex 38.59384290257301 38.46040310473395 5.654306999999986
  endloop
endfacet
facet normal -0.8753729204326139 0.48344829110596355 0.0
  outer loop
    vertex 38.720048231719716 38.68892129288718 38.15430699999999
    vertex 38.59384290257301 38.46040310473395 5.654306999999986
    vertex 38.59384290257301 38.46040310473395 38.15430699999999
  endloop
endfacet
facet normal -0.8753729204326139 0.48344829110596355 0.0
  outer loop
    vertex 38.59384290257301 38.46040310473395 5.654306999999986
    vertex 38.720048231719716 38.68892129288718 38.15430699999999
    vertex 38.720048231719716 38.68892129288718 5.654306999999986
  endloop
endfacet
facet normal -0.7204196864194569 0.6935383734295395 0.0
  outer loop
    vertex 38.901098077804214 38.876988569824576 38.15430699999999
    vertex 38.720048231719716 38.68892129288718 5.654306999999986
    vertex 38.720048231719716 38.68892129288718 38.15430699999999
  endloop
endfacet
facet normal -0.7204196864194569 0.6935383734295395 0.0
  outer loop
    vertex 38.720048231719716 38.68892129288718 5.654306999999986
    vertex 38.901098077804214 38.876988569824576 38.15430699999999
    vertex 38.901098077804214 38.876988569824576 5.654306999999986
  endloop
endfacet
facet normal -0.5163710413266321 0.8563649617302482 0.0
  outer loop
    vertex 38.901098077804214 38.876988569824576 38.15430699999999
    vertex 39.12465419301485 39.01178846141871 5.654306999999986
    vertex 38.901098077804214 38.876988569824576 5.654306999999986
  endloop
endfacet
facet normal -0.5163710413266321 0.8563649617302482 0.0
  outer loop
    vertex 39.12465419301485 39.01178846141871 5.654306999999986
    vertex 38.901098077804214 38.876988569824576 38.15430699999999
    vertex 39.12465419301485 39.01178846141871 38.15430699999999
  endloop
endfacet
facet normal -0.27713256311090334 0.960831693099047 0.0
  outer loop
    vertex 39.12465419301485 39.01178846141871 38.15430699999999
    vertex 39.37548159754398 39.08413457782481 5.654306999999986
    vertex 39.12465419301485 39.01178846141871 5.654306999999986
  endloop
endfacet
facet normal -0.27713256311090334 0.960831693099047 0.0
  outer loop
    vertex 39.37548159754398 39.08413457782481 5.654306999999986
    vertex 39.12465419301485 39.01178846141871 38.15430699999999
    vertex 39.37548159754398 39.08413457782481 38.15430699999999
  endloop
endfacet
facet normal -0.019007958702364193 0.9998193324325998 0.0
  outer loop
    vertex 39.37548159754398 39.08413457782481 38.15430699999999
    vertex 39.63648681828482 39.0890966507674 5.654306999999986
    vertex 39.37548159754398 39.08413457782481 5.654306999999986
  endloop
endfacet
facet normal -0.019007958702364193 0.9998193324325998 0.0
  outer loop
    vertex 39.63648681828482 39.0890966507674 5.654306999999986
    vertex 39.37548159754398 39.08413457782481 38.15430699999999
    vertex 39.63648681828482 39.0890966507674 38.15430699999999
  endloop
endfacet
facet normal 0.24041200667958762 0.9706709365404396 0.0
  outer loop
    vertex 39.63648681828482 39.0890966507674 38.15430699999999
    vertex 39.88988278077541 39.026336523175665 5.654306999999986
    vertex 39.63648681828482 39.0890966507674 5.654306999999986
  endloop
endfacet
facet normal 0.24041200667958762 0.9706709365404396 0.0
  outer loop
    vertex 39.88988278077541 39.026336523175665 5.654306999999986
    vertex 39.63648681828482 39.0890966507674 38.15430699999999
    vertex 39.88988278077541 39.026336523175665 38.15430699999999
  endloop
endfacet
facet normal 0.48344829110596355 0.8753729204326139 0.0
  outer loop
    vertex 39.88988278077541 39.026336523175665 38.15430699999999
    vertex 40.11840096892864 38.90013119402896 5.654306999999986
    vertex 39.88988278077541 39.026336523175665 5.654306999999986
  endloop
endfacet
facet normal 0.48344829110596355 0.8753729204326139 0.0
  outer loop
    vertex 40.11840096892864 38.90013119402896 5.654306999999986
    vertex 39.88988278077541 39.026336523175665 38.15430699999999
    vertex 40.11840096892864 38.90013119402896 38.15430699999999
  endloop
endfacet
facet normal 0.6935383734295395 0.7204196864194569 0.0
  outer loop
    vertex 40.11840096892864 38.90013119402896 38.15430699999999
    vertex 40.306468245866036 38.71908134794447 5.654306999999986
    vertex 40.11840096892864 38.90013119402896 5.654306999999986
  endloop
endfacet
facet normal 0.6935383734295395 0.7204196864194569 0.0
  outer loop
    vertex 40.306468245866036 38.71908134794447 5.654306999999986
    vertex 40.11840096892864 38.90013119402896 38.15430699999999
    vertex 40.306468245866036 38.71908134794447 38.15430699999999
  endloop
endfacet
facet normal 0.8563649617302482 0.5163710413266321 0.0
  outer loop
    vertex 40.306468245866036 38.71908134794447 5.654306999999986
    vertex 40.44126813746017 38.495525232733826 38.15430699999999
    vertex 40.44126813746017 38.495525232733826 5.654306999999986
  endloop
endfacet
facet normal 0.8563649617302482 0.5163710413266321 0.0
  outer loop
    vertex 40.44126813746017 38.495525232733826 38.15430699999999
    vertex 40.306468245866036 38.71908134794447 5.654306999999986
    vertex 40.306468245866036 38.71908134794447 38.15430699999999
  endloop
endfacet
facet normal 0.960831693099047 0.27713256311090334 0.0
  outer loop
    vertex 40.44126813746017 38.495525232733826 5.654306999999986
    vertex 40.51361425386627 38.2446978282047 38.15430699999999
    vertex 40.51361425386627 38.2446978282047 5.654306999999986
  endloop
endfacet
facet normal 0.960831693099047 0.27713256311090334 0.0
  outer loop
    vertex 40.51361425386627 38.2446978282047 38.15430699999999
    vertex 40.44126813746017 38.495525232733826 5.654306999999986
    vertex 40.44126813746017 38.495525232733826 38.15430699999999
  endloop
endfacet
facet normal -0.9999999706200899 -0.0002424042479869904 0.0
  outer loop
    vertex 28.033353078546376 38.22563573279277 38.15430699999999
    vertex 28.03338466039272 38.09534987485361 5.654306999999986
    vertex 28.03338466039272 38.09534987485361 38.15430699999999
  endloop
endfacet
facet normal -0.9999999706200899 -0.0002424042479869904 0.0
  outer loop
    vertex 28.03338466039272 38.09534987485361 5.654306999999986
    vertex 28.033353078546376 38.22563573279277 38.15430699999999
    vertex 28.033353078546376 38.22563573279277 5.654306999999986
  endloop
endfacet
facet normal -0.9659885367462484 0.2585848929749031 0.0
  outer loop
    vertex 28.100857281437662 38.477809343652176 38.15430699999999
    vertex 28.033353078546376 38.22563573279277 5.654306999999986
    vertex 28.033353078546376 38.22563573279277 38.15430699999999
  endloop
endfacet
facet normal -0.9659885367462484 0.2585848929749031 0.0
  outer loop
    vertex 28.033353078546376 38.22563573279277 5.654306999999986
    vertex 28.100857281437662 38.477809343652176 38.15430699999999
    vertex 28.100857281437662 38.477809343652176 5.654306999999986
  endloop
endfacet
facet normal -0.8661465804646873 0.4997900570732966 0.0
  outer loop
    vertex 28.231328667556102 38.703918973757126 38.15430699999999
    vertex 28.100857281437662 38.477809343652176 5.654306999999986
    vertex 28.100857281437662 38.477809343652176 38.15430699999999
  endloop
endfacet
facet normal -0.8661465804646873 0.4997900570732966 0.0
  outer loop
    vertex 28.100857281437662 38.477809343652176 5.654306999999986
    vertex 28.231328667556102 38.703918973757126 38.15430699999999
    vertex 28.231328667556102 38.703918973757126 5.654306999999986
  endloop
endfacet
facet normal -0.707278166099355 0.7069353547242727 0.0
  outer loop
    vertex 28.415875827551883 38.88855562547978 38.15430699999999
    vertex 28.231328667556102 38.703918973757126 5.654306999999986
    vertex 28.231328667556102 38.703918973757126 38.15430699999999
  endloop
endfacet
facet normal -0.707278166099355 0.7069353547242727 0.0
  outer loop
    vertex 28.231328667556102 38.703918973757126 5.654306999999986
    vertex 28.415875827551883 38.88855562547978 38.15430699999999
    vertex 28.415875827551883 38.88855562547978 5.654306999999986
  endloop
endfacet
facet normal -0.5002099135467966 0.8659041762166912 0.0
  outer loop
    vertex 28.415875827551883 38.88855562547978 38.15430699999999
    vertex 28.641922177449892 39.01913661613175 5.654306999999986
    vertex 28.415875827551883 38.88855562547978 5.654306999999986
  endloop
endfacet
facet normal -0.5002099135467966 0.8659041762166912 0.0
  outer loop
    vertex 28.641922177449892 39.01913661613175 5.654306999999986
    vertex 28.415875827551883 38.88855562547978 38.15430699999999
    vertex 28.641922177449892 39.01913661613175 38.15430699999999
  endloop
endfacet
facet normal -0.25905318202198574 0.9658630590742583 0.0
  outer loop
    vertex 28.641922177449892 39.01913661613175 38.15430699999999
    vertex 28.89406303206384 39.08676306699539 5.654306999999986
    vertex 28.641922177449892 39.01913661613175 5.654306999999986
  endloop
endfacet
facet normal -0.25905318202198574 0.9658630590742583 0.0
  outer loop
    vertex 28.89406303206384 39.08676306699539 5.654306999999986
    vertex 28.641922177449892 39.01913661613175 38.15430699999999
    vertex 28.89406303206384 39.08676306699539 38.15430699999999
  endloop
endfacet
facet normal -0.00024240424799323445 0.9999999706200898 0.0
  outer loop
    vertex 28.89406303206384 39.08676306699539 38.15430699999999
    vertex 29.15511540883425 39.086826347202326 5.654306999999986
    vertex 28.89406303206384 39.08676306699539 5.654306999999986
  endloop
endfacet
facet normal -0.00024240424799323445 0.9999999706200898 0.0
  outer loop
    vertex 29.15511540883425 39.086826347202326 5.654306999999986
    vertex 28.89406303206384 39.08676306699539 38.15430699999999
    vertex 29.15511540883425 39.086826347202326 38.15430699999999
  endloop
endfacet
facet normal 0.2585848929749031 0.9659885367462484 0.0
  outer loop
    vertex 29.15511540883425 39.086826347202326 38.15430699999999
    vertex 29.407289019693664 39.01932214431104 5.654306999999986
    vertex 29.15511540883425 39.086826347202326 5.654306999999986
  endloop
endfacet
facet normal 0.2585848929749031 0.9659885367462484 0.0
  outer loop
    vertex 29.407289019693664 39.01932214431104 5.654306999999986
    vertex 29.15511540883425 39.086826347202326 38.15430699999999
    vertex 29.407289019693664 39.01932214431104 38.15430699999999
  endloop
endfacet
facet normal 0.4997900570732966 0.8661465804646873 0.0
  outer loop
    vertex 29.407289019693664 39.01932214431104 38.15430699999999
    vertex 29.63339864979861 38.888850758192596 5.654306999999986
    vertex 29.407289019693664 39.01932214431104 5.654306999999986
  endloop
endfacet
facet normal 0.4997900570732966 0.8661465804646873 0.0
  outer loop
    vertex 29.63339864979861 38.888850758192596 5.654306999999986
    vertex 29.407289019693664 39.01932214431104 38.15430699999999
    vertex 29.63339864979861 38.888850758192596 38.15430699999999
  endloop
endfacet
facet normal 0.7069353547242727 0.707278166099355 0.0
  outer loop
    vertex 29.63339864979861 38.888850758192596 38.15430699999999
    vertex 29.81803530152127 38.70430359819682 5.654306999999986
    vertex 29.63339864979861 38.888850758192596 5.654306999999986
  endloop
endfacet
facet normal 0.7069353547242727 0.707278166099355 0.0
  outer loop
    vertex 29.81803530152127 38.70430359819682 5.654306999999986
    vertex 29.63339864979861 38.888850758192596 38.15430699999999
    vertex 29.81803530152127 38.70430359819682 38.15430699999999
  endloop
endfacet
facet normal 0.8659041762166912 0.5002099135467966 0.0
  outer loop
    vertex 29.81803530152127 38.70430359819682 5.654306999999986
    vertex 29.948616292173238 38.47825724829881 38.15430699999999
    vertex 29.948616292173238 38.47825724829881 5.654306999999986
  endloop
endfacet
facet normal 0.8659041762166912 0.5002099135467966 0.0
  outer loop
    vertex 29.948616292173238 38.47825724829881 38.15430699999999
    vertex 29.81803530152127 38.70430359819682 5.654306999999986
    vertex 29.81803530152127 38.70430359819682 38.15430699999999
  endloop
endfacet
facet normal 0.9658630590742583 0.25905318202198574 0.0
  outer loop
    vertex 29.948616292173238 38.47825724829881 5.654306999999986
    vertex 30.016242743036873 38.22611639368486 38.15430699999999
    vertex 30.016242743036873 38.22611639368486 5.654306999999986
  endloop
endfacet
facet normal 0.9658630590742583 0.25905318202198574 0.0
  outer loop
    vertex 30.016242743036873 38.22611639368486 38.15430699999999
    vertex 29.948616292173238 38.47825724829881 5.654306999999986
    vertex 29.948616292173238 38.47825724829881 38.15430699999999
  endloop
endfacet
facet normal 0.9999999706200899 0.00024240424799945557 0.0
  outer loop
    vertex 30.016242743036873 38.22611639368486 5.654306999999986
    vertex 30.016274441397467 38.09534987485361 38.15430699999999
    vertex 30.016274441397467 38.09534987485361 5.654306999999986
  endloop
endfacet
facet normal 0.9999999706200899 0.00024240424799945557 0.0
  outer loop
    vertex 30.016274441397467 38.09534987485361 38.15430699999999
    vertex 30.016242743036873 38.22611639368486 5.654306999999986
    vertex 30.016242743036873 38.22611639368486 38.15430699999999
  endloop
endfacet
facet normal 0.0 0.0 1.0
  outer loop
    vertex 12.524829550895095 20.095349874853603 42.15430699999999
    vertex 15.524829550895095 23.095349874853603 42.15430699999999
    vertex 12.524829550895095 38.09534987485361 42.15430699999999
  endloop
endfacet
facet normal 0.0 0.0 1.0
  outer loop
    vertex 15.524829550895095 23.095349874853603 42.15430699999999
    vertex 12.524829550895095 20.095349874853603 42.15430699999999
    vertex 45.52482955089507 20.095349874853603 42.15430699999999
  endloop
endfacet
facet normal 0.0 0.0 1.0
  outer loop
    vertex 15.524829550895095 23.095349874853603 42.15430699999999
    vertex 45.52482955089507 20.095349874853603 42.15430699999999
    vertex 27.024829550895095 23.095349874853603 42.154306999999996
  endloop
endfacet
facet normal 0.0 0.0 1.0
  outer loop
    vertex 27.024829550895095 23.095349874853603 42.154306999999996
    vertex 45.52482955089507 20.095349874853603 42.15430699999999
    vertex 31.12482955089507 23.095349874853603 42.154306999999996
  endloop
endfacet
facet normal 0.0 0.0 1.0
  outer loop
    vertex 27.024829550895095 23.095349874853603 42.154306999999996
    vertex 31.12482955089507 23.095349874853603 42.154306999999996
    vertex 27.024829550895095 35.09534987485361 42.154307
  endloop
endfacet
facet normal 0.0 0.0 1.0
  outer loop
    vertex 31.12482955089507 23.095349874853603 42.154306999999996
    vertex 45.52482955089507 20.095349874853603 42.15430699999999
    vertex 42.52482955089507 23.095349874853603 42.15430699999999
  endloop
endfacet
facet normal 0.0 0.0 1.0
  outer loop
    vertex 42.52482955089507 23.095349874853603 42.15430699999999
    vertex 45.52482955089507 20.095349874853603 42.15430699999999
    vertex 42.52482955089507 35.09534987485361 42.15430699999999
  endloop
endfacet
facet normal 0.0 0.0 1.0
  outer loop
    vertex 12.524829550895095 38.09534987485361 42.15430699999999
    vertex 15.524829550895095 35.09534987485361 42.15430699999999
    vertex 45.52482955089507 38.09534987485361 42.15430699999999
  endloop
endfacet
facet normal 0.0 0.0 1.0
  outer loop
    vertex 15.524829550895095 35.09534987485361 42.15430699999999
    vertex 12.524829550895095 38.09534987485361 42.15430699999999
    vertex 15.524829550895095 23.095349874853603 42.15430699999999
  endloop
endfacet
facet normal 0.0 0.0 1.0
  outer loop
    vertex 45.52482955089507 38.09534987485361 42.15430699999999
    vertex 15.524829550895095 35.09534987485361 42.15430699999999
    vertex 27.024829550895095 35.09534987485361 42.154307
  endloop
endfacet
facet normal 0.0 0.0 1.0
  outer loop
    vertex 45.52482955089507 38.09534987485361 42.15430699999999
    vertex 27.024829550895095 35.09534987485361 42.154307
    vertex 31.12482955089507 35.09534987485361 42.154306999999996
  endloop
endfacet
facet normal 0.0 0.0 1.0
  outer loop
    vertex 31.12482955089507 35.09534987485361 42.154306999999996
    vertex 27.024829550895095 35.09534987485361 42.154307
    vertex 31.12482955089507 23.095349874853603 42.154306999999996
  endloop
endfacet
facet normal 0.0 0.0 1.0
  outer loop
    vertex 45.52482955089507 38.09534987485361 42.15430699999999
    vertex 31.12482955089507 35.09534987485361 42.154306999999996
    vertex 42.52482955089507 35.09534987485361 42.15430699999999
  endloop
endfacet
facet normal 0.0 0.0 1.0
  outer loop
    vertex 45.52482955089507 38.09534987485361 42.15430699999999
    vertex 42.52482955089507 35.09534987485361 42.15430699999999
    vertex 45.52482955089507 20.095349874853603 42.15430699999999
  endloop
endfacet
facet normal 0.9975274679862522 0.07027766795317586 0.0
  outer loop
    vertex 19.50464995671326 38.29522976964628 5.654306999999986
    vertex 19.51873186756541 38.09534987485361 38.15430699999999
    vertex 19.51873186756541 38.09534987485361 5.654306999999986
  endloop
endfacet
facet normal 0.9975274679862522 0.07027766795317586 0.0
  outer loop
    vertex 19.51873186756541 38.09534987485361 38.15430699999999
    vertex 19.50464995671326 38.29522976964628 5.654306999999986
    vertex 19.50464995671326 38.29522976964628 38.15430699999999
  endloop
endfacet
facet normal -0.9975274679862516 -0.07027766795318434 0.0
  outer loop
    vertex 17.526662992284866 38.155876904123254 38.15430699999999
    vertex 17.53092723422478 38.09534987485361 5.654306999999986
    vertex 17.53092723422478 38.09534987485361 38.15430699999999
  endloop
endfacet
facet normal -0.9975274679862516 -0.07027766795318434 0.0
  outer loop
    vertex 17.53092723422478 38.09534987485361 5.654306999999986
    vertex 17.526662992284866 38.155876904123254 38.15430699999999
    vertex 17.526662992284866 38.155876904123254 5.654306999999986
  endloop
endfacet
facet normal -0.981726742672337 0.19029609224039046 0.0
  outer loop
    vertex 17.57634024091385 38.41215901116648 38.15430699999999
    vertex 17.526662992284866 38.155876904123254 5.654306999999986
    vertex 17.526662992284866 38.155876904123254 38.15430699999999
  endloop
endfacet
facet normal -0.981726742672337 0.19029609224039046 0.0
  outer loop
    vertex 17.526662992284866 38.155876904123254 5.654306999999986
    vertex 17.57634024091385 38.41215901116648 38.15430699999999
    vertex 17.57634024091385 38.41215901116648 5.654306999999986
  endloop
endfacet
facet normal -0.8990229622254506 0.4379014882269482 0.0
  outer loop
    vertex 17.690655468565367 38.64685109912184 38.15430699999999
    vertex 17.57634024091385 38.41215901116648 5.654306999999986
    vertex 17.57634024091385 38.41215901116648 38.15430699999999
  endloop
endfacet
facet normal -0.8990229622254506 0.4379014882269482 0.0
  outer loop
    vertex 17.57634024091385 38.41215901116648 5.654306999999986
    vertex 17.690655468565367 38.64685109912184 38.15430699999999
    vertex 17.690655468565367 38.64685109912184 5.654306999999986
  endloop
endfacet
facet normal -0.7550522526085937 0.6556646214572573 0.0
  outer loop
    vertex 17.8618182813898 38.843959290042186 38.15430699999999
    vertex 17.690655468565367 38.64685109912184 5.654306999999986
    vertex 17.690655468565367 38.64685109912184 38.15430699999999
  endloop
endfacet
facet normal -0.7550522526085937 0.6556646214572573 0.0
  outer loop
    vertex 17.690655468565367 38.64685109912184 5.654306999999986
    vertex 17.8618182813898 38.843959290042186 38.15430699999999
    vertex 17.8618182813898 38.843959290042186 5.654306999999986
  endloop
endfacet
facet normal -0.559625979759302 0.8287452942722761 0.0
  outer loop
    vertex 17.8618182813898 38.843959290042186 38.15430699999999
    vertex 18.078164216553095 38.99005098645298 5.654306999999986
    vertex 17.8618182813898 38.843959290042186 5.654306999999986
  endloop
endfacet
facet normal -0.559625979759302 0.8287452942722761 0.0
  outer loop
    vertex 18.078164216553095 38.99005098645298 5.654306999999986
    vertex 17.8618182813898 38.843959290042186 38.15430699999999
    vertex 18.078164216553095 38.99005098645298 38.15430699999999
  endloop
endfacet
facet normal -0.3260621212150882 0.9453483448489859 0.0
  outer loop
    vertex 18.078164216553095 38.99005098645298 38.15430699999999
    vertex 18.32494965610243 39.07517028067178 5.654306999999986
    vertex 18.078164216553095 38.99005098645298 5.654306999999986
  endloop
endfacet
facet normal -0.3260621212150882 0.9453483448489859 0.0
  outer loop
    vertex 18.32494965610243 39.07517028067178 5.654306999999986
    vertex 18.078164216553095 38.99005098645298 38.15430699999999
    vertex 18.32494965610243 39.07517028067178 38.15430699999999
  endloop
endfacet
facet normal -0.07027766795316784 0.9975274679862527 0.0
  outer loop
    vertex 18.32494965610243 39.07517028067178 38.15430699999999
    vertex 18.58535658016474 39.09351643346384 5.654306999999986
    vertex 18.32494965610243 39.07517028067178 5.654306999999986
  endloop
endfacet
facet normal -0.07027766795316784 0.9975274679862527 0.0
  outer loop
    vertex 18.58535658016474 39.09351643346384 5.654306999999986
    vertex 18.32494965610243 39.07517028067178 38.15430699999999
    vertex 18.58535658016474 39.09351643346384 38.15430699999999
  endloop
endfacet
facet normal 0.19029609224038843 0.9817267426723373 0.0
  outer loop
    vertex 18.58535658016474 39.09351643346384 38.15430699999999
    vertex 18.84163868720797 39.04383918483485 5.654306999999986
    vertex 18.58535658016474 39.09351643346384 5.654306999999986
  endloop
endfacet
facet normal 0.19029609224038843 0.9817267426723373 0.0
  outer loop
    vertex 18.84163868720797 39.04383918483485 5.654306999999986
    vertex 18.58535658016474 39.09351643346384 38.15430699999999
    vertex 18.84163868720797 39.04383918483485 38.15430699999999
  endloop
endfacet
facet normal 0.43790148822695246 0.8990229622254486 0.0
  outer loop
    vertex 18.84163868720797 39.04383918483485 38.15430699999999
    vertex 19.076330775163328 38.929523957183335 5.654306999999986
    vertex 18.84163868720797 39.04383918483485 5.654306999999986
  endloop
endfacet
facet normal 0.43790148822695246 0.8990229622254486 0.0
  outer loop
    vertex 19.076330775163328 38.929523957183335 5.654306999999986
    vertex 18.84163868720797 39.04383918483485 38.15430699999999
    vertex 19.076330775163328 38.929523957183335 38.15430699999999
  endloop
endfacet
facet normal 0.6556646214572635 0.7550522526085883 0.0
  outer loop
    vertex 19.076330775163328 38.929523957183335 38.15430699999999
    vertex 19.27343896608367 38.7583611443589 5.654306999999986
    vertex 19.076330775163328 38.929523957183335 5.654306999999986
  endloop
endfacet
facet normal 0.6556646214572635 0.7550522526085883 0.0
  outer loop
    vertex 19.27343896608367 38.7583611443589 5.654306999999986
    vertex 19.076330775163328 38.929523957183335 38.15430699999999
    vertex 19.27343896608367 38.7583611443589 38.15430699999999
  endloop
endfacet
facet normal 0.8287452942722727 0.559625979759307 0.0
  outer loop
    vertex 19.27343896608367 38.7583611443589 5.654306999999986
    vertex 19.419530662494466 38.54201520919561 38.15430699999999
    vertex 19.419530662494466 38.54201520919561 5.654306999999986
  endloop
endfacet
facet normal 0.8287452942722727 0.559625979759307 0.0
  outer loop
    vertex 19.419530662494466 38.54201520919561 38.15430699999999
    vertex 19.27343896608367 38.7583611443589 5.654306999999986
    vertex 19.27343896608367 38.7583611443589 38.15430699999999
  endloop
endfacet
facet normal 0.9453483448489881 0.3260621212150819 0.0
  outer loop
    vertex 19.419530662494466 38.54201520919561 5.654306999999986
    vertex 19.50464995671326 38.29522976964628 38.15430699999999
    vertex 19.50464995671326 38.29522976964628 5.654306999999986
  endloop
endfacet
facet normal 0.9453483448489881 0.3260621212150819 0.0
  outer loop
    vertex 19.50464995671326 38.29522976964628 38.15430699999999
    vertex 19.419530662494466 38.54201520919561 5.654306999999986
    vertex 19.419530662494466 38.54201520919561 38.15430699999999
  endloop
endfacet
facet normal -0.13052619222005146 -0.9914448613738105 0.0
  outer loop
    vertex 12.524829550895095 23.095349874853603 38.15430699999999
    vertex 12.266010505792574 23.129424048564534 5.654306999999986
    vertex 12.524829550895095 23.095349874853603 5.654306999999986
  endloop
endfacet
facet normal -0.13052619222005146 -0.9914448613738105 0.0
  outer loop
    vertex 12.266010505792574 23.129424048564534 5.654306999999986
    vertex 12.524829550895095 23.095349874853603 38.15430699999999
    vertex 12.266010505792574 23.129424048564534 38.15430699999999
  endloop
endfacet
facet normal -0.38268343236508207 -0.92387953251129 -0.0
  outer loop
    vertex 12.266010505792574 23.129424048564534 38.15430699999999
    vertex 12.024829550895095 23.229324471069162 5.654306999999986
    vertex 12.266010505792574 23.129424048564534 5.654306999999986
  endloop
endfacet
facet normal -0.38268343236508207 -0.92387953251129 -0.0
  outer loop
    vertex 12.024829550895095 23.229324471069162 5.654306999999986
    vertex 12.266010505792574 23.129424048564534 38.15430699999999
    vertex 12.024829550895095 23.229324471069162 38.15430699999999
  endloop
endfacet
facet normal -0.6087614290087248 -0.7933533402912322 -0.0
  outer loop
    vertex 12.024829550895095 23.229324471069162 38.15430699999999
    vertex 11.817722769708547 23.388243093667054 5.654306999999986
    vertex 12.024829550895095 23.229324471069162 5.654306999999986
  endloop
endfacet
facet normal -0.6087614290087248 -0.7933533402912322 -0.0
  outer loop
    vertex 11.817722769708547 23.388243093667054 5.654306999999986
    vertex 12.024829550895095 23.229324471069162 38.15430699999999
    vertex 11.817722769708547 23.388243093667054 38.15430699999999
  endloop
endfacet
facet normal -0.7933533402912372 -0.6087614290087179 -0.0
  outer loop
    vertex 11.658804147110658 23.595349874853603 38.15430699999999
    vertex 11.817722769708547 23.388243093667054 5.654306999999986
    vertex 11.817722769708547 23.388243093667054 38.15430699999999
  endloop
endfacet
facet normal -0.7933533402912372 -0.6087614290087179 -0.0
  outer loop
    vertex 11.817722769708547 23.388243093667054 5.654306999999986
    vertex 11.658804147110658 23.595349874853603 38.15430699999999
    vertex 11.658804147110658 23.595349874853603 5.654306999999986
  endloop
endfacet
facet normal -0.9238795325112863 -0.3826834323650914 -0.0
  outer loop
    vertex 11.558903724606028 23.83653082975108 38.15430699999999
    vertex 11.658804147110658 23.595349874853603 5.654306999999986
    vertex 11.658804147110658 23.595349874853603 38.15430699999999
  endloop
endfacet
facet normal -0.9238795325112863 -0.3826834323650914 -0.0
  outer loop
    vertex 11.658804147110658 23.595349874853603 5.654306999999986
    vertex 11.558903724606028 23.83653082975108 38.15430699999999
    vertex 11.558903724606028 23.83653082975108 5.654306999999986
  endloop
endfacet
facet normal -0.9914448613738104 -0.13052619222005216 -0.0
  outer loop
    vertex 11.524829550895095 24.0953498748536 38.15430699999999
    vertex 11.558903724606028 23.83653082975108 5.654306999999986
    vertex 11.558903724606028 23.83653082975108 38.15430699999999
  endloop
endfacet
facet normal -0.9914448613738104 -0.13052619222005216 -0.0
  outer loop
    vertex 11.558903724606028 23.83653082975108 5.654306999999986
    vertex 11.524829550895095 24.0953498748536 38.15430699999999
    vertex 11.524829550895095 24.0953498748536 5.654306999999986
  endloop
endfacet
facet normal -0.9914448613738106 0.13052619222005077 0.0
  outer loop
    vertex 11.558903724606028 24.354168919956123 38.15430699999999
    vertex 11.524829550895095 24.0953498748536 5.654306999999986
    vertex 11.524829550895095 24.0953498748536 38.15430699999999
  endloop
endfacet
facet normal -0.9914448613738106 0.13052619222005077 0.0
  outer loop
    vertex 11.524829550895095 24.0953498748536 5.654306999999986
    vertex 11.558903724606028 24.354168919956123 38.15430699999999
    vertex 11.558903724606028 24.354168919956123 5.654306999999986
  endloop
endfacet
facet normal -0.9238795325112845 0.3826834323650951 0.0
  outer loop
    vertex 11.658804147110658 24.5953498748536 38.15430699999999
    vertex 11.558903724606028 24.354168919956123 5.654306999999986
    vertex 11.558903724606028 24.354168919956123 38.15430699999999
  endloop
endfacet
facet normal -0.9238795325112845 0.3826834323650951 0.0
  outer loop
    vertex 11.558903724606028 24.354168919956123 5.654306999999986
    vertex 11.658804147110658 24.5953498748536 38.15430699999999
    vertex 11.658804147110658 24.5953498748536 5.654306999999986
  endloop
endfacet
facet normal -0.7933533402912347 0.6087614290087213 0.0
  outer loop
    vertex 11.81772276970855 24.802456656040146 38.15430699999999
    vertex 11.658804147110658 24.5953498748536 5.654306999999986
    vertex 11.658804147110658 24.5953498748536 38.15430699999999
  endloop
endfacet
facet normal -0.7933533402912347 0.6087614290087213 0.0
  outer loop
    vertex 11.658804147110658 24.5953498748536 5.654306999999986
    vertex 11.81772276970855 24.802456656040146 38.15430699999999
    vertex 11.81772276970855 24.802456656040146 5.654306999999986
  endloop
endfacet
facet normal -0.6087614290087248 0.7933533402912322 0.0
  outer loop
    vertex 11.81772276970855 24.802456656040146 38.15430699999999
    vertex 12.024829550895097 24.96137527863804 5.654306999999986
    vertex 11.81772276970855 24.802456656040146 5.654306999999986
  endloop
endfacet
facet normal -0.6087614290087248 0.7933533402912322 0.0
  outer loop
    vertex 12.024829550895097 24.96137527863804 5.654306999999986
    vertex 11.81772276970855 24.802456656040146 38.15430699999999
    vertex 12.024829550895097 24.96137527863804 38.15430699999999
  endloop
endfacet
facet normal -0.3826834323650914 0.9238795325112863 0.0
  outer loop
    vertex 12.024829550895097 24.96137527863804 38.15430699999999
    vertex 12.266010505792575 25.06127570114267 5.654306999999986
    vertex 12.024829550895097 24.96137527863804 5.654306999999986
  endloop
endfacet
facet normal -0.3826834323650914 0.9238795325112863 0.0
  outer loop
    vertex 12.266010505792575 25.06127570114267 5.654306999999986
    vertex 12.024829550895097 24.96137527863804 38.15430699999999
    vertex 12.266010505792575 25.06127570114267 38.15430699999999
  endloop
endfacet
facet normal -0.13052619222004153 0.9914448613738118 0.0
  outer loop
    vertex 12.266010505792575 25.06127570114267 38.15430699999999
    vertex 12.524829550895095 25.0953498748536 5.654306999999986
    vertex 12.266010505792575 25.06127570114267 5.654306999999986
  endloop
endfacet
facet normal -0.13052619222004153 0.9914448613738118 0.0
  outer loop
    vertex 12.524829550895095 25.0953498748536 5.654306999999986
    vertex 12.266010505792575 25.06127570114267 38.15430699999999
    vertex 12.524829550895095 25.0953498748536 38.15430699999999
  endloop
endfacet
facet normal -0.13052619222005213 0.9914448613738105 0.0
  outer loop
    vertex 12.266010505792575 35.06127570114268 38.15430699999999
    vertex 12.524829550895095 35.09534987485361 5.654306999999986
    vertex 12.266010505792575 35.06127570114268 5.654306999999986
  endloop
endfacet
facet normal -0.13052619222005213 0.9914448613738105 0.0
  outer loop
    vertex 12.524829550895095 35.09534987485361 5.654306999999986
    vertex 12.266010505792575 35.06127570114268 38.15430699999999
    vertex 12.524829550895095 35.09534987485361 38.15430699999999
  endloop
endfacet
facet normal -0.13052619222005146 -0.9914448613738105 0.0
  outer loop
    vertex 12.524829550895095 33.09534987485361 38.15430699999999
    vertex 12.266010505792574 33.129424048564545 5.654306999999986
    vertex 12.524829550895095 33.09534987485361 5.654306999999986
  endloop
endfacet
facet normal -0.13052619222005146 -0.9914448613738105 0.0
  outer loop
    vertex 12.266010505792574 33.129424048564545 5.654306999999986
    vertex 12.524829550895095 33.09534987485361 38.15430699999999
    vertex 12.266010505792574 33.129424048564545 38.15430699999999
  endloop
endfacet
facet normal -0.382683432365084 -0.9238795325112892 -0.0
  outer loop
    vertex 12.266010505792574 33.129424048564545 38.15430699999999
    vertex 12.024829550895097 33.22932447106917 5.654306999999986
    vertex 12.266010505792574 33.129424048564545 5.654306999999986
  endloop
endfacet
facet normal -0.382683432365084 -0.9238795325112892 -0.0
  outer loop
    vertex 12.024829550895097 33.22932447106917 5.654306999999986
    vertex 12.266010505792574 33.129424048564545 38.15430699999999
    vertex 12.024829550895097 33.22932447106917 38.15430699999999
  endloop
endfacet
facet normal -0.6087614290087315 -0.7933533402912268 -0.0
  outer loop
    vertex 12.024829550895097 33.22932447106917 38.15430699999999
    vertex 11.81772276970855 33.388243093667064 5.654306999999986
    vertex 12.024829550895097 33.22932447106917 5.654306999999986
  endloop
endfacet
facet normal -0.6087614290087315 -0.7933533402912268 -0.0
  outer loop
    vertex 11.81772276970855 33.388243093667064 5.654306999999986
    vertex 12.024829550895097 33.22932447106917 38.15430699999999
    vertex 11.81772276970855 33.388243093667064 38.15430699999999
  endloop
endfacet
facet normal -0.7933533402912307 -0.6087614290087265 -0.0
  outer loop
    vertex 11.658804147110658 33.59534987485361 38.15430699999999
    vertex 11.81772276970855 33.388243093667064 5.654306999999986
    vertex 11.81772276970855 33.388243093667064 38.15430699999999
  endloop
endfacet
facet normal -0.7933533402912307 -0.6087614290087265 -0.0
  outer loop
    vertex 11.81772276970855 33.388243093667064 5.654306999999986
    vertex 11.658804147110658 33.59534987485361 38.15430699999999
    vertex 11.658804147110658 33.59534987485361 5.654306999999986
  endloop
endfacet
facet normal -0.9238795325112897 -0.38268343236508295 -0.0
  outer loop
    vertex 11.55890372460603 33.83653082975109 38.15430699999999
    vertex 11.658804147110658 33.59534987485361 5.654306999999986
    vertex 11.658804147110658 33.59534987485361 38.15430699999999
  endloop
endfacet
facet normal -0.9238795325112897 -0.38268343236508295 -0.0
  outer loop
    vertex 11.658804147110658 33.59534987485361 5.654306999999986
    vertex 11.55890372460603 33.83653082975109 38.15430699999999
    vertex 11.55890372460603 33.83653082975109 5.654306999999986
  endloop
endfacet
facet normal -0.9914448613738103 -0.13052619222005354 -0.0
  outer loop
    vertex 11.524829550895097 34.09534987485361 38.15430699999999
    vertex 11.55890372460603 33.83653082975109 5.654306999999986
    vertex 11.55890372460603 33.83653082975109 38.15430699999999
  endloop
endfacet
facet normal -0.9914448613738103 -0.13052619222005354 -0.0
  outer loop
    vertex 11.55890372460603 33.83653082975109 5.654306999999986
    vertex 11.524829550895097 34.09534987485361 38.15430699999999
    vertex 11.524829550895097 34.09534987485361 5.654306999999986
  endloop
endfacet
facet normal -0.9914448613738106 0.13052619222005077 0.0
  outer loop
    vertex 11.55890372460603 34.35416891995613 38.15430699999999
    vertex 11.524829550895097 34.09534987485361 5.654306999999986
    vertex 11.524829550895097 34.09534987485361 38.15430699999999
  endloop
endfacet
facet normal -0.9914448613738106 0.13052619222005077 0.0
  outer loop
    vertex 11.524829550895097 34.09534987485361 5.654306999999986
    vertex 11.55890372460603 34.35416891995613 38.15430699999999
    vertex 11.55890372460603 34.35416891995613 5.654306999999986
  endloop
endfacet
facet normal -0.9238795325112845 0.3826834323650951 0.0
  outer loop
    vertex 11.65880414711066 34.59534987485361 38.15430699999999
    vertex 11.55890372460603 34.35416891995613 5.654306999999986
    vertex 11.55890372460603 34.35416891995613 38.15430699999999
  endloop
endfacet
facet normal -0.9238795325112845 0.3826834323650951 0.0
  outer loop
    vertex 11.55890372460603 34.35416891995613 5.654306999999986
    vertex 11.65880414711066 34.59534987485361 38.15430699999999
    vertex 11.65880414711066 34.59534987485361 5.654306999999986
  endloop
endfacet
facet normal -0.7933533402912413 0.6087614290087128 0.0
  outer loop
    vertex 11.81772276970855 34.802456656040164 38.15430699999999
    vertex 11.65880414711066 34.59534987485361 5.654306999999986
    vertex 11.65880414711066 34.59534987485361 38.15430699999999
  endloop
endfacet
facet normal -0.7933533402912413 0.6087614290087128 0.0
  outer loop
    vertex 11.65880414711066 34.59534987485361 5.654306999999986
    vertex 11.81772276970855 34.802456656040164 38.15430699999999
    vertex 11.81772276970855 34.802456656040164 5.654306999999986
  endloop
endfacet
facet normal -0.6087614290087179 0.7933533402912372 0.0
  outer loop
    vertex 11.81772276970855 34.802456656040164 38.15430699999999
    vertex 12.024829550895097 34.96137527863805 5.654306999999986
    vertex 11.81772276970855 34.802456656040164 5.654306999999986
  endloop
endfacet
facet normal -0.6087614290087179 0.7933533402912372 0.0
  outer loop
    vertex 12.024829550895097 34.96137527863805 5.654306999999986
    vertex 11.81772276970855 34.802456656040164 38.15430699999999
    vertex 12.024829550895097 34.96137527863805 38.15430699999999
  endloop
endfacet
facet normal -0.38268343236508207 0.92387953251129 0.0
  outer loop
    vertex 12.024829550895097 34.96137527863805 38.15430699999999
    vertex 12.266010505792575 35.06127570114268 5.654306999999986
    vertex 12.024829550895097 34.96137527863805 5.654306999999986
  endloop
endfacet
facet normal -0.38268343236508207 0.92387953251129 0.0
  outer loop
    vertex 12.266010505792575 35.06127570114268 5.654306999999986
    vertex 12.024829550895097 34.96137527863805 38.15430699999999
    vertex 12.266010505792575 35.06127570114268 38.15430699999999
  endloop
endfacet
facet normal 0.0 0.0 1.0
  outer loop
    vertex 38.558903724606 19.836530829751084 38.15430699999999
    vertex 40.52482955089507 20.095349874853603 38.15430699999999
    vertex 38.52482955089506 20.095349874853603 38.15430699999999
  endloop
endfacet
facet normal 0.0 0.0 1.0
  outer loop
    vertex 40.52482955089507 20.095349874853603 38.15430699999999
    vertex 38.558903724606 19.836530829751084 38.15430699999999
    vertex 38.65880414711063 19.595349874853603 38.15430699999999
  endloop
endfacet
facet normal 0.0 0.0 1.0
  outer loop
    vertex 40.52482955089507 20.095349874853603 38.15430699999999
    vertex 38.65880414711063 19.595349874853603 38.15430699999999
    vertex 38.81772276970852 19.388243093667054 38.15430699999999
  endloop
endfacet
facet normal 0.0 0.0 1.0
  outer loop
    vertex 40.52482955089507 20.095349874853603 38.15430699999999
    vertex 38.81772276970852 19.388243093667054 38.15430699999999
    vertex 39.02482955089507 19.229324471069162 38.15430699999999
  endloop
endfacet
facet normal 0.0 0.0 1.0
  outer loop
    vertex 40.52482955089507 20.095349874853603 38.15430699999999
    vertex 39.02482955089507 19.229324471069162 38.15430699999999
    vertex 39.26601050579254 19.129424048564534 38.15430699999999
  endloop
endfacet
facet normal 0.0 0.0 1.0
  outer loop
    vertex 40.52482955089507 20.095349874853603 38.15430699999999
    vertex 39.26601050579254 19.129424048564534 38.15430699999999
    vertex 39.52482955089507 19.095349874853603 38.15430699999999
  endloop
endfacet
facet normal 0.0 0.0 1.0
  outer loop
    vertex 40.52482955089507 20.095349874853603 38.15430699999999
    vertex 39.52482955089507 19.095349874853603 38.15430699999999
    vertex 39.78364859599759 19.129424048564534 38.15430699999999
  endloop
endfacet
facet normal 0.0 0.0 1.0
  outer loop
    vertex 40.52482955089507 20.095349874853603 38.15430699999999
    vertex 39.78364859599759 19.129424048564534 38.15430699999999
    vertex 40.02482955089507 19.229324471069162 38.15430699999999
  endloop
endfacet
facet normal 0.0 0.0 1.0
  outer loop
    vertex 40.52482955089507 20.095349874853603 38.15430699999999
    vertex 40.02482955089507 19.229324471069162 38.15430699999999
    vertex 40.23193633208162 19.388243093667054 38.15430699999999
  endloop
endfacet
facet normal 0.0 0.0 1.0
  outer loop
    vertex 40.52482955089507 20.095349874853603 38.15430699999999
    vertex 40.23193633208162 19.388243093667054 38.15430699999999
    vertex 40.390854954679504 19.5953498748536 38.15430699999999
  endloop
endfacet
facet normal 0.0 0.0 1.0
  outer loop
    vertex 40.52482955089507 20.095349874853603 38.15430699999999
    vertex 40.390854954679504 19.5953498748536 38.15430699999999
    vertex 40.490755377184136 19.836530829751084 38.15430699999999
  endloop
endfacet
facet normal 0.0 -1.0 0.0
  outer loop
    vertex 45.52482955089507 20.095349874853603 5.6543069999999895
    vertex 40.52482955089507 20.095349874853603 38.15430699999999
    vertex 40.52482955089507 20.095349874853603 5.654306999999975
  endloop
endfacet
facet normal 0.0 -1.0 0.0
  outer loop
    vertex 40.52482955089507 20.095349874853603 38.15430699999999
    vertex 45.52482955089507 20.095349874853603 5.6543069999999895
    vertex 45.52482955089507 20.095349874853603 42.15430699999999
  endloop
endfacet
facet normal 0.0 -1.0 0.0
  outer loop
    vertex 40.52482955089507 20.095349874853603 38.15430699999999
    vertex 45.52482955089507 20.095349874853603 42.15430699999999
    vertex 38.52482955089506 20.095349874853603 38.15430699999999
  endloop
endfacet
facet normal 0.0 -1.0 0.0
  outer loop
    vertex 38.52482955089506 20.095349874853603 38.15430699999999
    vertex 45.52482955089507 20.095349874853603 42.15430699999999
    vertex 30.02482955089508 20.095349874853603 38.15430699999999
  endloop
endfacet
facet normal 0.0 -1.0 0.0
  outer loop
    vertex 30.02482955089508 20.095349874853603 38.15430699999999
    vertex 45.52482955089507 20.095349874853603 42.15430699999999
    vertex 28.024829550895085 20.095349874853603 38.15430699999999
  endloop
endfacet
facet normal 0.0 -1.0 0.0
  outer loop
    vertex 28.024829550895085 20.095349874853603 38.15430699999999
    vertex 45.52482955089507 20.095349874853603 42.15430699999999
    vertex 19.524829550895095 20.095349874853603 38.15430699999999
  endloop
endfacet
facet normal 0.0 -1.0 0.0
  outer loop
    vertex 19.524829550895095 20.095349874853603 38.15430699999999
    vertex 45.52482955089507 20.095349874853603 42.15430699999999
    vertex 17.524829550895095 20.095349874853603 38.15430699999999
  endloop
endfacet
facet normal 0.0 -1.0 0.0
  outer loop
    vertex 17.524829550895095 20.095349874853603 5.654306999999992
    vertex 12.524829550895095 20.095349874853603 42.15430699999999
    vertex 12.524829550895095 20.095349874853603 5.6543069999999895
  endloop
endfacet
facet normal 0.0 -1.0 0.0
  outer loop
    vertex 12.524829550895095 20.095349874853603 42.15430699999999
    vertex 17.524829550895095 20.095349874853603 5.654306999999992
    vertex 17.524829550895095 20.095349874853603 38.15430699999999
  endloop
endfacet
facet normal 0.0 -1.0 0.0
  outer loop
    vertex 12.524829550895095 20.095349874853603 42.15430699999999
    vertex 17.524829550895095 20.095349874853603 38.15430699999999
    vertex 45.52482955089507 20.095349874853603 42.15430699999999
  endloop
endfacet
facet normal 0.0 -1.0 0.0
  outer loop
    vertex 28.024829550895085 20.095349874853603 5.6543069999999975
    vertex 19.524829550895095 20.095349874853603 38.15430699999999
    vertex 19.524829550895095 20.095349874853603 5.654306999999992
  endloop
endfacet
facet normal 0.0 -1.0 0.0
  outer loop
    vertex 19.524829550895095 20.095349874853603 38.15430699999999
    vertex 28.024829550895085 20.095349874853603 5.6543069999999975
    vertex 28.024829550895085 20.095349874853603 38.15430699999999
  endloop
endfacet
facet normal 0.0 -1.0 0.0
  outer loop
    vertex 38.52482955089506 20.095349874853603 38.15430699999999
    vertex 30.02482955089508 20.095349874853603 5.6543069999999975
    vertex 38.52482955089506 20.095349874853603 5.654306999999975
  endloop
endfacet
facet normal 0.0 -1.0 0.0
  outer loop
    vertex 30.02482955089508 20.095349874853603 5.6543069999999975
    vertex 38.52482955089506 20.095349874853603 38.15430699999999
    vertex 30.02482955089508 20.095349874853603 38.15430699999999
  endloop
endfacet
facet normal 0.0 0.0 1.0
  outer loop
    vertex 28.05890372460601 19.836530829751084 38.15430699999999
    vertex 30.02482955089508 20.095349874853603 38.15430699999999
    vertex 28.024829550895085 20.095349874853603 38.15430699999999
  endloop
endfacet
facet normal 0.0 0.0 1.0
  outer loop
    vertex 30.02482955089508 20.095349874853603 38.15430699999999
    vertex 28.05890372460601 19.836530829751084 38.15430699999999
    vertex 28.158804147110644 19.595349874853603 38.15430699999999
  endloop
endfacet
facet normal 0.0 0.0 1.0
  outer loop
    vertex 30.02482955089508 20.095349874853603 38.15430699999999
    vertex 28.158804147110644 19.595349874853603 38.15430699999999
    vertex 28.31772276970853 19.388243093667054 38.15430699999999
  endloop
endfacet
facet normal 0.0 0.0 1.0
  outer loop
    vertex 30.02482955089508 20.095349874853603 38.15430699999999
    vertex 28.31772276970853 19.388243093667054 38.15430699999999
    vertex 28.524829550895085 19.229324471069162 38.15430699999999
  endloop
endfacet
facet normal 0.0 0.0 1.0
  outer loop
    vertex 30.02482955089508 20.095349874853603 38.15430699999999
    vertex 28.524829550895085 19.229324471069162 38.15430699999999
    vertex 28.766010505792558 19.129424048564534 38.15430699999999
  endloop
endfacet
facet normal 0.0 0.0 1.0
  outer loop
    vertex 30.02482955089508 20.095349874853603 38.15430699999999
    vertex 28.766010505792558 19.129424048564534 38.15430699999999
    vertex 29.02482955089508 19.095349874853603 38.15430699999999
  endloop
endfacet
facet normal 0.0 0.0 1.0
  outer loop
    vertex 30.02482955089508 20.095349874853603 38.15430699999999
    vertex 29.02482955089508 19.095349874853603 38.15430699999999
    vertex 29.283648595997605 19.129424048564534 38.15430699999999
  endloop
endfacet
facet normal 0.0 0.0 1.0
  outer loop
    vertex 30.02482955089508 20.095349874853603 38.15430699999999
    vertex 29.283648595997605 19.129424048564534 38.15430699999999
    vertex 29.52482955089508 19.229324471069162 38.15430699999999
  endloop
endfacet
facet normal 0.0 0.0 1.0
  outer loop
    vertex 30.02482955089508 20.095349874853603 38.15430699999999
    vertex 29.52482955089508 19.229324471069162 38.15430699999999
    vertex 29.73193633208163 19.388243093667054 38.15430699999999
  endloop
endfacet
facet normal 0.0 0.0 1.0
  outer loop
    vertex 30.02482955089508 20.095349874853603 38.15430699999999
    vertex 29.73193633208163 19.388243093667054 38.15430699999999
    vertex 29.890854954679522 19.5953498748536 38.15430699999999
  endloop
endfacet
facet normal 0.0 0.0 1.0
  outer loop
    vertex 30.02482955089508 20.095349874853603 38.15430699999999
    vertex 29.890854954679522 19.5953498748536 38.15430699999999
    vertex 29.990755377184154 19.836530829751084 38.15430699999999
  endloop
endfacet
facet normal 0.0 0.0 1.0
  outer loop
    vertex 17.558903724606026 19.836530829751084 38.15430699999999
    vertex 19.524829550895095 20.095349874853603 38.15430699999999
    vertex 17.524829550895095 20.095349874853603 38.15430699999999
  endloop
endfacet
facet normal 0.0 0.0 1.0
  outer loop
    vertex 19.524829550895095 20.095349874853603 38.15430699999999
    vertex 17.558903724606026 19.836530829751084 38.15430699999999
    vertex 17.658804147110658 19.595349874853603 38.15430699999999
  endloop
endfacet
facet normal 0.0 0.0 1.0
  outer loop
    vertex 19.524829550895095 20.095349874853603 38.15430699999999
    vertex 17.658804147110658 19.595349874853603 38.15430699999999
    vertex 17.817722769708546 19.388243093667054 38.15430699999999
  endloop
endfacet
facet normal 0.0 0.0 1.0
  outer loop
    vertex 19.524829550895095 20.095349874853603 38.15430699999999
    vertex 17.817722769708546 19.388243093667054 38.15430699999999
    vertex 18.024829550895095 19.229324471069162 38.15430699999999
  endloop
endfacet
facet normal 0.0 0.0 1.0
  outer loop
    vertex 19.524829550895095 20.095349874853603 38.15430699999999
    vertex 18.024829550895095 19.229324471069162 38.15430699999999
    vertex 18.266010505792572 19.129424048564534 38.15430699999999
  endloop
endfacet
facet normal 0.0 0.0 1.0
  outer loop
    vertex 19.524829550895095 20.095349874853603 38.15430699999999
    vertex 18.266010505792572 19.129424048564534 38.15430699999999
    vertex 18.524829550895095 19.095349874853603 38.15430699999999
  endloop
endfacet
facet normal 0.0 0.0 1.0
  outer loop
    vertex 19.524829550895095 20.095349874853603 38.15430699999999
    vertex 18.524829550895095 19.095349874853603 38.15430699999999
    vertex 18.783648595997615 19.129424048564534 38.15430699999999
  endloop
endfacet
facet normal 0.0 0.0 1.0
  outer loop
    vertex 19.524829550895095 20.095349874853603 38.15430699999999
    vertex 18.783648595997615 19.129424048564534 38.15430699999999
    vertex 19.024829550895095 19.229324471069162 38.15430699999999
  endloop
endfacet
facet normal 0.0 0.0 1.0
  outer loop
    vertex 19.524829550895095 20.095349874853603 38.15430699999999
    vertex 19.024829550895095 19.229324471069162 38.15430699999999
    vertex 19.231936332081645 19.388243093667054 38.15430699999999
  endloop
endfacet
facet normal 0.0 0.0 1.0
  outer loop
    vertex 19.524829550895095 20.095349874853603 38.15430699999999
    vertex 19.231936332081645 19.388243093667054 38.15430699999999
    vertex 19.390854954679536 19.5953498748536 38.15430699999999
  endloop
endfacet
facet normal 0.0 0.0 1.0
  outer loop
    vertex 19.524829550895095 20.095349874853603 38.15430699999999
    vertex 19.390854954679536 19.5953498748536 38.15430699999999
    vertex 19.490755377184165 19.836530829751084 38.15430699999999
  endloop
endfacet
facet normal 0.0 0.0 1.0
  outer loop
    vertex 45.78364859599758 23.129424048564534 38.15430699999999
    vertex 45.52482955089507 25.0953498748536 38.15430699999999
    vertex 45.52482955089507 23.095349874853603 38.15430699999999
  endloop
endfacet
facet normal 0.0 0.0 1.0
  outer loop
    vertex 45.52482955089507 25.0953498748536 38.15430699999999
    vertex 45.78364859599758 23.129424048564534 38.15430699999999
    vertex 45.78364859599759 25.061275701142666 38.15430699999999
  endloop
endfacet
facet normal 0.0 0.0 1.0
  outer loop
    vertex 45.78364859599759 25.061275701142666 38.15430699999999
    vertex 45.78364859599758 23.129424048564534 38.15430699999999
    vertex 46.02482955089507 23.229324471069166 38.15430699999999
  endloop
endfacet
facet normal 0.0 0.0 1.0
  outer loop
    vertex 45.78364859599759 25.061275701142666 38.15430699999999
    vertex 46.02482955089507 23.229324471069166 38.15430699999999
    vertex 46.02482955089507 24.961375278638037 38.15430699999999
  endloop
endfacet
facet normal 0.0 0.0 1.0
  outer loop
    vertex 46.02482955089507 24.961375278638037 38.15430699999999
    vertex 46.02482955089507 23.229324471069166 38.15430699999999
    vertex 46.23193633208161 23.388243093667054 38.15430699999999
  endloop
endfacet
facet normal 0.0 0.0 1.0
  outer loop
    vertex 46.02482955089507 24.961375278638037 38.15430699999999
    vertex 46.23193633208161 23.388243093667054 38.15430699999999
    vertex 46.23193633208161 24.802456656040146 38.15430699999999
  endloop
endfacet
facet normal 0.0 0.0 1.0
  outer loop
    vertex 46.23193633208161 24.802456656040146 38.15430699999999
    vertex 46.23193633208161 23.388243093667054 38.15430699999999
    vertex 46.390854954679504 23.595349874853603 38.15430699999999
  endloop
endfacet
facet normal 0.0 0.0 1.0
  outer loop
    vertex 46.23193633208161 24.802456656040146 38.15430699999999
    vertex 46.390854954679504 23.595349874853603 38.15430699999999
    vertex 46.390854954679504 24.5953498748536 38.15430699999999
  endloop
endfacet
facet normal 0.0 0.0 1.0
  outer loop
    vertex 46.390854954679504 24.5953498748536 38.15430699999999
    vertex 46.390854954679504 23.595349874853603 38.15430699999999
    vertex 46.490755377184136 23.83653082975108 38.15430699999999
  endloop
endfacet
facet normal 0.0 0.0 1.0
  outer loop
    vertex 46.390854954679504 24.5953498748536 38.15430699999999
    vertex 46.490755377184136 23.83653082975108 38.15430699999999
    vertex 46.490755377184136 24.35416891995612 38.15430699999999
  endloop
endfacet
facet normal 0.0 0.0 1.0
  outer loop
    vertex 46.490755377184136 24.35416891995612 38.15430699999999
    vertex 46.490755377184136 23.83653082975108 38.15430699999999
    vertex 46.52482955089507 24.0953498748536 38.15430699999999
  endloop
endfacet
facet normal 0.0 0.0 1.0
  outer loop
    vertex 45.58966105029471 33.09745364944458 38.15430699999999
    vertex 45.52482955089507 35.08895951990165 38.15430699999999
    vertex 45.52482955089507 33.10174022980557 38.15430699999999
  endloop
endfacet
facet normal 0.0 0.0 1.0
  outer loop
    vertex 45.52482955089507 35.08895951990165 38.15430699999999
    vertex 45.58966105029471 33.09745364944458 38.15430699999999
    vertex 45.720481679439686 35.07602323769975 38.15430699999999
  endloop
endfacet
facet normal 0.0 0.0 1.0
  outer loop
    vertex 45.720481679439686 35.07602323769975 38.15430699999999
    vertex 45.58966105029471 33.09745364944458 38.15430699999999
    vertex 45.845726518694 33.14823576554183 38.15430699999999
  endloop
endfacet
facet normal 0.0 0.0 1.0
  outer loop
    vertex 45.720481679439686 35.07602323769975 38.15430699999999
    vertex 45.845726518694 33.14823576554183 38.15430699999999
    vertex 45.96763193815406 34.99196910609825 38.15430699999999
  endloop
endfacet
facet normal 0.0 0.0 1.0
  outer loop
    vertex 45.96763193815406 34.99196910609825 38.15430699999999
    vertex 45.845726518694 33.14823576554183 38.15430699999999
    vertex 46.079923389045106 33.263562143008606 38.15430699999999
  endloop
endfacet
facet normal 0.0 0.0 1.0
  outer loop
    vertex 45.96763193815406 34.99196910609825 38.15430699999999
    vertex 46.079923389045106 33.263562143008606 38.15430699999999
    vertex 46.18460594594228 34.84681185562077 38.15430699999999
  endloop
endfacet
facet normal 0.0 0.0 1.0
  outer loop
    vertex 46.18460594594228 34.84681185562077 38.15430699999999
    vertex 46.079923389045106 33.263562143008606 38.15430699999999
    vertex 46.27629153166223 33.4355734798064 38.15430699999999
  endloop
endfacet
facet normal 0.0 0.0 1.0
  outer loop
    vertex 46.18460594594228 34.84681185562077 38.15430699999999
    vertex 46.27629153166223 33.4355734798064 38.15430699999999
    vertex 46.356617282740075 34.650443713003654 38.15430699999999
  endloop
endfacet
facet normal 0.0 0.0 1.0
  outer loop
    vertex 46.356617282740075 34.650443713003654 38.15430699999999
    vertex 46.27629153166223 33.4355734798064 38.15430699999999
    vertex 46.42144878213971 33.65254748759462 38.15430699999999
  endloop
endfacet
facet normal 0.0 0.0 1.0
  outer loop
    vertex 46.356617282740075 34.650443713003654 38.15430699999999
    vertex 46.42144878213971 33.65254748759462 38.15430699999999
    vertex 46.471943660206854 34.41624684265254 38.15430699999999
  endloop
endfacet
facet normal 0.0 0.0 1.0
  outer loop
    vertex 46.471943660206854 34.41624684265254 38.15430699999999
    vertex 46.42144878213971 33.65254748759462 38.15430699999999
    vertex 46.50550291374121 33.89969774630899 38.15430699999999
  endloop
endfacet
facet normal 0.0 0.0 1.0
  outer loop
    vertex 46.471943660206854 34.41624684265254 38.15430699999999
    vertex 46.50550291374121 33.89969774630899 38.15430699999999
    vertex 46.5227257763041 34.16018137425325 38.15430699999999
  endloop
endfacet
facet normal 1.0 0.0 0.0
  outer loop
    vertex 45.52482955089507 33.10174022980557 5.654306999999986
    vertex 45.52482955089507 25.0953498748536 38.15430699999999
    vertex 45.52482955089507 25.0953498748536 5.654306999999986
  endloop
endfacet
facet normal 1.0 0.0 0.0
  outer loop
    vertex 45.52482955089507 38.09534987485361 5.6543069999999895
    vertex 45.52482955089507 35.08895951990165 38.15430699999999
    vertex 45.52482955089507 35.08895951990165 5.654306999999986
  endloop
endfacet
facet normal 1.0 0.0 0.0
  outer loop
    vertex 45.52482955089507 23.095349874853603 5.654306999999986
    vertex 45.52482955089507 20.095349874853603 42.15430699999999
    vertex 45.52482955089507 20.095349874853603 5.6543069999999895
  endloop
endfacet
facet normal 1.0 0.0 0.0
  outer loop
    vertex 45.52482955089507 20.095349874853603 42.15430699999999
    vertex 45.52482955089507 23.095349874853603 5.654306999999986
    vertex 45.52482955089507 23.095349874853603 38.15430699999999
  endloop
endfacet
facet normal 1.0 0.0 0.0
  outer loop
    vertex 45.52482955089507 20.095349874853603 42.15430699999999
    vertex 45.52482955089507 23.095349874853603 38.15430699999999
    vertex 45.52482955089507 38.09534987485361 42.15430699999999
  endloop
endfacet
facet normal 1.0 0.0 0.0
  outer loop
    vertex 45.52482955089507 38.09534987485361 42.15430699999999
    vertex 45.52482955089507 23.095349874853603 38.15430699999999
    vertex 45.52482955089507 25.0953498748536 38.15430699999999
  endloop
endfacet
facet normal 1.0 0.0 0.0
  outer loop
    vertex 45.52482955089507 38.09534987485361 42.15430699999999
    vertex 45.52482955089507 25.0953498748536 38.15430699999999
    vertex 45.52482955089507 33.10174022980557 38.15430699999999
  endloop
endfacet
facet normal 1.0 0.0 0.0
  outer loop
    vertex 45.52482955089507 33.10174022980557 38.15430699999999
    vertex 45.52482955089507 25.0953498748536 38.15430699999999
    vertex 45.52482955089507 33.10174022980557 5.654306999999986
  endloop
endfacet
facet normal 1.0 0.0 0.0
  outer loop
    vertex 45.52482955089507 38.09534987485361 42.15430699999999
    vertex 45.52482955089507 33.10174022980557 38.15430699999999
    vertex 45.52482955089507 35.08895951990165 38.15430699999999
  endloop
endfacet
facet normal 1.0 0.0 0.0
  outer loop
    vertex 45.52482955089507 38.09534987485361 42.15430699999999
    vertex 45.52482955089507 35.08895951990165 38.15430699999999
    vertex 45.52482955089507 38.09534987485361 5.6543069999999895
  endloop
endfacet
facet normal 0.0 0.0 1.0
  outer loop
    vertex 38.53320553522257 38.09534987485361 38.15430699999999
    vertex 38.59384290257301 38.46040310473395 38.15430699999999
    vertex 38.53108277498128 38.20700714224336 38.15430699999999
  endloop
endfacet
facet normal 0.0 0.0 1.0
  outer loop
    vertex 38.59384290257301 38.46040310473395 38.15430699999999
    vertex 38.53320553522257 38.09534987485361 38.15430699999999
    vertex 40.51645356656757 38.09534987485361 38.15430699999999
  endloop
endfacet
facet normal 0.0 0.0 1.0
  outer loop
    vertex 38.59384290257301 38.46040310473395 38.15430699999999
    vertex 40.51645356656757 38.09534987485361 38.15430699999999
    vertex 38.720048231719716 38.68892129288718 38.15430699999999
  endloop
endfacet
facet normal 0.0 0.0 1.0
  outer loop
    vertex 38.720048231719716 38.68892129288718 38.15430699999999
    vertex 40.51645356656757 38.09534987485361 38.15430699999999
    vertex 38.901098077804214 38.876988569824576 38.15430699999999
  endloop
endfacet
facet normal 0.0 0.0 1.0
  outer loop
    vertex 38.901098077804214 38.876988569824576 38.15430699999999
    vertex 40.51645356656757 38.09534987485361 38.15430699999999
    vertex 39.12465419301485 39.01178846141871 38.15430699999999
  endloop
endfacet
facet normal 0.0 0.0 1.0
  outer loop
    vertex 39.12465419301485 39.01178846141871 38.15430699999999
    vertex 40.51645356656757 38.09534987485361 38.15430699999999
    vertex 39.37548159754398 39.08413457782481 38.15430699999999
  endloop
endfacet
facet normal 0.0 0.0 1.0
  outer loop
    vertex 39.37548159754398 39.08413457782481 38.15430699999999
    vertex 40.51645356656757 38.09534987485361 38.15430699999999
    vertex 39.63648681828482 39.0890966507674 38.15430699999999
  endloop
endfacet
facet normal 0.0 0.0 1.0
  outer loop
    vertex 39.63648681828482 39.0890966507674 38.15430699999999
    vertex 40.51645356656757 38.09534987485361 38.15430699999999
    vertex 39.88988278077541 39.026336523175665 38.15430699999999
  endloop
endfacet
facet normal 0.0 0.0 1.0
  outer loop
    vertex 39.88988278077541 39.026336523175665 38.15430699999999
    vertex 40.51645356656757 38.09534987485361 38.15430699999999
    vertex 40.11840096892864 38.90013119402896 38.15430699999999
  endloop
endfacet
facet normal 0.0 0.0 1.0
  outer loop
    vertex 40.11840096892864 38.90013119402896 38.15430699999999
    vertex 40.51645356656757 38.09534987485361 38.15430699999999
    vertex 40.306468245866036 38.71908134794447 38.15430699999999
  endloop
endfacet
facet normal 0.0 0.0 1.0
  outer loop
    vertex 40.306468245866036 38.71908134794447 38.15430699999999
    vertex 40.51645356656757 38.09534987485361 38.15430699999999
    vertex 40.44126813746017 38.495525232733826 38.15430699999999
  endloop
endfacet
facet normal 0.0 0.0 1.0
  outer loop
    vertex 40.44126813746017 38.495525232733826 38.15430699999999
    vertex 40.51645356656757 38.09534987485361 38.15430699999999
    vertex 40.51361425386627 38.2446978282047 38.15430699999999
  endloop
endfacet
facet normal 0.0 1.0 0.0
  outer loop
    vertex 12.524829550895095 38.09534987485361 5.6543069999999895
    vertex 17.53092723422478 38.09534987485361 38.15430699999999
    vertex 17.53092723422478 38.09534987485361 5.654306999999986
  endloop
endfacet
facet normal 0.0 1.0 0.0
  outer loop
    vertex 17.53092723422478 38.09534987485361 38.15430699999999
    vertex 12.524829550895095 38.09534987485361 5.6543069999999895
    vertex 12.524829550895095 38.09534987485361 42.15430699999999
  endloop
endfacet
facet normal 0.0 1.0 0.0
  outer loop
    vertex 17.53092723422478 38.09534987485361 38.15430699999999
    vertex 12.524829550895095 38.09534987485361 42.15430699999999
    vertex 19.51873186756541 38.09534987485361 38.15430699999999
  endloop
endfacet
facet normal 0.0 1.0 0.0
  outer loop
    vertex 19.51873186756541 38.09534987485361 38.15430699999999
    vertex 12.524829550895095 38.09534987485361 42.15430699999999
    vertex 28.03338466039272 38.09534987485361 38.15430699999999
  endloop
endfacet
facet normal 0.0 1.0 0.0
  outer loop
    vertex 28.03338466039272 38.09534987485361 38.15430699999999
    vertex 12.524829550895095 38.09534987485361 42.15430699999999
    vertex 30.016274441397467 38.09534987485361 38.15430699999999
  endloop
endfacet
facet normal 0.0 1.0 0.0
  outer loop
    vertex 30.016274441397467 38.09534987485361 38.15430699999999
    vertex 12.524829550895095 38.09534987485361 42.15430699999999
    vertex 38.53320553522257 38.09534987485361 38.15430699999999
  endloop
endfacet
facet normal 0.0 1.0 0.0
  outer loop
    vertex 38.53320553522257 38.09534987485361 38.15430699999999
    vertex 12.524829550895095 38.09534987485361 42.15430699999999
    vertex 40.51645356656757 38.09534987485361 38.15430699999999
  endloop
endfacet
facet normal 0.0 1.0 0.0
  outer loop
    vertex 40.51645356656757 38.09534987485361 38.15430699999999
    vertex 45.52482955089507 38.09534987485361 5.6543069999999895
    vertex 40.51645356656757 38.09534987485361 5.654306999999986
  endloop
endfacet
facet normal 0.0 1.0 0.0
  outer loop
    vertex 45.52482955089507 38.09534987485361 5.6543069999999895
    vertex 40.51645356656757 38.09534987485361 38.15430699999999
    vertex 45.52482955089507 38.09534987485361 42.15430699999999
  endloop
endfacet
facet normal 0.0 1.0 0.0
  outer loop
    vertex 45.52482955089507 38.09534987485361 42.15430699999999
    vertex 40.51645356656757 38.09534987485361 38.15430699999999
    vertex 12.524829550895095 38.09534987485361 42.15430699999999
  endloop
endfacet
facet normal 0.0 1.0 0.0
  outer loop
    vertex 30.016274441397467 38.09534987485361 38.15430699999999
    vertex 38.53320553522257 38.09534987485361 5.654306999999986
    vertex 30.016274441397467 38.09534987485361 5.654306999999986
  endloop
endfacet
facet normal 0.0 1.0 0.0
  outer loop
    vertex 38.53320553522257 38.09534987485361 5.654306999999986
    vertex 30.016274441397467 38.09534987485361 38.15430699999999
    vertex 38.53320553522257 38.09534987485361 38.15430699999999
  endloop
endfacet
facet normal 0.0 1.0 0.0
  outer loop
    vertex 19.51873186756541 38.09534987485361 38.15430699999999
    vertex 28.03338466039272 38.09534987485361 5.654306999999986
    vertex 19.51873186756541 38.09534987485361 5.654306999999986
  endloop
endfacet
facet normal 0.0 1.0 0.0
  outer loop
    vertex 28.03338466039272 38.09534987485361 5.654306999999986
    vertex 19.51873186756541 38.09534987485361 38.15430699999999
    vertex 28.03338466039272 38.09534987485361 38.15430699999999
  endloop
endfacet
facet normal 0.0 0.0 1.0
  outer loop
    vertex 28.03338466039272 38.09534987485361 38.15430699999999
    vertex 28.100857281437662 38.477809343652176 38.15430699999999
    vertex 28.033353078546376 38.22563573279277 38.15430699999999
  endloop
endfacet
facet normal 0.0 0.0 1.0
  outer loop
    vertex 28.100857281437662 38.477809343652176 38.15430699999999
    vertex 28.03338466039272 38.09534987485361 38.15430699999999
    vertex 30.016274441397467 38.09534987485361 38.15430699999999
  endloop
endfacet
facet normal 0.0 0.0 1.0
  outer loop
    vertex 28.100857281437662 38.477809343652176 38.15430699999999
    vertex 30.016274441397467 38.09534987485361 38.15430699999999
    vertex 28.231328667556102 38.703918973757126 38.15430699999999
  endloop
endfacet
facet normal 0.0 0.0 1.0
  outer loop
    vertex 28.231328667556102 38.703918973757126 38.15430699999999
    vertex 30.016274441397467 38.09534987485361 38.15430699999999
    vertex 28.415875827551883 38.88855562547978 38.15430699999999
  endloop
endfacet
facet normal 0.0 0.0 1.0
  outer loop
    vertex 28.415875827551883 38.88855562547978 38.15430699999999
    vertex 30.016274441397467 38.09534987485361 38.15430699999999
    vertex 28.641922177449892 39.01913661613175 38.15430699999999
  endloop
endfacet
facet normal 0.0 0.0 1.0
  outer loop
    vertex 28.641922177449892 39.01913661613175 38.15430699999999
    vertex 30.016274441397467 38.09534987485361 38.15430699999999
    vertex 28.89406303206384 39.08676306699539 38.15430699999999
  endloop
endfacet
facet normal 0.0 0.0 1.0
  outer loop
    vertex 28.89406303206384 39.08676306699539 38.15430699999999
    vertex 30.016274441397467 38.09534987485361 38.15430699999999
    vertex 29.15511540883425 39.086826347202326 38.15430699999999
  endloop
endfacet
facet normal 0.0 0.0 1.0
  outer loop
    vertex 29.15511540883425 39.086826347202326 38.15430699999999
    vertex 30.016274441397467 38.09534987485361 38.15430699999999
    vertex 29.407289019693664 39.01932214431104 38.15430699999999
  endloop
endfacet
facet normal 0.0 0.0 1.0
  outer loop
    vertex 29.407289019693664 39.01932214431104 38.15430699999999
    vertex 30.016274441397467 38.09534987485361 38.15430699999999
    vertex 29.63339864979861 38.888850758192596 38.15430699999999
  endloop
endfacet
facet normal 0.0 0.0 1.0
  outer loop
    vertex 29.63339864979861 38.888850758192596 38.15430699999999
    vertex 30.016274441397467 38.09534987485361 38.15430699999999
    vertex 29.81803530152127 38.70430359819682 38.15430699999999
  endloop
endfacet
facet normal 0.0 0.0 1.0
  outer loop
    vertex 29.81803530152127 38.70430359819682 38.15430699999999
    vertex 30.016274441397467 38.09534987485361 38.15430699999999
    vertex 29.948616292173238 38.47825724829881 38.15430699999999
  endloop
endfacet
facet normal 0.0 0.0 1.0
  outer loop
    vertex 29.948616292173238 38.47825724829881 38.15430699999999
    vertex 30.016274441397467 38.09534987485361 38.15430699999999
    vertex 30.016242743036873 38.22611639368486 38.15430699999999
  endloop
endfacet
facet normal 0.0 0.0 1.0
  outer loop
    vertex 17.53092723422478 38.09534987485361 38.15430699999999
    vertex 17.57634024091385 38.41215901116648 38.15430699999999
    vertex 17.526662992284866 38.155876904123254 38.15430699999999
  endloop
endfacet
facet normal 0.0 0.0 1.0
  outer loop
    vertex 17.57634024091385 38.41215901116648 38.15430699999999
    vertex 17.53092723422478 38.09534987485361 38.15430699999999
    vertex 19.51873186756541 38.09534987485361 38.15430699999999
  endloop
endfacet
facet normal 0.0 0.0 1.0
  outer loop
    vertex 17.57634024091385 38.41215901116648 38.15430699999999
    vertex 19.51873186756541 38.09534987485361 38.15430699999999
    vertex 17.690655468565367 38.64685109912184 38.15430699999999
  endloop
endfacet
facet normal 0.0 0.0 1.0
  outer loop
    vertex 17.690655468565367 38.64685109912184 38.15430699999999
    vertex 19.51873186756541 38.09534987485361 38.15430699999999
    vertex 17.8618182813898 38.843959290042186 38.15430699999999
  endloop
endfacet
facet normal 0.0 0.0 1.0
  outer loop
    vertex 17.8618182813898 38.843959290042186 38.15430699999999
    vertex 19.51873186756541 38.09534987485361 38.15430699999999
    vertex 18.078164216553095 38.99005098645298 38.15430699999999
  endloop
endfacet
facet normal 0.0 0.0 1.0
  outer loop
    vertex 18.078164216553095 38.99005098645298 38.15430699999999
    vertex 19.51873186756541 38.09534987485361 38.15430699999999
    vertex 18.32494965610243 39.07517028067178 38.15430699999999
  endloop
endfacet
facet normal 0.0 0.0 1.0
  outer loop
    vertex 18.32494965610243 39.07517028067178 38.15430699999999
    vertex 19.51873186756541 38.09534987485361 38.15430699999999
    vertex 18.58535658016474 39.09351643346384 38.15430699999999
  endloop
endfacet
facet normal 0.0 0.0 1.0
  outer loop
    vertex 18.58535658016474 39.09351643346384 38.15430699999999
    vertex 19.51873186756541 38.09534987485361 38.15430699999999
    vertex 18.84163868720797 39.04383918483485 38.15430699999999
  endloop
endfacet
facet normal 0.0 0.0 1.0
  outer loop
    vertex 18.84163868720797 39.04383918483485 38.15430699999999
    vertex 19.51873186756541 38.09534987485361 38.15430699999999
    vertex 19.076330775163328 38.929523957183335 38.15430699999999
  endloop
endfacet
facet normal 0.0 0.0 1.0
  outer loop
    vertex 19.076330775163328 38.929523957183335 38.15430699999999
    vertex 19.51873186756541 38.09534987485361 38.15430699999999
    vertex 19.27343896608367 38.7583611443589 38.15430699999999
  endloop
endfacet
facet normal 0.0 0.0 1.0
  outer loop
    vertex 19.27343896608367 38.7583611443589 38.15430699999999
    vertex 19.51873186756541 38.09534987485361 38.15430699999999
    vertex 19.419530662494466 38.54201520919561 38.15430699999999
  endloop
endfacet
facet normal 0.0 0.0 1.0
  outer loop
    vertex 19.419530662494466 38.54201520919561 38.15430699999999
    vertex 19.51873186756541 38.09534987485361 38.15430699999999
    vertex 19.50464995671326 38.29522976964628 38.15430699999999
  endloop
endfacet
facet normal 0.0 0.0 1.0
  outer loop
    vertex 11.55890372460603 33.83653082975109 38.15430699999999
    vertex 11.55890372460603 34.35416891995613 38.15430699999999
    vertex 11.524829550895097 34.09534987485361 38.15430699999999
  endloop
endfacet
facet normal 0.0 0.0 1.0
  outer loop
    vertex 11.55890372460603 34.35416891995613 38.15430699999999
    vertex 11.55890372460603 33.83653082975109 38.15430699999999
    vertex 11.658804147110658 33.59534987485361 38.15430699999999
  endloop
endfacet
facet normal 0.0 0.0 1.0
  outer loop
    vertex 11.55890372460603 34.35416891995613 38.15430699999999
    vertex 11.658804147110658 33.59534987485361 38.15430699999999
    vertex 11.65880414711066 34.59534987485361 38.15430699999999
  endloop
endfacet
facet normal 0.0 0.0 1.0
  outer loop
    vertex 11.65880414711066 34.59534987485361 38.15430699999999
    vertex 11.658804147110658 33.59534987485361 38.15430699999999
    vertex 11.81772276970855 33.388243093667064 38.15430699999999
  endloop
endfacet
facet normal 0.0 0.0 1.0
  outer loop
    vertex 11.65880414711066 34.59534987485361 38.15430699999999
    vertex 11.81772276970855 33.388243093667064 38.15430699999999
    vertex 11.81772276970855 34.802456656040164 38.15430699999999
  endloop
endfacet
facet normal 0.0 0.0 1.0
  outer loop
    vertex 11.81772276970855 34.802456656040164 38.15430699999999
    vertex 11.81772276970855 33.388243093667064 38.15430699999999
    vertex 12.024829550895097 33.22932447106917 38.15430699999999
  endloop
endfacet
facet normal 0.0 0.0 1.0
  outer loop
    vertex 11.81772276970855 34.802456656040164 38.15430699999999
    vertex 12.024829550895097 33.22932447106917 38.15430699999999
    vertex 12.024829550895097 34.96137527863805 38.15430699999999
  endloop
endfacet
facet normal 0.0 0.0 1.0
  outer loop
    vertex 12.024829550895097 34.96137527863805 38.15430699999999
    vertex 12.024829550895097 33.22932447106917 38.15430699999999
    vertex 12.266010505792574 33.129424048564545 38.15430699999999
  endloop
endfacet
facet normal 0.0 0.0 1.0
  outer loop
    vertex 12.024829550895097 34.96137527863805 38.15430699999999
    vertex 12.266010505792574 33.129424048564545 38.15430699999999
    vertex 12.266010505792575 35.06127570114268 38.15430699999999
  endloop
endfacet
facet normal 0.0 0.0 1.0
  outer loop
    vertex 12.266010505792575 35.06127570114268 38.15430699999999
    vertex 12.266010505792574 33.129424048564545 38.15430699999999
    vertex 12.524829550895095 33.09534987485361 38.15430699999999
  endloop
endfacet
facet normal 0.0 0.0 1.0
  outer loop
    vertex 12.266010505792575 35.06127570114268 38.15430699999999
    vertex 12.524829550895095 33.09534987485361 38.15430699999999
    vertex 12.524829550895095 35.09534987485361 38.15430699999999
  endloop
endfacet
facet normal -1.0 -2.466756461356872e-32 -1.8085262588318736e-32
  outer loop
    vertex 12.524829550895095 20.095349874853603 42.15430699999999
    vertex 12.524829550895095 23.095349874853603 38.15430699999999
    vertex 12.524829550895095 20.095349874853603 5.6543069999999895
  endloop
endfacet
facet normal -1.0 -2.466756461356872e-32 -1.8085262588318736e-32
  outer loop
    vertex 12.524829550895095 23.095349874853603 38.15430699999999
    vertex 12.524829550895095 20.095349874853603 42.15430699999999
    vertex 12.524829550895095 38.09534987485361 42.15430699999999
  endloop
endfacet
facet normal -1.0 -2.466756461356872e-32 -1.8085262588318736e-32
  outer loop
    vertex 12.524829550895095 23.095349874853603 38.15430699999999
    vertex 12.524829550895095 38.09534987485361 42.15430699999999
    vertex 12.524829550895095 25.0953498748536 38.15430699999999
  endloop
endfacet
facet normal -1.0 -2.466756461356872e-32 -1.8085262588318736e-32
  outer loop
    vertex 12.524829550895095 25.0953498748536 38.15430699999999
    vertex 12.524829550895095 38.09534987485361 42.15430699999999
    vertex 12.524829550895095 33.09534987485361 38.15430699999999
  endloop
endfacet
facet normal -1.0 -2.466756461356872e-32 -1.8085262588318736e-32
  outer loop
    vertex 12.524829550895095 25.0953498748536 38.15430699999999
    vertex 12.524829550895095 33.09534987485361 38.15430699999999
    vertex 12.524829550895095 25.0953498748536 5.654306999999986
  endloop
endfacet
facet normal -1.0 -2.466756461356872e-32 -1.8085262588318736e-32
  outer loop
    vertex 12.524829550895095 33.09534987485361 38.15430699999999
    vertex 12.524829550895095 38.09534987485361 42.15430699999999
    vertex 12.524829550895095 35.09534987485361 38.15430699999999
  endloop
endfacet
facet normal -1.0 -2.466756461356872e-32 -1.8085262588318736e-32
  outer loop
    vertex 12.524829550895095 35.09534987485361 38.15430699999999
    vertex 12.524829550895095 38.09534987485361 42.15430699999999
    vertex 12.524829550895095 35.09534987485361 5.654306999999986
  endloop
endfacet
facet normal -1.0 -2.466756461356872e-32 -1.8085262588318736e-32
  outer loop
    vertex 12.524829550895095 35.09534987485361 5.654306999999986
    vertex 12.524829550895095 38.09534987485361 42.15430699999999
    vertex 12.524829550895095 38.09534987485361 5.6543069999999895
  endloop
endfacet
facet normal -1.0 -2.466756461356872e-32 -1.8085262588318736e-32
  outer loop
    vertex 12.524829550895095 33.09534987485361 5.654306999999986
    vertex 12.524829550895095 25.0953498748536 5.654306999999986
    vertex 12.524829550895095 33.09534987485361 38.15430699999999
  endloop
endfacet
facet normal -1.0 -2.466756461356872e-32 -1.8085262588318736e-32
  outer loop
    vertex 12.524829550895095 23.095349874853603 5.654306999999986
    vertex 12.524829550895095 20.095349874853603 5.6543069999999895
    vertex 12.524829550895095 23.095349874853603 38.15430699999999
  endloop
endfacet
facet normal 0.0 0.0 1.0
  outer loop
    vertex 11.558903724606028 23.83653082975108 38.15430699999999
    vertex 11.558903724606028 24.354168919956123 38.15430699999999
    vertex 11.524829550895095 24.0953498748536 38.15430699999999
  endloop
endfacet
facet normal 0.0 0.0 1.0
  outer loop
    vertex 11.558903724606028 24.354168919956123 38.15430699999999
    vertex 11.558903724606028 23.83653082975108 38.15430699999999
    vertex 11.658804147110658 23.595349874853603 38.15430699999999
  endloop
endfacet
facet normal 0.0 0.0 1.0
  outer loop
    vertex 11.558903724606028 24.354168919956123 38.15430699999999
    vertex 11.658804147110658 23.595349874853603 38.15430699999999
    vertex 11.658804147110658 24.5953498748536 38.15430699999999
  endloop
endfacet
facet normal 0.0 0.0 1.0
  outer loop
    vertex 11.658804147110658 24.5953498748536 38.15430699999999
    vertex 11.658804147110658 23.595349874853603 38.15430699999999
    vertex 11.817722769708547 23.388243093667054 38.15430699999999
  endloop
endfacet
facet normal 0.0 0.0 1.0
  outer loop
    vertex 11.658804147110658 24.5953498748536 38.15430699999999
    vertex 11.817722769708547 23.388243093667054 38.15430699999999
    vertex 11.81772276970855 24.802456656040146 38.15430699999999
  endloop
endfacet
facet normal 0.0 0.0 1.0
  outer loop
    vertex 11.81772276970855 24.802456656040146 38.15430699999999
    vertex 11.817722769708547 23.388243093667054 38.15430699999999
    vertex 12.024829550895095 23.229324471069162 38.15430699999999
  endloop
endfacet
facet normal 0.0 0.0 1.0
  outer loop
    vertex 11.81772276970855 24.802456656040146 38.15430699999999
    vertex 12.024829550895095 23.229324471069162 38.15430699999999
    vertex 12.024829550895097 24.96137527863804 38.15430699999999
  endloop
endfacet
facet normal 0.0 0.0 1.0
  outer loop
    vertex 12.024829550895097 24.96137527863804 38.15430699999999
    vertex 12.024829550895095 23.229324471069162 38.15430699999999
    vertex 12.266010505792574 23.129424048564534 38.15430699999999
  endloop
endfacet
facet normal 0.0 0.0 1.0
  outer loop
    vertex 12.024829550895097 24.96137527863804 38.15430699999999
    vertex 12.266010505792574 23.129424048564534 38.15430699999999
    vertex 12.266010505792575 25.06127570114267 38.15430699999999
  endloop
endfacet
facet normal 0.0 0.0 1.0
  outer loop
    vertex 12.266010505792575 25.06127570114267 38.15430699999999
    vertex 12.266010505792574 23.129424048564534 38.15430699999999
    vertex 12.524829550895095 23.095349874853603 38.15430699999999
  endloop
endfacet
facet normal 0.0 0.0 1.0
  outer loop
    vertex 12.266010505792575 25.06127570114267 38.15430699999999
    vertex 12.524829550895095 23.095349874853603 38.15430699999999
    vertex 12.524829550895095 25.0953498748536 38.15430699999999
  endloop
endfacet
facet normal 1.2160931069425997e-19 0.2616158548069822 -0.9651720802601017
  outer loop
    vertex 53.52482955089507 35.097888219928336 -3.8969039901110527
    vertex 4.456930715252509 34.66955541591859 -4.01300624270904
    vertex 4.456930715252509 35.097888219928336 -3.8969039901110527
  endloop
endfacet
facet normal 1.2160931069425997e-19 0.2616158548069822 -0.9651720802601017
  outer loop
    vertex 4.456930715252509 34.66955541591859 -4.01300624270904
    vertex 53.52482955089507 35.097888219928336 -3.8969039901110527
    vertex 53.52482955089507 34.66955541591859 -4.01300624270904
  endloop
endfacet
facet normal -4.385654623772826e-22 0.0028965945522215 -0.9999958048612005
  outer loop
    vertex 53.52482955089507 34.66955541591859 -4.01300624270904
    vertex 4.456930715252509 34.22576822412709 -4.014291719663883
    vertex 4.456930715252509 34.66955541591859 -4.01300624270904
  endloop
endfacet
facet normal -4.385654623772826e-22 0.0028965945522215 -0.9999958048612005
  outer loop
    vertex 4.456930715252509 34.22576822412709 -4.014291719663883
    vertex 53.52482955089507 34.66955541591859 -4.01300624270904
    vertex 53.52482955089507 34.22576822412709 -4.014291719663883
  endloop
endfacet
facet normal -1.1233670353214697e-19 -0.25602006383442344 -0.9666714679322121
  outer loop
    vertex 53.52482955089507 34.22576822412709 -4.014291719663883
    vertex 4.456930715252509 33.79677000828143 -3.900672817845462
    vertex 4.456930715252509 34.22576822412709 -4.014291719663883
  endloop
endfacet
facet normal -1.1233670353214697e-19 -0.25602006383442344 -0.9666714679322121
  outer loop
    vertex 4.456930715252509 33.79677000828143 -3.900672817845462
    vertex 53.52482955089507 34.22576822412709 -4.014291719663883
    vertex 53.52482955089507 33.79677000828143 -3.900672817845462
  endloop
endfacet
facet normal 7.162876735099193e-34 -0.4974893779639094 -0.8674700679637785
  outer loop
    vertex 53.52482955089507 33.79677000828143 -3.900672817845462
    vertex 4.456930715252509 33.411796287838406 -3.679892477648587
    vertex 4.456930715252509 33.79677000828143 -3.900672817845462
  endloop
endfacet
facet normal 7.162876735099193e-34 -0.4974893779639094 -0.8674700679637785
  outer loop
    vertex 4.456930715252509 33.411796287838406 -3.679892477648587
    vertex 53.52482955089507 33.79677000828143 -3.900672817845462
    vertex 53.52482955089507 33.411796287838406 -3.679892477648587
  endloop
endfacet
facet normal -5.855612392514614e-34 -0.7050556131252271 -0.7091520164256816
  outer loop
    vertex 53.52482955089507 33.411796287838406 -3.679892477648587
    vertex 4.456930715252509 33.09708238564707 -3.3669965144009124
    vertex 4.456930715252509 33.411796287838406 -3.679892477648587
  endloop
endfacet
facet normal -5.855612392514614e-34 -0.7050556131252271 -0.7091520164256816
  outer loop
    vertex 4.456930715252509 33.09708238564707 -3.3669965144009124
    vertex 53.52482955089507 33.411796287838406 -3.679892477648587
    vertex 53.52482955089507 33.09708238564707 -3.3669965144009124
  endloop
endfacet
facet normal -4.149297742237113e-34 -0.864573473411557 -0.5025064268972844
  outer loop
    vertex 53.52482955089507 32.87407553405245 -2.9833082709127394
    vertex 4.456930715252509 33.09708238564707 -3.3669965144009124
    vertex 53.52482955089507 33.09708238564707 -3.3669965144009124
  endloop
endfacet
facet normal -4.149297742237113e-34 -0.864573473411557 -0.5025064268972844
  outer loop
    vertex 4.456930715252509 33.09708238564707 -3.3669965144009124
    vertex 53.52482955089507 32.87407553405245 -2.9833082709127394
    vertex 4.456930715252509 32.87407553405245 -2.9833082709127394
  endloop
endfacet
facet normal 1.93241340683955e-34 0.8836992395438668 -0.46805518267570945
  outer loop
    vertex 4.456930715252509 39.420265085019274 -2.5934960401755607
    vertex 53.52482955089507 39.2125473184913 -2.9856720893139763
    vertex 4.456930715252509 39.2125473184913 -2.9856720893139763
  endloop
endfacet
facet normal 1.93241340683955e-34 0.8836992395438668 -0.46805518267570945
  outer loop
    vertex 53.52482955089507 39.2125473184913 -2.9856720893139763
    vertex 4.456930715252509 39.420265085019274 -2.5934960401755607
    vertex 53.52482955089507 39.420265085019274 -2.5934960401755607
  endloop
endfacet
facet normal 0.0 0.732446322712023 -0.6808247824114769
  outer loop
    vertex 4.456930715252509 39.2125473184913 -2.9856720893139763
    vertex 53.52482955089507 38.910404732672774 -3.310723749645186
    vertex 4.456930715252509 38.910404732672774 -3.310723749645186
  endloop
endfacet
facet normal 0.0 0.732446322712023 -0.6808247824114769
  outer loop
    vertex 53.52482955089507 38.910404732672774 -3.310723749645186
    vertex 4.456930715252509 39.2125473184913 -2.9856720893139763
    vertex 53.52482955089507 39.2125473184913 -2.9856720893139763
  endloop
endfacet
facet normal 6.995480354241604e-34 0.5312783994121276 -0.8471972983420614
  outer loop
    vertex 53.52482955089507 38.910404732672774 -3.310723749645186
    vertex 4.456930715252509 38.534427845472976 -3.5464992876908834
    vertex 4.456930715252509 38.910404732672774 -3.310723749645186
  endloop
endfacet
facet normal 6.995480354241604e-34 0.5312783994121276 -0.8471972983420614
  outer loop
    vertex 4.456930715252509 38.534427845472976 -3.5464992876908834
    vertex 53.52482955089507 38.910404732672774 -3.310723749645186
    vertex 53.52482955089507 38.534427845472976 -3.5464992876908834
  endloop
endfacet
facet normal 1.3661844689765094e-19 0.29390473117136284 -0.9558347184503654
  outer loop
    vertex 53.52482955089507 38.534427845472976 -3.5464992876908834
    vertex 4.456930715252509 38.1102388604234 -3.6769309901707543
    vertex 4.456930715252509 38.534427845472976 -3.5464992876908834
  endloop
endfacet
facet normal 1.3661844689765094e-19 0.29390473117136284 -0.9558347184503654
  outer loop
    vertex 4.456930715252509 38.1102388604234 -3.6769309901707543
    vertex 53.52482955089507 38.534427845472976 -3.5464992876908834
    vertex 53.52482955089507 38.1102388604234 -3.6769309901707543
  endloop
endfacet
facet normal 1.4516545184278092e-20 0.03650194120180801 -0.9993335820878331
  outer loop
    vertex 53.52482955089507 38.1102388604234 -3.6769309901707543
    vertex 4.456930715252509 37.66674555584974 -3.693130152109376
    vertex 4.456930715252509 38.1102388604234 -3.6769309901707543
  endloop
endfacet
facet normal 1.4516545184278092e-20 0.03650194120180801 -0.9993335820878331
  outer loop
    vertex 4.456930715252509 37.66674555584974 -3.693130152109376
    vertex 53.52482955089507 38.1102388604234 -3.6769309901707543
    vertex 53.52482955089507 37.66674555584974 -3.693130152109376
  endloop
endfacet
facet normal 0.0 -0.9962371788495148 -0.08666881491032377
  outer loop
    vertex 53.52482955089507 39.53346205015591 -1.8355531120675306
    vertex 4.524829550895072 39.551276970580375 -2.0403313368933786
    vertex 53.52482955089507 39.551276970580375 -2.0403313368933786
  endloop
endfacet
facet normal 0.0 -0.9962371788495148 -0.08666881491032377
  outer loop
    vertex 4.524829550895072 39.551276970580375 -2.0403313368933786
    vertex 53.52482955089507 39.53346205015591 -1.8355531120675306
    vertex 4.524829550895072 39.53346205015591 -1.8355531120675306
  endloop
endfacet
facet normal 0.0 0.9962371788495157 0.08666881491031511
  outer loop
    vertex 4.524829550895072 42.88885760737528 -1.5108374129817856
    vertex 53.52482955089507 42.90950535829201 -1.7481783428671012
    vertex 4.524829550895072 42.90950535829201 -1.7481783428671012
  endloop
endfacet
facet normal 0.0 0.9962371788495157 0.08666881491031511
  outer loop
    vertex 53.52482955089507 42.90950535829201 -1.7481783428671012
    vertex 4.524829550895072 42.88885760737528 -1.5108374129817856
    vertex 53.52482955089507 42.88885760737528 -1.5108374129817856
  endloop
endfacet
facet normal 0.0 0.9847227600753643 -0.17412950866971605
  outer loop
    vertex 4.524829550895072 42.90950535829201 -1.7481783428671012
    vertex 53.52482955089507 42.832228588444664 -2.185187524568294
    vertex 4.524829550895072 42.832228588444664 -2.185187524568294
  endloop
endfacet
facet normal 0.0 0.9847227600753643 -0.17412950866971605
  outer loop
    vertex 53.52482955089507 42.832228588444664 -2.185187524568294
    vertex 4.524829550895072 42.90950535829201 -1.7481783428671012
    vertex 53.52482955089507 42.90950535829201 -1.7481783428671012
  endloop
endfacet
facet normal 0.0 0.9061011125333859 -0.4230611939965191
  outer loop
    vertex 4.524829550895072 42.832228588444664 -2.185187524568294
    vertex 53.52482955089507 42.644478661567994 -2.5873052797184335
    vertex 4.524829550895072 42.644478661567994 -2.5873052797184335
  endloop
endfacet
facet normal 0.0 0.9061011125333859 -0.4230611939965191
  outer loop
    vertex 53.52482955089507 42.644478661567994 -2.5873052797184335
    vertex 4.524829550895072 42.832228588444664 -2.185187524568294
    vertex 53.52482955089507 42.832228588444664 -2.185187524568294
  endloop
endfacet
facet normal 0.0 0.7657301715751397 -0.6431619580941547
  outer loop
    vertex 4.524829550895072 42.644478661567994 -2.5873052797184335
    vertex 53.52482955089507 42.359050424907196 -2.9271279478350465
    vertex 4.524829550895072 42.359050424907196 -2.9271279478350465
  endloop
endfacet
facet normal 0.0 0.7657301715751397 -0.6431619580941547
  outer loop
    vertex 53.52482955089507 42.359050424907196 -2.9271279478350465
    vertex 4.524829550895072 42.644478661567994 -2.5873052797184335
    vertex 53.52482955089507 42.644478661567994 -2.5873052797184335
  endloop
endfacet
facet normal 0.0 0.5731759848529907 -0.8194322976230581
  outer loop
    vertex 53.52482955089507 42.359050424907196 -2.9271279478350465
    vertex 4.524829550895072 41.99539534109825 -3.1814971756694983
    vertex 4.524829550895072 42.359050424907196 -2.9271279478350465
  endloop
endfacet
facet normal 0.0 0.5731759848529907 -0.8194322976230581
  outer loop
    vertex 4.524829550895072 41.99539534109825 -3.1814971756694983
    vertex 53.52482955089507 42.359050424907196 -2.9271279478350465
    vertex 53.52482955089507 41.99539534109825 -3.1814971756694983
  endloop
endfacet
facet normal 0.0 0.34156080198120936 -0.9398596802448508
  outer loop
    vertex 53.52482955089507 41.99539534109825 -3.1814971756694983
    vertex 4.524829550895072 41.5782959031343 -3.333078120709895
    vertex 4.524829550895072 41.99539534109825 -3.1814971756694983
  endloop
endfacet
facet normal 0.0 0.34156080198120936 -0.9398596802448508
  outer loop
    vertex 4.524829550895072 41.5782959031343 -3.333078120709895
    vertex 53.52482955089507 41.99539534109825 -3.1814971756694983
    vertex 53.52482955089507 41.5782959031343 -3.333078120709895
  endloop
endfacet
facet normal 0.0 0.08666881491032583 -0.9962371788495146
  outer loop
    vertex 53.52482955089507 41.5782959031343 -3.333078120709895
    vertex 4.524829550895072 41.13617674842317 -3.3715407920510905
    vertex 4.524829550895072 41.5782959031343 -3.333078120709895
  endloop
endfacet
facet normal 0.0 0.08666881491032583 -0.9962371788495146
  outer loop
    vertex 4.524829550895072 41.13617674842317 -3.3715407920510905
    vertex 53.52482955089507 41.5782959031343 -3.333078120709895
    vertex 53.52482955089507 41.13617674842317 -3.3715407920510905
  endloop
endfacet
facet normal -0.0 -0.1741295086697109 -0.9847227600753652
  outer loop
    vertex 53.52482955089507 41.13617674842317 -3.3715407920510905
    vertex 4.524829550895072 40.699167566721975 -3.2942640222037505
    vertex 4.524829550895072 41.13617674842317 -3.3715407920510905
  endloop
endfacet
facet normal -0.0 -0.1741295086697109 -0.9847227600753652
  outer loop
    vertex 4.524829550895072 40.699167566721975 -3.2942640222037505
    vertex 53.52482955089507 41.13617674842317 -3.3715407920510905
    vertex 53.52482955089507 40.699167566721975 -3.2942640222037505
  endloop
endfacet
facet normal -0.0 -0.4230611939965241 -0.9061011125333838
  outer loop
    vertex 53.52482955089507 40.699167566721975 -3.2942640222037505
    vertex 4.524829550895072 40.29704981157184 -3.1065140953270722
    vertex 4.524829550895072 40.699167566721975 -3.2942640222037505
  endloop
endfacet
facet normal -0.0 -0.4230611939965241 -0.9061011125333838
  outer loop
    vertex 4.524829550895072 40.29704981157184 -3.1065140953270722
    vertex 53.52482955089507 40.699167566721975 -3.2942640222037505
    vertex 53.52482955089507 40.29704981157184 -3.1065140953270722
  endloop
endfacet
facet normal -0.0 -0.6431619580941572 -0.7657301715751378
  outer loop
    vertex 53.52482955089507 40.29704981157184 -3.1065140953270722
    vertex 4.524829550895072 39.95722714345522 -2.821085858666276
    vertex 4.524829550895072 40.29704981157184 -3.1065140953270722
  endloop
endfacet
facet normal -0.0 -0.6431619580941572 -0.7657301715751378
  outer loop
    vertex 4.524829550895072 39.95722714345522 -2.821085858666276
    vertex 53.52482955089507 40.29704981157184 -3.1065140953270722
    vertex 53.52482955089507 39.95722714345522 -2.821085858666276
  endloop
endfacet
facet normal -0.0 -0.8194322976230574 -0.5731759848529921
  outer loop
    vertex 53.52482955089507 39.70285791562077 -2.4574307748573316
    vertex 4.524829550895072 39.95722714345522 -2.821085858666276
    vertex 53.52482955089507 39.95722714345522 -2.821085858666276
  endloop
endfacet
facet normal -0.0 -0.8194322976230574 -0.5731759848529921
  outer loop
    vertex 4.524829550895072 39.95722714345522 -2.821085858666276
    vertex 53.52482955089507 39.70285791562077 -2.4574307748573316
    vertex 4.524829550895072 39.70285791562077 -2.4574307748573316
  endloop
endfacet
facet normal -0.0 -0.9398596802448496 -0.3415608019812127
  outer loop
    vertex 53.52482955089507 39.551276970580375 -2.0403313368933786
    vertex 4.524829550895072 39.70285791562077 -2.4574307748573316
    vertex 53.52482955089507 39.70285791562077 -2.4574307748573316
  endloop
endfacet
facet normal -0.0 -0.9398596802448496 -0.3415608019812127
  outer loop
    vertex 4.524829550895072 39.70285791562077 -2.4574307748573316
    vertex 53.52482955089507 39.551276970580375 -2.0403313368933786
    vertex 4.524829550895072 39.551276970580375 -2.0403313368933786
  endloop
endfacet
facet normal -1.0 0.0 0.0
  outer loop
    vertex 4.524829550895072 42.88885760737528 -1.5108374129817856
    vertex 4.524829550895072 39.551276970580375 -2.0403313368933786
    vertex 4.524829550895072 39.53346205015591 -1.8355531120675306
  endloop
endfacet
facet normal -1.0 0.0 0.0
  outer loop
    vertex 4.524829550895072 39.551276970580375 -2.0403313368933786
    vertex 4.524829550895072 42.88885760737528 -1.5108374129817856
    vertex 4.524829550895072 39.70285791562077 -2.4574307748573316
  endloop
endfacet
facet normal -1.0 0.0 0.0
  outer loop
    vertex 4.524829550895072 39.70285791562077 -2.4574307748573316
    vertex 4.524829550895072 42.88885760737528 -1.5108374129817856
    vertex 4.524829550895072 39.95722714345522 -2.821085858666276
  endloop
endfacet
facet normal -1.0 0.0 0.0
  outer loop
    vertex 4.524829550895072 39.95722714345522 -2.821085858666276
    vertex 4.524829550895072 42.88885760737528 -1.5108374129817856
    vertex 4.524829550895072 40.29704981157184 -3.1065140953270722
  endloop
endfacet
facet normal -1.0 0.0 0.0
  outer loop
    vertex 4.524829550895072 40.29704981157184 -3.1065140953270722
    vertex 4.524829550895072 42.88885760737528 -1.5108374129817856
    vertex 4.524829550895072 40.699167566721975 -3.2942640222037505
  endloop
endfacet
facet normal -1.0 0.0 0.0
  outer loop
    vertex 4.524829550895072 40.699167566721975 -3.2942640222037505
    vertex 4.524829550895072 42.88885760737528 -1.5108374129817856
    vertex 4.524829550895072 41.13617674842317 -3.3715407920510905
  endloop
endfacet
facet normal -1.0 0.0 0.0
  outer loop
    vertex 4.524829550895072 41.13617674842317 -3.3715407920510905
    vertex 4.524829550895072 42.88885760737528 -1.5108374129817856
    vertex 4.524829550895072 41.5782959031343 -3.333078120709895
  endloop
endfacet
facet normal -1.0 0.0 0.0
  outer loop
    vertex 4.524829550895072 41.5782959031343 -3.333078120709895
    vertex 4.524829550895072 42.88885760737528 -1.5108374129817856
    vertex 4.524829550895072 41.99539534109825 -3.1814971756694983
  endloop
endfacet
facet normal -1.0 0.0 0.0
  outer loop
    vertex 4.524829550895072 41.99539534109825 -3.1814971756694983
    vertex 4.524829550895072 42.88885760737528 -1.5108374129817856
    vertex 4.524829550895072 42.359050424907196 -2.9271279478350465
  endloop
endfacet
facet normal -1.0 0.0 0.0
  outer loop
    vertex 4.524829550895072 42.359050424907196 -2.9271279478350465
    vertex 4.524829550895072 42.88885760737528 -1.5108374129817856
    vertex 4.524829550895072 42.644478661567994 -2.5873052797184335
  endloop
endfacet
facet normal -1.0 0.0 0.0
  outer loop
    vertex 4.524829550895072 42.644478661567994 -2.5873052797184335
    vertex 4.524829550895072 42.88885760737528 -1.5108374129817856
    vertex 4.524829550895072 42.832228588444664 -2.185187524568294
  endloop
endfacet
facet normal -1.0 0.0 0.0
  outer loop
    vertex 4.524829550895072 42.832228588444664 -2.185187524568294
    vertex 4.524829550895072 42.88885760737528 -1.5108374129817856
    vertex 4.524829550895072 42.90950535829201 -1.7481783428671012
  endloop
endfacet
facet normal -1.0 0.0 0.0
  outer loop
    vertex 4.524829550895072 22.59817229167665 -3.4750530168755938
    vertex 4.524829550895072 19.249711853460532 -4.021151140078891
    vertex 4.524829550895072 19.228436601178288 -3.8009315568351254
  endloop
endfacet
facet normal -1.0 0.0 0.0
  outer loop
    vertex 4.524829550895072 19.249711853460532 -4.021151140078891
    vertex 4.524829550895072 22.59817229167665 -3.4750530168755938
    vertex 4.524829550895072 19.40526193074558 -4.4367866745388325
  endloop
endfacet
facet normal -1.0 0.0 0.0
  outer loop
    vertex 4.524829550895072 19.40526193074558 -4.4367866745388325
    vertex 4.524829550895072 22.59817229167665 -3.4750530168755938
    vertex 4.524829550895072 19.663086159816068 -4.798000449128611
  endloop
endfacet
facet normal -1.0 0.0 0.0
  outer loop
    vertex 4.524829550895072 19.663086159816068 -4.798000449128611
    vertex 4.524829550895072 22.59817229167665 -3.4750530168755938
    vertex 4.524829550895072 20.005614245535522 -5.080176342043919
  endloop
endfacet
facet normal -1.0 0.0 0.0
  outer loop
    vertex 4.524829550895072 20.005614245535522 -5.080176342043919
    vertex 4.524829550895072 22.59817229167665 -3.4750530168755938
    vertex 4.524829550895072 20.40950346491659 -5.26408453250029
  endloop
endfacet
facet normal -1.0 0.0 0.0
  outer loop
    vertex 4.524829550895072 20.40950346491659 -5.26408453250029
    vertex 4.524829550895072 22.59817229167665 -3.4750530168755938
    vertex 4.524829550895072 20.847229435116947 -5.337191981240776
  endloop
endfacet
facet normal -1.0 0.0 0.0
  outer loop
    vertex 4.524829550895072 20.847229435116947 -5.337191981240776
    vertex 4.524829550895072 22.59817229167665 -3.4750530168755938
    vertex 4.524829550895072 21.2889618546438 -5.294516536449486
  endloop
endfacet
facet normal -1.0 0.0 0.0
  outer loop
    vertex 4.524829550895072 21.2889618546438 -5.294516536449486
    vertex 4.524829550895072 22.59817229167665 -3.4750530168755938
    vertex 4.524829550895072 21.704597389103746 -5.138966459164439
  endloop
endfacet
facet normal -1.0 0.0 0.0
  outer loop
    vertex 4.524829550895072 21.704597389103746 -5.138966459164439
    vertex 4.524829550895072 22.59817229167665 -3.4750530168755938
    vertex 4.524829550895072 22.06581116369352 -4.881142230093953
  endloop
endfacet
facet normal -1.0 0.0 0.0
  outer loop
    vertex 4.524829550895072 22.06581116369352 -4.881142230093953
    vertex 4.524829550895072 22.59817229167665 -3.4750530168755938
    vertex 4.524829550895072 22.34798705660883 -4.538614144374499
  endloop
endfacet
facet normal -1.0 0.0 0.0
  outer loop
    vertex 4.524829550895072 22.34798705660883 -4.538614144374499
    vertex 4.524829550895072 22.59817229167665 -3.4750530168755938
    vertex 4.524829550895072 22.5318952470652 -4.134724924993431
  endloop
endfacet
facet normal -1.0 0.0 0.0
  outer loop
    vertex 4.524829550895072 22.5318952470652 -4.134724924993431
    vertex 4.524829550895072 22.59817229167665 -3.4750530168755938
    vertex 4.524829550895072 22.605002695805688 -3.696998954793075
  endloop
endfacet
facet normal -1.0 0.0 0.0
  outer loop
    vertex 4.524829550895072 19.201554981858465 -3.803531209644808
    vertex 4.524829550895072 15.848537420736966 -4.265867054487571
    vertex 4.524829550895072 15.842128360107358 -4.128412785871793
  endloop
endfacet
facet normal -1.0 0.0 0.0
  outer loop
    vertex 4.524829550895072 15.848537420736966 -4.265867054487571
    vertex 4.524829550895072 19.201554981858465 -3.803531209644808
    vertex 4.524829550895072 15.983239543395712 -4.688719348084772
  endloop
endfacet
facet normal -1.0 0.0 0.0
  outer loop
    vertex 4.524829550895072 15.983239543395712 -4.688719348084772
    vertex 4.524829550895072 19.201554981858465 -3.803531209644808
    vertex 4.524829550895072 16.22279402937599 -5.062299824416059
  endloop
endfacet
facet normal -1.0 0.0 0.0
  outer loop
    vertex 4.524829550895072 16.22279402937599 -5.062299824416059
    vertex 4.524829550895072 19.201554981858465 -3.803531209644808
    vertex 4.524829550895072 16.55087563634075 -5.36114959139038
  endloop
endfacet
facet normal -1.0 0.0 0.0
  outer loop
    vertex 4.524829550895072 16.55087563634075 -5.36114959139038
    vertex 4.524829550895072 19.201554981858465 -3.803531209644808
    vertex 4.524829550895072 16.945126144955836 -5.564902531261027
  endloop
endfacet
facet normal -1.0 0.0 0.0
  outer loop
    vertex 4.524829550895072 16.945126144955836 -5.564902531261027
    vertex 4.524829550895072 19.201554981858465 -3.803531209644808
    vertex 4.524829550895072 17.378678034588898 -5.659673217893468
  endloop
endfacet
facet normal -1.0 0.0 0.0
  outer loop
    vertex 4.524829550895072 17.378678034588898 -5.659673217893468
    vertex 4.524829550895072 19.201554981858465 -3.803531209644808
    vertex 4.524829550895072 17.821985460439823 -5.639003185609669
  endloop
endfacet
facet normal -1.0 0.0 0.0
  outer loop
    vertex 4.524829550895072 17.821985460439823 -5.639003185609669
    vertex 4.524829550895072 19.201554981858465 -3.803531209644808
    vertex 4.524829550895072 18.244837754037025 -5.504301062950925
  endloop
endfacet
facet normal -1.0 0.0 0.0
  outer loop
    vertex 4.524829550895072 18.244837754037025 -5.504301062950925
    vertex 4.524829550895072 19.201554981858465 -3.803531209644808
    vertex 4.524829550895072 18.61841823036831 -5.264746576970649
  endloop
endfacet
facet normal -1.0 0.0 0.0
  outer loop
    vertex 4.524829550895072 18.61841823036831 -5.264746576970649
    vertex 4.524829550895072 19.201554981858465 -3.803531209644808
    vertex 4.524829550895072 18.91726799734263 -4.9366649700058876
  endloop
endfacet
facet normal -1.0 0.0 0.0
  outer loop
    vertex 4.524829550895072 18.91726799734263 -4.9366649700058876
    vertex 4.524829550895072 19.201554981858465 -3.803531209644808
    vertex 4.524829550895072 19.121020937213277 -4.542414461390803
  endloop
endfacet
facet normal -1.0 0.0 0.0
  outer loop
    vertex 4.524829550895072 19.121020937213277 -4.542414461390803
    vertex 4.524829550895072 19.201554981858465 -3.803531209644808
    vertex 4.524829550895072 19.21579162384572 -4.108862571757738
  endloop
endfacet
facet normal 0.0 0.9100927933032589 -0.41440452166629627
  outer loop
    vertex 4.524829550895072 22.5318952470652 -4.134724924993431
    vertex 53.52482955089507 22.34798705660883 -4.538614144374499
    vertex 4.524829550895072 22.34798705660883 -4.538614144374499
  endloop
endfacet
facet normal 0.0 0.9100927933032589 -0.41440452166629627
  outer loop
    vertex 53.52482955089507 22.34798705660883 -4.538614144374499
    vertex 4.524829550895072 22.5318952470652 -4.134724924993431
    vertex 53.52482955089507 22.5318952470652 -4.134724924993431
  endloop
endfacet
facet normal 1.0 0.0 0.0
  outer loop
    vertex 53.52482955089507 19.249711853460532 -4.021151140078891
    vertex 53.52482955089507 22.59817229167665 -3.4750530168755938
    vertex 53.52482955089507 19.228436601178288 -3.8009315568351254
  endloop
endfacet
facet normal 1.0 0.0 0.0
  outer loop
    vertex 53.52482955089507 22.59817229167665 -3.4750530168755938
    vertex 53.52482955089507 19.249711853460532 -4.021151140078891
    vertex 53.52482955089507 19.40526193074558 -4.4367866745388325
  endloop
endfacet
facet normal 1.0 0.0 0.0
  outer loop
    vertex 53.52482955089507 22.59817229167665 -3.4750530168755938
    vertex 53.52482955089507 19.40526193074558 -4.4367866745388325
    vertex 53.52482955089507 19.663086159816068 -4.798000449128611
  endloop
endfacet
facet normal 1.0 0.0 0.0
  outer loop
    vertex 53.52482955089507 22.59817229167665 -3.4750530168755938
    vertex 53.52482955089507 19.663086159816068 -4.798000449128611
    vertex 53.52482955089507 20.005614245535522 -5.080176342043919
  endloop
endfacet
facet normal 1.0 0.0 0.0
  outer loop
    vertex 53.52482955089507 22.59817229167665 -3.4750530168755938
    vertex 53.52482955089507 20.005614245535522 -5.080176342043919
    vertex 53.52482955089507 20.40950346491659 -5.26408453250029
  endloop
endfacet
facet normal 1.0 0.0 0.0
  outer loop
    vertex 53.52482955089507 22.59817229167665 -3.4750530168755938
    vertex 53.52482955089507 20.40950346491659 -5.26408453250029
    vertex 53.52482955089507 20.847229435116947 -5.337191981240776
  endloop
endfacet
facet normal 1.0 0.0 0.0
  outer loop
    vertex 53.52482955089507 22.59817229167665 -3.4750530168755938
    vertex 53.52482955089507 20.847229435116947 -5.337191981240776
    vertex 53.52482955089507 21.2889618546438 -5.294516536449486
  endloop
endfacet
facet normal 1.0 0.0 0.0
  outer loop
    vertex 53.52482955089507 22.59817229167665 -3.4750530168755938
    vertex 53.52482955089507 21.2889618546438 -5.294516536449486
    vertex 53.52482955089507 21.704597389103746 -5.138966459164439
  endloop
endfacet
facet normal 1.0 0.0 0.0
  outer loop
    vertex 53.52482955089507 22.59817229167665 -3.4750530168755938
    vertex 53.52482955089507 21.704597389103746 -5.138966459164439
    vertex 53.52482955089507 22.06581116369352 -4.881142230093953
  endloop
endfacet
facet normal 1.0 0.0 0.0
  outer loop
    vertex 53.52482955089507 22.59817229167665 -3.4750530168755938
    vertex 53.52482955089507 22.06581116369352 -4.881142230093953
    vertex 53.52482955089507 22.34798705660883 -4.538614144374499
  endloop
endfacet
facet normal 1.0 0.0 0.0
  outer loop
    vertex 53.52482955089507 22.59817229167665 -3.4750530168755938
    vertex 53.52482955089507 22.34798705660883 -4.538614144374499
    vertex 53.52482955089507 22.5318952470652 -4.134724924993431
  endloop
endfacet
facet normal 1.0 0.0 0.0
  outer loop
    vertex 53.52482955089507 22.59817229167665 -3.4750530168755938
    vertex 53.52482955089507 22.5318952470652 -4.134724924993431
    vertex 53.52482955089507 22.605002695805688 -3.696998954793075
  endloop
endfacet
facet normal 0.0 0.3505045382291309 -0.9365610330783488
  outer loop
    vertex 53.52482955089507 21.704597389103746 -5.138966459164439
    vertex 4.524829550895072 21.2889618546438 -5.294516536449486
    vertex 4.524829550895072 21.704597389103746 -5.138966459164439
  endloop
endfacet
facet normal 0.0 0.3505045382291309 -0.9365610330783488
  outer loop
    vertex 4.524829550895072 21.2889618546438 -5.294516536449486
    vertex 53.52482955089507 21.704597389103746 -5.138966459164439
    vertex 53.52482955089507 21.2889618546438 -5.294516536449486
  endloop
endfacet
facet normal 0.0 0.580961217968612 -0.8139312398577825
  outer loop
    vertex 53.52482955089507 22.06581116369352 -4.881142230093953
    vertex 4.524829550895072 21.704597389103746 -5.138966459164439
    vertex 4.524829550895072 22.06581116369352 -4.881142230093953
  endloop
endfacet
facet normal 0.0 0.580961217968612 -0.8139312398577825
  outer loop
    vertex 4.524829550895072 21.704597389103746 -5.138966459164439
    vertex 53.52482955089507 22.06581116369352 -4.881142230093953
    vertex 53.52482955089507 21.704597389103746 -5.138966459164439
  endloop
endfacet
facet normal 0.0 0.09616155344547618 -0.9953657396349107
  outer loop
    vertex 53.52482955089507 21.2889618546438 -5.294516536449486
    vertex 4.524829550895072 20.847229435116947 -5.337191981240776
    vertex 4.524829550895072 21.2889618546438 -5.294516536449486
  endloop
endfacet
facet normal 0.0 0.09616155344547618 -0.9953657396349107
  outer loop
    vertex 4.524829550895072 20.847229435116947 -5.337191981240776
    vertex 53.52482955089507 21.2889618546438 -5.294516536449486
    vertex 53.52482955089507 20.847229435116947 -5.337191981240776
  endloop
endfacet
facet normal 0.0 0.7718263507873383 -0.6358333777258793
  outer loop
    vertex 4.524829550895072 22.34798705660883 -4.538614144374499
    vertex 53.52482955089507 22.06581116369352 -4.881142230093953
    vertex 4.524829550895072 22.06581116369352 -4.881142230093953
  endloop
endfacet
facet normal 0.0 0.7718263507873383 -0.6358333777258793
  outer loop
    vertex 53.52482955089507 22.06581116369352 -4.881142230093953
    vertex 4.524829550895072 22.34798705660883 -4.538614144374499
    vertex 53.52482955089507 22.34798705660883 -4.538614144374499
  endloop
endfacet
facet normal 0.0 0.9863379159550135 -0.16473468229101237
  outer loop
    vertex 4.524829550895072 22.605002695805688 -3.696998954793075
    vertex 53.52482955089507 22.5318952470652 -4.134724924993431
    vertex 4.524829550895072 22.5318952470652 -4.134724924993431
  endloop
endfacet
facet normal 0.0 0.9863379159550135 -0.16473468229101237
  outer loop
    vertex 53.52482955089507 22.5318952470652 -4.134724924993431
    vertex 4.524829550895072 22.605002695805688 -3.696998954793075
    vertex 53.52482955089507 22.605002695805688 -3.696998954793075
  endloop
endfacet
facet normal 0.0 0.9863379159550135 -0.16473468229101237
  outer loop
    vertex 53.52482955089507 22.605002695805688 -3.696998954793075
    vertex 4.524829550895072 22.605002695805688 -3.696998954793075
    vertex 37.05175000893029 22.605002695805688 -3.696998954793075
  endloop
endfacet
facet normal 0.0 0.998914737320803 0.04657625535947436
  outer loop
    vertex 4.524829550895072 19.201554981858465 -3.803531209644808
    vertex 53.52482955089507 19.21579162384572 -4.108862571757738
    vertex 4.524829550895072 19.21579162384572 -4.108862571757738
  endloop
endfacet
facet normal 0.0 0.998914737320803 0.04657625535947436
  outer loop
    vertex 53.52482955089507 19.21579162384572 -4.108862571757738
    vertex 4.524829550895072 19.201554981858465 -3.803531209644808
    vertex 53.52482955089507 19.201554981858465 -3.803531209644808
  endloop
endfacet
facet normal 1.0 0.0 0.0
  outer loop
    vertex 53.52482955089507 15.848537420736966 -4.265867054487571
    vertex 53.52482955089507 19.201554981858465 -3.803531209644808
    vertex 53.52482955089507 15.842128360107358 -4.128412785871793
  endloop
endfacet
facet normal 1.0 0.0 0.0
  outer loop
    vertex 53.52482955089507 19.201554981858465 -3.803531209644808
    vertex 53.52482955089507 15.848537420736966 -4.265867054487571
    vertex 53.52482955089507 15.983239543395712 -4.688719348084772
  endloop
endfacet
facet normal 1.0 0.0 0.0
  outer loop
    vertex 53.52482955089507 19.201554981858465 -3.803531209644808
    vertex 53.52482955089507 15.983239543395712 -4.688719348084772
    vertex 53.52482955089507 16.22279402937599 -5.062299824416059
  endloop
endfacet
facet normal 1.0 0.0 0.0
  outer loop
    vertex 53.52482955089507 19.201554981858465 -3.803531209644808
    vertex 53.52482955089507 16.22279402937599 -5.062299824416059
    vertex 53.52482955089507 16.55087563634075 -5.36114959139038
  endloop
endfacet
facet normal 1.0 0.0 0.0
  outer loop
    vertex 53.52482955089507 19.201554981858465 -3.803531209644808
    vertex 53.52482955089507 16.55087563634075 -5.36114959139038
    vertex 53.52482955089507 16.945126144955836 -5.564902531261027
  endloop
endfacet
facet normal 1.0 0.0 0.0
  outer loop
    vertex 53.52482955089507 19.201554981858465 -3.803531209644808
    vertex 53.52482955089507 16.945126144955836 -5.564902531261027
    vertex 53.52482955089507 17.378678034588898 -5.659673217893468
  endloop
endfacet
facet normal 1.0 0.0 0.0
  outer loop
    vertex 53.52482955089507 19.201554981858465 -3.803531209644808
    vertex 53.52482955089507 17.378678034588898 -5.659673217893468
    vertex 53.52482955089507 17.821985460439823 -5.639003185609669
  endloop
endfacet
facet normal 1.0 0.0 0.0
  outer loop
    vertex 53.52482955089507 19.201554981858465 -3.803531209644808
    vertex 53.52482955089507 17.821985460439823 -5.639003185609669
    vertex 53.52482955089507 18.244837754037025 -5.504301062950925
  endloop
endfacet
facet normal 1.0 0.0 0.0
  outer loop
    vertex 53.52482955089507 19.201554981858465 -3.803531209644808
    vertex 53.52482955089507 18.244837754037025 -5.504301062950925
    vertex 53.52482955089507 18.61841823036831 -5.264746576970649
  endloop
endfacet
facet normal 1.0 0.0 0.0
  outer loop
    vertex 53.52482955089507 19.201554981858465 -3.803531209644808
    vertex 53.52482955089507 18.61841823036831 -5.264746576970649
    vertex 53.52482955089507 18.91726799734263 -4.9366649700058876
  endloop
endfacet
facet normal 1.0 0.0 0.0
  outer loop
    vertex 53.52482955089507 19.201554981858465 -3.803531209644808
    vertex 53.52482955089507 18.91726799734263 -4.9366649700058876
    vertex 53.52482955089507 19.121020937213277 -4.542414461390803
  endloop
endfacet
facet normal 1.0 0.0 0.0
  outer loop
    vertex 53.52482955089507 19.201554981858465 -3.803531209644808
    vertex 53.52482955089507 19.121020937213277 -4.542414461390803
    vertex 53.52482955089507 19.21579162384572 -4.108862571757738
  endloop
endfacet
facet normal -0.0 -0.8417974110547369 -0.5397935890148591
  outer loop
    vertex 53.52482955089507 15.983239543395712 -4.688719348084772
    vertex 4.524829550895072 16.22279402937599 -5.062299824416059
    vertex 53.52482955089507 16.22279402937599 -5.062299824416059
  endloop
endfacet
facet normal -0.0 -0.8417974110547369 -0.5397935890148591
  outer loop
    vertex 4.524829550895072 16.22279402937599 -5.062299824416059
    vertex 53.52482955089507 15.983239543395712 -4.688719348084772
    vertex 4.524829550895072 15.983239543395712 -4.688719348084772
  endloop
endfacet
facet normal -0.0 -0.6734049985797582 -0.7392737705936792
  outer loop
    vertex 53.52482955089507 16.55087563634075 -5.36114959139038
    vertex 4.524829550895072 16.22279402937599 -5.062299824416059
    vertex 4.524829550895072 16.55087563634075 -5.36114959139038
  endloop
endfacet
facet normal -0.0 -0.6734049985797582 -0.7392737705936792
  outer loop
    vertex 4.524829550895072 16.22279402937599 -5.062299824416059
    vertex 53.52482955089507 16.55087563634075 -5.36114959139038
    vertex 53.52482955089507 16.22279402937599 -5.062299824416059
  endloop
endfacet
facet normal 0.0 -0.9989147373208033 -0.046576255359469326
  outer loop
    vertex 53.52482955089507 15.842128360107358 -4.128412785871793
    vertex 4.524829550895072 15.848537420736966 -4.265867054487571
    vertex 53.52482955089507 15.848537420736966 -4.265867054487571
  endloop
endfacet
facet normal 0.0 -0.9989147373208033 -0.046576255359469326
  outer loop
    vertex 4.524829550895072 15.848537420736966 -4.265867054487571
    vertex 53.52482955089507 15.842128360107358 -4.128412785871793
    vertex 4.524829550895072 15.842128360107358 -4.128412785871793
  endloop
endfacet
facet normal -0.0 -0.4591211483059439 -0.8883736664142132
  outer loop
    vertex 53.52482955089507 16.945126144955836 -5.564902531261027
    vertex 4.524829550895072 16.55087563634075 -5.36114959139038
    vertex 4.524829550895072 16.945126144955836 -5.564902531261027
  endloop
endfacet
facet normal -0.0 -0.4591211483059439 -0.8883736664142132
  outer loop
    vertex 4.524829550895072 16.55087563634075 -5.36114959139038
    vertex 53.52482955089507 16.945126144955836 -5.564902531261027
    vertex 53.52482955089507 16.55087563634075 -5.36114959139038
  endloop
endfacet
facet normal -0.0 -0.9528227211023326 -0.3035273663957616
  outer loop
    vertex 53.52482955089507 15.848537420736966 -4.265867054487571
    vertex 4.524829550895072 15.983239543395712 -4.688719348084772
    vertex 53.52482955089507 15.983239543395712 -4.688719348084772
  endloop
endfacet
facet normal -0.0 -0.9528227211023326 -0.3035273663957616
  outer loop
    vertex 4.524829550895072 15.983239543395712 -4.688719348084772
    vertex 53.52482955089507 15.848537420736966 -4.265867054487571
    vertex 4.524829550895072 15.848537420736966 -4.265867054487571
  endloop
endfacet
facet normal 0.0 -0.9953657396349115 -0.09616155344546931
  outer loop
    vertex 53.52482955089507 19.228436601178288 -3.8009315568351254
    vertex 4.524829550895072 19.249711853460532 -4.021151140078891
    vertex 53.52482955089507 19.249711853460532 -4.021151140078891
  endloop
endfacet
facet normal 0.0 -0.9953657396349115 -0.09616155344546931
  outer loop
    vertex 4.524829550895072 19.249711853460532 -4.021151140078891
    vertex 53.52482955089507 19.228436601178288 -3.8009315568351254
    vertex 4.524829550895072 19.228436601178288 -3.8009315568351254
  endloop
endfacet
facet normal 0.0 0.3035273663957559 -0.9528227211023342
  outer loop
    vertex 53.52482955089507 18.244837754037025 -5.504301062950925
    vertex 4.524829550895072 17.821985460439823 -5.639003185609669
    vertex 4.524829550895072 18.244837754037025 -5.504301062950925
  endloop
endfacet
facet normal 0.0 0.3035273663957559 -0.9528227211023342
  outer loop
    vertex 4.524829550895072 17.821985460439823 -5.639003185609669
    vertex 53.52482955089507 18.244837754037025 -5.504301062950925
    vertex 53.52482955089507 17.821985460439823 -5.639003185609669
  endloop
endfacet
facet normal 0.0 0.8883736664142111 -0.4591211483059476
  outer loop
    vertex 4.524829550895072 19.121020937213277 -4.542414461390803
    vertex 53.52482955089507 18.91726799734263 -4.9366649700058876
    vertex 4.524829550895072 18.91726799734263 -4.9366649700058876
  endloop
endfacet
facet normal 0.0 0.8883736664142111 -0.4591211483059476
  outer loop
    vertex 53.52482955089507 18.91726799734263 -4.9366649700058876
    vertex 4.524829550895072 19.121020937213277 -4.542414461390803
    vertex 53.52482955089507 19.121020937213277 -4.542414461390803
  endloop
endfacet
facet normal -0.0 -0.213548950508653 -0.9769323649755152
  outer loop
    vertex 53.52482955089507 17.378678034588898 -5.659673217893468
    vertex 4.524829550895072 16.945126144955836 -5.564902531261027
    vertex 4.524829550895072 17.378678034588898 -5.659673217893468
  endloop
endfacet
facet normal -0.0 -0.213548950508653 -0.9769323649755152
  outer loop
    vertex 4.524829550895072 16.945126144955836 -5.564902531261027
    vertex 53.52482955089507 17.378678034588898 -5.659673217893468
    vertex 53.52482955089507 16.945126144955836 -5.564902531261027
  endloop
endfacet
facet normal 0.0 0.5397935890148593 -0.8417974110547366
  outer loop
    vertex 53.52482955089507 18.61841823036831 -5.264746576970649
    vertex 4.524829550895072 18.244837754037025 -5.504301062950925
    vertex 4.524829550895072 18.61841823036831 -5.264746576970649
  endloop
endfacet
facet normal 0.0 0.5397935890148593 -0.8417974110547366
  outer loop
    vertex 4.524829550895072 18.244837754037025 -5.504301062950925
    vertex 53.52482955089507 18.61841823036831 -5.264746576970649
    vertex 53.52482955089507 18.244837754037025 -5.504301062950925
  endloop
endfacet
facet normal 0.0 0.9769323649755152 -0.21354895050865264
  outer loop
    vertex 4.524829550895072 19.21579162384572 -4.108862571757738
    vertex 53.52482955089507 19.121020937213277 -4.542414461390803
    vertex 4.524829550895072 19.121020937213277 -4.542414461390803
  endloop
endfacet
facet normal 0.0 0.9769323649755152 -0.21354895050865264
  outer loop
    vertex 53.52482955089507 19.121020937213277 -4.542414461390803
    vertex 4.524829550895072 19.21579162384572 -4.108862571757738
    vertex 53.52482955089507 19.21579162384572 -4.108862571757738
  endloop
endfacet
facet normal 0.0 0.04657625535947455 -0.998914737320803
  outer loop
    vertex 53.52482955089507 17.821985460439823 -5.639003185609669
    vertex 4.524829550895072 17.378678034588898 -5.659673217893468
    vertex 4.524829550895072 17.821985460439823 -5.639003185609669
  endloop
endfacet
facet normal 0.0 0.04657625535947455 -0.998914737320803
  outer loop
    vertex 4.524829550895072 17.378678034588898 -5.659673217893468
    vertex 53.52482955089507 17.821985460439823 -5.639003185609669
    vertex 53.52482955089507 17.378678034588898 -5.659673217893468
  endloop
endfacet
facet normal 0.0 0.7392737705936806 -0.6734049985797567
  outer loop
    vertex 4.524829550895072 18.91726799734263 -4.9366649700058876
    vertex 53.52482955089507 18.61841823036831 -5.264746576970649
    vertex 4.524829550895072 18.61841823036831 -5.264746576970649
  endloop
endfacet
facet normal 0.0 0.7392737705936806 -0.6734049985797567
  outer loop
    vertex 53.52482955089507 18.61841823036831 -5.264746576970649
    vertex 4.524829550895072 18.91726799734263 -4.9366649700058876
    vertex 53.52482955089507 18.91726799734263 -4.9366649700058876
  endloop
endfacet
facet normal -0.0 -0.813931239857781 -0.5809612179686141
  outer loop
    vertex 53.52482955089507 19.40526193074558 -4.4367866745388325
    vertex 4.524829550895072 19.663086159816068 -4.798000449128611
    vertex 53.52482955089507 19.663086159816068 -4.798000449128611
  endloop
endfacet
facet normal -0.0 -0.813931239857781 -0.5809612179686141
  outer loop
    vertex 4.524829550895072 19.663086159816068 -4.798000449128611
    vertex 53.52482955089507 19.40526193074558 -4.4367866745388325
    vertex 4.524829550895072 19.40526193074558 -4.4367866745388325
  endloop
endfacet
facet normal -0.0 -0.6358333777258819 -0.7718263507873363
  outer loop
    vertex 53.52482955089507 20.005614245535522 -5.080176342043919
    vertex 4.524829550895072 19.663086159816068 -4.798000449128611
    vertex 4.524829550895072 20.005614245535522 -5.080176342043919
  endloop
endfacet
facet normal -0.0 -0.6358333777258819 -0.7718263507873363
  outer loop
    vertex 4.524829550895072 19.663086159816068 -4.798000449128611
    vertex 53.52482955089507 20.005614245535522 -5.080176342043919
    vertex 53.52482955089507 19.663086159816068 -4.798000449128611
  endloop
endfacet
facet normal 0.0 0.9995267833200264 0.030760517322066736
  outer loop
    vertex 4.524829550895072 22.59817229167665 -3.4750530168755938
    vertex 37.05175000893029 22.605002695805688 -3.696998954793075
    vertex 4.524829550895072 22.605002695805688 -3.696998954793075
  endloop
endfacet
facet normal 0.0 0.9995267833200264 0.030760517322066736
  outer loop
    vertex 37.05175000893029 22.605002695805688 -3.696998954793075
    vertex 4.524829550895072 22.59817229167665 -3.4750530168755938
    vertex 37.05175000893029 22.59817229167665 -3.4750530168755938
  endloop
endfacet
facet normal -0.0 -0.4144045216662982 -0.9100927933032581
  outer loop
    vertex 53.52482955089507 20.40950346491659 -5.26408453250029
    vertex 4.524829550895072 20.005614245535522 -5.080176342043919
    vertex 4.524829550895072 20.40950346491659 -5.26408453250029
  endloop
endfacet
facet normal -0.0 -0.4144045216662982 -0.9100927933032581
  outer loop
    vertex 4.524829550895072 20.005614245535522 -5.080176342043919
    vertex 53.52482955089507 20.40950346491659 -5.26408453250029
    vertex 53.52482955089507 20.005614245535522 -5.080176342043919
  endloop
endfacet
facet normal -0.0 -0.16473468229100852 -0.9863379159550143
  outer loop
    vertex 53.52482955089507 20.847229435116947 -5.337191981240776
    vertex 4.524829550895072 20.40950346491659 -5.26408453250029
    vertex 4.524829550895072 20.847229435116947 -5.337191981240776
  endloop
endfacet
facet normal -0.0 -0.16473468229100852 -0.9863379159550143
  outer loop
    vertex 4.524829550895072 20.40950346491659 -5.26408453250029
    vertex 53.52482955089507 20.847229435116947 -5.337191981240776
    vertex 53.52482955089507 20.40950346491659 -5.26408453250029
  endloop
endfacet
facet normal -0.0 -0.9365610330783463 -0.35050453822913713
  outer loop
    vertex 53.52482955089507 19.249711853460532 -4.021151140078891
    vertex 4.524829550895072 19.40526193074558 -4.4367866745388325
    vertex 53.52482955089507 19.40526193074558 -4.4367866745388325
  endloop
endfacet
facet normal -0.0 -0.9365610330783463 -0.35050453822913713
  outer loop
    vertex 4.524829550895072 19.40526193074558 -4.4367866745388325
    vertex 53.52482955089507 19.249711853460532 -4.021151140078891
    vertex 4.524829550895072 19.249711853460532 -4.021151140078891
  endloop
endfacet
facet normal -8.483766994608407e-21 0.9993335820878329 0.03650194120181823
  outer loop
    vertex 4.456930715252509 39.507609287117624 -1.838054992361558
    vertex 53.52482955089507 39.51940240973764 -2.160921751877157
    vertex 4.456930715252509 39.51940240973764 -2.160921751877157
  endloop
endfacet
facet normal -8.483766994608407e-21 0.9993335820878329 0.03650194120181823
  outer loop
    vertex 53.52482955089507 39.51940240973764 -2.160921751877157
    vertex 4.456930715252509 39.507609287117624 -1.838054992361558
    vertex 53.52482955089507 39.507609287117624 -1.838054992361558
  endloop
endfacet
facet normal 1.0383968832042257e-19 0.9747295135828451 -0.22338839573834304
  outer loop
    vertex 4.456930715252509 39.51940240973764 -2.160921751877157
    vertex 53.52482955089507 39.420265085019274 -2.5934960401755607
    vertex 4.456930715252509 39.420265085019274 -2.5934960401755607
  endloop
endfacet
facet normal 1.0383968832042257e-19 0.9747295135828451 -0.22338839573834304
  outer loop
    vertex 53.52482955089507 39.420265085019274 -2.5934960401755607
    vertex 4.456930715252509 39.51940240973764 -2.160921751877157
    vertex 53.52482955089507 39.51940240973764 -2.160921751877157
  endloop
endfacet
facet normal 1.0 0.0 0.0
  outer loop
    vertex 53.52482955089507 39.551276970580375 -2.0403313368933786
    vertex 53.52482955089507 42.88885760737528 -1.5108374129817856
    vertex 53.52482955089507 39.53346205015591 -1.8355531120675306
  endloop
endfacet
facet normal 1.0 0.0 0.0
  outer loop
    vertex 53.52482955089507 42.88885760737528 -1.5108374129817856
    vertex 53.52482955089507 39.551276970580375 -2.0403313368933786
    vertex 53.52482955089507 39.70285791562077 -2.4574307748573316
  endloop
endfacet
facet normal 1.0 0.0 0.0
  outer loop
    vertex 53.52482955089507 42.88885760737528 -1.5108374129817856
    vertex 53.52482955089507 39.70285791562077 -2.4574307748573316
    vertex 53.52482955089507 39.95722714345522 -2.821085858666276
  endloop
endfacet
facet normal 1.0 0.0 0.0
  outer loop
    vertex 53.52482955089507 42.88885760737528 -1.5108374129817856
    vertex 53.52482955089507 39.95722714345522 -2.821085858666276
    vertex 53.52482955089507 40.29704981157184 -3.1065140953270722
  endloop
endfacet
facet normal 1.0 0.0 0.0
  outer loop
    vertex 53.52482955089507 42.88885760737528 -1.5108374129817856
    vertex 53.52482955089507 40.29704981157184 -3.1065140953270722
    vertex 53.52482955089507 40.699167566721975 -3.2942640222037505
  endloop
endfacet
facet normal 1.0 0.0 0.0
  outer loop
    vertex 53.52482955089507 42.88885760737528 -1.5108374129817856
    vertex 53.52482955089507 40.699167566721975 -3.2942640222037505
    vertex 53.52482955089507 41.13617674842317 -3.3715407920510905
  endloop
endfacet
facet normal 1.0 0.0 0.0
  outer loop
    vertex 53.52482955089507 42.88885760737528 -1.5108374129817856
    vertex 53.52482955089507 41.13617674842317 -3.3715407920510905
    vertex 53.52482955089507 41.5782959031343 -3.333078120709895
  endloop
endfacet
facet normal 1.0 0.0 0.0
  outer loop
    vertex 53.52482955089507 42.88885760737528 -1.5108374129817856
    vertex 53.52482955089507 41.5782959031343 -3.333078120709895
    vertex 53.52482955089507 41.99539534109825 -3.1814971756694983
  endloop
endfacet
facet normal 1.0 0.0 0.0
  outer loop
    vertex 53.52482955089507 42.88885760737528 -1.5108374129817856
    vertex 53.52482955089507 41.99539534109825 -3.1814971756694983
    vertex 53.52482955089507 42.359050424907196 -2.9271279478350465
  endloop
endfacet
facet normal 1.0 0.0 0.0
  outer loop
    vertex 53.52482955089507 42.88885760737528 -1.5108374129817856
    vertex 53.52482955089507 42.359050424907196 -2.9271279478350465
    vertex 53.52482955089507 42.644478661567994 -2.5873052797184335
  endloop
endfacet
facet normal 1.0 0.0 0.0
  outer loop
    vertex 53.52482955089507 42.88885760737528 -1.5108374129817856
    vertex 53.52482955089507 42.644478661567994 -2.5873052797184335
    vertex 53.52482955089507 42.832228588444664 -2.185187524568294
  endloop
endfacet
facet normal 1.0 0.0 0.0
  outer loop
    vertex 53.52482955089507 42.88885760737528 -1.5108374129817856
    vertex 53.52482955089507 42.832228588444664 -2.185187524568294
    vertex 53.52482955089507 42.90950535829201 -1.7481783428671012
  endloop
endfacet
facet normal 1.0 0.0 0.0
  outer loop
    vertex 54.52482955089507 44.59534987485362 -1.345693000000011
    vertex 54.52482955089507 13.595349874853603 6.654306999999989
    vertex 54.52482955089507 13.595349874853603 -4.345693000000011
  endloop
endfacet
facet normal 1.0 0.0 0.0
  outer loop
    vertex 54.52482955089507 13.595349874853603 6.654306999999989
    vertex 54.52482955089507 44.59534987485362 -1.345693000000011
    vertex 54.52482955089507 44.59534987485362 6.654306999999989
  endloop
endfacet
facet normal 1.0 9.377771916260529e-16 -2.5972763001433097e-15
  outer loop
    vertex 53.52482955089507 32.75797328145447 -2.554975466902986
    vertex 53.52482955089507 39.507609287117624 -1.838054992361558
    vertex 53.52482955089507 32.75778873275025 -2.4912634331067878
  endloop
endfacet
facet normal 1.0 9.377771916260529e-16 -2.5972763001433097e-15
  outer loop
    vertex 53.52482955089507 39.507609287117624 -1.838054992361558
    vertex 53.52482955089507 32.75797328145447 -2.554975466902986
    vertex 53.524829550895106 32.77227880500166 -2.607752436140759
  endloop
endfacet
facet normal 1.0 9.377771916260529e-16 -2.5972763001433097e-15
  outer loop
    vertex 53.52482955089507 39.507609287117624 -1.838054992361558
    vertex 53.524829550895106 32.77227880500166 -2.607752436140759
    vertex 53.52482955089507 36.15073631755614 -2.2839666027951395
  endloop
endfacet
facet normal 1.0 9.377771916260529e-16 -2.5972763001433097e-15
  outer loop
    vertex 53.52482955089507 36.15073631755614 -2.2839666027951395
    vertex 53.524829550895106 32.77227880500166 -2.607752436140759
    vertex 53.52482955089507 32.87407553405245 -2.9833082709127394
  endloop
endfacet
facet normal 1.0 9.377771916260529e-16 -2.5972763001433097e-15
  outer loop
    vertex 53.52482955089507 36.15073631755614 -2.2839666027951395
    vertex 53.52482955089507 32.87407553405245 -2.9833082709127394
    vertex 53.52482955089507 33.09708238564707 -3.3669965144009124
  endloop
endfacet
facet normal 1.0 9.377771916260529e-16 -2.5972763001433097e-15
  outer loop
    vertex 53.52482955089507 36.15073631755614 -2.2839666027951395
    vertex 53.52482955089507 33.09708238564707 -3.3669965144009124
    vertex 53.52482955089507 33.411796287838406 -3.679892477648587
  endloop
endfacet
facet normal 1.0 9.377771916260529e-16 -2.5972763001433097e-15
  outer loop
    vertex 53.52482955089507 36.15073631755614 -2.2839666027951395
    vertex 53.52482955089507 33.411796287838406 -3.679892477648587
    vertex 53.52482955089507 33.79677000828143 -3.900672817845462
  endloop
endfacet
facet normal 1.0 9.377771916260529e-16 -2.5972763001433097e-15
  outer loop
    vertex 53.52482955089507 36.15073631755614 -2.2839666027951395
    vertex 53.52482955089507 33.79677000828143 -3.900672817845462
    vertex 53.52482955089507 34.22576822412709 -4.014291719663883
  endloop
endfacet
facet normal 1.0 9.377771916260529e-16 -2.5972763001433097e-15
  outer loop
    vertex 53.52482955089507 36.15073631755614 -2.2839666027951395
    vertex 53.52482955089507 34.22576822412709 -4.014291719663883
    vertex 53.52482955089507 34.66955541591859 -4.01300624270904
  endloop
endfacet
facet normal 1.0 9.377771916260529e-16 -2.5972763001433097e-15
  outer loop
    vertex 53.52482955089507 36.15073631755614 -2.2839666027951395
    vertex 53.52482955089507 34.66955541591859 -4.01300624270904
    vertex 53.52482955089507 35.097888219928336 -3.8969039901110527
  endloop
endfacet
facet normal 1.0 9.377771916260529e-16 -2.5972763001433097e-15
  outer loop
    vertex 53.52482955089507 36.15073631755614 -2.2839666027951395
    vertex 53.52482955089507 35.097888219928336 -3.8969039901110527
    vertex 53.52482955089507 35.48157646341651 -3.67389713851643
  endloop
endfacet
facet normal 1.0 9.377771916260529e-16 -2.5972763001433097e-15
  outer loop
    vertex 53.52482955089507 36.15073631755614 -2.2839666027951395
    vertex 53.52482955089507 35.48157646341651 -3.67389713851643
    vertex 53.52482955089507 35.794472426664186 -3.359183236325096
  endloop
endfacet
facet normal 1.0 9.377771916260529e-16 -2.5972763001433097e-15
  outer loop
    vertex 53.52482955089507 36.15073631755614 -2.2839666027951395
    vertex 53.52482955089507 35.794472426664186 -3.359183236325096
    vertex 53.52482955089507 36.01525276686106 -2.9742095158820803
  endloop
endfacet
facet normal 1.0 9.377771916260529e-16 -2.5972763001433097e-15
  outer loop
    vertex 53.52482955089507 36.15073631755614 -2.2839666027951395
    vertex 53.52482955089507 36.01525276686106 -2.9742095158820803
    vertex 53.52482955089507 36.12887166867948 -2.5452113000364185
  endloop
endfacet
facet normal 1.0 9.377771916260529e-16 -2.5972763001433097e-15
  outer loop
    vertex 53.52482955089507 39.507609287117624 -1.838054992361558
    vertex 53.52482955089507 36.15073631755614 -2.2839666027951395
    vertex 53.52482955089507 36.28116802003601 -2.708155587844713
  endloop
endfacet
facet normal 1.0 9.377771916260529e-16 -2.5972763001433097e-15
  outer loop
    vertex 53.52482955089507 39.507609287117624 -1.838054992361558
    vertex 53.52482955089507 36.28116802003601 -2.708155587844713
    vertex 53.52482955089507 36.51694355808171 -3.084132475044508
  endloop
endfacet
facet normal 1.0 9.377771916260529e-16 -2.5972763001433097e-15
  outer loop
    vertex 53.52482955089507 39.507609287117624 -1.838054992361558
    vertex 53.52482955089507 36.51694355808171 -3.084132475044508
    vertex 53.52482955089507 36.84199521841292 -3.3862750608630408
  endloop
endfacet
facet normal 1.0 9.377771916260529e-16 -2.5972763001433097e-15
  outer loop
    vertex 53.52482955089507 39.507609287117624 -1.838054992361558
    vertex 53.52482955089507 36.84199521841292 -3.3862750608630408
    vertex 53.52482955089507 37.23417126755133 -3.5939928273910104
  endloop
endfacet
facet normal 1.0 9.377771916260529e-16 -2.5972763001433097e-15
  outer loop
    vertex 53.52482955089507 39.507609287117624 -1.838054992361558
    vertex 53.52482955089507 37.23417126755133 -3.5939928273910104
    vertex 53.52482955089507 37.66674555584974 -3.693130152109376
  endloop
endfacet
facet normal 1.0 9.377771916260529e-16 -2.5972763001433097e-15
  outer loop
    vertex 53.52482955089507 39.507609287117624 -1.838054992361558
    vertex 53.52482955089507 37.66674555584974 -3.693130152109376
    vertex 53.52482955089507 38.1102388604234 -3.6769309901707543
  endloop
endfacet
facet normal 1.0 9.377771916260529e-16 -2.5972763001433097e-15
  outer loop
    vertex 53.52482955089507 39.507609287117624 -1.838054992361558
    vertex 53.52482955089507 38.1102388604234 -3.6769309901707543
    vertex 53.52482955089507 38.534427845472976 -3.5464992876908834
  endloop
endfacet
facet normal 1.0 9.377771916260529e-16 -2.5972763001433097e-15
  outer loop
    vertex 53.52482955089507 39.507609287117624 -1.838054992361558
    vertex 53.52482955089507 38.534427845472976 -3.5464992876908834
    vertex 53.52482955089507 38.910404732672774 -3.310723749645186
  endloop
endfacet
facet normal 1.0 9.377771916260529e-16 -2.5972763001433097e-15
  outer loop
    vertex 53.52482955089507 39.507609287117624 -1.838054992361558
    vertex 53.52482955089507 38.910404732672774 -3.310723749645186
    vertex 53.52482955089507 39.2125473184913 -2.9856720893139763
  endloop
endfacet
facet normal 1.0 9.377771916260529e-16 -2.5972763001433097e-15
  outer loop
    vertex 53.52482955089507 39.507609287117624 -1.838054992361558
    vertex 53.52482955089507 39.2125473184913 -2.9856720893139763
    vertex 53.52482955089507 39.420265085019274 -2.5934960401755607
  endloop
endfacet
facet normal 1.0 9.377771916260529e-16 -2.5972763001433097e-15
  outer loop
    vertex 53.52482955089507 39.507609287117624 -1.838054992361558
    vertex 53.52482955089507 39.420265085019274 -2.5934960401755607
    vertex 53.52482955089507 39.51940240973764 -2.160921751877157
  endloop
endfacet
facet normal -6.582747784308605e-33 0.9965159388861663 -0.08340253920488777
  outer loop
    vertex 4.456930715252509 36.15073631755614 -2.2839666027951395
    vertex 53.52482955089507 36.12887166867948 -2.5452113000364185
    vertex 4.456930715252509 36.12887166867948 -2.5452113000364185
  endloop
endfacet
facet normal -6.582747784308605e-33 0.9965159388861663 -0.08340253920488777
  outer loop
    vertex 53.52482955089507 36.12887166867948 -2.5452113000364185
    vertex 4.456930715252509 36.15073631755614 -2.2839666027951395
    vertex 53.52482955089507 36.15073631755614 -2.2839666027951395
  endloop
endfacet
facet normal -1.1900816756606449e-19 0.9666714679322105 -0.25602006383442943
  outer loop
    vertex 4.456930715252509 36.12887166867948 -2.5452113000364185
    vertex 53.52482955089507 36.01525276686106 -2.9742095158820803
    vertex 4.456930715252509 36.01525276686106 -2.9742095158820803
  endloop
endfacet
facet normal -1.1900816756606449e-19 0.9666714679322105 -0.25602006383442943
  outer loop
    vertex 53.52482955089507 36.01525276686106 -2.9742095158820803
    vertex 4.456930715252509 36.12887166867948 -2.5452113000364185
    vertex 53.52482955089507 36.12887166867948 -2.5452113000364185
  endloop
endfacet
facet normal 0.0 0.867470067963779 -0.4974893779639086
  outer loop
    vertex 4.456930715252509 36.01525276686106 -2.9742095158820803
    vertex 53.52482955089507 35.794472426664186 -3.359183236325096
    vertex 4.456930715252509 35.794472426664186 -3.359183236325096
  endloop
endfacet
facet normal 0.0 0.867470067963779 -0.4974893779639086
  outer loop
    vertex 53.52482955089507 35.794472426664186 -3.359183236325096
    vertex 4.456930715252509 36.01525276686106 -2.9742095158820803
    vertex 53.52482955089507 36.01525276686106 -2.9742095158820803
  endloop
endfacet
facet normal 1.6482083618096305e-19 0.7091520164256808 -0.7050556131252279
  outer loop
    vertex 4.456930715252509 35.794472426664186 -3.359183236325096
    vertex 53.52482955089507 35.48157646341651 -3.67389713851643
    vertex 4.456930715252509 35.48157646341651 -3.67389713851643
  endloop
endfacet
facet normal 1.6482083618096305e-19 0.7091520164256808 -0.7050556131252279
  outer loop
    vertex 53.52482955089507 35.48157646341651 -3.67389713851643
    vertex 4.456930715252509 35.794472426664186 -3.359183236325096
    vertex 53.52482955089507 35.794472426664186 -3.359183236325096
  endloop
endfacet
facet normal 1.1679234853617387e-19 0.5025064268972887 -0.8645734734115547
  outer loop
    vertex 53.52482955089507 35.48157646341651 -3.67389713851643
    vertex 4.456930715252509 35.097888219928336 -3.8969039901110527
    vertex 4.456930715252509 35.48157646341651 -3.67389713851643
  endloop
endfacet
facet normal 1.1679234853617387e-19 0.5025064268972887 -0.8645734734115547
  outer loop
    vertex 4.456930715252509 35.097888219928336 -3.8969039901110527
    vertex 53.52482955089507 35.48157646341651 -3.67389713851643
    vertex 53.52482955089507 35.097888219928336 -3.8969039901110527
  endloop
endfacet
facet normal 1.702348897991444e-19 -0.6808247824114823 -0.7324463227120181
  outer loop
    vertex 53.52482955089507 36.84199521841292 -3.3862750608630408
    vertex 4.456930715252509 36.51694355808171 -3.084132475044508
    vertex 4.456930715252509 36.84199521841292 -3.3862750608630408
  endloop
endfacet
facet normal 1.702348897991444e-19 -0.6808247824114823 -0.7324463227120181
  outer loop
    vertex 4.456930715252509 36.51694355808171 -3.084132475044508
    vertex 53.52482955089507 36.84199521841292 -3.3862750608630408
    vertex 53.52482955089507 36.51694355808171 -3.084132475044508
  endloop
endfacet
facet normal 1.9690526697901197e-19 -0.8471972983420609 -0.5312783994121284
  outer loop
    vertex 53.52482955089507 36.28116802003601 -2.708155587844713
    vertex 4.456930715252509 36.51694355808171 -3.084132475044508
    vertex 53.52482955089507 36.51694355808171 -3.084132475044508
  endloop
endfacet
facet normal 1.9690526697901197e-19 -0.8471972983420609 -0.5312783994121284
  outer loop
    vertex 4.456930715252509 36.51694355808171 -3.084132475044508
    vertex 53.52482955089507 36.28116802003601 -2.708155587844713
    vertex 4.456930715252509 36.28116802003601 -2.708155587844713
  endloop
endfacet
facet normal 6.192675740914103e-33 -0.9558347184503624 -0.2939047311713721
  outer loop
    vertex 53.52482955089507 36.15073631755614 -2.2839666027951395
    vertex 4.456930715252509 36.28116802003601 -2.708155587844713
    vertex 53.52482955089507 36.28116802003601 -2.708155587844713
  endloop
endfacet
facet normal 6.192675740914103e-33 -0.9558347184503624 -0.2939047311713721
  outer loop
    vertex 4.456930715252509 36.28116802003601 -2.708155587844713
    vertex 53.52482955089507 36.15073631755614 -2.2839666027951395
    vertex 4.456930715252509 36.15073631755614 -2.2839666027951395
  endloop
endfacet
facet normal -3.8215498814169094e-33 -0.46805518267570606 -0.8836992395438684
  outer loop
    vertex 53.52482955089507 37.23417126755133 -3.5939928273910104
    vertex 4.456930715252509 36.84199521841292 -3.3862750608630408
    vertex 4.456930715252509 37.23417126755133 -3.5939928273910104
  endloop
endfacet
facet normal -3.8215498814169094e-33 -0.46805518267570606 -0.8836992395438684
  outer loop
    vertex 4.456930715252509 36.84199521841292 -3.3862750608630408
    vertex 53.52482955089507 37.23417126755133 -3.5939928273910104
    vertex 53.52482955089507 36.84199521841292 -3.3862750608630408
  endloop
endfacet
facet normal -1.0383968832041569e-19 -0.22338839573834368 -0.9747295135828449
  outer loop
    vertex 53.52482955089507 37.66674555584974 -3.693130152109376
    vertex 4.456930715252509 37.23417126755133 -3.5939928273910104
    vertex 4.456930715252509 37.66674555584974 -3.693130152109376
  endloop
endfacet
facet normal -1.0383968832041569e-19 -0.22338839573834368 -0.9747295135828449
  outer loop
    vertex 4.456930715252509 37.23417126755133 -3.5939928273910104
    vertex 53.52482955089507 37.66674555584974 -3.693130152109376
    vertex 53.52482955089507 37.23417126755133 -3.5939928273910104
  endloop
endfacet
facet normal -2.5201820910387095e-16 0.09632419486019031 -0.9953500135553003
  outer loop
    vertex 54.52482955089507 44.59534987485362 -1.345693000000011
    vertex 53.52482955089507 39.53346205015591 -1.8355531120675306
    vertex 53.52482955089507 42.88885760737528 -1.5108374129817856
  endloop
endfacet
facet normal -2.5201820910387095e-16 0.09632419486019031 -0.9953500135553003
  outer loop
    vertex 53.52482955089507 39.53346205015591 -1.8355531120675306
    vertex 54.52482955089507 44.59534987485362 -1.345693000000011
    vertex 53.52482955089507 39.507609287117624 -1.838054992361558
  endloop
endfacet
facet normal -2.5201820910387095e-16 0.09632419486019031 -0.9953500135553003
  outer loop
    vertex 53.52482955089507 39.507609287117624 -1.838054992361558
    vertex 54.52482955089507 44.59534987485362 -1.345693000000011
    vertex 53.52482955089507 32.75778873275025 -2.4912634331067878
  endloop
endfacet
facet normal -2.5201820910387095e-16 0.09632419486019031 -0.9953500135553003
  outer loop
    vertex 53.52482955089507 32.75778873275025 -2.4912634331067878
    vertex 54.52482955089507 44.59534987485362 -1.345693000000011
    vertex 54.52482955089507 13.595349874853603 -4.345693000000011
  endloop
endfacet
facet normal 0.0 0.09632419486019045 -0.9953500135553003
  outer loop
    vertex 4.524829550895072 42.88885760737528 -1.5108374129817856
    vertex 3.524829550895072 42.88885760737528 -1.5108374129817856
    vertex 3.524829550895098 44.59534987485362 -1.345693000000011
  endloop
endfacet
facet normal -5.559596093610063e-19 0.09632419486019046 -0.9953500135553003
  outer loop
    vertex 54.52482955089507 44.59534987485362 -1.345693000000011
    vertex 4.524829550895072 42.88885760737528 -1.5108374129817856
    vertex 3.524829550895098 44.59534987485362 -1.345693000000011
  endloop
endfacet
facet normal 3.0113514034735013e-19 0.09632419486019046 -0.9953500135553003
  outer loop
    vertex 54.52482955089507 44.59534987485362 -1.345693000000011
    vertex 53.52482955089507 42.88885760737528 -1.5108374129817856
    vertex 4.524829550895072 42.88885760737528 -1.5108374129817856
  endloop
endfacet
facet normal -4.991297677259691e-21 0.09632419486018554 -0.9953500135553007
  outer loop
    vertex 53.52482955089507 39.507609287117624 -1.838054992361558
    vertex 4.456930715252509 39.507609287117624 -1.838054992361558
    vertex 4.524829550895072 39.53346205015591 -1.8355531120675306
  endloop
endfacet
facet normal -5.0051400490220326e-21 0.09632419486018552 -0.9953500135553005
  outer loop
    vertex 53.52482955089507 39.507609287117624 -1.838054992361558
    vertex 4.524829550895072 39.53346205015591 -1.8355531120675306
    vertex 53.52482955089507 39.53346205015591 -1.8355531120675306
  endloop
endfacet
facet normal 0.0 0.09625837571744009 -0.9953563809531942
  outer loop
    vertex 53.52482955089507 19.201554981858465 -3.803531209644808
    vertex 4.524829550895072 19.201554981858465 -3.803531209644808
    vertex 4.524829550895072 19.228436601178288 -3.8009315568351254
  endloop
endfacet
facet normal 0.0 0.09625837571744009 -0.9953563809531942
  outer loop
    vertex 53.52482955089507 19.201554981858465 -3.803531209644808
    vertex 4.524829550895072 19.228436601178288 -3.8009315568351254
    vertex 53.52482955089507 19.228436601178288 -3.8009315568351254
  endloop
endfacet
facet normal 0.0013156210935500747 0.09640646133109222 -0.9953411793725582
  outer loop
    vertex 54.52482955089507 13.595349874853603 -4.345693000000011
    vertex 53.524829550895106 26.018167288515862 -3.143484863193986
    vertex 53.52482955089507 29.36976442968159 -2.819136752758593
  endloop
endfacet
facet normal 0.0013156210935500747 0.09640646133109222 -0.9953411793725582
  outer loop
    vertex 53.524829550895106 26.018167288515862 -3.143484863193986
    vertex 53.52482955089507 22.59817229167665 -3.4750530168755938
    vertex 53.52482955089507 25.969113233734237 -3.148832925708731
  endloop
endfacet
facet normal 0.0013156210935500747 0.09640646133109222 -0.9953411793725582
  outer loop
    vertex 53.52482955089507 22.59817229167665 -3.4750530168755938
    vertex 53.524829550895106 26.018167288515862 -3.143484863193986
    vertex 54.52482955089507 13.595349874853603 -4.345693000000011
  endloop
endfacet
facet normal 1.1739488835689866e-14 0.09632419486019116 -0.9953500135553001
  outer loop
    vertex 54.52482955089507 13.595349874853603 -4.345693000000011
    vertex 53.52482955089507 29.36976442968159 -2.819136752758593
    vertex 53.52482955089507 32.75778873275025 -2.4912634331067878
  endloop
endfacet
facet normal 6.605734953046168e-33 0.9999958048612005 0.00289659455222884
  outer loop
    vertex 4.456930715252509 32.75778873275025 -2.4912634331067878
    vertex 53.52482955089507 32.75797328145447 -2.554975466902986
    vertex 4.456930715252509 32.75797328145447 -2.554975466902986
  endloop
endfacet
facet normal 6.605734953046168e-33 0.9999958048612005 0.00289659455222884
  outer loop
    vertex 53.52482955089507 32.75797328145447 -2.554975466902986
    vertex 4.456930715252509 32.75778873275025 -2.4912634331067878
    vertex 53.52482955089507 32.75778873275025 -2.4912634331067878
  endloop
endfacet
facet normal -9.326875855745793e-20 -0.9651720802601026 -0.26161585480697863
  outer loop
    vertex 53.524829550895106 32.77227880500166 -2.607752436140759
    vertex 4.456930715252509 32.87407553405245 -2.9833082709127394
    vertex 53.52482955089507 32.87407553405245 -2.9833082709127394
  endloop
endfacet
facet normal -9.326875855745793e-20 -0.9651720802601026 -0.26161585480697863
  outer loop
    vertex 4.456930715252509 32.87407553405245 -2.9833082709127394
    vertex 53.524829550895106 32.77227880500166 -2.607752436140759
    vertex 4.456930715252509 32.77227880500166 -2.607752436140759
  endloop
endfacet
facet normal -1.0 0.0 0.0
  outer loop
    vertex 4.456930715252509 39.507609287117624 -1.838054992361558
    vertex 4.456930715252509 32.75797328145447 -2.554975466902986
    vertex 4.456930715252509 32.75778873275025 -2.4912634331067878
  endloop
endfacet
facet normal -1.0 0.0 0.0
  outer loop
    vertex 4.456930715252509 32.75797328145447 -2.554975466902986
    vertex 4.456930715252509 39.507609287117624 -1.838054992361558
    vertex 4.456930715252509 32.77227880500166 -2.607752436140759
  endloop
endfacet
facet normal -1.0 0.0 0.0
  outer loop
    vertex 4.456930715252509 32.77227880500166 -2.607752436140759
    vertex 4.456930715252509 39.507609287117624 -1.838054992361558
    vertex 4.456930715252509 36.15073631755614 -2.2839666027951395
  endloop
endfacet
facet normal -1.0 0.0 0.0
  outer loop
    vertex 4.456930715252509 32.77227880500166 -2.607752436140759
    vertex 4.456930715252509 36.15073631755614 -2.2839666027951395
    vertex 4.456930715252509 32.87407553405245 -2.9833082709127394
  endloop
endfacet
facet normal -1.0 0.0 0.0
  outer loop
    vertex 4.456930715252509 32.87407553405245 -2.9833082709127394
    vertex 4.456930715252509 36.15073631755614 -2.2839666027951395
    vertex 4.456930715252509 33.09708238564707 -3.3669965144009124
  endloop
endfacet
facet normal -1.0 0.0 0.0
  outer loop
    vertex 4.456930715252509 33.09708238564707 -3.3669965144009124
    vertex 4.456930715252509 36.15073631755614 -2.2839666027951395
    vertex 4.456930715252509 33.411796287838406 -3.679892477648587
  endloop
endfacet
facet normal -1.0 0.0 0.0
  outer loop
    vertex 4.456930715252509 33.411796287838406 -3.679892477648587
    vertex 4.456930715252509 36.15073631755614 -2.2839666027951395
    vertex 4.456930715252509 33.79677000828143 -3.900672817845462
  endloop
endfacet
facet normal -1.0 0.0 0.0
  outer loop
    vertex 4.456930715252509 33.79677000828143 -3.900672817845462
    vertex 4.456930715252509 36.15073631755614 -2.2839666027951395
    vertex 4.456930715252509 34.22576822412709 -4.014291719663883
  endloop
endfacet
facet normal -1.0 0.0 0.0
  outer loop
    vertex 4.456930715252509 34.22576822412709 -4.014291719663883
    vertex 4.456930715252509 36.15073631755614 -2.2839666027951395
    vertex 4.456930715252509 34.66955541591859 -4.01300624270904
  endloop
endfacet
facet normal -1.0 0.0 0.0
  outer loop
    vertex 4.456930715252509 34.66955541591859 -4.01300624270904
    vertex 4.456930715252509 36.15073631755614 -2.2839666027951395
    vertex 4.456930715252509 35.097888219928336 -3.8969039901110527
  endloop
endfacet
facet normal -1.0 0.0 0.0
  outer loop
    vertex 4.456930715252509 35.097888219928336 -3.8969039901110527
    vertex 4.456930715252509 36.15073631755614 -2.2839666027951395
    vertex 4.456930715252509 35.48157646341651 -3.67389713851643
  endloop
endfacet
facet normal -1.0 0.0 0.0
  outer loop
    vertex 4.456930715252509 35.48157646341651 -3.67389713851643
    vertex 4.456930715252509 36.15073631755614 -2.2839666027951395
    vertex 4.456930715252509 35.794472426664186 -3.359183236325096
  endloop
endfacet
facet normal -1.0 0.0 0.0
  outer loop
    vertex 4.456930715252509 35.794472426664186 -3.359183236325096
    vertex 4.456930715252509 36.15073631755614 -2.2839666027951395
    vertex 4.456930715252509 36.01525276686106 -2.9742095158820803
  endloop
endfacet
facet normal -1.0 0.0 0.0
  outer loop
    vertex 4.456930715252509 36.01525276686106 -2.9742095158820803
    vertex 4.456930715252509 36.15073631755614 -2.2839666027951395
    vertex 4.456930715252509 36.12887166867948 -2.5452113000364185
  endloop
endfacet
facet normal -1.0 0.0 0.0
  outer loop
    vertex 4.456930715252509 36.15073631755614 -2.2839666027951395
    vertex 4.456930715252509 39.507609287117624 -1.838054992361558
    vertex 4.456930715252509 36.28116802003601 -2.708155587844713
  endloop
endfacet
facet normal -1.0 0.0 0.0
  outer loop
    vertex 4.456930715252509 36.28116802003601 -2.708155587844713
    vertex 4.456930715252509 39.507609287117624 -1.838054992361558
    vertex 4.456930715252509 36.51694355808171 -3.084132475044508
  endloop
endfacet
facet normal -1.0 0.0 0.0
  outer loop
    vertex 4.456930715252509 36.51694355808171 -3.084132475044508
    vertex 4.456930715252509 39.507609287117624 -1.838054992361558
    vertex 4.456930715252509 36.84199521841292 -3.3862750608630408
  endloop
endfacet
facet normal -1.0 0.0 0.0
  outer loop
    vertex 4.456930715252509 36.84199521841292 -3.3862750608630408
    vertex 4.456930715252509 39.507609287117624 -1.838054992361558
    vertex 4.456930715252509 37.23417126755133 -3.5939928273910104
  endloop
endfacet
facet normal -1.0 0.0 0.0
  outer loop
    vertex 4.456930715252509 37.23417126755133 -3.5939928273910104
    vertex 4.456930715252509 39.507609287117624 -1.838054992361558
    vertex 4.456930715252509 37.66674555584974 -3.693130152109376
  endloop
endfacet
facet normal -1.0 0.0 0.0
  outer loop
    vertex 4.456930715252509 37.66674555584974 -3.693130152109376
    vertex 4.456930715252509 39.507609287117624 -1.838054992361558
    vertex 4.456930715252509 38.1102388604234 -3.6769309901707543
  endloop
endfacet
facet normal -1.0 0.0 0.0
  outer loop
    vertex 4.456930715252509 38.1102388604234 -3.6769309901707543
    vertex 4.456930715252509 39.507609287117624 -1.838054992361558
    vertex 4.456930715252509 38.534427845472976 -3.5464992876908834
  endloop
endfacet
facet normal -1.0 0.0 0.0
  outer loop
    vertex 4.456930715252509 38.534427845472976 -3.5464992876908834
    vertex 4.456930715252509 39.507609287117624 -1.838054992361558
    vertex 4.456930715252509 38.910404732672774 -3.310723749645186
  endloop
endfacet
facet normal -1.0 0.0 0.0
  outer loop
    vertex 4.456930715252509 38.910404732672774 -3.310723749645186
    vertex 4.456930715252509 39.507609287117624 -1.838054992361558
    vertex 4.456930715252509 39.2125473184913 -2.9856720893139763
  endloop
endfacet
facet normal -1.0 0.0 0.0
  outer loop
    vertex 4.456930715252509 39.2125473184913 -2.9856720893139763
    vertex 4.456930715252509 39.507609287117624 -1.838054992361558
    vertex 4.456930715252509 39.420265085019274 -2.5934960401755607
  endloop
endfacet
facet normal -1.0 0.0 0.0
  outer loop
    vertex 4.456930715252509 39.420265085019274 -2.5934960401755607
    vertex 4.456930715252509 39.507609287117624 -1.838054992361558
    vertex 4.456930715252509 39.51940240973764 -2.160921751877157
  endloop
endfacet
facet normal 7.306180349544891e-06 0.09640905509436884 -0.995341797596399
  outer loop
    vertex 37.00709504912596 26.018196081108076 -3.143782113161345
    vertex 4.524829550895072 31.709819404897953 -2.5927418023769313
    vertex 4.456930715252509 32.75778873275025 -2.4912634331067878
  endloop
endfacet
facet normal 7.306180349544891e-06 0.09640905509436884 -0.995341797596399
  outer loop
    vertex 4.524829550895072 31.709819404897953 -2.5927418023769313
    vertex 37.00709504912596 26.018196081108076 -3.143782113161345
    vertex 4.524829550895072 29.06584925347426 -2.848766260569114
  endloop
endfacet
facet normal 7.306180349544891e-06 0.09640905509436884 -0.995341797596399
  outer loop
    vertex 4.524829550895072 29.06584925347426 -2.848766260569114
    vertex 37.00709504912596 26.018196081108076 -3.143782113161345
    vertex 4.524829550895072 29.035879870853375 -2.8516682959584827
  endloop
endfacet
facet normal 7.306180349544891e-06 0.09640905509436884 -0.995341797596399
  outer loop
    vertex 4.524829550895072 29.035879870853375 -2.8516682959584827
    vertex 37.00709504912596 26.018196081108076 -3.143782113161345
    vertex 4.524829550895072 26.008978992477154 -3.144974949056189
  endloop
endfacet
facet normal -4.333417163509739e-06 -0.09637750500334852 0.9953448530587534
  outer loop
    vertex 53.524829550895106 26.018167288515862 -3.143484863193986
    vertex 53.52482955089507 29.36976442968159 -2.819136752758593
    vertex 37.05175000893029 26.008978992477154 -3.144974949056189
  endloop
endfacet
facet normal -4.333417163509739e-06 -0.09637750500334852 0.9953448530587534
  outer loop
    vertex 37.00709504912596 26.018196081108076 -3.143782113161345
    vertex 53.52482955089507 32.75778873275025 -2.4912634331067878
    vertex 4.456930715252509 32.75778873275025 -2.4912634331067878
  endloop
endfacet
facet normal -4.333417163509739e-06 -0.09637750500334852 0.9953448530587534
  outer loop
    vertex 53.52482955089507 32.75778873275025 -2.4912634331067878
    vertex 37.00709504912596 26.018196081108076 -3.143782113161345
    vertex 37.05175000893029 26.008978992477154 -3.144974949056189
  endloop
endfacet
facet normal -4.333417163509739e-06 -0.09637750500334852 0.9953448530587534
  outer loop
    vertex 53.52482955089507 32.75778873275025 -2.4912634331067878
    vertex 37.05175000893029 26.008978992477154 -3.144974949056189
    vertex 53.52482955089507 29.36976442968159 -2.819136752758593
  endloop
endfacet
facet normal -2.7141509525287272e-08 0.09625837386616667 -0.9953563811322257
  outer loop
    vertex 37.05175000893029 24.40652706801421 -3.299943985640211
    vertex 4.524829550895072 22.639243301978794 -3.4708534890157208
    vertex 4.524829550895072 24.40652706801421 -3.299943985640211
  endloop
endfacet
facet normal -2.7141509525287272e-08 0.09625837386616667 -0.9953563811322257
  outer loop
    vertex 4.524829550895072 22.639243301978794 -3.4708534890157208
    vertex 37.05175000893029 24.40652706801421 -3.299943985640211
    vertex 37.05175000893029 22.639243301978794 -3.4708534890157208
  endloop
endfacet
facet normal -2.7141509525287272e-08 0.09625837386616667 -0.9953563811322257
  outer loop
    vertex 37.05175000893029 22.639243301978794 -3.4708534890157208
    vertex 37.05175000893029 24.40652706801421 -3.299943985640211
    vertex 37.05175000893029 23.52619053202891 -3.3850817465021477
  endloop
endfacet
facet normal -1.0 -1.6240707644259328e-16 -3.775674662258648e-16
  outer loop
    vertex 4.524829550895072 24.40652706801421 -3.299943985640211
    vertex 4.524829550895072 22.660518554261035 -3.6910730722594867
    vertex 4.524829550895072 22.639243301978794 -3.4708534890157208
  endloop
endfacet
facet normal -1.0 -1.6240707644259328e-16 -3.775674662258648e-16
  outer loop
    vertex 4.524829550895072 22.660518554261035 -3.6910730722594867
    vertex 4.524829550895072 24.40652706801421 -3.299943985640211
    vertex 4.524829550895072 22.816068631546088 -4.106708606719428
  endloop
endfacet
facet normal -1.0 -1.6240707644259328e-16 -3.775674662258648e-16
  outer loop
    vertex 4.524829550895072 22.816068631546088 -4.106708606719428
    vertex 4.524829550895072 24.40652706801421 -3.299943985640211
    vertex 4.524829550895072 23.073892860616574 -4.467922381309205
  endloop
endfacet
facet normal -1.0 -1.6240707644259328e-16 -3.775674662258648e-16
  outer loop
    vertex 4.524829550895072 23.073892860616574 -4.467922381309205
    vertex 4.524829550895072 24.40652706801421 -3.299943985640211
    vertex 4.524829550895072 23.416420946336025 -4.750098274224514
  endloop
endfacet
facet normal -1.0 -1.6240707644259328e-16 -3.775674662258648e-16
  outer loop
    vertex 4.524829550895072 23.416420946336025 -4.750098274224514
    vertex 4.524829550895072 24.40652706801421 -3.299943985640211
    vertex 4.524829550895072 23.820310165717096 -4.934006464680884
  endloop
endfacet
facet normal -1.0 -1.6240707644259328e-16 -3.775674662258648e-16
  outer loop
    vertex 4.524829550895072 23.820310165717096 -4.934006464680884
    vertex 4.524829550895072 24.40652706801421 -3.299943985640211
    vertex 4.524829550895072 24.25803613591745 -5.007113913421371
  endloop
endfacet
facet normal -1.0 -1.6240707644259328e-16 -3.775674662258648e-16
  outer loop
    vertex 4.524829550895072 24.25803613591745 -5.007113913421371
    vertex 4.524829550895072 24.40652706801421 -3.299943985640211
    vertex 4.524829550895072 24.699768555444304 -4.964438468630082
  endloop
endfacet
facet normal -1.0 -1.6240707644259328e-16 -3.775674662258648e-16
  outer loop
    vertex 4.524829550895072 24.699768555444304 -4.964438468630082
    vertex 4.524829550895072 24.40652706801421 -3.299943985640211
    vertex 4.524829550895072 26.008978992477154 -3.144974949056189
  endloop
endfacet
facet normal -1.0 -1.6240707644259328e-16 -3.775674662258648e-16
  outer loop
    vertex 4.524829550895072 24.699768555444304 -4.964438468630082
    vertex 4.524829550895072 26.008978992477154 -3.144974949056189
    vertex 4.524829550895072 25.11540408990425 -4.808888391345033
  endloop
endfacet
facet normal -1.0 -1.6240707644259328e-16 -3.775674662258648e-16
  outer loop
    vertex 4.524829550895072 25.11540408990425 -4.808888391345033
    vertex 4.524829550895072 26.008978992477154 -3.144974949056189
    vertex 4.524829550895072 25.476617864494028 -4.551064162274549
  endloop
endfacet
facet normal -1.0 -1.6240707644259328e-16 -3.775674662258648e-16
  outer loop
    vertex 4.524829550895072 25.476617864494028 -4.551064162274549
    vertex 4.524829550895072 26.008978992477154 -3.144974949056189
    vertex 4.524829550895072 25.758793757409336 -4.208536076555093
  endloop
endfacet
facet normal -1.0 -1.6240707644259328e-16 -3.775674662258648e-16
  outer loop
    vertex 4.524829550895072 25.758793757409336 -4.208536076555093
    vertex 4.524829550895072 26.008978992477154 -3.144974949056189
    vertex 4.524829550895072 25.942701947865704 -3.8046468571740255
  endloop
endfacet
facet normal -1.0 -1.6240707644259328e-16 -3.775674662258648e-16
  outer loop
    vertex 4.524829550895072 25.942701947865704 -3.8046468571740255
    vertex 4.524829550895072 26.008978992477154 -3.144974949056189
    vertex 4.524829550895072 26.015809396606194 -3.36692088697367
  endloop
endfacet
facet normal -1.0 -1.6240707644259328e-16 -3.775674662258648e-16
  outer loop
    vertex 4.524829550895072 26.015809396606194 -3.36692088697367
    vertex 4.524829550895072 26.008978992477154 -3.144974949056189
    vertex 4.524829550895069 26.014626385975788 -3.2073115480525134
  endloop
endfacet
facet normal -8.076107779562967e-05 0.9989125679414645 0.04662268853506184
  outer loop
    vertex 4.524829550895072 26.008978992477154 -3.144974949056189
    vertex 37.05175000893029 26.014626385975788 -3.2073115480525134
    vertex 4.524829550895069 26.014626385975788 -3.2073115480525134
  endloop
endfacet
facet normal -8.076107779562967e-05 0.9989125679414645 0.04662268853506184
  outer loop
    vertex 37.05175000893029 26.014626385975788 -3.2073115480525134
    vertex 4.524829550895072 26.008978992477154 -3.144974949056189
    vertex 37.05175000893029 26.008978992477154 -3.144974949056189
  endloop
endfacet
facet normal -8.076107779562967e-05 0.9989125679414645 0.04662268853506184
  outer loop
    vertex 37.05175000893029 26.008978992477154 -3.144974949056189
    vertex 4.524829550895072 26.008978992477154 -3.144974949056189
    vertex 37.00709504912596 26.018196081108076 -3.143782113161345
  endloop
endfacet
facet normal 0.0 0.9863379159550126 -0.1647346822910183
  outer loop
    vertex 4.524829550895072 26.015809396606194 -3.36692088697367
    vertex 37.05175000893029 25.942701947865704 -3.8046468571740255
    vertex 4.524829550895072 25.942701947865704 -3.8046468571740255
  endloop
endfacet
facet normal 0.0 0.9863379159550126 -0.1647346822910183
  outer loop
    vertex 37.05175000893029 25.942701947865704 -3.8046468571740255
    vertex 4.524829550895072 26.015809396606194 -3.36692088697367
    vertex 37.05175000893029 26.015809396606194 -3.36692088697367
  endloop
endfacet
facet normal 0.0 0.9100927933032587 -0.4144045216662969
  outer loop
    vertex 4.524829550895072 25.942701947865704 -3.8046468571740255
    vertex 37.05175000893029 25.758793757409336 -4.208536076555093
    vertex 4.524829550895072 25.758793757409336 -4.208536076555093
  endloop
endfacet
facet normal 0.0 0.9100927933032587 -0.4144045216662969
  outer loop
    vertex 37.05175000893029 25.758793757409336 -4.208536076555093
    vertex 4.524829550895072 25.942701947865704 -3.8046468571740255
    vertex 37.05175000893029 25.942701947865704 -3.8046468571740255
  endloop
endfacet
facet normal 0.0 0.7718263507873383 -0.6358333777258793
  outer loop
    vertex 4.524829550895072 25.758793757409336 -4.208536076555093
    vertex 37.05175000893029 25.476617864494028 -4.551064162274549
    vertex 4.524829550895072 25.476617864494028 -4.551064162274549
  endloop
endfacet
facet normal 0.0 0.7718263507873383 -0.6358333777258793
  outer loop
    vertex 37.05175000893029 25.476617864494028 -4.551064162274549
    vertex 4.524829550895072 25.758793757409336 -4.208536076555093
    vertex 37.05175000893029 25.758793757409336 -4.208536076555093
  endloop
endfacet
facet normal 0.00018489563012625705 0.5895242390732897 -0.807750665340899
  outer loop
    vertex 37.05175000893029 25.476617864494028 -4.551064162274549
    vertex 4.524829550895072 25.11540408990425 -4.808888391345033
    vertex 4.524829550895072 25.476617864494028 -4.551064162274549
  endloop
endfacet
facet normal 0.00018489563012625705 0.5895242390732897 -0.807750665340899
  outer loop
    vertex 4.524829550895072 25.11540408990425 -4.808888391345033
    vertex 37.05175000893029 25.476617864494028 -4.551064162274549
    vertex 37.05175000893029 25.11540408990425 -4.808888391345033
  endloop
endfacet
facet normal 0.00018489563012625705 0.5895242390732897 -0.807750665340899
  outer loop
    vertex 37.05175000893029 25.11540408990425 -4.808888391345033
    vertex 37.05175000893029 25.476617864494028 -4.551064162274549
    vertex 37.05175000893029 25.43675210575111 -4.554922138927091
  endloop
endfacet
facet normal 9.554066479319647e-05 0.3557991357008023 -0.9345624462316809
  outer loop
    vertex 37.05175000893029 25.11540408990425 -4.808888391345033
    vertex 4.524829550895072 24.699768555444304 -4.964438468630082
    vertex 4.524829550895072 25.11540408990425 -4.808888391345033
  endloop
endfacet
facet normal 9.554066479319647e-05 0.3557991357008023 -0.9345624462316809
  outer loop
    vertex 4.524829550895072 24.699768555444304 -4.964438468630082
    vertex 37.05175000893029 25.11540408990425 -4.808888391345033
    vertex 37.05175000893029 24.699768555444304 -4.964438468630082
  endloop
endfacet
facet normal 9.554066479319647e-05 0.3557991357008023 -0.9345624462316809
  outer loop
    vertex 37.05175000893029 24.699768555444304 -4.964438468630082
    vertex 37.05175000893029 25.11540408990425 -4.808888391345033
    vertex 37.05175000893029 25.075538331161333 -4.812746367997576
  endloop
endfacet
facet normal -6.031624409807996e-08 0.09615794737844631 -0.9953660880078045
  outer loop
    vertex 37.05175000893029 24.699768555444304 -4.964438468630082
    vertex 4.524829550895072 24.25803613591745 -5.007113913421371
    vertex 4.524829550895072 24.699768555444304 -4.964438468630082
  endloop
endfacet
facet normal -6.031624409807996e-08 0.09615794737844631 -0.9953660880078045
  outer loop
    vertex 4.524829550895072 24.25803613591745 -5.007113913421371
    vertex 37.05175000893029 24.699768555444304 -4.964438468630082
    vertex 37.05175000893029 24.25803613591745 -5.007113913421371
  endloop
endfacet
facet normal -6.031624409807996e-08 0.09615794737844631 -0.9953660880078045
  outer loop
    vertex 37.05175000893029 24.25803613591745 -5.007113913421371
    vertex 37.05175000893029 24.699768555444304 -4.964438468630082
    vertex 37.05175000893029 24.659902796701388 -4.968296445282624
  endloop
endfacet
facet normal -9.554250367955928e-05 -0.170380864314795 -0.9853782786052134
  outer loop
    vertex 37.05175000893029 24.25803613591745 -5.007113913421371
    vertex 4.524829550895072 23.820310165717096 -4.934006464680884
    vertex 4.524829550895072 24.25803613591745 -5.007113913421371
  endloop
endfacet
facet normal -9.554250367955928e-05 -0.170380864314795 -0.9853782786052134
  outer loop
    vertex 4.524829550895072 23.820310165717096 -4.934006464680884
    vertex 37.05175000893029 24.25803613591745 -5.007113913421371
    vertex 37.05175000893029 23.820310165717096 -4.934006464680884
  endloop
endfacet
facet normal -9.554250367955928e-05 -0.170380864314795 -0.9853782786052134
  outer loop
    vertex 37.05175000893029 23.820310165717096 -4.934006464680884
    vertex 37.05175000893029 24.25803613591745 -5.007113913421371
    vertex 37.05175000893029 24.218170377174534 -5.010971890073913
  endloop
endfacet
facet normal -0.00018445391489348134 -0.4242550488141908 -0.905542720986935
  outer loop
    vertex 37.05175000893029 23.820310165717096 -4.934006464680884
    vertex 4.524829550895072 23.416420946336025 -4.750098274224514
    vertex 4.524829550895072 23.820310165717096 -4.934006464680884
  endloop
endfacet
facet normal -0.00018445391489348134 -0.4242550488141908 -0.905542720986935
  outer loop
    vertex 4.524829550895072 23.416420946336025 -4.750098274224514
    vertex 37.05175000893029 23.820310165717096 -4.934006464680884
    vertex 37.05175000893029 23.416420946336025 -4.750098274224514
  endloop
endfacet
facet normal -0.00018445391489348134 -0.4242550488141908 -0.905542720986935
  outer loop
    vertex 37.05175000893029 23.416420946336025 -4.750098274224514
    vertex 37.05175000893029 23.820310165717096 -4.934006464680884
    vertex 37.05175000893029 23.780444406974176 -4.937864441333427
  endloop
endfacet
facet normal -1.2458807551425866e-32 -0.6358333777258849 -0.7718263507873336
  outer loop
    vertex 37.05175000893029 23.416420946336025 -4.750098274224514
    vertex 4.524829550895072 23.073892860616574 -4.467922381309205
    vertex 4.524829550895072 23.416420946336025 -4.750098274224514
  endloop
endfacet
facet normal -1.2458807551425866e-32 -0.6358333777258849 -0.7718263507873336
  outer loop
    vertex 4.524829550895072 23.073892860616574 -4.467922381309205
    vertex 37.05175000893029 23.416420946336025 -4.750098274224514
    vertex 37.05175000893029 23.073892860616574 -4.467922381309205
  endloop
endfacet
facet normal -0.0 -0.8139312398577805 -0.5809612179686149
  outer loop
    vertex 37.05175000893029 22.816068631546088 -4.106708606719428
    vertex 4.524829550895072 23.073892860616574 -4.467922381309205
    vertex 37.05175000893029 23.073892860616574 -4.467922381309205
  endloop
endfacet
facet normal -0.0 -0.8139312398577805 -0.5809612179686149
  outer loop
    vertex 4.524829550895072 23.073892860616574 -4.467922381309205
    vertex 37.05175000893029 22.816068631546088 -4.106708606719428
    vertex 4.524829550895072 22.816068631546088 -4.106708606719428
  endloop
endfacet
facet normal -0.0 -0.9365610330783443 -0.35050453822914274
  outer loop
    vertex 37.05175000893029 22.660518554261035 -3.6910730722594867
    vertex 4.524829550895072 22.816068631546088 -4.106708606719428
    vertex 37.05175000893029 22.816068631546088 -4.106708606719428
  endloop
endfacet
facet normal -0.0 -0.9365610330783443 -0.35050453822914274
  outer loop
    vertex 4.524829550895072 22.816068631546088 -4.106708606719428
    vertex 37.05175000893029 22.660518554261035 -3.6910730722594867
    vertex 4.524829550895072 22.660518554261035 -3.6910730722594867
  endloop
endfacet
facet normal 0.0 -0.9953657396349126 -0.09616155344545667
  outer loop
    vertex 37.05175000893029 22.639243301978794 -3.4708534890157208
    vertex 4.524829550895072 22.660518554261035 -3.6910730722594867
    vertex 37.05175000893029 22.660518554261035 -3.6910730722594867
  endloop
endfacet
facet normal 0.0 -0.9953657396349126 -0.09616155344545667
  outer loop
    vertex 4.524829550895072 22.660518554261035 -3.6910730722594867
    vertex 37.05175000893029 22.639243301978794 -3.4708534890157208
    vertex 4.524829550895072 22.639243301978794 -3.4708534890157208
  endloop
endfacet
facet normal 1.8081916699204227e-06 0.0962970665901499 -0.9953526384969614
  outer loop
    vertex 37.00709504912596 26.018196081108076 -3.143782113161345
    vertex 4.524829550895072 24.40652706801421 -3.299943985640211
    vertex 4.524829550895072 26.008978992477154 -3.144974949056189
  endloop
endfacet
facet normal 1.8081916699204227e-06 0.0962970665901499 -0.9953526384969614
  outer loop
    vertex 4.524829550895072 24.40652706801421 -3.299943985640211
    vertex 37.00709504912596 26.018196081108076 -3.143782113161345
    vertex 37.05175000893029 24.40652706801421 -3.299943985640211
  endloop
endfacet
facet normal 1.8081916699204227e-06 0.0962970665901499 -0.9953526384969614
  outer loop
    vertex 37.05175000893029 24.40652706801421 -3.299943985640211
    vertex 37.00709504912596 26.018196081108076 -3.143782113161345
    vertex 37.05175000893029 26.008978992477154 -3.144974949056189
  endloop
endfacet
facet normal 1.8081916699204227e-06 0.0962970665901499 -0.9953526384969614
  outer loop
    vertex 37.05175000893029 24.40652706801421 -3.299943985640211
    vertex 37.05175000893029 26.008978992477154 -3.144974949056189
    vertex 37.05175000893029 25.969113233734237 -3.148832925708731
  endloop
endfacet
facet normal 2.806067439490765e-07 0.09633374183308466 -0.9953490896084438
  outer loop
    vertex 4.524829550895072 42.88885760737528 -1.5108374129817856
    vertex 3.524829550895098 13.595349874853603 -4.345693000000011
    vertex 3.524829550895072 42.88885760737528 -1.5108374129817856
  endloop
endfacet
facet normal 2.806067439490765e-07 0.09633374183308466 -0.9953490896084438
  outer loop
    vertex 3.524829550895098 13.595349874853603 -4.345693000000011
    vertex 4.524829550895072 42.88885760737528 -1.5108374129817856
    vertex 4.456930715252509 39.507609287117624 -1.838054992361558
  endloop
endfacet
facet normal 2.806067439490765e-07 0.09633374183308466 -0.9953490896084438
  outer loop
    vertex 4.456930715252509 39.507609287117624 -1.838054992361558
    vertex 4.524829550895072 42.88885760737528 -1.5108374129817856
    vertex 4.524829550895072 39.53346205015591 -1.8355531120675306
  endloop
endfacet
facet normal 2.806067439490765e-07 0.09633374183308466 -0.9953490896084438
  outer loop
    vertex 54.52482955089507 13.595349874853603 -4.345693000000011
    vertex 53.52482955089507 19.228436601178288 -3.8009315568351254
    vertex 53.52482955089507 22.59817229167665 -3.4750530168755938
  endloop
endfacet
facet normal 2.806067439490765e-07 0.09633374183308466 -0.9953490896084438
  outer loop
    vertex 53.52482955089507 19.228436601178288 -3.8009315568351254
    vertex 54.52482955089507 13.595349874853603 -4.345693000000011
    vertex 53.52482955089507 19.201554981858465 -3.803531209644808
  endloop
endfacet
facet normal 2.806067439490765e-07 0.09633374183308466 -0.9953490896084438
  outer loop
    vertex 53.52482955089507 19.201554981858465 -3.803531209644808
    vertex 54.52482955089507 13.595349874853603 -4.345693000000011
    vertex 53.52482955089507 15.842128360107358 -4.128412785871793
  endloop
endfacet
facet normal 2.806067439490765e-07 0.09633374183308466 -0.9953490896084438
  outer loop
    vertex 3.524829550895098 13.595349874853603 -4.345693000000011
    vertex 4.524829550895072 15.842128360107358 -4.128412785871793
    vertex 54.52482955089507 13.595349874853603 -4.345693000000011
  endloop
endfacet
facet normal 2.806067439490765e-07 0.09633374183308466 -0.9953490896084438
  outer loop
    vertex 4.524829550895072 15.842128360107358 -4.128412785871793
    vertex 3.524829550895098 13.595349874853603 -4.345693000000011
    vertex 4.456930715252509 32.75778873275025 -2.4912634331067878
  endloop
endfacet
facet normal 2.806067439490765e-07 0.09633374183308466 -0.9953490896084438
  outer loop
    vertex 4.456930715252509 32.75778873275025 -2.4912634331067878
    vertex 3.524829550895098 13.595349874853603 -4.345693000000011
    vertex 4.456930715252509 39.507609287117624 -1.838054992361558
  endloop
endfacet
facet normal 2.806067439490765e-07 0.09633374183308466 -0.9953490896084438
  outer loop
    vertex 4.524829550895072 15.842128360107358 -4.128412785871793
    vertex 4.456930715252509 32.75778873275025 -2.4912634331067878
    vertex 4.524829550895072 31.709819404897953 -2.5927418023769313
  endloop
endfacet
facet normal 2.806067439490765e-07 0.09633374183308466 -0.9953490896084438
  outer loop
    vertex 4.524829550895072 15.842128360107358 -4.128412785871793
    vertex 4.524829550895072 31.709819404897953 -2.5927418023769313
    vertex 4.524829550895072 29.06584925347426 -2.848766260569114
  endloop
endfacet
facet normal 2.806067439490765e-07 0.09633374183308466 -0.9953490896084438
  outer loop
    vertex 4.524829550895072 15.842128360107358 -4.128412785871793
    vertex 4.524829550895072 29.06584925347426 -2.848766260569114
    vertex 4.524829550895072 29.035879870853375 -2.8516682959584827
  endloop
endfacet
facet normal 2.806067439490765e-07 0.09633374183308466 -0.9953490896084438
  outer loop
    vertex 4.524829550895072 15.842128360107358 -4.128412785871793
    vertex 4.524829550895072 29.035879870853375 -2.8516682959584827
    vertex 4.524829550895072 26.008978992477154 -3.144974949056189
  endloop
endfacet
facet normal 2.806067439490765e-07 0.09633374183308466 -0.9953490896084438
  outer loop
    vertex 4.524829550895072 15.842128360107358 -4.128412785871793
    vertex 4.524829550895072 26.008978992477154 -3.144974949056189
    vertex 4.524829550895072 24.40652706801421 -3.299943985640211
  endloop
endfacet
facet normal 2.806067439490765e-07 0.09633374183308466 -0.9953490896084438
  outer loop
    vertex 4.524829550895072 15.842128360107358 -4.128412785871793
    vertex 4.524829550895072 24.40652706801421 -3.299943985640211
    vertex 4.524829550895072 22.639243301978794 -3.4708534890157208
  endloop
endfacet
facet normal 2.806067439490765e-07 0.09633374183308466 -0.9953490896084438
  outer loop
    vertex 4.524829550895072 15.842128360107358 -4.128412785871793
    vertex 4.524829550895072 22.639243301978794 -3.4708534890157208
    vertex 4.524829550895072 22.59817229167665 -3.4750530168755938
  endloop
endfacet
facet normal 2.806067439490765e-07 0.09633374183308466 -0.9953490896084438
  outer loop
    vertex 4.524829550895072 15.842128360107358 -4.128412785871793
    vertex 4.524829550895072 22.59817229167665 -3.4750530168755938
    vertex 4.524829550895072 19.228436601178288 -3.8009315568351254
  endloop
endfacet
facet normal 2.806067439490765e-07 0.09633374183308466 -0.9953490896084438
  outer loop
    vertex 4.524829550895072 15.842128360107358 -4.128412785871793
    vertex 4.524829550895072 19.228436601178288 -3.8009315568351254
    vertex 4.524829550895072 19.201554981858465 -3.803531209644808
  endloop
endfacet
facet normal 2.806067439490765e-07 0.09633374183308466 -0.9953490896084438
  outer loop
    vertex 54.52482955089507 13.595349874853603 -4.345693000000011
    vertex 4.524829550895072 15.842128360107358 -4.128412785871793
    vertex 53.52482955089507 15.842128360107358 -4.128412785871793
  endloop
endfacet
facet normal -1.0 0.0 0.0
  outer loop
    vertex 4.1559377152525085 32.75778873275025 -2.4912634331067878
    vertex 4.1559377152525085 26.018351837220077 -3.2071968969901854
    vertex 4.1559377152525085 26.018167288515862 -3.143484863193986
  endloop
endfacet
facet normal -1.0 0.0 0.0
  outer loop
    vertex 4.1559377152525085 26.018351837220077 -3.2071968969901854
    vertex 4.1559377152525085 32.75778873275025 -2.4912634331067878
    vertex 4.1559377152525085 29.411114873321747 -2.936188032882338
  endloop
endfacet
facet normal -1.0 0.0 0.0
  outer loop
    vertex 4.1559377152525085 26.018351837220077 -3.2071968969901854
    vertex 4.1559377152525085 29.411114873321747 -2.936188032882338
    vertex 4.1559377152525085 26.13445408981806 -3.6355297009999377
  endloop
endfacet
facet normal -1.0 0.0 0.0
  outer loop
    vertex 4.1559377152525085 26.13445408981806 -3.6355297009999377
    vertex 4.1559377152525085 29.411114873321747 -2.936188032882338
    vertex 4.1559377152525085 26.357460941412683 -4.019217944488111
  endloop
endfacet
facet normal -1.0 0.0 0.0
  outer loop
    vertex 4.1559377152525085 26.357460941412683 -4.019217944488111
    vertex 4.1559377152525085 29.411114873321747 -2.936188032882338
    vertex 4.1559377152525085 26.67217484360402 -4.332113907735785
  endloop
endfacet
facet normal -1.0 0.0 0.0
  outer loop
    vertex 4.1559377152525085 26.67217484360402 -4.332113907735785
    vertex 4.1559377152525085 29.411114873321747 -2.936188032882338
    vertex 4.1559377152525085 27.057148564047036 -4.552894247932661
  endloop
endfacet
facet normal -1.0 0.0 0.0
  outer loop
    vertex 4.1559377152525085 27.057148564047036 -4.552894247932661
    vertex 4.1559377152525085 29.411114873321747 -2.936188032882338
    vertex 4.1559377152525085 27.486146779892696 -4.666513149751083
  endloop
endfacet
facet normal -1.0 0.0 0.0
  outer loop
    vertex 4.1559377152525085 27.486146779892696 -4.666513149751083
    vertex 4.1559377152525085 29.411114873321747 -2.936188032882338
    vertex 4.1559377152525085 27.929933971684196 -4.665227672796239
  endloop
endfacet
facet normal -1.0 0.0 0.0
  outer loop
    vertex 4.1559377152525085 27.929933971684196 -4.665227672796239
    vertex 4.1559377152525085 29.411114873321747 -2.936188032882338
    vertex 4.1559377152525085 28.35826677569395 -4.549125420198251
  endloop
endfacet
facet normal -1.0 0.0 0.0
  outer loop
    vertex 4.1559377152525085 28.35826677569395 -4.549125420198251
    vertex 4.1559377152525085 29.411114873321747 -2.936188032882338
    vertex 4.1559377152525085 28.74195501918212 -4.326118568603627
  endloop
endfacet
facet normal -1.0 0.0 0.0
  outer loop
    vertex 4.1559377152525085 28.74195501918212 -4.326118568603627
    vertex 4.1559377152525085 29.411114873321747 -2.936188032882338
    vertex 4.1559377152525085 29.054850982429794 -4.011404666412295
  endloop
endfacet
facet normal -1.0 0.0 0.0
  outer loop
    vertex 4.1559377152525085 29.054850982429794 -4.011404666412295
    vertex 4.1559377152525085 29.411114873321747 -2.936188032882338
    vertex 4.1559377152525085 29.27563132262667 -3.6264309459692776
  endloop
endfacet
facet normal -1.0 0.0 0.0
  outer loop
    vertex 4.1559377152525085 29.27563132262667 -3.6264309459692776
    vertex 4.1559377152525085 29.411114873321747 -2.936188032882338
    vertex 4.1559377152525085 29.389250224445092 -3.197432730123617
  endloop
endfacet
facet normal -1.0 0.0 0.0
  outer loop
    vertex 4.1559377152525085 29.411114873321747 -2.936188032882338
    vertex 4.1559377152525085 32.75778873275025 -2.4912634331067878
    vertex 4.1559377152525085 29.541546575801622 -3.3603770179319126
  endloop
endfacet
facet normal -1.0 0.0 0.0
  outer loop
    vertex 4.1559377152525085 29.541546575801622 -3.3603770179319126
    vertex 4.1559377152525085 32.75778873275025 -2.4912634331067878
    vertex 4.1559377152525085 29.777322113847315 -3.736353905131708
  endloop
endfacet
facet normal -1.0 0.0 0.0
  outer loop
    vertex 4.1559377152525085 29.777322113847315 -3.736353905131708
    vertex 4.1559377152525085 32.75778873275025 -2.4912634331067878
    vertex 4.1559377152525085 30.102373774178528 -4.03849649095024
  endloop
endfacet
facet normal -1.0 0.0 0.0
  outer loop
    vertex 4.1559377152525085 30.102373774178528 -4.03849649095024
    vertex 4.1559377152525085 32.75778873275025 -2.4912634331067878
    vertex 4.1559377152525085 30.494549823316948 -4.246214257478208
  endloop
endfacet
facet normal -1.0 0.0 0.0
  outer loop
    vertex 4.1559377152525085 30.494549823316948 -4.246214257478208
    vertex 4.1559377152525085 32.75778873275025 -2.4912634331067878
    vertex 4.1559377152525085 30.92712411161535 -4.345351582196575
  endloop
endfacet
facet normal -1.0 0.0 0.0
  outer loop
    vertex 4.1559377152525085 30.92712411161535 -4.345351582196575
    vertex 4.1559377152525085 32.75778873275025 -2.4912634331067878
    vertex 4.1559377152525085 31.370617416189013 -4.329152420257954
  endloop
endfacet
facet normal -1.0 0.0 0.0
  outer loop
    vertex 4.1559377152525085 31.370617416189013 -4.329152420257954
    vertex 4.1559377152525085 32.75778873275025 -2.4912634331067878
    vertex 4.1559377152525085 31.79480640123859 -4.198720717778082
  endloop
endfacet
facet normal -1.0 0.0 0.0
  outer loop
    vertex 4.1559377152525085 31.79480640123859 -4.198720717778082
    vertex 4.1559377152525085 32.75778873275025 -2.4912634331067878
    vertex 4.1559377152525085 32.170783288438386 -3.962945179732384
  endloop
endfacet
facet normal -1.0 0.0 0.0
  outer loop
    vertex 4.1559377152525085 32.170783288438386 -3.962945179732384
    vertex 4.1559377152525085 32.75778873275025 -2.4912634331067878
    vertex 4.1559377152525085 32.472925874256916 -3.6378935194011754
  endloop
endfacet
facet normal -1.0 0.0 0.0
  outer loop
    vertex 4.1559377152525085 32.472925874256916 -3.6378935194011754
    vertex 4.1559377152525085 32.75778873275025 -2.4912634331067878
    vertex 4.1559377152525085 32.680643640784886 -3.2457174702627594
  endloop
endfacet
facet normal -1.0 0.0 0.0
  outer loop
    vertex 4.1559377152525085 32.680643640784886 -3.2457174702627594
    vertex 4.1559377152525085 32.75778873275025 -2.4912634331067878
    vertex 4.1559377152525085 32.75797328145447 -2.554975466902986
  endloop
endfacet
facet normal -1.0 0.0 0.0
  outer loop
    vertex 4.1559377152525085 32.680643640784886 -3.2457174702627594
    vertex 4.1559377152525085 32.75797328145447 -2.554975466902986
    vertex 4.1559377152525085 32.77978096550325 -2.8131431819643558
  endloop
endfacet
facet normal -1.0 0.0 0.0
  outer loop
    vertex 4.1559377152525085 32.77978096550325 -2.8131431819643558
    vertex 4.1559377152525085 32.75797328145447 -2.554975466902986
    vertex 4.1559377152525085 32.77227880500166 -2.607752436140759
  endloop
endfacet
facet normal -2.0233582503504602e-06 -0.09637089066778726 0.9953454934985156
  outer loop
    vertex 4.524829550895072 26.008978992477154 -3.144974949056189
    vertex 4.1559377152525085 32.75778873275025 -2.4912634331067878
    vertex 4.1559377152525085 26.018167288515862 -3.143484863193986
  endloop
endfacet
facet normal -2.0233582503504602e-06 -0.09637089066778726 0.9953454934985156
  outer loop
    vertex 4.1559377152525085 32.75778873275025 -2.4912634331067878
    vertex 4.524829550895072 26.008978992477154 -3.144974949056189
    vertex 4.456930715252509 32.75778873275025 -2.4912634331067878
  endloop
endfacet
facet normal -2.0233582503504602e-06 -0.09637089066778726 0.9953454934985156
  outer loop
    vertex 4.456930715252509 32.75778873275025 -2.4912634331067878
    vertex 4.524829550895072 26.008978992477154 -3.144974949056189
    vertex 37.00709504912596 26.018196081108076 -3.143782113161345
  endloop
endfacet
facet normal 0.0 0.9999958048612005 0.0028965945522288396
  outer loop
    vertex 4.1559377152525085 32.75778873275025 -2.4912634331067878
    vertex 4.456930715252509 32.75797328145447 -2.554975466902986
    vertex 4.1559377152525085 32.75797328145447 -2.554975466902986
  endloop
endfacet
facet normal 0.0 0.9999958048612005 0.0028965945522288396
  outer loop
    vertex 4.456930715252509 32.75797328145447 -2.554975466902986
    vertex 4.1559377152525085 32.75778873275025 -2.4912634331067878
    vertex 4.456930715252509 32.75778873275025 -2.4912634331067878
  endloop
endfacet
facet normal 0.0 0.9651720802601057 0.26161585480696764
  outer loop
    vertex 4.1559377152525085 32.75797328145447 -2.554975466902986
    vertex 4.456930715252509 32.77227880500166 -2.607752436140759
    vertex 4.1559377152525085 32.77227880500166 -2.607752436140759
  endloop
endfacet
facet normal 0.0 0.9651720802601057 0.26161585480696764
  outer loop
    vertex 4.456930715252509 32.77227880500166 -2.607752436140759
    vertex 4.1559377152525085 32.75797328145447 -2.554975466902986
    vertex 4.456930715252509 32.75797328145447 -2.554975466902986
  endloop
endfacet
facet normal -9.594350283546693e-21 0.9993335820878333 0.036501941201803646
  outer loop
    vertex 4.1559377152525085 32.77227880500166 -2.607752436140759
    vertex 53.524829550895106 32.77978096550325 -2.8131431819643558
    vertex 4.1559377152525085 32.77978096550325 -2.8131431819643558
  endloop
endfacet
facet normal -9.594350283546693e-21 0.9993335820878333 0.036501941201803646
  outer loop
    vertex 53.524829550895106 32.77978096550325 -2.8131431819643558
    vertex 4.1559377152525085 32.77227880500166 -2.607752436140759
    vertex 53.524829550895106 32.77227880500166 -2.607752436140759
  endloop
endfacet
facet normal -9.594350283546693e-21 0.9993335820878333 0.036501941201803646
  outer loop
    vertex 53.524829550895106 32.77227880500166 -2.607752436140759
    vertex 4.1559377152525085 32.77227880500166 -2.607752436140759
    vertex 4.456930715252509 32.77227880500166 -2.607752436140759
  endloop
endfacet
facet normal 0.0 0.974729513582845 -0.22338839573834318
  outer loop
    vertex 4.1559377152525085 32.77978096550325 -2.8131431819643558
    vertex 53.524829550895106 32.680643640784886 -3.2457174702627594
    vertex 4.1559377152525085 32.680643640784886 -3.2457174702627594
  endloop
endfacet
facet normal 0.0 0.974729513582845 -0.22338839573834318
  outer loop
    vertex 53.524829550895106 32.680643640784886 -3.2457174702627594
    vertex 4.1559377152525085 32.77978096550325 -2.8131431819643558
    vertex 53.524829550895106 32.77978096550325 -2.8131431819643558
  endloop
endfacet
facet normal 0.0 0.883699239543867 -0.46805518267570917
  outer loop
    vertex 4.1559377152525085 32.680643640784886 -3.2457174702627594
    vertex 53.524829550895106 32.472925874256916 -3.6378935194011754
    vertex 4.1559377152525085 32.472925874256916 -3.6378935194011754
  endloop
endfacet
facet normal 0.0 0.883699239543867 -0.46805518267570917
  outer loop
    vertex 53.524829550895106 32.472925874256916 -3.6378935194011754
    vertex 4.1559377152525085 32.680643640784886 -3.2457174702627594
    vertex 53.524829550895106 32.680643640784886 -3.2457174702627594
  endloop
endfacet
facet normal 0.0 0.7324463227120287 -0.680824782411471
  outer loop
    vertex 4.1559377152525085 32.472925874256916 -3.6378935194011754
    vertex 53.524829550895106 32.170783288438386 -3.962945179732384
    vertex 4.1559377152525085 32.170783288438386 -3.962945179732384
  endloop
endfacet
facet normal 0.0 0.7324463227120287 -0.680824782411471
  outer loop
    vertex 53.524829550895106 32.170783288438386 -3.962945179732384
    vertex 4.1559377152525085 32.472925874256916 -3.6378935194011754
    vertex 53.524829550895106 32.472925874256916 -3.6378935194011754
  endloop
endfacet
facet normal 0.0 0.531278399412122 -0.8471972983420651
  outer loop
    vertex 53.524829550895106 32.170783288438386 -3.962945179732384
    vertex 4.1559377152525085 31.79480640123859 -4.198720717778082
    vertex 4.1559377152525085 32.170783288438386 -3.962945179732384
  endloop
endfacet
facet normal 0.0 0.531278399412122 -0.8471972983420651
  outer loop
    vertex 4.1559377152525085 31.79480640123859 -4.198720717778082
    vertex 53.524829550895106 32.170783288438386 -3.962945179732384
    vertex 53.524829550895106 31.79480640123859 -4.198720717778082
  endloop
endfacet
facet normal 0.0 0.29390473117136584 -0.9558347184503645
  outer loop
    vertex 53.524829550895106 31.79480640123859 -4.198720717778082
    vertex 4.1559377152525085 31.370617416189013 -4.329152420257954
    vertex 4.1559377152525085 31.79480640123859 -4.198720717778082
  endloop
endfacet
facet normal 0.0 0.29390473117136584 -0.9558347184503645
  outer loop
    vertex 4.1559377152525085 31.370617416189013 -4.329152420257954
    vertex 53.524829550895106 31.79480640123859 -4.198720717778082
    vertex 53.524829550895106 31.370617416189013 -4.329152420257954
  endloop
endfacet
facet normal 0.0 0.03650194120180801 -0.9993335820878331
  outer loop
    vertex 53.524829550895106 31.370617416189013 -4.329152420257954
    vertex 4.1559377152525085 30.92712411161535 -4.345351582196575
    vertex 4.1559377152525085 31.370617416189013 -4.329152420257954
  endloop
endfacet
facet normal 0.0 0.03650194120180801 -0.9993335820878331
  outer loop
    vertex 4.1559377152525085 30.92712411161535 -4.345351582196575
    vertex 53.524829550895106 31.370617416189013 -4.329152420257954
    vertex 53.524829550895106 30.92712411161535 -4.345351582196575
  endloop
endfacet
facet normal -0.0 -0.22338839573835095 -0.9747295135828432
  outer loop
    vertex 53.524829550895106 30.92712411161535 -4.345351582196575
    vertex 4.1559377152525085 30.494549823316948 -4.246214257478208
    vertex 4.1559377152525085 30.92712411161535 -4.345351582196575
  endloop
endfacet
facet normal -0.0 -0.22338839573835095 -0.9747295135828432
  outer loop
    vertex 4.1559377152525085 30.494549823316948 -4.246214257478208
    vertex 53.524829550895106 30.92712411161535 -4.345351582196575
    vertex 53.524829550895106 30.494549823316948 -4.246214257478208
  endloop
endfacet
facet normal -0.0 -0.4680551826756983 -0.8836992395438726
  outer loop
    vertex 53.524829550895106 30.494549823316948 -4.246214257478208
    vertex 4.1559377152525085 30.102373774178528 -4.03849649095024
    vertex 4.1559377152525085 30.494549823316948 -4.246214257478208
  endloop
endfacet
facet normal -0.0 -0.4680551826756983 -0.8836992395438726
  outer loop
    vertex 4.1559377152525085 30.102373774178528 -4.03849649095024
    vertex 53.524829550895106 30.494549823316948 -4.246214257478208
    vertex 53.524829550895106 30.102373774178528 -4.03849649095024
  endloop
endfacet
facet normal -0.0 -0.6808247824114747 -0.7324463227120253
  outer loop
    vertex 53.524829550895106 30.102373774178528 -4.03849649095024
    vertex 4.1559377152525085 29.777322113847315 -3.736353905131708
    vertex 4.1559377152525085 30.102373774178528 -4.03849649095024
  endloop
endfacet
facet normal -0.0 -0.6808247824114747 -0.7324463227120253
  outer loop
    vertex 4.1559377152525085 29.777322113847315 -3.736353905131708
    vertex 53.524829550895106 30.102373774178528 -4.03849649095024
    vertex 53.524829550895106 29.777322113847315 -3.736353905131708
  endloop
endfacet
facet normal -0.0 -0.8471972983420669 -0.531278399412119
  outer loop
    vertex 53.524829550895106 29.541546575801622 -3.3603770179319126
    vertex 4.1559377152525085 29.777322113847315 -3.736353905131708
    vertex 53.524829550895106 29.777322113847315 -3.736353905131708
  endloop
endfacet
facet normal -0.0 -0.8471972983420669 -0.531278399412119
  outer loop
    vertex 4.1559377152525085 29.777322113847315 -3.736353905131708
    vertex 53.524829550895106 29.541546575801622 -3.3603770179319126
    vertex 4.1559377152525085 29.541546575801622 -3.3603770179319126
  endloop
endfacet
facet normal -0.0 -0.9558347184503626 -0.2939047311713717
  outer loop
    vertex 53.524829550895106 29.411114873321747 -2.936188032882338
    vertex 4.1559377152525085 29.541546575801622 -3.3603770179319126
    vertex 53.524829550895106 29.541546575801622 -3.3603770179319126
  endloop
endfacet
facet normal -0.0 -0.9558347184503626 -0.2939047311713717
  outer loop
    vertex 4.1559377152525085 29.541546575801622 -3.3603770179319126
    vertex 53.524829550895106 29.411114873321747 -2.936188032882338
    vertex 4.1559377152525085 29.411114873321747 -2.936188032882338
  endloop
endfacet
facet normal 0.0 0.9965159388861663 -0.08340253920488788
  outer loop
    vertex 4.1559377152525085 29.411114873321747 -2.936188032882338
    vertex 53.524829550895106 29.389250224445092 -3.197432730123617
    vertex 4.1559377152525085 29.389250224445092 -3.197432730123617
  endloop
endfacet
facet normal 0.0 0.9965159388861663 -0.08340253920488788
  outer loop
    vertex 53.524829550895106 29.389250224445092 -3.197432730123617
    vertex 4.1559377152525085 29.411114873321747 -2.936188032882338
    vertex 53.524829550895106 29.411114873321747 -2.936188032882338
  endloop
endfacet
facet normal 0.0 0.9666714679322105 -0.2560200638344301
  outer loop
    vertex 4.1559377152525085 29.389250224445092 -3.197432730123617
    vertex 53.524829550895106 29.27563132262667 -3.6264309459692776
    vertex 4.1559377152525085 29.27563132262667 -3.6264309459692776
  endloop
endfacet
facet normal 0.0 0.9666714679322105 -0.2560200638344301
  outer loop
    vertex 53.524829550895106 29.27563132262667 -3.6264309459692776
    vertex 4.1559377152525085 29.389250224445092 -3.197432730123617
    vertex 53.524829550895106 29.389250224445092 -3.197432730123617
  endloop
endfacet
facet normal 0.0 0.8674700679637799 -0.49748937796390724
  outer loop
    vertex 4.1559377152525085 29.27563132262667 -3.6264309459692776
    vertex 53.524829550895106 29.054850982429794 -4.011404666412295
    vertex 4.1559377152525085 29.054850982429794 -4.011404666412295
  endloop
endfacet
facet normal 0.0 0.8674700679637799 -0.49748937796390724
  outer loop
    vertex 53.524829550895106 29.054850982429794 -4.011404666412295
    vertex 4.1559377152525085 29.27563132262667 -3.6264309459692776
    vertex 53.524829550895106 29.27563132262667 -3.6264309459692776
  endloop
endfacet
facet normal 0.0 0.7091520164256792 -0.7050556131252295
  outer loop
    vertex 4.1559377152525085 29.054850982429794 -4.011404666412295
    vertex 53.524829550895106 28.74195501918212 -4.326118568603627
    vertex 4.1559377152525085 28.74195501918212 -4.326118568603627
  endloop
endfacet
facet normal 0.0 0.7091520164256792 -0.7050556131252295
  outer loop
    vertex 53.524829550895106 28.74195501918212 -4.326118568603627
    vertex 4.1559377152525085 29.054850982429794 -4.011404666412295
    vertex 53.524829550895106 29.054850982429794 -4.011404666412295
  endloop
endfacet
facet normal 0.0 0.50250642689729 -0.8645734734115539
  outer loop
    vertex 53.524829550895106 28.74195501918212 -4.326118568603627
    vertex 4.1559377152525085 28.35826677569395 -4.549125420198251
    vertex 4.1559377152525085 28.74195501918212 -4.326118568603627
  endloop
endfacet
facet normal 0.0 0.50250642689729 -0.8645734734115539
  outer loop
    vertex 4.1559377152525085 28.35826677569395 -4.549125420198251
    vertex 53.524829550895106 28.74195501918212 -4.326118568603627
    vertex 53.524829550895106 28.35826677569395 -4.549125420198251
  endloop
endfacet
facet normal 0.0 0.2616158548069837 -0.9651720802601014
  outer loop
    vertex 53.524829550895106 28.35826677569395 -4.549125420198251
    vertex 4.1559377152525085 27.929933971684196 -4.665227672796239
    vertex 4.1559377152525085 28.35826677569395 -4.549125420198251
  endloop
endfacet
facet normal 0.0 0.2616158548069837 -0.9651720802601014
  outer loop
    vertex 4.1559377152525085 27.929933971684196 -4.665227672796239
    vertex 53.524829550895106 28.35826677569395 -4.549125420198251
    vertex 53.524829550895106 27.929933971684196 -4.665227672796239
  endloop
endfacet
facet normal 0.0 0.0028965945522214996 -0.9999958048612004
  outer loop
    vertex 53.524829550895106 27.929933971684196 -4.665227672796239
    vertex 4.1559377152525085 27.486146779892696 -4.666513149751083
    vertex 4.1559377152525085 27.929933971684196 -4.665227672796239
  endloop
endfacet
facet normal 0.0 0.0028965945522214996 -0.9999958048612004
  outer loop
    vertex 4.1559377152525085 27.486146779892696 -4.666513149751083
    vertex 53.524829550895106 27.929933971684196 -4.665227672796239
    vertex 53.524829550895106 27.486146779892696 -4.666513149751083
  endloop
endfacet
facet normal -0.0 -0.25602006383442344 -0.9666714679322121
  outer loop
    vertex 53.524829550895106 27.486146779892696 -4.666513149751083
    vertex 4.1559377152525085 27.057148564047036 -4.552894247932661
    vertex 4.1559377152525085 27.486146779892696 -4.666513149751083
  endloop
endfacet
facet normal -0.0 -0.25602006383442344 -0.9666714679322121
  outer loop
    vertex 4.1559377152525085 27.057148564047036 -4.552894247932661
    vertex 53.524829550895106 27.486146779892696 -4.666513149751083
    vertex 53.524829550895106 27.057148564047036 -4.552894247932661
  endloop
endfacet
facet normal -0.0 -0.49748937796391063 -0.8674700679637779
  outer loop
    vertex 53.524829550895106 27.057148564047036 -4.552894247932661
    vertex 4.1559377152525085 26.67217484360402 -4.332113907735785
    vertex 4.1559377152525085 27.057148564047036 -4.552894247932661
  endloop
endfacet
facet normal -0.0 -0.49748937796391063 -0.8674700679637779
  outer loop
    vertex 4.1559377152525085 26.67217484360402 -4.332113907735785
    vertex 53.524829550895106 27.057148564047036 -4.552894247932661
    vertex 53.524829550895106 26.67217484360402 -4.332113907735785
  endloop
endfacet
facet normal -0.0 -0.7050556131252262 -0.7091520164256824
  outer loop
    vertex 53.524829550895106 26.67217484360402 -4.332113907735785
    vertex 4.1559377152525085 26.357460941412683 -4.019217944488111
    vertex 4.1559377152525085 26.67217484360402 -4.332113907735785
  endloop
endfacet
facet normal -0.0 -0.7050556131252262 -0.7091520164256824
  outer loop
    vertex 4.1559377152525085 26.357460941412683 -4.019217944488111
    vertex 53.524829550895106 26.67217484360402 -4.332113907735785
    vertex 53.524829550895106 26.357460941412683 -4.019217944488111
  endloop
endfacet
facet normal -0.0 -0.8645734734115574 -0.5025064268972838
  outer loop
    vertex 53.524829550895106 26.13445408981806 -3.6355297009999377
    vertex 4.1559377152525085 26.357460941412683 -4.019217944488111
    vertex 53.524829550895106 26.357460941412683 -4.019217944488111
  endloop
endfacet
facet normal -0.0 -0.8645734734115574 -0.5025064268972838
  outer loop
    vertex 4.1559377152525085 26.357460941412683 -4.019217944488111
    vertex 53.524829550895106 26.13445408981806 -3.6355297009999377
    vertex 4.1559377152525085 26.13445408981806 -3.6355297009999377
  endloop
endfacet
facet normal 9.623578788014096e-06 -0.9641199913826165 -0.26546683808673815
  outer loop
    vertex 53.524829550895106 26.018351837220077 -3.2071968969901854
    vertex 4.1559377152525085 26.13445408981806 -3.6355297009999377
    vertex 53.524829550895106 26.13445408981806 -3.6355297009999377
  endloop
endfacet
facet normal 9.623578788014096e-06 -0.9641199913826165 -0.26546683808673815
  outer loop
    vertex 4.1559377152525085 26.13445408981806 -3.6355297009999377
    vertex 53.524829550895106 26.018351837220077 -3.2071968969901854
    vertex 37.05175000893029 26.014626385975788 -3.2073115480525134
  endloop
endfacet
facet normal 9.623578788014096e-06 -0.9641199913826165 -0.26546683808673815
  outer loop
    vertex 4.1559377152525085 26.13445408981806 -3.6355297009999377
    vertex 4.524829550895069 26.014626385975788 -3.2073115480525134
    vertex 4.1559377152525085 26.018351837220077 -3.2071968969901854
  endloop
endfacet
facet normal 9.623578788014096e-06 -0.9641199913826165 -0.26546683808673815
  outer loop
    vertex 4.524829550895069 26.014626385975788 -3.2073115480525134
    vertex 4.1559377152525085 26.13445408981806 -3.6355297009999377
    vertex 37.05175000893029 26.014626385975788 -3.2073115480525134
  endloop
endfacet
facet normal 3.9787270717934375e-05 -0.9995080897830346 -0.03136202919522959
  outer loop
    vertex 37.05175000893029 26.014626385975788 -3.2073115480525134
    vertex 4.524829550895069 26.014626385975788 -3.2073115480525134
    vertex 53.524829550895106 26.018351837220077 -3.2071968969901854
  endloop
endfacet
facet normal 3.9787270717934375e-05 -0.9995080897830346 -0.03136202919522959
  outer loop
    vertex 4.1559377152525085 26.018351837220077 -3.2071968969901854
    vertex 53.524829550895106 26.018351837220077 -3.2071968969901854
    vertex 4.524829550895069 26.014626385975788 -3.2073115480525134
  endloop
endfacet
facet normal 3.9787270717934375e-05 -0.9995080897830346 -0.03136202919522959
  outer loop
    vertex 53.524829550895106 26.018167288515862 -3.143484863193986
    vertex 53.524829550895106 26.018351837220077 -3.2071968969901854
    vertex 4.1559377152525085 26.018351837220077 -3.2071968969901854
  endloop
endfacet
facet normal 3.9787270717934375e-05 -0.9995080897830346 -0.03136202919522959
  outer loop
    vertex 37.05175000893029 26.008978992477154 -3.144974949056189
    vertex 53.524829550895106 26.018167288515862 -3.143484863193986
    vertex 4.1559377152525085 26.018351837220077 -3.2071968969901854
  endloop
endfacet
facet normal 3.9787270717934375e-05 -0.9995080897830346 -0.03136202919522959
  outer loop
    vertex 37.05175000893029 26.008978992477154 -3.144974949056189
    vertex 4.524829550895072 26.008978992477154 -3.144974949056189
    vertex 37.00709504912596 26.018196081108076 -3.143782113161345
  endloop
endfacet
facet normal 3.9787270717934375e-05 -0.9995080897830346 -0.03136202919522959
  outer loop
    vertex 4.1559377152525085 26.018167288515862 -3.143484863193986
    vertex 4.524829550895072 26.008978992477154 -3.144974949056189
    vertex 4.1559377152525085 26.018351837220077 -3.2071968969901854
  endloop
endfacet
facet normal 3.9787270717934375e-05 -0.9995080897830346 -0.03136202919522959
  outer loop
    vertex 37.05175000893029 26.008978992477154 -3.144974949056189
    vertex 4.1559377152525085 26.018351837220077 -3.2071968969901854
    vertex 4.524829550895072 26.008978992477154 -3.144974949056189
  endloop
endfacet
facet normal 1.0 4.782697054707469e-16 7.72746609868909e-15
  outer loop
    vertex 53.524829550895106 26.018351837220077 -3.2071968969901854
    vertex 53.52482955089507 29.36976442968159 -2.819136752758593
    vertex 53.524829550895106 26.018167288515862 -3.143484863193986
  endloop
endfacet
facet normal 1.0 4.782697054707469e-16 7.72746609868909e-15
  outer loop
    vertex 53.52482955089507 29.36976442968159 -2.819136752758593
    vertex 53.524829550895106 26.018351837220077 -3.2071968969901854
    vertex 53.524829550895106 26.13445408981806 -3.6355297009999377
  endloop
endfacet
facet normal 1.0 4.782697054707469e-16 7.72746609868909e-15
  outer loop
    vertex 53.52482955089507 29.36976442968159 -2.819136752758593
    vertex 53.524829550895106 26.13445408981806 -3.6355297009999377
    vertex 53.524829550895106 26.357460941412683 -4.019217944488111
  endloop
endfacet
facet normal 1.0 4.782697054707469e-16 7.72746609868909e-15
  outer loop
    vertex 53.52482955089507 29.36976442968159 -2.819136752758593
    vertex 53.524829550895106 26.357460941412683 -4.019217944488111
    vertex 53.524829550895106 26.67217484360402 -4.332113907735785
  endloop
endfacet
facet normal 1.0 4.782697054707469e-16 7.72746609868909e-15
  outer loop
    vertex 53.52482955089507 29.36976442968159 -2.819136752758593
    vertex 53.524829550895106 26.67217484360402 -4.332113907735785
    vertex 53.524829550895106 27.057148564047036 -4.552894247932661
  endloop
endfacet
facet normal 1.0 4.782697054707469e-16 7.72746609868909e-15
  outer loop
    vertex 53.52482955089507 29.36976442968159 -2.819136752758593
    vertex 53.524829550895106 27.057148564047036 -4.552894247932661
    vertex 53.524829550895106 27.486146779892696 -4.666513149751083
  endloop
endfacet
facet normal 1.0 4.782697054707469e-16 7.72746609868909e-15
  outer loop
    vertex 53.52482955089507 29.36976442968159 -2.819136752758593
    vertex 53.524829550895106 27.486146779892696 -4.666513149751083
    vertex 53.524829550895106 27.929933971684196 -4.665227672796239
  endloop
endfacet
facet normal 1.0 4.782697054707469e-16 7.72746609868909e-15
  outer loop
    vertex 53.52482955089507 29.36976442968159 -2.819136752758593
    vertex 53.524829550895106 27.929933971684196 -4.665227672796239
    vertex 53.524829550895106 28.35826677569395 -4.549125420198251
  endloop
endfacet
facet normal 1.0 4.782697054707469e-16 7.72746609868909e-15
  outer loop
    vertex 53.52482955089507 29.36976442968159 -2.819136752758593
    vertex 53.524829550895106 28.35826677569395 -4.549125420198251
    vertex 53.524829550895106 28.74195501918212 -4.326118568603627
  endloop
endfacet
facet normal 1.0 4.782697054707469e-16 7.72746609868909e-15
  outer loop
    vertex 53.52482955089507 29.36976442968159 -2.819136752758593
    vertex 53.524829550895106 28.74195501918212 -4.326118568603627
    vertex 53.524829550895106 29.054850982429794 -4.011404666412295
  endloop
endfacet
facet normal 1.0 4.782697054707469e-16 7.72746609868909e-15
  outer loop
    vertex 53.52482955089507 29.36976442968159 -2.819136752758593
    vertex 53.524829550895106 29.054850982429794 -4.011404666412295
    vertex 53.524829550895106 29.27563132262667 -3.6264309459692776
  endloop
endfacet
facet normal 1.0 4.782697054707469e-16 7.72746609868909e-15
  outer loop
    vertex 53.52482955089507 29.36976442968159 -2.819136752758593
    vertex 53.524829550895106 29.27563132262667 -3.6264309459692776
    vertex 53.524829550895106 29.389250224445092 -3.197432730123617
  endloop
endfacet
facet normal 1.0 4.782697054707469e-16 7.72746609868909e-15
  outer loop
    vertex 53.52482955089507 29.36976442968159 -2.819136752758593
    vertex 53.524829550895106 29.389250224445092 -3.197432730123617
    vertex 53.524829550895106 29.411114873321747 -2.936188032882338
  endloop
endfacet
facet normal 1.0 4.782697054707469e-16 7.72746609868909e-15
  outer loop
    vertex 53.52482955089507 29.36976442968159 -2.819136752758593
    vertex 53.524829550895106 29.411114873321747 -2.936188032882338
    vertex 53.52482955089507 32.75778873275025 -2.4912634331067878
  endloop
endfacet
facet normal 1.0 4.782697054707469e-16 7.72746609868909e-15
  outer loop
    vertex 53.52482955089507 32.75778873275025 -2.4912634331067878
    vertex 53.524829550895106 29.411114873321747 -2.936188032882338
    vertex 53.524829550895106 29.541546575801622 -3.3603770179319126
  endloop
endfacet
facet normal 1.0 4.782697054707469e-16 7.72746609868909e-15
  outer loop
    vertex 53.52482955089507 32.75778873275025 -2.4912634331067878
    vertex 53.524829550895106 29.541546575801622 -3.3603770179319126
    vertex 53.524829550895106 29.777322113847315 -3.736353905131708
  endloop
endfacet
facet normal 1.0 4.782697054707469e-16 7.72746609868909e-15
  outer loop
    vertex 53.52482955089507 32.75778873275025 -2.4912634331067878
    vertex 53.524829550895106 29.777322113847315 -3.736353905131708
    vertex 53.524829550895106 30.102373774178528 -4.03849649095024
  endloop
endfacet
facet normal 1.0 4.782697054707469e-16 7.72746609868909e-15
  outer loop
    vertex 53.52482955089507 32.75778873275025 -2.4912634331067878
    vertex 53.524829550895106 30.102373774178528 -4.03849649095024
    vertex 53.524829550895106 30.494549823316948 -4.246214257478208
  endloop
endfacet
facet normal 1.0 4.782697054707469e-16 7.72746609868909e-15
  outer loop
    vertex 53.52482955089507 32.75778873275025 -2.4912634331067878
    vertex 53.524829550895106 30.494549823316948 -4.246214257478208
    vertex 53.524829550895106 30.92712411161535 -4.345351582196575
  endloop
endfacet
facet normal 1.0 4.782697054707469e-16 7.72746609868909e-15
  outer loop
    vertex 53.52482955089507 32.75778873275025 -2.4912634331067878
    vertex 53.524829550895106 30.92712411161535 -4.345351582196575
    vertex 53.524829550895106 31.370617416189013 -4.329152420257954
  endloop
endfacet
facet normal 1.0 4.782697054707469e-16 7.72746609868909e-15
  outer loop
    vertex 53.52482955089507 32.75778873275025 -2.4912634331067878
    vertex 53.524829550895106 31.370617416189013 -4.329152420257954
    vertex 53.524829550895106 31.79480640123859 -4.198720717778082
  endloop
endfacet
facet normal 1.0 4.782697054707469e-16 7.72746609868909e-15
  outer loop
    vertex 53.52482955089507 32.75778873275025 -2.4912634331067878
    vertex 53.524829550895106 31.79480640123859 -4.198720717778082
    vertex 53.524829550895106 32.170783288438386 -3.962945179732384
  endloop
endfacet
facet normal 1.0 4.782697054707469e-16 7.72746609868909e-15
  outer loop
    vertex 53.52482955089507 32.75778873275025 -2.4912634331067878
    vertex 53.524829550895106 32.170783288438386 -3.962945179732384
    vertex 53.524829550895106 32.472925874256916 -3.6378935194011754
  endloop
endfacet
facet normal 1.0 4.782697054707469e-16 7.72746609868909e-15
  outer loop
    vertex 53.52482955089507 32.75778873275025 -2.4912634331067878
    vertex 53.524829550895106 32.472925874256916 -3.6378935194011754
    vertex 53.524829550895106 32.680643640784886 -3.2457174702627594
  endloop
endfacet
facet normal 1.0 4.782697054707469e-16 7.72746609868909e-15
  outer loop
    vertex 53.52482955089507 32.75778873275025 -2.4912634331067878
    vertex 53.524829550895106 32.680643640784886 -3.2457174702627594
    vertex 53.52482955089507 32.75797328145447 -2.554975466902986
  endloop
endfacet
facet normal 1.0 4.782697054707469e-16 7.72746609868909e-15
  outer loop
    vertex 53.52482955089507 32.75797328145447 -2.554975466902986
    vertex 53.524829550895106 32.680643640784886 -3.2457174702627594
    vertex 53.524829550895106 32.77978096550325 -2.8131431819643558
  endloop
endfacet
facet normal 1.0 4.782697054707469e-16 7.72746609868909e-15
  outer loop
    vertex 53.52482955089507 32.75797328145447 -2.554975466902986
    vertex 53.524829550895106 32.77978096550325 -2.8131431819643558
    vertex 53.524829550895106 32.77227880500166 -2.607752436140759
  endloop
endfacet
facet normal -6.935169463557485e-21 0.9651720802601057 0.26161585480696764
  outer loop
    vertex 4.456930715252509 32.75797328145447 -2.554975466902986
    vertex 53.524829550895106 32.77227880500166 -2.607752436140759
    vertex 4.456930715252509 32.77227880500166 -2.607752436140759
  endloop
endfacet
facet normal -6.935169463557485e-21 0.9651720802601057 0.26161585480696764
  outer loop
    vertex 53.524829550895106 32.77227880500166 -2.607752436140759
    vertex 4.456930715252509 32.75797328145447 -2.554975466902986
    vertex 53.52482955089507 32.75797328145447 -2.554975466902986
  endloop
endfacet
facet normal -6.846447579224815e-06 0.0962586031449107 -0.9953563589356914
  outer loop
    vertex 37.24428857015063 25.969113233734237 -3.14883292570873
    vertex 37.05175000893029 25.969113233734237 -3.148832925708731
    vertex 37.05175000893029 26.008978992477154 -3.144974949056189
  endloop
endfacet
facet normal -1.1389331872872257e-21 0.9999725329000704 0.007411710019809784
  outer loop
    vertex 4.524829550895069 26.014626385975788 -3.2073115480525134
    vertex 37.05175000893029 26.015809396606194 -3.36692088697367
    vertex 4.524829550895072 26.015809396606194 -3.36692088697367
  endloop
endfacet
facet normal -1.1389331872872257e-21 0.9999725329000704 0.007411710019809784
  outer loop
    vertex 37.05175000893029 26.015809396606194 -3.36692088697367
    vertex 4.524829550895069 26.014626385975788 -3.2073115480525134
    vertex 37.05175000893029 26.014626385975788 -3.2073115480525134
  endloop
endfacet
facet normal 1.6285391980625588e-05 0.10361816940183126 -0.9946171498142387
  outer loop
    vertex 53.524829550895106 26.018167288515862 -3.143484863193986
    vertex 37.24428857015063 25.969113233734237 -3.14883292570873
    vertex 37.05175000893029 26.008978992477154 -3.144974949056189
  endloop
endfacet
facet normal 1.6285391980625588e-05 0.10361816940183126 -0.9946171498142387
  outer loop
    vertex 37.24428857015063 25.969113233734237 -3.14883292570873
    vertex 53.524829550895106 26.018167288515862 -3.143484863193986
    vertex 53.52482955089507 25.969113233734237 -3.148832925708731
  endloop
endfacet
facet normal 1.0 0.0 0.0
  outer loop
    vertex 53.52482955089507 22.605002695805688 -3.696998954793075
    vertex 53.52482955089507 25.969113233734237 -3.148832925708731
    vertex 53.52482955089507 22.59817229167665 -3.4750530168755938
  endloop
endfacet
facet normal 1.0 0.0 0.0
  outer loop
    vertex 53.52482955089507 25.969113233734237 -3.148832925708731
    vertex 53.52482955089507 22.605002695805688 -3.696998954793075
    vertex 53.52482955089507 22.776202872803168 -4.110566583371971
  endloop
endfacet
facet normal 1.0 0.0 0.0
  outer loop
    vertex 53.52482955089507 25.969113233734237 -3.148832925708731
    vertex 53.52482955089507 22.776202872803168 -4.110566583371971
    vertex 53.52482955089507 23.034027101873654 -4.471780357961747
  endloop
endfacet
facet normal 1.0 0.0 0.0
  outer loop
    vertex 53.52482955089507 25.969113233734237 -3.148832925708731
    vertex 53.52482955089507 23.034027101873654 -4.471780357961747
    vertex 53.52482955089507 23.376555187593105 -4.753956250877056
  endloop
endfacet
facet normal 1.0 0.0 0.0
  outer loop
    vertex 53.52482955089507 25.969113233734237 -3.148832925708731
    vertex 53.52482955089507 23.376555187593105 -4.753956250877056
    vertex 53.52482955089507 23.780444406974176 -4.937864441333427
  endloop
endfacet
facet normal 1.0 0.0 0.0
  outer loop
    vertex 53.52482955089507 25.969113233734237 -3.148832925708731
    vertex 53.52482955089507 23.780444406974176 -4.937864441333427
    vertex 53.52482955089507 24.218170377174534 -5.010971890073913
  endloop
endfacet
facet normal 1.0 0.0 0.0
  outer loop
    vertex 53.52482955089507 25.969113233734237 -3.148832925708731
    vertex 53.52482955089507 24.218170377174534 -5.010971890073913
    vertex 53.52482955089507 24.659902796701388 -4.968296445282624
  endloop
endfacet
facet normal 1.0 0.0 0.0
  outer loop
    vertex 53.52482955089507 25.969113233734237 -3.148832925708731
    vertex 53.52482955089507 24.659902796701388 -4.968296445282624
    vertex 53.52482955089507 25.075538331161333 -4.812746367997576
  endloop
endfacet
facet normal 1.0 0.0 0.0
  outer loop
    vertex 53.52482955089507 25.969113233734237 -3.148832925708731
    vertex 53.52482955089507 25.075538331161333 -4.812746367997576
    vertex 53.52482955089507 25.43675210575111 -4.554922138927091
  endloop
endfacet
facet normal 1.0 0.0 0.0
  outer loop
    vertex 53.52482955089507 25.969113233734237 -3.148832925708731
    vertex 53.52482955089507 25.43675210575111 -4.554922138927091
    vertex 53.52482955089507 25.71892799866642 -4.212394053207635
  endloop
endfacet
facet normal 1.0 0.0 0.0
  outer loop
    vertex 53.52482955089507 25.969113233734237 -3.148832925708731
    vertex 53.52482955089507 25.71892799866642 -4.212394053207635
    vertex 53.52482955089507 25.902836189122784 -3.808504833826568
  endloop
endfacet
facet normal 1.0 0.0 0.0
  outer loop
    vertex 53.52482955089507 25.969113233734237 -3.148832925708731
    vertex 53.52482955089507 25.902836189122784 -3.808504833826568
    vertex 53.52482955089507 25.975943637863274 -3.370778863626212
  endloop
endfacet
facet normal -1.0 0.0 0.0
  outer loop
    vertex 37.05175000893029 23.52619053202891 -3.3850817465021477
    vertex 37.05175000893029 22.660518554261035 -3.6910730722594867
    vertex 37.05175000893029 22.639243301978794 -3.4708534890157208
  endloop
endfacet
facet normal -1.0 0.0 0.0
  outer loop
    vertex 37.05175000893029 22.660518554261035 -3.6910730722594867
    vertex 37.05175000893029 23.52619053202891 -3.3850817465021477
    vertex 37.05175000893029 22.816068631546088 -4.106708606719428
  endloop
endfacet
facet normal -1.0 0.0 0.0
  outer loop
    vertex 37.05175000893029 22.816068631546088 -4.106708606719428
    vertex 37.05175000893029 23.52619053202891 -3.3850817465021477
    vertex 37.05175000893029 23.073892860616574 -4.467922381309205
  endloop
endfacet
facet normal -1.0 0.0 0.0
  outer loop
    vertex 37.05175000893029 23.073892860616574 -4.467922381309205
    vertex 37.05175000893029 23.52619053202891 -3.3850817465021477
    vertex 37.05175000893029 23.416420946336025 -4.750098274224514
  endloop
endfacet
facet normal -1.0 0.0 0.0
  outer loop
    vertex 37.05175000893029 23.416420946336025 -4.750098274224514
    vertex 37.05175000893029 23.52619053202891 -3.3850817465021477
    vertex 37.05175000893029 23.780444406974176 -4.937864441333427
  endloop
endfacet
facet normal -1.0 0.0 0.0
  outer loop
    vertex 37.05175000893029 23.780444406974176 -4.937864441333427
    vertex 37.05175000893029 23.52619053202891 -3.3850817465021477
    vertex 37.05175000893029 24.40652706801421 -3.299943985640211
  endloop
endfacet
facet normal -1.0 0.0 0.0
  outer loop
    vertex 37.05175000893029 23.780444406974176 -4.937864441333427
    vertex 37.05175000893029 24.40652706801421 -3.299943985640211
    vertex 37.05175000893029 23.820310165717096 -4.934006464680884
  endloop
endfacet
facet normal -1.0 0.0 0.0
  outer loop
    vertex 37.05175000893029 23.820310165717096 -4.934006464680884
    vertex 37.05175000893029 24.40652706801421 -3.299943985640211
    vertex 37.05175000893029 24.218170377174534 -5.010971890073913
  endloop
endfacet
facet normal -1.0 0.0 0.0
  outer loop
    vertex 37.05175000893029 24.218170377174534 -5.010971890073913
    vertex 37.05175000893029 24.40652706801421 -3.299943985640211
    vertex 37.05175000893029 24.25803613591745 -5.007113913421371
  endloop
endfacet
facet normal -1.0 0.0 0.0
  outer loop
    vertex 37.05175000893029 24.25803613591745 -5.007113913421371
    vertex 37.05175000893029 24.40652706801421 -3.299943985640211
    vertex 37.05175000893029 24.659902796701388 -4.968296445282624
  endloop
endfacet
facet normal -1.0 0.0 0.0
  outer loop
    vertex 37.05175000893029 24.659902796701388 -4.968296445282624
    vertex 37.05175000893029 24.40652706801421 -3.299943985640211
    vertex 37.05175000893029 25.969113233734237 -3.148832925708731
  endloop
endfacet
facet normal -1.0 0.0 0.0
  outer loop
    vertex 37.05175000893029 24.659902796701388 -4.968296445282624
    vertex 37.05175000893029 25.969113233734237 -3.148832925708731
    vertex 37.05175000893029 24.699768555444304 -4.964438468630082
  endloop
endfacet
facet normal -1.0 0.0 0.0
  outer loop
    vertex 37.05175000893029 24.699768555444304 -4.964438468630082
    vertex 37.05175000893029 25.969113233734237 -3.148832925708731
    vertex 37.05175000893029 25.075538331161333 -4.812746367997576
  endloop
endfacet
facet normal -1.0 0.0 0.0
  outer loop
    vertex 37.05175000893029 25.075538331161333 -4.812746367997576
    vertex 37.05175000893029 25.969113233734237 -3.148832925708731
    vertex 37.05175000893029 25.11540408990425 -4.808888391345033
  endloop
endfacet
facet normal -1.0 0.0 0.0
  outer loop
    vertex 37.05175000893029 25.11540408990425 -4.808888391345033
    vertex 37.05175000893029 25.969113233734237 -3.148832925708731
    vertex 37.05175000893029 25.43675210575111 -4.554922138927091
  endloop
endfacet
facet normal -1.0 0.0 0.0
  outer loop
    vertex 37.05175000893029 25.43675210575111 -4.554922138927091
    vertex 37.05175000893029 25.969113233734237 -3.148832925708731
    vertex 37.05175000893029 25.71892799866642 -4.212394053207635
  endloop
endfacet
facet normal -1.0 0.0 0.0
  outer loop
    vertex 37.05175000893029 25.71892799866642 -4.212394053207635
    vertex 37.05175000893029 25.969113233734237 -3.148832925708731
    vertex 37.05175000893029 25.902836189122784 -3.808504833826568
  endloop
endfacet
facet normal -1.0 0.0 0.0
  outer loop
    vertex 37.05175000893029 25.902836189122784 -3.808504833826568
    vertex 37.05175000893029 25.969113233734237 -3.148832925708731
    vertex 37.05175000893029 25.975943637863274 -3.370778863626212
  endloop
endfacet
facet normal 5.645906346392463e-19 0.9995267833200264 0.030760517322066798
  outer loop
    vertex 37.05175000893029 25.969113233734237 -3.148832925708731
    vertex 53.52482955089507 25.975943637863274 -3.370778863626212
    vertex 37.05175000893029 25.975943637863274 -3.370778863626212
  endloop
endfacet
facet normal 5.645906346392463e-19 0.9995267833200264 0.030760517322066798
  outer loop
    vertex 53.52482955089507 25.975943637863274 -3.370778863626212
    vertex 37.05175000893029 25.969113233734237 -3.148832925708731
    vertex 53.52482955089507 25.969113233734237 -3.148832925708731
  endloop
endfacet
facet normal 5.645906346392463e-19 0.9995267833200264 0.030760517322066798
  outer loop
    vertex 53.52482955089507 25.969113233734237 -3.148832925708731
    vertex 37.05175000893029 25.969113233734237 -3.148832925708731
    vertex 37.24428857015063 25.969113233734237 -3.14883292570873
  endloop
endfacet
facet normal 4.399521478344472e-06 -0.09641291538886028 0.9953414236968463
  outer loop
    vertex 53.52482955089507 22.59817229167665 -3.4750530168755938
    vertex 37.05175000893029 22.639243301978794 -3.4708534890157208
    vertex 37.05175000893029 22.59817229167665 -3.4750530168755938
  endloop
endfacet
facet normal 4.399521478344472e-06 -0.09641291538886028 0.9953414236968463
  outer loop
    vertex 37.05175000893029 22.639243301978794 -3.4708534890157208
    vertex 53.52482955089507 22.59817229167665 -3.4750530168755938
    vertex 37.05175000893029 23.52619053202891 -3.3850817465021477
  endloop
endfacet
facet normal 4.399521478344472e-06 -0.09641291538886028 0.9953414236968463
  outer loop
    vertex 37.05175000893029 23.52619053202891 -3.3850817465021477
    vertex 53.52482955089507 22.59817229167665 -3.4750530168755938
    vertex 49.04272981498845 23.52619834851425 -3.385162516850664
  endloop
endfacet
facet normal -1.585812169038408e-20 -0.9995267833200264 -0.03076051732206674
  outer loop
    vertex 53.52482955089507 22.59817229167665 -3.4750530168755938
    vertex 37.05175000893029 22.605002695805688 -3.696998954793075
    vertex 53.52482955089507 22.605002695805688 -3.696998954793075
  endloop
endfacet
facet normal -1.585812169038408e-20 -0.9995267833200264 -0.03076051732206674
  outer loop
    vertex 37.05175000893029 22.605002695805688 -3.696998954793075
    vertex 53.52482955089507 22.59817229167665 -3.4750530168755938
    vertex 37.05175000893029 22.59817229167665 -3.4750530168755938
  endloop
endfacet
facet normal 0.0 -0.9239625620046171 -0.3824829198982151
  outer loop
    vertex 53.52482955089507 22.605002695805688 -3.696998954793075
    vertex 37.05175000893029 22.776202872803168 -4.110566583371971
    vertex 53.52482955089507 22.776202872803168 -4.110566583371971
  endloop
endfacet
facet normal 0.0 -0.9239625620046171 -0.3824829198982151
  outer loop
    vertex 37.05175000893029 22.776202872803168 -4.110566583371971
    vertex 53.52482955089507 22.605002695805688 -3.696998954793075
    vertex 37.05175000893029 22.605002695805688 -3.696998954793075
  endloop
endfacet
facet normal -0.0 -0.8139312398577805 -0.5809612179686149
  outer loop
    vertex 53.52482955089507 22.776202872803168 -4.110566583371971
    vertex 37.05175000893029 23.034027101873654 -4.471780357961747
    vertex 53.52482955089507 23.034027101873654 -4.471780357961747
  endloop
endfacet
facet normal -0.0 -0.8139312398577805 -0.5809612179686149
  outer loop
    vertex 37.05175000893029 23.034027101873654 -4.471780357961747
    vertex 53.52482955089507 22.776202872803168 -4.110566583371971
    vertex 37.05175000893029 22.776202872803168 -4.110566583371971
  endloop
endfacet
facet normal -0.0 -0.6358333777258849 -0.7718263507873336
  outer loop
    vertex 53.52482955089507 23.376555187593105 -4.753956250877056
    vertex 37.05175000893029 23.034027101873654 -4.471780357961747
    vertex 37.05175000893029 23.376555187593105 -4.753956250877056
  endloop
endfacet
facet normal -0.0 -0.6358333777258849 -0.7718263507873336
  outer loop
    vertex 37.05175000893029 23.034027101873654 -4.471780357961747
    vertex 53.52482955089507 23.376555187593105 -4.753956250877056
    vertex 53.52482955089507 23.034027101873654 -4.471780357961747
  endloop
endfacet
facet normal -0.00036421347367130715 -0.4242550278924321 -0.9055426763309047
  outer loop
    vertex 53.52482955089507 23.780444406974176 -4.937864441333427
    vertex 37.05175000893029 23.416420946336025 -4.750098274224514
    vertex 37.05175000893029 23.780444406974176 -4.937864441333427
  endloop
endfacet
facet normal -0.00036421347367130715 -0.4242550278924321 -0.9055426763309047
  outer loop
    vertex 37.05175000893029 23.416420946336025 -4.750098274224514
    vertex 53.52482955089507 23.780444406974176 -4.937864441333427
    vertex 37.05175000893029 23.376555187593105 -4.753956250877056
  endloop
endfacet
facet normal -0.00036421347367130715 -0.4242550278924321 -0.9055426763309047
  outer loop
    vertex 37.05175000893029 23.376555187593105 -4.753956250877056
    vertex 53.52482955089507 23.780444406974176 -4.937864441333427
    vertex 53.52482955089507 23.376555187593105 -4.753956250877056
  endloop
endfacet
facet normal -0.00018865345538532247 -0.17038086206050648 -0.9853782655677934
  outer loop
    vertex 53.52482955089507 24.218170377174534 -5.010971890073913
    vertex 37.05175000893029 23.820310165717096 -4.934006464680884
    vertex 37.05175000893029 24.218170377174534 -5.010971890073913
  endloop
endfacet
facet normal -0.00018865345538532247 -0.17038086206050648 -0.9853782655677934
  outer loop
    vertex 37.05175000893029 23.820310165717096 -4.934006464680884
    vertex 53.52482955089507 24.218170377174534 -5.010971890073913
    vertex 37.05175000893029 23.780444406974176 -4.937864441333427
  endloop
endfacet
facet normal -0.00018865345538532247 -0.17038086206050648 -0.9853782655677934
  outer loop
    vertex 37.05175000893029 23.780444406974176 -4.937864441333427
    vertex 53.52482955089507 24.218170377174534 -5.010971890073913
    vertex 53.52482955089507 23.780444406974176 -4.937864441333427
  endloop
endfacet
facet normal -1.1909744435488312e-07 0.0961579473784458 -0.9953660880077992
  outer loop
    vertex 53.52482955089507 24.659902796701388 -4.968296445282624
    vertex 37.05175000893029 24.25803613591745 -5.007113913421371
    vertex 37.05175000893029 24.659902796701388 -4.968296445282624
  endloop
endfacet
facet normal -1.1909744435488312e-07 0.0961579473784458 -0.9953660880077992
  outer loop
    vertex 37.05175000893029 24.25803613591745 -5.007113913421371
    vertex 53.52482955089507 24.659902796701388 -4.968296445282624
    vertex 37.05175000893029 24.218170377174534 -5.010971890073913
  endloop
endfacet
facet normal -1.1909744435488312e-07 0.0961579473784458 -0.9953660880077992
  outer loop
    vertex 37.05175000893029 24.218170377174534 -5.010971890073913
    vertex 53.52482955089507 24.659902796701388 -4.968296445282624
    vertex 53.52482955089507 24.218170377174534 -5.010971890073913
  endloop
endfacet
facet normal 0.00018864982441225896 0.35579913099344845 -0.9345624338670748
  outer loop
    vertex 53.52482955089507 25.075538331161333 -4.812746367997576
    vertex 37.05175000893029 24.699768555444304 -4.964438468630082
    vertex 37.05175000893029 25.075538331161333 -4.812746367997576
  endloop
endfacet
facet normal 0.00018864982441225896 0.35579913099344845 -0.9345624338670748
  outer loop
    vertex 37.05175000893029 24.699768555444304 -4.964438468630082
    vertex 53.52482955089507 25.075538331161333 -4.812746367997576
    vertex 37.05175000893029 24.659902796701388 -4.968296445282624
  endloop
endfacet
facet normal 0.00018864982441225896 0.35579913099344845 -0.9345624338670748
  outer loop
    vertex 37.05175000893029 24.659902796701388 -4.968296445282624
    vertex 53.52482955089507 25.075538331161333 -4.812746367997576
    vertex 53.52482955089507 24.659902796701388 -4.968296445282624
  endloop
endfacet
facet normal 0.00036508566238834623 0.5895242098620213 -0.80775062531639
  outer loop
    vertex 53.52482955089507 25.43675210575111 -4.554922138927091
    vertex 37.05175000893029 25.11540408990425 -4.808888391345033
    vertex 37.05175000893029 25.43675210575111 -4.554922138927091
  endloop
endfacet
facet normal 0.00036508566238834623 0.5895242098620213 -0.80775062531639
  outer loop
    vertex 37.05175000893029 25.11540408990425 -4.808888391345033
    vertex 53.52482955089507 25.43675210575111 -4.554922138927091
    vertex 37.05175000893029 25.075538331161333 -4.812746367997576
  endloop
endfacet
facet normal 0.00036508566238834623 0.5895242098620213 -0.80775062531639
  outer loop
    vertex 37.05175000893029 25.075538331161333 -4.812746367997576
    vertex 53.52482955089507 25.43675210575111 -4.554922138927091
    vertex 53.52482955089507 25.075538331161333 -4.812746367997576
  endloop
endfacet
facet normal 0.0 0.7718263507873383 -0.6358333777258792
  outer loop
    vertex 37.05175000893029 25.71892799866642 -4.212394053207635
    vertex 53.52482955089507 25.43675210575111 -4.554922138927091
    vertex 37.05175000893029 25.43675210575111 -4.554922138927091
  endloop
endfacet
facet normal 0.0 0.7718263507873383 -0.6358333777258792
  outer loop
    vertex 53.52482955089507 25.43675210575111 -4.554922138927091
    vertex 37.05175000893029 25.71892799866642 -4.212394053207635
    vertex 53.52482955089507 25.71892799866642 -4.212394053207635
  endloop
endfacet
facet normal 0.0 0.9100927933032634 -0.4144045216662864
  outer loop
    vertex 37.05175000893029 25.902836189122784 -3.808504833826568
    vertex 53.52482955089507 25.71892799866642 -4.212394053207635
    vertex 37.05175000893029 25.71892799866642 -4.212394053207635
  endloop
endfacet
facet normal 0.0 0.9100927933032634 -0.4144045216662864
  outer loop
    vertex 53.52482955089507 25.71892799866642 -4.212394053207635
    vertex 37.05175000893029 25.902836189122784 -3.808504833826568
    vertex 53.52482955089507 25.902836189122784 -3.808504833826568
  endloop
endfacet
facet normal 0.0 0.9863379159550126 -0.1647346822910183
  outer loop
    vertex 37.05175000893029 25.975943637863274 -3.370778863626212
    vertex 53.52482955089507 25.902836189122784 -3.808504833826568
    vertex 37.05175000893029 25.902836189122784 -3.808504833826568
  endloop
endfacet
facet normal 0.0 0.9863379159550126 -0.1647346822910183
  outer loop
    vertex 53.52482955089507 25.902836189122784 -3.808504833826568
    vertex 37.05175000893029 25.975943637863274 -3.370778863626212
    vertex 53.52482955089507 25.975943637863274 -3.370778863626212
  endloop
endfacet
facet normal -1.0 0.0 0.0
  outer loop
    vertex 37.05175000893029 22.639243301978794 -3.4708534890157208
    vertex 37.05175000893029 22.605002695805688 -3.696998954793075
    vertex 37.05175000893029 22.59817229167665 -3.4750530168755938
  endloop
endfacet
facet normal -1.0 0.0 0.0
  outer loop
    vertex 37.05175000893029 22.605002695805688 -3.696998954793075
    vertex 37.05175000893029 22.639243301978794 -3.4708534890157208
    vertex 37.05175000893029 22.660518554261035 -3.6910730722594867
  endloop
endfacet
facet normal -1.0 0.0 0.0
  outer loop
    vertex 37.05175000893029 22.605002695805688 -3.696998954793075
    vertex 37.05175000893029 22.660518554261035 -3.6910730722594867
    vertex 37.05175000893029 22.776202872803168 -4.110566583371971
  endloop
endfacet
facet normal -1.0 0.0 0.0
  outer loop
    vertex 37.05175000893029 22.776202872803168 -4.110566583371971
    vertex 37.05175000893029 22.660518554261035 -3.6910730722594867
    vertex 37.05175000893029 22.816068631546088 -4.106708606719428
  endloop
endfacet
facet normal -1.0 0.0 0.0
  outer loop
    vertex 37.05175000893029 22.776202872803168 -4.110566583371971
    vertex 37.05175000893029 22.816068631546088 -4.106708606719428
    vertex 37.05175000893029 23.034027101873654 -4.471780357961747
  endloop
endfacet
facet normal -1.0 0.0 0.0
  outer loop
    vertex 37.05175000893029 23.034027101873654 -4.471780357961747
    vertex 37.05175000893029 22.816068631546088 -4.106708606719428
    vertex 37.05175000893029 23.073892860616574 -4.467922381309205
  endloop
endfacet
facet normal -1.0 0.0 0.0
  outer loop
    vertex 37.05175000893029 23.034027101873654 -4.471780357961747
    vertex 37.05175000893029 23.073892860616574 -4.467922381309205
    vertex 37.05175000893029 23.376555187593105 -4.753956250877056
  endloop
endfacet
facet normal -1.0 0.0 0.0
  outer loop
    vertex 37.05175000893029 23.376555187593105 -4.753956250877056
    vertex 37.05175000893029 23.073892860616574 -4.467922381309205
    vertex 37.05175000893029 23.416420946336025 -4.750098274224514
  endloop
endfacet
facet normal 1.0 0.0 0.0
  outer loop
    vertex 37.05175000893029 25.476617864494028 -4.551064162274549
    vertex 37.05175000893029 25.71892799866642 -4.212394053207635
    vertex 37.05175000893029 25.43675210575111 -4.554922138927091
  endloop
endfacet
facet normal 1.0 0.0 0.0
  outer loop
    vertex 37.05175000893029 25.71892799866642 -4.212394053207635
    vertex 37.05175000893029 25.476617864494028 -4.551064162274549
    vertex 37.05175000893029 25.758793757409336 -4.208536076555093
  endloop
endfacet
facet normal 1.0 0.0 0.0
  outer loop
    vertex 37.05175000893029 25.71892799866642 -4.212394053207635
    vertex 37.05175000893029 25.758793757409336 -4.208536076555093
    vertex 37.05175000893029 25.902836189122784 -3.808504833826568
  endloop
endfacet
facet normal 1.0 0.0 0.0
  outer loop
    vertex 37.05175000893029 25.902836189122784 -3.808504833826568
    vertex 37.05175000893029 25.758793757409336 -4.208536076555093
    vertex 37.05175000893029 25.942701947865704 -3.8046468571740255
  endloop
endfacet
facet normal 1.0 0.0 0.0
  outer loop
    vertex 37.05175000893029 25.902836189122784 -3.808504833826568
    vertex 37.05175000893029 25.942701947865704 -3.8046468571740255
    vertex 37.05175000893029 25.975943637863274 -3.370778863626212
  endloop
endfacet
facet normal 1.0 0.0 0.0
  outer loop
    vertex 37.05175000893029 25.975943637863274 -3.370778863626212
    vertex 37.05175000893029 25.942701947865704 -3.8046468571740255
    vertex 37.05175000893029 26.015809396606194 -3.36692088697367
  endloop
endfacet
facet normal 1.0 0.0 0.0
  outer loop
    vertex 37.05175000893029 25.975943637863274 -3.370778863626212
    vertex 37.05175000893029 26.015809396606194 -3.36692088697367
    vertex 37.05175000893029 26.008978992477154 -3.144974949056189
  endloop
endfacet
facet normal 1.0 0.0 0.0
  outer loop
    vertex 37.05175000893029 26.008978992477154 -3.144974949056189
    vertex 37.05175000893029 26.015809396606194 -3.36692088697367
    vertex 37.05175000893029 26.014626385975788 -3.2073115480525134
  endloop
endfacet
facet normal 1.0 0.0 0.0
  outer loop
    vertex 37.05175000893029 26.008978992477154 -3.144974949056189
    vertex 37.05175000893029 25.969113233734237 -3.148832925708731
    vertex 37.05175000893029 25.975943637863274 -3.370778863626212
  endloop
endfacet
facet normal -1.7858684264700533e-06 0.09639793616208302 -0.9953428745414827
  outer loop
    vertex 49.04272981498845 23.52619834851425 -3.385162516850664
    vertex 37.05175000893029 22.639243301978794 -3.4708534890157208
    vertex 37.05175000893029 23.52619053202891 -3.3850817465021477
  endloop
endfacet
facet normal -1.7858684264700533e-06 0.09639793616208302 -0.9953428745414827
  outer loop
    vertex 37.05175000893029 22.639243301978794 -3.4708534890157208
    vertex 49.04272981498845 23.52619834851425 -3.385162516850664
    vertex 37.05175000893029 22.59817229167665 -3.4750530168755938
  endloop
endfacet
facet normal -1.7858684264700533e-06 0.09639793616208302 -0.9953428745414827
  outer loop
    vertex 37.05175000893029 22.59817229167665 -3.4750530168755938
    vertex 49.04272981498845 23.52619834851425 -3.385162516850664
    vertex 53.52482955089507 22.59817229167665 -3.4750530168755938
  endloop
endfacet
facet normal -1.7858684264700533e-06 0.09639793616208302 -0.9953428745414827
  outer loop
    vertex 37.05175000893029 22.639243301978794 -3.4708534890157208
    vertex 4.524829550895072 22.59817229167665 -3.4750530168755938
    vertex 4.524829550895072 22.639243301978794 -3.4708534890157208
  endloop
endfacet
facet normal -1.7858684264700533e-06 0.09639793616208302 -0.9953428745414827
  outer loop
    vertex 4.524829550895072 22.59817229167665 -3.4750530168755938
    vertex 37.05175000893029 22.639243301978794 -3.4708534890157208
    vertex 37.05175000893029 22.59817229167665 -3.4750530168755938
  endloop
endfacet
endsolid Ножка-f1
