solid Ножка1209
facet normal 0.0 1.0 0.0
  outer loop
    vertex 3.524829550895098 44.59534987485362 6.654306999999989
    vertex 54.52482955089507 44.59534987485362 -1.345693000000011
    vertex 3.524829550895098 44.59534987485362 -1.345693000000011
  endloop
endfacet
facet normal 0.0 1.0 0.0
  outer loop
    vertex 54.52482955089507 44.59534987485362 -1.345693000000011
    vertex 3.524829550895098 44.59534987485362 6.654306999999989
    vertex 54.52482955089507 44.59534987485362 6.654306999999989
  endloop
endfacet
facet normal 0.0 -1.0 0.0
  outer loop
    vertex 54.52482955089507 13.595349874853603 6.654306999999989
    vertex 3.524829550895098 13.595349874853603 -4.345693000000011
    vertex 54.52482955089507 13.595349874853603 -4.345693000000011
  endloop
endfacet
facet normal 0.0 -1.0 0.0
  outer loop
    vertex 3.524829550895098 13.595349874853603 -4.345693000000011
    vertex 54.52482955089507 13.595349874853603 6.654306999999989
    vertex 3.524829550895098 13.595349874853603 6.654306999999989
  endloop
endfacet
facet normal 0.0 1.0 0.0
  outer loop
    vertex 9.524829550895095 18.595349874853603 10.65430699999999
    vertex 48.52482955089507 18.595349874853603 6.65430699999999
    vertex 9.524829550895095 18.595349874853603 6.65430699999999
  endloop
endfacet
facet normal 0.0 1.0 0.0
  outer loop
    vertex 48.52482955089507 18.595349874853603 6.65430699999999
    vertex 9.524829550895095 18.595349874853603 10.65430699999999
    vertex 48.52482955089507 18.595349874853603 10.65430699999999
  endloop
endfacet
facet normal 0.0 -1.0 0.0
  outer loop
    vertex 48.52482955089507 39.59534987485361 10.65430699999999
    vertex 9.524829550895097 39.59534987485361 6.65430699999999
    vertex 48.52482955089507 39.59534987485361 6.65430699999999
  endloop
endfacet
facet normal 0.0 -1.0 0.0
  outer loop
    vertex 9.524829550895097 39.59534987485361 6.65430699999999
    vertex 48.52482955089507 39.59534987485361 10.65430699999999
    vertex 9.524829550895097 39.59534987485361 10.65430699999999
  endloop
endfacet
facet normal -1.0 0.0 0.0
  outer loop
    vertex 48.52482955089507 39.59534987485361 10.65430699999999
    vertex 48.52482955089507 18.595349874853603 6.65430699999999
    vertex 48.52482955089507 18.595349874853603 10.65430699999999
  endloop
endfacet
facet normal -1.0 0.0 0.0
  outer loop
    vertex 48.52482955089507 18.595349874853603 6.65430699999999
    vertex 48.52482955089507 39.59534987485361 10.65430699999999
    vertex 48.52482955089507 39.59534987485361 6.65430699999999
  endloop
endfacet
facet normal 0.0 0.6246950475544243 0.7808688094430305
  outer loop
    vertex 9.524829550895097 39.59534987485361 10.65430699999999
    vertex 54.52482955089507 44.59534987485362 6.654306999999989
    vertex 3.524829550895098 44.59534987485362 6.654306999999989
  endloop
endfacet
facet normal 0.0 0.6246950475544243 0.7808688094430305
  outer loop
    vertex 54.52482955089507 44.59534987485362 6.654306999999989
    vertex 9.524829550895097 39.59534987485361 10.65430699999999
    vertex 48.52482955089507 39.59534987485361 10.65430699999999
  endloop
endfacet
facet normal -0.5547001962252294 1.2398410926557608e-17 0.8320502943378437
  outer loop
    vertex 9.524829550895095 18.595349874853603 10.65430699999999
    vertex 3.524829550895098 44.59534987485362 6.654306999999989
    vertex 3.524829550895098 13.595349874853603 6.654306999999989
  endloop
endfacet
facet normal -0.5547001962252294 1.2398410926557608e-17 0.8320502943378437
  outer loop
    vertex 3.524829550895098 44.59534987485362 6.654306999999989
    vertex 9.524829550895095 18.595349874853603 10.65430699999999
    vertex 9.524829550895097 39.59534987485361 10.65430699999999
  endloop
endfacet
facet normal 6.78449858022424e-19 -0.6246950475544244 0.7808688094430304
  outer loop
    vertex 54.52482955089507 13.595349874853603 6.654306999999989
    vertex 9.524829550895095 18.595349874853603 10.65430699999999
    vertex 3.524829550895098 13.595349874853603 6.654306999999989
  endloop
endfacet
facet normal 6.78449858022424e-19 -0.6246950475544244 0.7808688094430304
  outer loop
    vertex 9.524829550895095 18.595349874853603 10.65430699999999
    vertex 54.52482955089507 13.595349874853603 6.654306999999989
    vertex 48.52482955089507 18.595349874853603 10.65430699999999
  endloop
endfacet
facet normal 0.5547001962252293 -1.7712015609368028e-18 0.8320502943378437
  outer loop
    vertex 54.52482955089507 13.595349874853603 6.654306999999989
    vertex 48.52482955089507 39.59534987485361 10.65430699999999
    vertex 48.52482955089507 18.595349874853603 10.65430699999999
  endloop
endfacet
facet normal 0.5547001962252293 -1.7712015609368028e-18 0.8320502943378437
  outer loop
    vertex 48.52482955089507 39.59534987485361 10.65430699999999
    vertex 54.52482955089507 13.595349874853603 6.654306999999989
    vertex 54.52482955089507 44.59534987485362 6.654306999999989
  endloop
endfacet
facet normal 0.0 1.0 0.0
  outer loop
    vertex 9.524829550895095 18.595349874853603 6.65430699999999
    vertex 48.52482955089507 18.595349874853603 5.6543069999999895
    vertex 9.524829550895095 18.595349874853603 5.6543069999999895
  endloop
endfacet
facet normal 0.0 1.0 0.0
  outer loop
    vertex 48.52482955089507 18.595349874853603 5.6543069999999895
    vertex 9.524829550895095 18.595349874853603 6.65430699999999
    vertex 48.52482955089507 18.595349874853603 6.65430699999999
  endloop
endfacet
facet normal -1.0 0.0 0.0
  outer loop
    vertex 48.52482955089507 39.59534987485361 6.65430699999999
    vertex 48.52482955089507 18.595349874853603 5.6543069999999895
    vertex 48.52482955089507 18.595349874853603 6.65430699999999
  endloop
endfacet
facet normal -1.0 0.0 0.0
  outer loop
    vertex 48.52482955089507 18.595349874853603 5.6543069999999895
    vertex 48.52482955089507 39.59534987485361 6.65430699999999
    vertex 48.52482955089507 39.59534987485361 5.6543069999999895
  endloop
endfacet
facet normal -1.0 -2.5702667194324575e-16 6.879847156518546e-16
  outer loop
    vertex 3.524829550895098 44.59534987485362 6.654306999999989
    vertex 3.524829550895098 13.595349874853603 -4.345693000000011
    vertex 3.524829550895098 13.595349874853603 6.654306999999989
  endloop
endfacet
facet normal -1.0 -2.5702667194324575e-16 6.879847156518546e-16
  outer loop
    vertex 3.524829550895098 13.595349874853603 -4.345693000000011
    vertex 3.524829550895098 44.59534987485362 6.654306999999989
    vertex 3.524829550895072 42.88885760737528 -1.5108374129817856
  endloop
endfacet
facet normal -1.0 -2.5702667194324575e-16 6.879847156518546e-16
  outer loop
    vertex 3.524829550895072 42.88885760737528 -1.5108374129817856
    vertex 3.524829550895098 44.59534987485362 6.654306999999989
    vertex 3.524829550895098 44.59534987485362 -1.345693000000011
  endloop
endfacet
facet normal -0.9914448613738105 -0.13052619222005213 0.0
  outer loop
    vertex 38.52482955089506 20.095349874853603 38.15430699999999
    vertex 38.558903724606 19.836530829751084 5.654306999999975
    vertex 38.558903724606 19.836530829751084 38.15430699999999
  endloop
endfacet
facet normal -0.9914448613738105 -0.13052619222005213 0.0
  outer loop
    vertex 38.558903724606 19.836530829751084 5.654306999999975
    vertex 38.52482955089506 20.095349874853603 38.15430699999999
    vertex 38.52482955089506 20.095349874853603 5.654306999999975
  endloop
endfacet
facet normal 0.9914448613738077 -0.1305261922200734 0.0
  outer loop
    vertex 40.52482955089507 20.095349874853603 5.654306999999975
    vertex 40.490755377184136 19.836530829751084 38.15430699999999
    vertex 40.490755377184136 19.836530829751084 5.654306999999975
  endloop
endfacet
facet normal 0.9914448613738077 -0.1305261922200734 0.0
  outer loop
    vertex 40.490755377184136 19.836530829751084 38.15430699999999
    vertex 40.52482955089507 20.095349874853603 5.654306999999975
    vertex 40.52482955089507 20.095349874853603 38.15430699999999
  endloop
endfacet
facet normal 0.9238795325112916 -0.38268343236507835 0.0
  outer loop
    vertex 40.490755377184136 19.836530829751084 5.654306999999975
    vertex 40.390854954679504 19.5953498748536 38.15430699999999
    vertex 40.390854954679504 19.5953498748536 5.654306999999975
  endloop
endfacet
facet normal 0.9238795325112916 -0.38268343236507835 0.0
  outer loop
    vertex 40.390854954679504 19.5953498748536 38.15430699999999
    vertex 40.490755377184136 19.836530829751084 5.654306999999975
    vertex 40.490755377184136 19.836530829751084 38.15430699999999
  endloop
endfacet
facet normal 0.7933533402912372 -0.6087614290087179 0.0
  outer loop
    vertex 40.390854954679504 19.5953498748536 5.654306999999975
    vertex 40.23193633208162 19.388243093667054 38.15430699999999
    vertex 40.23193633208162 19.388243093667054 5.654306999999975
  endloop
endfacet
facet normal 0.7933533402912372 -0.6087614290087179 0.0
  outer loop
    vertex 40.23193633208162 19.388243093667054 38.15430699999999
    vertex 40.390854954679504 19.5953498748536 5.654306999999975
    vertex 40.390854954679504 19.5953498748536 38.15430699999999
  endloop
endfacet
facet normal 0.6087614290087128 -0.7933533402912413 0.0
  outer loop
    vertex 40.23193633208162 19.388243093667054 38.15430699999999
    vertex 40.02482955089507 19.229324471069162 5.654306999999975
    vertex 40.23193633208162 19.388243093667054 5.654306999999975
  endloop
endfacet
facet normal 0.6087614290087128 -0.7933533402912413 0.0
  outer loop
    vertex 40.02482955089507 19.229324471069162 5.654306999999975
    vertex 40.23193633208162 19.388243093667054 38.15430699999999
    vertex 40.02482955089507 19.229324471069162 38.15430699999999
  endloop
endfacet
facet normal 0.3826834323650951 -0.9238795325112845 0.0
  outer loop
    vertex 40.02482955089507 19.229324471069162 38.15430699999999
    vertex 39.78364859599759 19.129424048564534 5.654306999999975
    vertex 40.02482955089507 19.229324471069162 5.654306999999975
  endloop
endfacet
facet normal 0.3826834323650951 -0.9238795325112845 0.0
  outer loop
    vertex 39.78364859599759 19.129424048564534 5.654306999999975
    vertex 40.02482955089507 19.229324471069162 38.15430699999999
    vertex 39.78364859599759 19.129424048564534 38.15430699999999
  endloop
endfacet
facet normal 0.13052619222005077 -0.9914448613738106 0.0
  outer loop
    vertex 39.78364859599759 19.129424048564534 38.15430699999999
    vertex 39.52482955089507 19.095349874853603 5.654306999999975
    vertex 39.78364859599759 19.129424048564534 5.654306999999975
  endloop
endfacet
facet normal 0.13052619222005077 -0.9914448613738106 0.0
  outer loop
    vertex 39.52482955089507 19.095349874853603 5.654306999999975
    vertex 39.78364859599759 19.129424048564534 38.15430699999999
    vertex 39.52482955089507 19.095349874853603 38.15430699999999
  endloop
endfacet
facet normal -0.13052619222005077 -0.9914448613738106 -0.0
  outer loop
    vertex 39.52482955089507 19.095349874853603 38.15430699999999
    vertex 39.26601050579254 19.129424048564534 5.654306999999975
    vertex 39.52482955089507 19.095349874853603 5.654306999999975
  endloop
endfacet
facet normal -0.13052619222005077 -0.9914448613738106 -0.0
  outer loop
    vertex 39.26601050579254 19.129424048564534 5.654306999999975
    vertex 39.52482955089507 19.095349874853603 38.15430699999999
    vertex 39.26601050579254 19.129424048564534 38.15430699999999
  endloop
endfacet
facet normal -0.3826834323650951 -0.9238795325112845 -0.0
  outer loop
    vertex 39.26601050579254 19.129424048564534 38.15430699999999
    vertex 39.02482955089507 19.229324471069162 5.654306999999975
    vertex 39.26601050579254 19.129424048564534 5.654306999999975
  endloop
endfacet
facet normal -0.3826834323650951 -0.9238795325112845 -0.0
  outer loop
    vertex 39.02482955089507 19.229324471069162 5.654306999999975
    vertex 39.26601050579254 19.129424048564534 38.15430699999999
    vertex 39.02482955089507 19.229324471069162 38.15430699999999
  endloop
endfacet
facet normal -0.6087614290087128 -0.7933533402912413 -0.0
  outer loop
    vertex 39.02482955089507 19.229324471069162 38.15430699999999
    vertex 38.81772276970852 19.388243093667054 5.654306999999975
    vertex 39.02482955089507 19.229324471069162 5.654306999999975
  endloop
endfacet
facet normal -0.6087614290087128 -0.7933533402912413 -0.0
  outer loop
    vertex 38.81772276970852 19.388243093667054 5.654306999999975
    vertex 39.02482955089507 19.229324471069162 38.15430699999999
    vertex 38.81772276970852 19.388243093667054 38.15430699999999
  endloop
endfacet
facet normal -0.7933533402912413 -0.6087614290087128 -0.0
  outer loop
    vertex 38.65880414711063 19.595349874853603 38.15430699999999
    vertex 38.81772276970852 19.388243093667054 5.654306999999975
    vertex 38.81772276970852 19.388243093667054 38.15430699999999
  endloop
endfacet
facet normal -0.7933533402912413 -0.6087614290087128 -0.0
  outer loop
    vertex 38.81772276970852 19.388243093667054 5.654306999999975
    vertex 38.65880414711063 19.595349874853603 38.15430699999999
    vertex 38.65880414711063 19.595349874853603 5.654306999999975
  endloop
endfacet
facet normal -0.9238795325112824 -0.38268343236510055 -0.0
  outer loop
    vertex 38.558903724606 19.836530829751084 38.15430699999999
    vertex 38.65880414711063 19.595349874853603 5.654306999999975
    vertex 38.65880414711063 19.595349874853603 38.15430699999999
  endloop
endfacet
facet normal -0.9238795325112824 -0.38268343236510055 -0.0
  outer loop
    vertex 38.65880414711063 19.595349874853603 5.654306999999975
    vertex 38.558903724606 19.836530829751084 38.15430699999999
    vertex 38.558903724606 19.836530829751084 5.654306999999975
  endloop
endfacet
facet normal -0.9914448613738105 -0.13052619222005216 0.0
  outer loop
    vertex 17.524829550895095 20.095349874853603 38.15430699999999
    vertex 17.558903724606026 19.836530829751084 5.654306999999992
    vertex 17.558903724606026 19.836530829751084 38.15430699999999
  endloop
endfacet
facet normal -0.9914448613738105 -0.13052619222005216 0.0
  outer loop
    vertex 17.558903724606026 19.836530829751084 5.654306999999992
    vertex 17.524829550895095 20.095349874853603 38.15430699999999
    vertex 17.524829550895095 20.095349874853603 5.654306999999992
  endloop
endfacet
facet normal 0.9914448613738105 -0.13052619222005216 0.0
  outer loop
    vertex 19.524829550895095 20.095349874853603 5.654306999999992
    vertex 19.490755377184165 19.836530829751084 38.15430699999999
    vertex 19.490755377184165 19.836530829751084 5.654306999999992
  endloop
endfacet
facet normal 0.9914448613738105 -0.13052619222005216 0.0
  outer loop
    vertex 19.490755377184165 19.836530829751084 38.15430699999999
    vertex 19.524829550895095 20.095349874853603 5.654306999999992
    vertex 19.524829550895095 20.095349874853603 38.15430699999999
  endloop
endfacet
facet normal 0.9238795325112878 -0.38268343236508756 0.0
  outer loop
    vertex 19.490755377184165 19.836530829751084 5.654306999999992
    vertex 19.390854954679536 19.5953498748536 38.15430699999999
    vertex 19.390854954679536 19.5953498748536 5.654306999999992
  endloop
endfacet
facet normal 0.9238795325112878 -0.38268343236508756 0.0
  outer loop
    vertex 19.390854954679536 19.5953498748536 38.15430699999999
    vertex 19.490755377184165 19.836530829751084 5.654306999999992
    vertex 19.490755377184165 19.836530829751084 38.15430699999999
  endloop
endfacet
facet normal 0.7933533402912372 -0.6087614290087179 0.0
  outer loop
    vertex 19.390854954679536 19.5953498748536 5.654306999999992
    vertex 19.231936332081645 19.388243093667054 38.15430699999999
    vertex 19.231936332081645 19.388243093667054 5.654306999999992
  endloop
endfacet
facet normal 0.7933533402912372 -0.6087614290087179 0.0
  outer loop
    vertex 19.231936332081645 19.388243093667054 38.15430699999999
    vertex 19.390854954679536 19.5953498748536 5.654306999999992
    vertex 19.390854954679536 19.5953498748536 38.15430699999999
  endloop
endfacet
facet normal 0.6087614290087128 -0.7933533402912413 0.0
  outer loop
    vertex 19.231936332081645 19.388243093667054 38.15430699999999
    vertex 19.024829550895095 19.229324471069162 5.654306999999992
    vertex 19.231936332081645 19.388243093667054 5.654306999999992
  endloop
endfacet
facet normal 0.6087614290087128 -0.7933533402912413 0.0
  outer loop
    vertex 19.024829550895095 19.229324471069162 5.654306999999992
    vertex 19.231936332081645 19.388243093667054 38.15430699999999
    vertex 19.024829550895095 19.229324471069162 38.15430699999999
  endloop
endfacet
facet normal 0.3826834323650914 -0.9238795325112863 0.0
  outer loop
    vertex 19.024829550895095 19.229324471069162 38.15430699999999
    vertex 18.783648595997615 19.129424048564534 5.654306999999992
    vertex 19.024829550895095 19.229324471069162 5.654306999999992
  endloop
endfacet
facet normal 0.3826834323650914 -0.9238795325112863 0.0
  outer loop
    vertex 18.783648595997615 19.129424048564534 5.654306999999992
    vertex 19.024829550895095 19.229324471069162 38.15430699999999
    vertex 18.783648595997615 19.129424048564534 38.15430699999999
  endloop
endfacet
facet normal 0.13052619222005216 -0.9914448613738104 0.0
  outer loop
    vertex 18.783648595997615 19.129424048564534 38.15430699999999
    vertex 18.524829550895095 19.095349874853603 5.654306999999992
    vertex 18.783648595997615 19.129424048564534 5.654306999999992
  endloop
endfacet
facet normal 0.13052619222005216 -0.9914448613738104 0.0
  outer loop
    vertex 18.524829550895095 19.095349874853603 5.654306999999992
    vertex 18.783648595997615 19.129424048564534 38.15430699999999
    vertex 18.524829550895095 19.095349874853603 38.15430699999999
  endloop
endfacet
facet normal -0.13052619222005077 -0.9914448613738106 -0.0
  outer loop
    vertex 18.524829550895095 19.095349874853603 38.15430699999999
    vertex 18.266010505792572 19.129424048564534 5.654306999999992
    vertex 18.524829550895095 19.095349874853603 5.654306999999992
  endloop
endfacet
facet normal -0.13052619222005077 -0.9914448613738106 -0.0
  outer loop
    vertex 18.266010505792572 19.129424048564534 5.654306999999992
    vertex 18.524829550895095 19.095349874853603 38.15430699999999
    vertex 18.266010505792572 19.129424048564534 38.15430699999999
  endloop
endfacet
facet normal -0.3826834323650914 -0.9238795325112863 -0.0
  outer loop
    vertex 18.266010505792572 19.129424048564534 38.15430699999999
    vertex 18.024829550895095 19.229324471069162 5.654306999999992
    vertex 18.266010505792572 19.129424048564534 5.654306999999992
  endloop
endfacet
facet normal -0.3826834323650914 -0.9238795325112863 -0.0
  outer loop
    vertex 18.024829550895095 19.229324471069162 5.654306999999992
    vertex 18.266010505792572 19.129424048564534 38.15430699999999
    vertex 18.024829550895095 19.229324471069162 38.15430699999999
  endloop
endfacet
facet normal -0.6087614290087179 -0.7933533402912372 -0.0
  outer loop
    vertex 18.024829550895095 19.229324471069162 38.15430699999999
    vertex 17.817722769708546 19.388243093667054 5.654306999999992
    vertex 18.024829550895095 19.229324471069162 5.654306999999992
  endloop
endfacet
facet normal -0.6087614290087179 -0.7933533402912372 -0.0
  outer loop
    vertex 17.817722769708546 19.388243093667054 5.654306999999992
    vertex 18.024829550895095 19.229324471069162 38.15430699999999
    vertex 17.817722769708546 19.388243093667054 38.15430699999999
  endloop
endfacet
facet normal -0.7933533402912413 -0.6087614290087128 -0.0
  outer loop
    vertex 17.658804147110658 19.595349874853603 38.15430699999999
    vertex 17.817722769708546 19.388243093667054 5.654306999999992
    vertex 17.817722769708546 19.388243093667054 38.15430699999999
  endloop
endfacet
facet normal -0.7933533402912413 -0.6087614290087128 -0.0
  outer loop
    vertex 17.817722769708546 19.388243093667054 5.654306999999992
    vertex 17.658804147110658 19.595349874853603 38.15430699999999
    vertex 17.658804147110658 19.595349874853603 5.654306999999992
  endloop
endfacet
facet normal -0.9238795325112863 -0.3826834323650914 -0.0
  outer loop
    vertex 17.558903724606026 19.836530829751084 38.15430699999999
    vertex 17.658804147110658 19.595349874853603 5.654306999999992
    vertex 17.658804147110658 19.595349874853603 38.15430699999999
  endloop
endfacet
facet normal -0.9238795325112863 -0.3826834323650914 -0.0
  outer loop
    vertex 17.658804147110658 19.595349874853603 5.654306999999992
    vertex 17.558903724606026 19.836530829751084 38.15430699999999
    vertex 17.558903724606026 19.836530829751084 5.654306999999992
  endloop
endfacet
facet normal 0.13052619222005077 0.9914448613738105 0.0
  outer loop
    vertex 45.52482955089507 25.0953498748536 38.15430699999999
    vertex 45.78364859599759 25.061275701142666 5.654306999999986
    vertex 45.52482955089507 25.0953498748536 5.654306999999986
  endloop
endfacet
facet normal 0.13052619222005077 0.9914448613738105 0.0
  outer loop
    vertex 45.78364859599759 25.061275701142666 5.654306999999986
    vertex 45.52482955089507 25.0953498748536 38.15430699999999
    vertex 45.78364859599759 25.061275701142666 38.15430699999999
  endloop
endfacet
facet normal 0.3826834323650951 0.9238795325112845 0.0
  outer loop
    vertex 45.78364859599759 25.061275701142666 38.15430699999999
    vertex 46.02482955089507 24.961375278638037 5.654306999999986
    vertex 45.78364859599759 25.061275701142666 5.654306999999986
  endloop
endfacet
facet normal 0.3826834323650951 0.9238795325112845 0.0
  outer loop
    vertex 46.02482955089507 24.961375278638037 5.654306999999986
    vertex 45.78364859599759 25.061275701142666 38.15430699999999
    vertex 46.02482955089507 24.961375278638037 38.15430699999999
  endloop
endfacet
facet normal 0.6087614290087231 0.7933533402912333 0.0
  outer loop
    vertex 46.02482955089507 24.961375278638037 38.15430699999999
    vertex 46.23193633208161 24.802456656040146 5.654306999999986
    vertex 46.02482955089507 24.961375278638037 5.654306999999986
  endloop
endfacet
facet normal 0.6087614290087231 0.7933533402912333 0.0
  outer loop
    vertex 46.23193633208161 24.802456656040146 5.654306999999986
    vertex 46.02482955089507 24.961375278638037 38.15430699999999
    vertex 46.23193633208161 24.802456656040146 38.15430699999999
  endloop
endfacet
facet normal 0.7933533402912268 0.6087614290087315 0.0
  outer loop
    vertex 46.23193633208161 24.802456656040146 5.654306999999986
    vertex 46.390854954679504 24.5953498748536 38.15430699999999
    vertex 46.390854954679504 24.5953498748536 5.654306999999986
  endloop
endfacet
facet normal 0.7933533402912268 0.6087614290087315 0.0
  outer loop
    vertex 46.390854954679504 24.5953498748536 38.15430699999999
    vertex 46.23193633208161 24.802456656040146 5.654306999999986
    vertex 46.23193633208161 24.802456656040146 38.15430699999999
  endloop
endfacet
facet normal 0.92387953251129 0.38268343236508207 0.0
  outer loop
    vertex 46.390854954679504 24.5953498748536 5.654306999999986
    vertex 46.490755377184136 24.35416891995612 38.15430699999999
    vertex 46.490755377184136 24.35416891995612 5.654306999999986
  endloop
endfacet
facet normal 0.92387953251129 0.38268343236508207 0.0
  outer loop
    vertex 46.490755377184136 24.35416891995612 38.15430699999999
    vertex 46.390854954679504 24.5953498748536 5.654306999999986
    vertex 46.390854954679504 24.5953498748536 38.15430699999999
  endloop
endfacet
facet normal 0.9914448613738104 0.13052619222005216 0.0
  outer loop
    vertex 46.490755377184136 24.35416891995612 5.654306999999986
    vertex 46.52482955089507 24.0953498748536 38.15430699999999
    vertex 46.52482955089507 24.0953498748536 5.654306999999986
  endloop
endfacet
facet normal 0.9914448613738104 0.13052619222005216 0.0
  outer loop
    vertex 46.52482955089507 24.0953498748536 38.15430699999999
    vertex 46.490755377184136 24.35416891995612 5.654306999999986
    vertex 46.490755377184136 24.35416891995612 38.15430699999999
  endloop
endfacet
facet normal 0.9914448613738104 -0.13052619222005216 0.0
  outer loop
    vertex 46.52482955089507 24.0953498748536 5.654306999999986
    vertex 46.490755377184136 23.83653082975108 38.15430699999999
    vertex 46.490755377184136 23.83653082975108 5.654306999999986
  endloop
endfacet
facet normal 0.9914448613738104 -0.13052619222005216 0.0
  outer loop
    vertex 46.490755377184136 23.83653082975108 38.15430699999999
    vertex 46.52482955089507 24.0953498748536 5.654306999999986
    vertex 46.52482955089507 24.0953498748536 38.15430699999999
  endloop
endfacet
facet normal 0.92387953251129 -0.38268343236508207 0.0
  outer loop
    vertex 46.490755377184136 23.83653082975108 5.654306999999986
    vertex 46.390854954679504 23.595349874853603 38.15430699999999
    vertex 46.390854954679504 23.595349874853603 5.654306999999986
  endloop
endfacet
facet normal 0.92387953251129 -0.38268343236508207 0.0
  outer loop
    vertex 46.390854954679504 23.595349874853603 38.15430699999999
    vertex 46.490755377184136 23.83653082975108 5.654306999999986
    vertex 46.490755377184136 23.83653082975108 38.15430699999999
  endloop
endfacet
facet normal 0.7933533402912268 -0.6087614290087315 0.0
  outer loop
    vertex 46.390854954679504 23.595349874853603 5.654306999999986
    vertex 46.23193633208161 23.388243093667054 38.15430699999999
    vertex 46.23193633208161 23.388243093667054 5.654306999999986
  endloop
endfacet
facet normal 0.7933533402912268 -0.6087614290087315 0.0
  outer loop
    vertex 46.23193633208161 23.388243093667054 38.15430699999999
    vertex 46.390854954679504 23.595349874853603 5.654306999999986
    vertex 46.390854954679504 23.595349874853603 38.15430699999999
  endloop
endfacet
facet normal 0.6087614290087231 -0.7933533402912333 0.0
  outer loop
    vertex 46.23193633208161 23.388243093667054 38.15430699999999
    vertex 46.02482955089507 23.229324471069166 5.654306999999986
    vertex 46.23193633208161 23.388243093667054 5.654306999999986
  endloop
endfacet
facet normal 0.6087614290087231 -0.7933533402912333 0.0
  outer loop
    vertex 46.02482955089507 23.229324471069166 5.654306999999986
    vertex 46.23193633208161 23.388243093667054 38.15430699999999
    vertex 46.02482955089507 23.229324471069166 38.15430699999999
  endloop
endfacet
facet normal 0.38268343236508756 -0.9238795325112878 0.0
  outer loop
    vertex 46.02482955089507 23.229324471069166 38.15430699999999
    vertex 45.78364859599758 23.129424048564534 5.654306999999986
    vertex 46.02482955089507 23.229324471069166 5.654306999999986
  endloop
endfacet
facet normal 0.38268343236508756 -0.9238795325112878 0.0
  outer loop
    vertex 45.78364859599758 23.129424048564534 5.654306999999986
    vertex 46.02482955089507 23.229324471069166 38.15430699999999
    vertex 45.78364859599758 23.129424048564534 38.15430699999999
  endloop
endfacet
facet normal 0.13052619222005357 -0.9914448613738103 0.0
  outer loop
    vertex 45.78364859599758 23.129424048564534 38.15430699999999
    vertex 45.52482955089507 23.095349874853603 5.654306999999986
    vertex 45.78364859599758 23.129424048564534 5.654306999999986
  endloop
endfacet
facet normal 0.13052619222005357 -0.9914448613738103 0.0
  outer loop
    vertex 45.52482955089507 23.095349874853603 5.654306999999986
    vertex 45.78364859599758 23.129424048564534 38.15430699999999
    vertex 45.52482955089507 23.095349874853603 38.15430699999999
  endloop
endfacet
facet normal -0.06597473759845683 -0.9978212936186595 0.0
  outer loop
    vertex 45.58966105029471 33.09745364944458 38.15430699999999
    vertex 45.52482955089507 33.10174022980557 5.654306999999986
    vertex 45.58966105029471 33.09745364944458 5.654306999999986
  endloop
endfacet
facet normal -0.06597473759845683 -0.9978212936186595 0.0
  outer loop
    vertex 45.52482955089507 33.10174022980557 5.654306999999986
    vertex 45.58966105029471 33.09745364944458 38.15430699999999
    vertex 45.52482955089507 33.10174022980557 38.15430699999999
  endloop
endfacet
facet normal 0.0659747375984666 0.9978212936186588 0.0
  outer loop
    vertex 45.52482955089507 35.08895951990165 38.15430699999999
    vertex 45.720481679439686 35.07602323769975 5.654306999999986
    vertex 45.52482955089507 35.08895951990165 5.654306999999986
  endloop
endfacet
facet normal 0.0659747375984666 0.9978212936186588 0.0
  outer loop
    vertex 45.720481679439686 35.07602323769975 5.654306999999986
    vertex 45.52482955089507 35.08895951990165 38.15430699999999
    vertex 45.720481679439686 35.07602323769975 38.15430699999999
  endloop
endfacet
facet normal 0.3219818573263625 0.9467458389413002 0.0
  outer loop
    vertex 45.720481679439686 35.07602323769975 38.15430699999999
    vertex 45.96763193815406 34.99196910609825 5.654306999999986
    vertex 45.720481679439686 35.07602323769975 5.654306999999986
  endloop
endfacet
facet normal 0.3219818573263625 0.9467458389413002 0.0
  outer loop
    vertex 45.96763193815406 34.99196910609825 5.654306999999986
    vertex 45.720481679439686 35.07602323769975 38.15430699999999
    vertex 45.96763193815406 34.99196910609825 38.15430699999999
  endloop
endfacet
facet normal 0.5560464455776091 0.8311512199115797 0.0
  outer loop
    vertex 45.96763193815406 34.99196910609825 38.15430699999999
    vertex 46.18460594594228 34.84681185562077 5.654306999999986
    vertex 45.96763193815406 34.99196910609825 5.654306999999986
  endloop
endfacet
facet normal 0.5560464455776091 0.8311512199115797 0.0
  outer loop
    vertex 46.18460594594228 34.84681185562077 5.654306999999986
    vertex 45.96763193815406 34.99196910609825 38.15430699999999
    vertex 46.18460594594228 34.84681185562077 38.15430699999999
  endloop
endfacet
facet normal 0.7522173874729701 0.6589150187872029 0.0
  outer loop
    vertex 46.18460594594228 34.84681185562077 5.654306999999986
    vertex 46.356617282740075 34.650443713003654 38.15430699999999
    vertex 46.356617282740075 34.650443713003654 5.654306999999986
  endloop
endfacet
facet normal 0.7522173874729701 0.6589150187872029 0.0
  outer loop
    vertex 46.356617282740075 34.650443713003654 38.15430699999999
    vertex 46.18460594594228 34.84681185562077 5.654306999999986
    vertex 46.18460594594228 34.84681185562077 38.15430699999999
  endloop
endfacet
facet normal 0.8971259575100421 0.4417748480410475 0.0
  outer loop
    vertex 46.356617282740075 34.650443713003654 5.654306999999986
    vertex 46.471943660206854 34.41624684265254 38.15430699999999
    vertex 46.471943660206854 34.41624684265254 5.654306999999986
  endloop
endfacet
facet normal 0.8971259575100421 0.4417748480410475 0.0
  outer loop
    vertex 46.471943660206854 34.41624684265254 38.15430699999999
    vertex 46.356617282740075 34.650443713003654 5.654306999999986
    vertex 46.356617282740075 34.650443713003654 38.15430699999999
  endloop
endfacet
facet normal 0.9808968761135574 0.1945284514683252 0.0
  outer loop
    vertex 46.471943660206854 34.41624684265254 5.654306999999986
    vertex 46.5227257763041 34.16018137425325 38.15430699999999
    vertex 46.5227257763041 34.16018137425325 5.654306999999986
  endloop
endfacet
facet normal 0.9808968761135574 0.1945284514683252 0.0
  outer loop
    vertex 46.5227257763041 34.16018137425325 38.15430699999999
    vertex 46.471943660206854 34.41624684265254 5.654306999999986
    vertex 46.471943660206854 34.41624684265254 38.15430699999999
  endloop
endfacet
facet normal 0.997821293618659 -0.06597473759846419 0.0
  outer loop
    vertex 46.5227257763041 34.16018137425325 5.654306999999986
    vertex 46.50550291374121 33.89969774630899 38.15430699999999
    vertex 46.50550291374121 33.89969774630899 5.654306999999986
  endloop
endfacet
facet normal 0.997821293618659 -0.06597473759846419 0.0
  outer loop
    vertex 46.50550291374121 33.89969774630899 38.15430699999999
    vertex 46.5227257763041 34.16018137425325 5.654306999999986
    vertex 46.5227257763041 34.16018137425325 38.15430699999999
  endloop
endfacet
facet normal 0.9467458389413002 -0.3219818573263625 0.0
  outer loop
    vertex 46.50550291374121 33.89969774630899 5.654306999999986
    vertex 46.42144878213971 33.65254748759462 38.15430699999999
    vertex 46.42144878213971 33.65254748759462 5.654306999999986
  endloop
endfacet
facet normal 0.9467458389413002 -0.3219818573263625 0.0
  outer loop
    vertex 46.42144878213971 33.65254748759462 38.15430699999999
    vertex 46.50550291374121 33.89969774630899 5.654306999999986
    vertex 46.50550291374121 33.89969774630899 38.15430699999999
  endloop
endfacet
facet normal 0.8311512199115797 -0.5560464455776091 0.0
  outer loop
    vertex 46.42144878213971 33.65254748759462 5.654306999999986
    vertex 46.27629153166223 33.4355734798064 38.15430699999999
    vertex 46.27629153166223 33.4355734798064 5.654306999999986
  endloop
endfacet
facet normal 0.8311512199115797 -0.5560464455776091 0.0
  outer loop
    vertex 46.27629153166223 33.4355734798064 38.15430699999999
    vertex 46.42144878213971 33.65254748759462 5.654306999999986
    vertex 46.42144878213971 33.65254748759462 38.15430699999999
  endloop
endfacet
facet normal 0.6589150187872029 -0.7522173874729701 0.0
  outer loop
    vertex 46.27629153166223 33.4355734798064 38.15430699999999
    vertex 46.079923389045106 33.263562143008606 5.654306999999986
    vertex 46.27629153166223 33.4355734798064 5.654306999999986
  endloop
endfacet
facet normal 0.6589150187872029 -0.7522173874729701 0.0
  outer loop
    vertex 46.079923389045106 33.263562143008606 5.654306999999986
    vertex 46.27629153166223 33.4355734798064 38.15430699999999
    vertex 46.079923389045106 33.263562143008606 38.15430699999999
  endloop
endfacet
facet normal 0.4417748480410475 -0.8971259575100421 0.0
  outer loop
    vertex 46.079923389045106 33.263562143008606 38.15430699999999
    vertex 45.845726518694 33.14823576554183 5.654306999999986
    vertex 46.079923389045106 33.263562143008606 5.654306999999986
  endloop
endfacet
facet normal 0.4417748480410475 -0.8971259575100421 0.0
  outer loop
    vertex 45.845726518694 33.14823576554183 5.654306999999986
    vertex 46.079923389045106 33.263562143008606 38.15430699999999
    vertex 45.845726518694 33.14823576554183 38.15430699999999
  endloop
endfacet
facet normal 0.1945284514683252 -0.9808968761135574 0.0
  outer loop
    vertex 45.845726518694 33.14823576554183 38.15430699999999
    vertex 45.58966105029471 33.09745364944458 5.654306999999986
    vertex 45.845726518694 33.14823576554183 5.654306999999986
  endloop
endfacet
facet normal 0.1945284514683252 -0.9808968761135574 0.0
  outer loop
    vertex 45.58966105029471 33.09745364944458 5.654306999999986
    vertex 45.845726518694 33.14823576554183 38.15430699999999
    vertex 45.58966105029471 33.09745364944458 38.15430699999999
  endloop
endfacet
facet normal -0.9998193324325998 -0.019007958702360786 0.0
  outer loop
    vertex 38.53108277498128 38.20700714224336 38.15430699999999
    vertex 38.53320553522257 38.09534987485361 5.654306999999986
    vertex 38.53320553522257 38.09534987485361 38.15430699999999
  endloop
endfacet
facet normal -0.9998193324325998 -0.019007958702360786 0.0
  outer loop
    vertex 38.53320553522257 38.09534987485361 5.654306999999986
    vertex 38.53108277498128 38.20700714224336 38.15430699999999
    vertex 38.53108277498128 38.20700714224336 5.654306999999986
  endloop
endfacet
facet normal -0.9706709365404396 0.24041200667958762 0.0
  outer loop
    vertex 38.59384290257301 38.46040310473395 38.15430699999999
    vertex 38.53108277498128 38.20700714224336 5.654306999999986
    vertex 38.53108277498128 38.20700714224336 38.15430699999999
  endloop
endfacet
facet normal -0.9706709365404396 0.24041200667958762 0.0
  outer loop
    vertex 38.53108277498128 38.20700714224336 5.654306999999986
    vertex 38.59384290257301 38.46040310473395 38.15430699999999
    vertex 38.59384290257301 38.46040310473395 5.654306999999986
  endloop
endfacet
facet normal -0.8753729204326139 0.48344829110596355 0.0
  outer loop
    vertex 38.720048231719716 38.68892129288718 38.15430699999999
    vertex 38.59384290257301 38.46040310473395 5.654306999999986
    vertex 38.59384290257301 38.46040310473395 38.15430699999999
  endloop
endfacet
facet normal -0.8753729204326139 0.48344829110596355 0.0
  outer loop
    vertex 38.59384290257301 38.46040310473395 5.654306999999986
    vertex 38.720048231719716 38.68892129288718 38.15430699999999
    vertex 38.720048231719716 38.68892129288718 5.654306999999986
  endloop
endfacet
facet normal -0.7204196864194569 0.6935383734295395 0.0
  outer loop
    vertex 38.901098077804214 38.876988569824576 38.15430699999999
    vertex 38.720048231719716 38.68892129288718 5.654306999999986
    vertex 38.720048231719716 38.68892129288718 38.15430699999999
  endloop
endfacet
facet normal -0.7204196864194569 0.6935383734295395 0.0
  outer loop
    vertex 38.720048231719716 38.68892129288718 5.654306999999986
    vertex 38.901098077804214 38.876988569824576 38.15430699999999
    vertex 38.901098077804214 38.876988569824576 5.654306999999986
  endloop
endfacet
facet normal -0.5163710413266321 0.8563649617302482 0.0
  outer loop
    vertex 38.901098077804214 38.876988569824576 38.15430699999999
    vertex 39.12465419301485 39.01178846141871 5.654306999999986
    vertex 38.901098077804214 38.876988569824576 5.654306999999986
  endloop
endfacet
facet normal -0.5163710413266321 0.8563649617302482 0.0
  outer loop
    vertex 39.12465419301485 39.01178846141871 5.654306999999986
    vertex 38.901098077804214 38.876988569824576 38.15430699999999
    vertex 39.12465419301485 39.01178846141871 38.15430699999999
  endloop
endfacet
facet normal -0.27713256311090334 0.960831693099047 0.0
  outer loop
    vertex 39.12465419301485 39.01178846141871 38.15430699999999
    vertex 39.37548159754398 39.08413457782481 5.654306999999986
    vertex 39.12465419301485 39.01178846141871 5.654306999999986
  endloop
endfacet
facet normal -0.27713256311090334 0.960831693099047 0.0
  outer loop
    vertex 39.37548159754398 39.08413457782481 5.654306999999986
    vertex 39.12465419301485 39.01178846141871 38.15430699999999
    vertex 39.37548159754398 39.08413457782481 38.15430699999999
  endloop
endfacet
facet normal -0.019007958702364193 0.9998193324325998 0.0
  outer loop
    vertex 39.37548159754398 39.08413457782481 38.15430699999999
    vertex 39.63648681828482 39.0890966507674 5.654306999999986
    vertex 39.37548159754398 39.08413457782481 5.654306999999986
  endloop
endfacet
facet normal -0.019007958702364193 0.9998193324325998 0.0
  outer loop
    vertex 39.63648681828482 39.0890966507674 5.654306999999986
    vertex 39.37548159754398 39.08413457782481 38.15430699999999
    vertex 39.63648681828482 39.0890966507674 38.15430699999999
  endloop
endfacet
facet normal 0.24041200667958762 0.9706709365404396 0.0
  outer loop
    vertex 39.63648681828482 39.0890966507674 38.15430699999999
    vertex 39.88988278077541 39.026336523175665 5.654306999999986
    vertex 39.63648681828482 39.0890966507674 5.654306999999986
  endloop
endfacet
facet normal 0.24041200667958762 0.9706709365404396 0.0
  outer loop
    vertex 39.88988278077541 39.026336523175665 5.654306999999986
    vertex 39.63648681828482 39.0890966507674 38.15430699999999
    vertex 39.88988278077541 39.026336523175665 38.15430699999999
  endloop
endfacet
facet normal 0.48344829110596355 0.8753729204326139 0.0
  outer loop
    vertex 39.88988278077541 39.026336523175665 38.15430699999999
    vertex 40.11840096892864 38.90013119402896 5.654306999999986
    vertex 39.88988278077541 39.026336523175665 5.654306999999986
  endloop
endfacet
facet normal 0.48344829110596355 0.8753729204326139 0.0
  outer loop
    vertex 40.11840096892864 38.90013119402896 5.654306999999986
    vertex 39.88988278077541 39.026336523175665 38.15430699999999
    vertex 40.11840096892864 38.90013119402896 38.15430699999999
  endloop
endfacet
facet normal 0.6935383734295395 0.7204196864194569 0.0
  outer loop
    vertex 40.11840096892864 38.90013119402896 38.15430699999999
    vertex 40.306468245866036 38.71908134794447 5.654306999999986
    vertex 40.11840096892864 38.90013119402896 5.654306999999986
  endloop
endfacet
facet normal 0.6935383734295395 0.7204196864194569 0.0
  outer loop
    vertex 40.306468245866036 38.71908134794447 5.654306999999986
    vertex 40.11840096892864 38.90013119402896 38.15430699999999
    vertex 40.306468245866036 38.71908134794447 38.15430699999999
  endloop
endfacet
facet normal 0.8563649617302482 0.5163710413266321 0.0
  outer loop
    vertex 40.306468245866036 38.71908134794447 5.654306999999986
    vertex 40.44126813746017 38.495525232733826 38.15430699999999
    vertex 40.44126813746017 38.495525232733826 5.654306999999986
  endloop
endfacet
facet normal 0.8563649617302482 0.5163710413266321 0.0
  outer loop
    vertex 40.44126813746017 38.495525232733826 38.15430699999999
    vertex 40.306468245866036 38.71908134794447 5.654306999999986
    vertex 40.306468245866036 38.71908134794447 38.15430699999999
  endloop
endfacet
facet normal 0.960831693099047 0.27713256311090334 0.0
  outer loop
    vertex 40.44126813746017 38.495525232733826 5.654306999999986
    vertex 40.51361425386627 38.2446978282047 38.15430699999999
    vertex 40.51361425386627 38.2446978282047 5.654306999999986
  endloop
endfacet
facet normal 0.960831693099047 0.27713256311090334 0.0
  outer loop
    vertex 40.51361425386627 38.2446978282047 38.15430699999999
    vertex 40.44126813746017 38.495525232733826 5.654306999999986
    vertex 40.44126813746017 38.495525232733826 38.15430699999999
  endloop
endfacet
facet normal -0.9999999706200899 -0.0002424042479869904 0.0
  outer loop
    vertex 28.033353078546376 38.22563573279277 38.15430699999999
    vertex 28.03338466039272 38.09534987485361 5.654306999999986
    vertex 28.03338466039272 38.09534987485361 38.15430699999999
  endloop
endfacet
facet normal -0.9999999706200899 -0.0002424042479869904 0.0
  outer loop
    vertex 28.03338466039272 38.09534987485361 5.654306999999986
    vertex 28.033353078546376 38.22563573279277 38.15430699999999
    vertex 28.033353078546376 38.22563573279277 5.654306999999986
  endloop
endfacet
facet normal -0.9659885367462484 0.2585848929749031 0.0
  outer loop
    vertex 28.100857281437662 38.477809343652176 38.15430699999999
    vertex 28.033353078546376 38.22563573279277 5.654306999999986
    vertex 28.033353078546376 38.22563573279277 38.15430699999999
  endloop
endfacet
facet normal -0.9659885367462484 0.2585848929749031 0.0
  outer loop
    vertex 28.033353078546376 38.22563573279277 5.654306999999986
    vertex 28.100857281437662 38.477809343652176 38.15430699999999
    vertex 28.100857281437662 38.477809343652176 5.654306999999986
  endloop
endfacet
facet normal -0.8661465804646873 0.4997900570732966 0.0
  outer loop
    vertex 28.231328667556102 38.703918973757126 38.15430699999999
    vertex 28.100857281437662 38.477809343652176 5.654306999999986
    vertex 28.100857281437662 38.477809343652176 38.15430699999999
  endloop
endfacet
facet normal -0.8661465804646873 0.4997900570732966 0.0
  outer loop
    vertex 28.100857281437662 38.477809343652176 5.654306999999986
    vertex 28.231328667556102 38.703918973757126 38.15430699999999
    vertex 28.231328667556102 38.703918973757126 5.654306999999986
  endloop
endfacet
facet normal -0.707278166099355 0.7069353547242727 0.0
  outer loop
    vertex 28.415875827551883 38.88855562547978 38.15430699999999
    vertex 28.231328667556102 38.703918973757126 5.654306999999986
    vertex 28.231328667556102 38.703918973757126 38.15430699999999
  endloop
endfacet
facet normal -0.707278166099355 0.7069353547242727 0.0
  outer loop
    vertex 28.231328667556102 38.703918973757126 5.654306999999986
    vertex 28.415875827551883 38.88855562547978 38.15430699999999
    vertex 28.415875827551883 38.88855562547978 5.654306999999986
  endloop
endfacet
facet normal -0.5002099135467966 0.8659041762166912 0.0
  outer loop
    vertex 28.415875827551883 38.88855562547978 38.15430699999999
    vertex 28.641922177449892 39.01913661613175 5.654306999999986
    vertex 28.415875827551883 38.88855562547978 5.654306999999986
  endloop
endfacet
facet normal -0.5002099135467966 0.8659041762166912 0.0
  outer loop
    vertex 28.641922177449892 39.01913661613175 5.654306999999986
    vertex 28.415875827551883 38.88855562547978 38.15430699999999
    vertex 28.641922177449892 39.01913661613175 38.15430699999999
  endloop
endfacet
facet normal -0.25905318202198574 0.9658630590742583 0.0
  outer loop
    vertex 28.641922177449892 39.01913661613175 38.15430699999999
    vertex 28.89406303206384 39.08676306699539 5.654306999999986
    vertex 28.641922177449892 39.01913661613175 5.654306999999986
  endloop
endfacet
facet normal -0.25905318202198574 0.9658630590742583 0.0
  outer loop
    vertex 28.89406303206384 39.08676306699539 5.654306999999986
    vertex 28.641922177449892 39.01913661613175 38.15430699999999
    vertex 28.89406303206384 39.08676306699539 38.15430699999999
  endloop
endfacet
facet normal -0.00024240424799323445 0.9999999706200898 0.0
  outer loop
    vertex 28.89406303206384 39.08676306699539 38.15430699999999
    vertex 29.15511540883425 39.086826347202326 5.654306999999986
    vertex 28.89406303206384 39.08676306699539 5.654306999999986
  endloop
endfacet
facet normal -0.00024240424799323445 0.9999999706200898 0.0
  outer loop
    vertex 29.15511540883425 39.086826347202326 5.654306999999986
    vertex 28.89406303206384 39.08676306699539 38.15430699999999
    vertex 29.15511540883425 39.086826347202326 38.15430699999999
  endloop
endfacet
facet normal 0.2585848929749031 0.9659885367462484 0.0
  outer loop
    vertex 29.15511540883425 39.086826347202326 38.15430699999999
    vertex 29.407289019693664 39.01932214431104 5.654306999999986
    vertex 29.15511540883425 39.086826347202326 5.654306999999986
  endloop
endfacet
facet normal 0.2585848929749031 0.9659885367462484 0.0
  outer loop
    vertex 29.407289019693664 39.01932214431104 5.654306999999986
    vertex 29.15511540883425 39.086826347202326 38.15430699999999
    vertex 29.407289019693664 39.01932214431104 38.15430699999999
  endloop
endfacet
facet normal 0.4997900570732966 0.8661465804646873 0.0
  outer loop
    vertex 29.407289019693664 39.01932214431104 38.15430699999999
    vertex 29.63339864979861 38.888850758192596 5.654306999999986
    vertex 29.407289019693664 39.01932214431104 5.654306999999986
  endloop
endfacet
facet normal 0.4997900570732966 0.8661465804646873 0.0
  outer loop
    vertex 29.63339864979861 38.888850758192596 5.654306999999986
    vertex 29.407289019693664 39.01932214431104 38.15430699999999
    vertex 29.63339864979861 38.888850758192596 38.15430699999999
  endloop
endfacet
facet normal 0.7069353547242727 0.707278166099355 0.0
  outer loop
    vertex 29.63339864979861 38.888850758192596 38.15430699999999
    vertex 29.81803530152127 38.70430359819682 5.654306999999986
    vertex 29.63339864979861 38.888850758192596 5.654306999999986
  endloop
endfacet
facet normal 0.7069353547242727 0.707278166099355 0.0
  outer loop
    vertex 29.81803530152127 38.70430359819682 5.654306999999986
    vertex 29.63339864979861 38.888850758192596 38.15430699999999
    vertex 29.81803530152127 38.70430359819682 38.15430699999999
  endloop
endfacet
facet normal 0.8659041762166912 0.5002099135467966 0.0
  outer loop
    vertex 29.81803530152127 38.70430359819682 5.654306999999986
    vertex 29.948616292173238 38.47825724829881 38.15430699999999
    vertex 29.948616292173238 38.47825724829881 5.654306999999986
  endloop
endfacet
facet normal 0.8659041762166912 0.5002099135467966 0.0
  outer loop
    vertex 29.948616292173238 38.47825724829881 38.15430699999999
    vertex 29.81803530152127 38.70430359819682 5.654306999999986
    vertex 29.81803530152127 38.70430359819682 38.15430699999999
  endloop
endfacet
facet normal 0.9658630590742583 0.25905318202198574 0.0
  outer loop
    vertex 29.948616292173238 38.47825724829881 5.654306999999986
    vertex 30.016242743036873 38.22611639368486 38.15430699999999
    vertex 30.016242743036873 38.22611639368486 5.654306999999986
  endloop
endfacet
facet normal 0.9658630590742583 0.25905318202198574 0.0
  outer loop
    vertex 30.016242743036873 38.22611639368486 38.15430699999999
    vertex 29.948616292173238 38.47825724829881 5.654306999999986
    vertex 29.948616292173238 38.47825724829881 38.15430699999999
  endloop
endfacet
facet normal 0.9999999706200899 0.00024240424799945557 0.0
  outer loop
    vertex 30.016242743036873 38.22611639368486 5.654306999999986
    vertex 30.016274441397467 38.09534987485361 38.15430699999999
    vertex 30.016274441397467 38.09534987485361 5.654306999999986
  endloop
endfacet
facet normal 0.9999999706200899 0.00024240424799945557 0.0
  outer loop
    vertex 30.016274441397467 38.09534987485361 38.15430699999999
    vertex 30.016242743036873 38.22611639368486 5.654306999999986
    vertex 30.016242743036873 38.22611639368486 38.15430699999999
  endloop
endfacet
facet normal 0.9975274679862522 0.07027766795317586 0.0
  outer loop
    vertex 19.50464995671326 38.29522976964628 5.654306999999986
    vertex 19.51873186756541 38.09534987485361 38.15430699999999
    vertex 19.51873186756541 38.09534987485361 5.654306999999986
  endloop
endfacet
facet normal 0.9975274679862522 0.07027766795317586 0.0
  outer loop
    vertex 19.51873186756541 38.09534987485361 38.15430699999999
    vertex 19.50464995671326 38.29522976964628 5.654306999999986
    vertex 19.50464995671326 38.29522976964628 38.15430699999999
  endloop
endfacet
facet normal -0.9975274679862516 -0.07027766795318434 0.0
  outer loop
    vertex 17.526662992284866 38.155876904123254 38.15430699999999
    vertex 17.53092723422478 38.09534987485361 5.654306999999986
    vertex 17.53092723422478 38.09534987485361 38.15430699999999
  endloop
endfacet
facet normal -0.9975274679862516 -0.07027766795318434 0.0
  outer loop
    vertex 17.53092723422478 38.09534987485361 5.654306999999986
    vertex 17.526662992284866 38.155876904123254 38.15430699999999
    vertex 17.526662992284866 38.155876904123254 5.654306999999986
  endloop
endfacet
facet normal -0.981726742672337 0.19029609224039046 0.0
  outer loop
    vertex 17.57634024091385 38.41215901116648 38.15430699999999
    vertex 17.526662992284866 38.155876904123254 5.654306999999986
    vertex 17.526662992284866 38.155876904123254 38.15430699999999
  endloop
endfacet
facet normal -0.981726742672337 0.19029609224039046 0.0
  outer loop
    vertex 17.526662992284866 38.155876904123254 5.654306999999986
    vertex 17.57634024091385 38.41215901116648 38.15430699999999
    vertex 17.57634024091385 38.41215901116648 5.654306999999986
  endloop
endfacet
facet normal -0.8990229622254506 0.4379014882269482 0.0
  outer loop
    vertex 17.690655468565367 38.64685109912184 38.15430699999999
    vertex 17.57634024091385 38.41215901116648 5.654306999999986
    vertex 17.57634024091385 38.41215901116648 38.15430699999999
  endloop
endfacet
facet normal -0.8990229622254506 0.4379014882269482 0.0
  outer loop
    vertex 17.57634024091385 38.41215901116648 5.654306999999986
    vertex 17.690655468565367 38.64685109912184 38.15430699999999
    vertex 17.690655468565367 38.64685109912184 5.654306999999986
  endloop
endfacet
facet normal -0.7550522526085937 0.6556646214572573 0.0
  outer loop
    vertex 17.8618182813898 38.843959290042186 38.15430699999999
    vertex 17.690655468565367 38.64685109912184 5.654306999999986
    vertex 17.690655468565367 38.64685109912184 38.15430699999999
  endloop
endfacet
facet normal -0.7550522526085937 0.6556646214572573 0.0
  outer loop
    vertex 17.690655468565367 38.64685109912184 5.654306999999986
    vertex 17.8618182813898 38.843959290042186 38.15430699999999
    vertex 17.8618182813898 38.843959290042186 5.654306999999986
  endloop
endfacet
facet normal -0.559625979759302 0.8287452942722761 0.0
  outer loop
    vertex 17.8618182813898 38.843959290042186 38.15430699999999
    vertex 18.078164216553095 38.99005098645298 5.654306999999986
    vertex 17.8618182813898 38.843959290042186 5.654306999999986
  endloop
endfacet
facet normal -0.559625979759302 0.8287452942722761 0.0
  outer loop
    vertex 18.078164216553095 38.99005098645298 5.654306999999986
    vertex 17.8618182813898 38.843959290042186 38.15430699999999
    vertex 18.078164216553095 38.99005098645298 38.15430699999999
  endloop
endfacet
facet normal -0.3260621212150882 0.9453483448489859 0.0
  outer loop
    vertex 18.078164216553095 38.99005098645298 38.15430699999999
    vertex 18.32494965610243 39.07517028067178 5.654306999999986
    vertex 18.078164216553095 38.99005098645298 5.654306999999986
  endloop
endfacet
facet normal -0.3260621212150882 0.9453483448489859 0.0
  outer loop
    vertex 18.32494965610243 39.07517028067178 5.654306999999986
    vertex 18.078164216553095 38.99005098645298 38.15430699999999
    vertex 18.32494965610243 39.07517028067178 38.15430699999999
  endloop
endfacet
facet normal -0.07027766795316784 0.9975274679862527 0.0
  outer loop
    vertex 18.32494965610243 39.07517028067178 38.15430699999999
    vertex 18.58535658016474 39.09351643346384 5.654306999999986
    vertex 18.32494965610243 39.07517028067178 5.654306999999986
  endloop
endfacet
facet normal -0.07027766795316784 0.9975274679862527 0.0
  outer loop
    vertex 18.58535658016474 39.09351643346384 5.654306999999986
    vertex 18.32494965610243 39.07517028067178 38.15430699999999
    vertex 18.58535658016474 39.09351643346384 38.15430699999999
  endloop
endfacet
facet normal 0.19029609224038843 0.9817267426723373 0.0
  outer loop
    vertex 18.58535658016474 39.09351643346384 38.15430699999999
    vertex 18.84163868720797 39.04383918483485 5.654306999999986
    vertex 18.58535658016474 39.09351643346384 5.654306999999986
  endloop
endfacet
facet normal 0.19029609224038843 0.9817267426723373 0.0
  outer loop
    vertex 18.84163868720797 39.04383918483485 5.654306999999986
    vertex 18.58535658016474 39.09351643346384 38.15430699999999
    vertex 18.84163868720797 39.04383918483485 38.15430699999999
  endloop
endfacet
facet normal 0.43790148822695246 0.8990229622254486 0.0
  outer loop
    vertex 18.84163868720797 39.04383918483485 38.15430699999999
    vertex 19.076330775163328 38.929523957183335 5.654306999999986
    vertex 18.84163868720797 39.04383918483485 5.654306999999986
  endloop
endfacet
facet normal 0.43790148822695246 0.8990229622254486 0.0
  outer loop
    vertex 19.076330775163328 38.929523957183335 5.654306999999986
    vertex 18.84163868720797 39.04383918483485 38.15430699999999
    vertex 19.076330775163328 38.929523957183335 38.15430699999999
  endloop
endfacet
facet normal 0.6556646214572635 0.7550522526085883 0.0
  outer loop
    vertex 19.076330775163328 38.929523957183335 38.15430699999999
    vertex 19.27343896608367 38.7583611443589 5.654306999999986
    vertex 19.076330775163328 38.929523957183335 5.654306999999986
  endloop
endfacet
facet normal 0.6556646214572635 0.7550522526085883 0.0
  outer loop
    vertex 19.27343896608367 38.7583611443589 5.654306999999986
    vertex 19.076330775163328 38.929523957183335 38.15430699999999
    vertex 19.27343896608367 38.7583611443589 38.15430699999999
  endloop
endfacet
facet normal 0.8287452942722727 0.559625979759307 0.0
  outer loop
    vertex 19.27343896608367 38.7583611443589 5.654306999999986
    vertex 19.419530662494466 38.54201520919561 38.15430699999999
    vertex 19.419530662494466 38.54201520919561 5.654306999999986
  endloop
endfacet
facet normal 0.8287452942722727 0.559625979759307 0.0
  outer loop
    vertex 19.419530662494466 38.54201520919561 38.15430699999999
    vertex 19.27343896608367 38.7583611443589 5.654306999999986
    vertex 19.27343896608367 38.7583611443589 38.15430699999999
  endloop
endfacet
facet normal 0.9453483448489881 0.3260621212150819 0.0
  outer loop
    vertex 19.419530662494466 38.54201520919561 5.654306999999986
    vertex 19.50464995671326 38.29522976964628 38.15430699999999
    vertex 19.50464995671326 38.29522976964628 5.654306999999986
  endloop
endfacet
facet normal 0.9453483448489881 0.3260621212150819 0.0
  outer loop
    vertex 19.50464995671326 38.29522976964628 38.15430699999999
    vertex 19.419530662494466 38.54201520919561 5.654306999999986
    vertex 19.419530662494466 38.54201520919561 38.15430699999999
  endloop
endfacet
facet normal -0.13052619222005146 -0.9914448613738105 0.0
  outer loop
    vertex 12.524829550895095 23.095349874853603 38.15430699999999
    vertex 12.266010505792574 23.129424048564534 5.654306999999986
    vertex 12.524829550895095 23.095349874853603 5.654306999999986
  endloop
endfacet
facet normal -0.13052619222005146 -0.9914448613738105 0.0
  outer loop
    vertex 12.266010505792574 23.129424048564534 5.654306999999986
    vertex 12.524829550895095 23.095349874853603 38.15430699999999
    vertex 12.266010505792574 23.129424048564534 38.15430699999999
  endloop
endfacet
facet normal -0.38268343236508207 -0.92387953251129 -0.0
  outer loop
    vertex 12.266010505792574 23.129424048564534 38.15430699999999
    vertex 12.024829550895095 23.229324471069162 5.654306999999986
    vertex 12.266010505792574 23.129424048564534 5.654306999999986
  endloop
endfacet
facet normal -0.38268343236508207 -0.92387953251129 -0.0
  outer loop
    vertex 12.024829550895095 23.229324471069162 5.654306999999986
    vertex 12.266010505792574 23.129424048564534 38.15430699999999
    vertex 12.024829550895095 23.229324471069162 38.15430699999999
  endloop
endfacet
facet normal -0.6087614290087248 -0.7933533402912322 -0.0
  outer loop
    vertex 12.024829550895095 23.229324471069162 38.15430699999999
    vertex 11.817722769708547 23.388243093667054 5.654306999999986
    vertex 12.024829550895095 23.229324471069162 5.654306999999986
  endloop
endfacet
facet normal -0.6087614290087248 -0.7933533402912322 -0.0
  outer loop
    vertex 11.817722769708547 23.388243093667054 5.654306999999986
    vertex 12.024829550895095 23.229324471069162 38.15430699999999
    vertex 11.817722769708547 23.388243093667054 38.15430699999999
  endloop
endfacet
facet normal -0.7933533402912372 -0.6087614290087179 -0.0
  outer loop
    vertex 11.658804147110658 23.595349874853603 38.15430699999999
    vertex 11.817722769708547 23.388243093667054 5.654306999999986
    vertex 11.817722769708547 23.388243093667054 38.15430699999999
  endloop
endfacet
facet normal -0.7933533402912372 -0.6087614290087179 -0.0
  outer loop
    vertex 11.817722769708547 23.388243093667054 5.654306999999986
    vertex 11.658804147110658 23.595349874853603 38.15430699999999
    vertex 11.658804147110658 23.595349874853603 5.654306999999986
  endloop
endfacet
facet normal -0.9238795325112863 -0.3826834323650914 -0.0
  outer loop
    vertex 11.558903724606028 23.83653082975108 38.15430699999999
    vertex 11.658804147110658 23.595349874853603 5.654306999999986
    vertex 11.658804147110658 23.595349874853603 38.15430699999999
  endloop
endfacet
facet normal -0.9238795325112863 -0.3826834323650914 -0.0
  outer loop
    vertex 11.658804147110658 23.595349874853603 5.654306999999986
    vertex 11.558903724606028 23.83653082975108 38.15430699999999
    vertex 11.558903724606028 23.83653082975108 5.654306999999986
  endloop
endfacet
facet normal -0.9914448613738104 -0.13052619222005216 -0.0
  outer loop
    vertex 11.524829550895095 24.0953498748536 38.15430699999999
    vertex 11.558903724606028 23.83653082975108 5.654306999999986
    vertex 11.558903724606028 23.83653082975108 38.15430699999999
  endloop
endfacet
facet normal -0.9914448613738104 -0.13052619222005216 -0.0
  outer loop
    vertex 11.558903724606028 23.83653082975108 5.654306999999986
    vertex 11.524829550895095 24.0953498748536 38.15430699999999
    vertex 11.524829550895095 24.0953498748536 5.654306999999986
  endloop
endfacet
facet normal -0.9914448613738106 0.13052619222005077 0.0
  outer loop
    vertex 11.558903724606028 24.354168919956123 38.15430699999999
    vertex 11.524829550895095 24.0953498748536 5.654306999999986
    vertex 11.524829550895095 24.0953498748536 38.15430699999999
  endloop
endfacet
facet normal -0.9914448613738106 0.13052619222005077 0.0
  outer loop
    vertex 11.524829550895095 24.0953498748536 5.654306999999986
    vertex 11.558903724606028 24.354168919956123 38.15430699999999
    vertex 11.558903724606028 24.354168919956123 5.654306999999986
  endloop
endfacet
facet normal -0.9238795325112845 0.3826834323650951 0.0
  outer loop
    vertex 11.658804147110658 24.5953498748536 38.15430699999999
    vertex 11.558903724606028 24.354168919956123 5.654306999999986
    vertex 11.558903724606028 24.354168919956123 38.15430699999999
  endloop
endfacet
facet normal -0.9238795325112845 0.3826834323650951 0.0
  outer loop
    vertex 11.558903724606028 24.354168919956123 5.654306999999986
    vertex 11.658804147110658 24.5953498748536 38.15430699999999
    vertex 11.658804147110658 24.5953498748536 5.654306999999986
  endloop
endfacet
facet normal -0.7933533402912347 0.6087614290087213 0.0
  outer loop
    vertex 11.81772276970855 24.802456656040146 38.15430699999999
    vertex 11.658804147110658 24.5953498748536 5.654306999999986
    vertex 11.658804147110658 24.5953498748536 38.15430699999999
  endloop
endfacet
facet normal -0.7933533402912347 0.6087614290087213 0.0
  outer loop
    vertex 11.658804147110658 24.5953498748536 5.654306999999986
    vertex 11.81772276970855 24.802456656040146 38.15430699999999
    vertex 11.81772276970855 24.802456656040146 5.654306999999986
  endloop
endfacet
facet normal -0.6087614290087248 0.7933533402912322 0.0
  outer loop
    vertex 11.81772276970855 24.802456656040146 38.15430699999999
    vertex 12.024829550895097 24.96137527863804 5.654306999999986
    vertex 11.81772276970855 24.802456656040146 5.654306999999986
  endloop
endfacet
facet normal -0.6087614290087248 0.7933533402912322 0.0
  outer loop
    vertex 12.024829550895097 24.96137527863804 5.654306999999986
    vertex 11.81772276970855 24.802456656040146 38.15430699999999
    vertex 12.024829550895097 24.96137527863804 38.15430699999999
  endloop
endfacet
facet normal -0.3826834323650914 0.9238795325112863 0.0
  outer loop
    vertex 12.024829550895097 24.96137527863804 38.15430699999999
    vertex 12.266010505792575 25.06127570114267 5.654306999999986
    vertex 12.024829550895097 24.96137527863804 5.654306999999986
  endloop
endfacet
facet normal -0.3826834323650914 0.9238795325112863 0.0
  outer loop
    vertex 12.266010505792575 25.06127570114267 5.654306999999986
    vertex 12.024829550895097 24.96137527863804 38.15430699999999
    vertex 12.266010505792575 25.06127570114267 38.15430699999999
  endloop
endfacet
facet normal -0.13052619222004153 0.9914448613738118 0.0
  outer loop
    vertex 12.266010505792575 25.06127570114267 38.15430699999999
    vertex 12.524829550895095 25.0953498748536 5.654306999999986
    vertex 12.266010505792575 25.06127570114267 5.654306999999986
  endloop
endfacet
facet normal -0.13052619222004153 0.9914448613738118 0.0
  outer loop
    vertex 12.524829550895095 25.0953498748536 5.654306999999986
    vertex 12.266010505792575 25.06127570114267 38.15430699999999
    vertex 12.524829550895095 25.0953498748536 38.15430699999999
  endloop
endfacet
facet normal -0.13052619222005213 0.9914448613738105 0.0
  outer loop
    vertex 12.266010505792575 35.06127570114268 38.15430699999999
    vertex 12.524829550895095 35.09534987485361 5.654306999999986
    vertex 12.266010505792575 35.06127570114268 5.654306999999986
  endloop
endfacet
facet normal -0.13052619222005213 0.9914448613738105 0.0
  outer loop
    vertex 12.524829550895095 35.09534987485361 5.654306999999986
    vertex 12.266010505792575 35.06127570114268 38.15430699999999
    vertex 12.524829550895095 35.09534987485361 38.15430699999999
  endloop
endfacet
facet normal -0.13052619222005146 -0.9914448613738105 0.0
  outer loop
    vertex 12.524829550895095 33.09534987485361 38.15430699999999
    vertex 12.266010505792574 33.129424048564545 5.654306999999986
    vertex 12.524829550895095 33.09534987485361 5.654306999999986
  endloop
endfacet
facet normal -0.13052619222005146 -0.9914448613738105 0.0
  outer loop
    vertex 12.266010505792574 33.129424048564545 5.654306999999986
    vertex 12.524829550895095 33.09534987485361 38.15430699999999
    vertex 12.266010505792574 33.129424048564545 38.15430699999999
  endloop
endfacet
facet normal -0.382683432365084 -0.9238795325112892 -0.0
  outer loop
    vertex 12.266010505792574 33.129424048564545 38.15430699999999
    vertex 12.024829550895097 33.22932447106917 5.654306999999986
    vertex 12.266010505792574 33.129424048564545 5.654306999999986
  endloop
endfacet
facet normal -0.382683432365084 -0.9238795325112892 -0.0
  outer loop
    vertex 12.024829550895097 33.22932447106917 5.654306999999986
    vertex 12.266010505792574 33.129424048564545 38.15430699999999
    vertex 12.024829550895097 33.22932447106917 38.15430699999999
  endloop
endfacet
facet normal -0.6087614290087315 -0.7933533402912268 -0.0
  outer loop
    vertex 12.024829550895097 33.22932447106917 38.15430699999999
    vertex 11.81772276970855 33.388243093667064 5.654306999999986
    vertex 12.024829550895097 33.22932447106917 5.654306999999986
  endloop
endfacet
facet normal -0.6087614290087315 -0.7933533402912268 -0.0
  outer loop
    vertex 11.81772276970855 33.388243093667064 5.654306999999986
    vertex 12.024829550895097 33.22932447106917 38.15430699999999
    vertex 11.81772276970855 33.388243093667064 38.15430699999999
  endloop
endfacet
facet normal -0.7933533402912307 -0.6087614290087265 -0.0
  outer loop
    vertex 11.658804147110658 33.59534987485361 38.15430699999999
    vertex 11.81772276970855 33.388243093667064 5.654306999999986
    vertex 11.81772276970855 33.388243093667064 38.15430699999999
  endloop
endfacet
facet normal -0.7933533402912307 -0.6087614290087265 -0.0
  outer loop
    vertex 11.81772276970855 33.388243093667064 5.654306999999986
    vertex 11.658804147110658 33.59534987485361 38.15430699999999
    vertex 11.658804147110658 33.59534987485361 5.654306999999986
  endloop
endfacet
facet normal -0.9238795325112897 -0.38268343236508295 -0.0
  outer loop
    vertex 11.55890372460603 33.83653082975109 38.15430699999999
    vertex 11.658804147110658 33.59534987485361 5.654306999999986
    vertex 11.658804147110658 33.59534987485361 38.15430699999999
  endloop
endfacet
facet normal -0.9238795325112897 -0.38268343236508295 -0.0
  outer loop
    vertex 11.658804147110658 33.59534987485361 5.654306999999986
    vertex 11.55890372460603 33.83653082975109 38.15430699999999
    vertex 11.55890372460603 33.83653082975109 5.654306999999986
  endloop
endfacet
facet normal -0.9914448613738103 -0.13052619222005354 -0.0
  outer loop
    vertex 11.524829550895097 34.09534987485361 38.15430699999999
    vertex 11.55890372460603 33.83653082975109 5.654306999999986
    vertex 11.55890372460603 33.83653082975109 38.15430699999999
  endloop
endfacet
facet normal -0.9914448613738103 -0.13052619222005354 -0.0
  outer loop
    vertex 11.55890372460603 33.83653082975109 5.654306999999986
    vertex 11.524829550895097 34.09534987485361 38.15430699999999
    vertex 11.524829550895097 34.09534987485361 5.654306999999986
  endloop
endfacet
facet normal -0.9914448613738106 0.13052619222005077 0.0
  outer loop
    vertex 11.55890372460603 34.35416891995613 38.15430699999999
    vertex 11.524829550895097 34.09534987485361 5.654306999999986
    vertex 11.524829550895097 34.09534987485361 38.15430699999999
  endloop
endfacet
facet normal -0.9914448613738106 0.13052619222005077 0.0
  outer loop
    vertex 11.524829550895097 34.09534987485361 5.654306999999986
    vertex 11.55890372460603 34.35416891995613 38.15430699999999
    vertex 11.55890372460603 34.35416891995613 5.654306999999986
  endloop
endfacet
facet normal -0.9238795325112845 0.3826834323650951 0.0
  outer loop
    vertex 11.65880414711066 34.59534987485361 38.15430699999999
    vertex 11.55890372460603 34.35416891995613 5.654306999999986
    vertex 11.55890372460603 34.35416891995613 38.15430699999999
  endloop
endfacet
facet normal -0.9238795325112845 0.3826834323650951 0.0
  outer loop
    vertex 11.55890372460603 34.35416891995613 5.654306999999986
    vertex 11.65880414711066 34.59534987485361 38.15430699999999
    vertex 11.65880414711066 34.59534987485361 5.654306999999986
  endloop
endfacet
facet normal -0.7933533402912413 0.6087614290087128 0.0
  outer loop
    vertex 11.81772276970855 34.802456656040164 38.15430699999999
    vertex 11.65880414711066 34.59534987485361 5.654306999999986
    vertex 11.65880414711066 34.59534987485361 38.15430699999999
  endloop
endfacet
facet normal -0.7933533402912413 0.6087614290087128 0.0
  outer loop
    vertex 11.65880414711066 34.59534987485361 5.654306999999986
    vertex 11.81772276970855 34.802456656040164 38.15430699999999
    vertex 11.81772276970855 34.802456656040164 5.654306999999986
  endloop
endfacet
facet normal -0.6087614290087179 0.7933533402912372 0.0
  outer loop
    vertex 11.81772276970855 34.802456656040164 38.15430699999999
    vertex 12.024829550895097 34.96137527863805 5.654306999999986
    vertex 11.81772276970855 34.802456656040164 5.654306999999986
  endloop
endfacet
facet normal -0.6087614290087179 0.7933533402912372 0.0
  outer loop
    vertex 12.024829550895097 34.96137527863805 5.654306999999986
    vertex 11.81772276970855 34.802456656040164 38.15430699999999
    vertex 12.024829550895097 34.96137527863805 38.15430699999999
  endloop
endfacet
facet normal -0.38268343236508207 0.92387953251129 0.0
  outer loop
    vertex 12.024829550895097 34.96137527863805 38.15430699999999
    vertex 12.266010505792575 35.06127570114268 5.654306999999986
    vertex 12.024829550895097 34.96137527863805 5.654306999999986
  endloop
endfacet
facet normal -0.38268343236508207 0.92387953251129 0.0
  outer loop
    vertex 12.266010505792575 35.06127570114268 5.654306999999986
    vertex 12.024829550895097 34.96137527863805 38.15430699999999
    vertex 12.266010505792575 35.06127570114268 38.15430699999999
  endloop
endfacet
facet normal 0.0 0.0 1.0
  outer loop
    vertex 38.558903724606 19.836530829751084 38.15430699999999
    vertex 40.52482955089507 20.095349874853603 38.15430699999999
    vertex 38.52482955089506 20.095349874853603 38.15430699999999
  endloop
endfacet
facet normal 0.0 0.0 1.0
  outer loop
    vertex 40.52482955089507 20.095349874853603 38.15430699999999
    vertex 38.558903724606 19.836530829751084 38.15430699999999
    vertex 38.65880414711063 19.595349874853603 38.15430699999999
  endloop
endfacet
facet normal 0.0 0.0 1.0
  outer loop
    vertex 40.52482955089507 20.095349874853603 38.15430699999999
    vertex 38.65880414711063 19.595349874853603 38.15430699999999
    vertex 38.81772276970852 19.388243093667054 38.15430699999999
  endloop
endfacet
facet normal 0.0 0.0 1.0
  outer loop
    vertex 40.52482955089507 20.095349874853603 38.15430699999999
    vertex 38.81772276970852 19.388243093667054 38.15430699999999
    vertex 39.02482955089507 19.229324471069162 38.15430699999999
  endloop
endfacet
facet normal 0.0 0.0 1.0
  outer loop
    vertex 40.52482955089507 20.095349874853603 38.15430699999999
    vertex 39.02482955089507 19.229324471069162 38.15430699999999
    vertex 39.26601050579254 19.129424048564534 38.15430699999999
  endloop
endfacet
facet normal 0.0 0.0 1.0
  outer loop
    vertex 40.52482955089507 20.095349874853603 38.15430699999999
    vertex 39.26601050579254 19.129424048564534 38.15430699999999
    vertex 39.52482955089507 19.095349874853603 38.15430699999999
  endloop
endfacet
facet normal 0.0 0.0 1.0
  outer loop
    vertex 40.52482955089507 20.095349874853603 38.15430699999999
    vertex 39.52482955089507 19.095349874853603 38.15430699999999
    vertex 39.78364859599759 19.129424048564534 38.15430699999999
  endloop
endfacet
facet normal 0.0 0.0 1.0
  outer loop
    vertex 40.52482955089507 20.095349874853603 38.15430699999999
    vertex 39.78364859599759 19.129424048564534 38.15430699999999
    vertex 40.02482955089507 19.229324471069162 38.15430699999999
  endloop
endfacet
facet normal 0.0 0.0 1.0
  outer loop
    vertex 40.52482955089507 20.095349874853603 38.15430699999999
    vertex 40.02482955089507 19.229324471069162 38.15430699999999
    vertex 40.23193633208162 19.388243093667054 38.15430699999999
  endloop
endfacet
facet normal 0.0 0.0 1.0
  outer loop
    vertex 40.52482955089507 20.095349874853603 38.15430699999999
    vertex 40.23193633208162 19.388243093667054 38.15430699999999
    vertex 40.390854954679504 19.5953498748536 38.15430699999999
  endloop
endfacet
facet normal 0.0 0.0 1.0
  outer loop
    vertex 40.52482955089507 20.095349874853603 38.15430699999999
    vertex 40.390854954679504 19.5953498748536 38.15430699999999
    vertex 40.490755377184136 19.836530829751084 38.15430699999999
  endloop
endfacet
facet normal 0.0 0.0 1.0
  outer loop
    vertex 17.558903724606026 19.836530829751084 38.15430699999999
    vertex 19.524829550895095 20.095349874853603 38.15430699999999
    vertex 17.524829550895095 20.095349874853603 38.15430699999999
  endloop
endfacet
facet normal 0.0 0.0 1.0
  outer loop
    vertex 19.524829550895095 20.095349874853603 38.15430699999999
    vertex 17.558903724606026 19.836530829751084 38.15430699999999
    vertex 17.658804147110658 19.595349874853603 38.15430699999999
  endloop
endfacet
facet normal 0.0 0.0 1.0
  outer loop
    vertex 19.524829550895095 20.095349874853603 38.15430699999999
    vertex 17.658804147110658 19.595349874853603 38.15430699999999
    vertex 17.817722769708546 19.388243093667054 38.15430699999999
  endloop
endfacet
facet normal 0.0 0.0 1.0
  outer loop
    vertex 19.524829550895095 20.095349874853603 38.15430699999999
    vertex 17.817722769708546 19.388243093667054 38.15430699999999
    vertex 18.024829550895095 19.229324471069162 38.15430699999999
  endloop
endfacet
facet normal 0.0 0.0 1.0
  outer loop
    vertex 19.524829550895095 20.095349874853603 38.15430699999999
    vertex 18.024829550895095 19.229324471069162 38.15430699999999
    vertex 18.266010505792572 19.129424048564534 38.15430699999999
  endloop
endfacet
facet normal 0.0 0.0 1.0
  outer loop
    vertex 19.524829550895095 20.095349874853603 38.15430699999999
    vertex 18.266010505792572 19.129424048564534 38.15430699999999
    vertex 18.524829550895095 19.095349874853603 38.15430699999999
  endloop
endfacet
facet normal 0.0 0.0 1.0
  outer loop
    vertex 19.524829550895095 20.095349874853603 38.15430699999999
    vertex 18.524829550895095 19.095349874853603 38.15430699999999
    vertex 18.783648595997615 19.129424048564534 38.15430699999999
  endloop
endfacet
facet normal 0.0 0.0 1.0
  outer loop
    vertex 19.524829550895095 20.095349874853603 38.15430699999999
    vertex 18.783648595997615 19.129424048564534 38.15430699999999
    vertex 19.024829550895095 19.229324471069162 38.15430699999999
  endloop
endfacet
facet normal 0.0 0.0 1.0
  outer loop
    vertex 19.524829550895095 20.095349874853603 38.15430699999999
    vertex 19.024829550895095 19.229324471069162 38.15430699999999
    vertex 19.231936332081645 19.388243093667054 38.15430699999999
  endloop
endfacet
facet normal 0.0 0.0 1.0
  outer loop
    vertex 19.524829550895095 20.095349874853603 38.15430699999999
    vertex 19.231936332081645 19.388243093667054 38.15430699999999
    vertex 19.390854954679536 19.5953498748536 38.15430699999999
  endloop
endfacet
facet normal 0.0 0.0 1.0
  outer loop
    vertex 19.524829550895095 20.095349874853603 38.15430699999999
    vertex 19.390854954679536 19.5953498748536 38.15430699999999
    vertex 19.490755377184165 19.836530829751084 38.15430699999999
  endloop
endfacet
facet normal 0.0 0.0 1.0
  outer loop
    vertex 45.78364859599758 23.129424048564534 38.15430699999999
    vertex 45.52482955089507 25.0953498748536 38.15430699999999
    vertex 45.52482955089507 23.095349874853603 38.15430699999999
  endloop
endfacet
facet normal 0.0 0.0 1.0
  outer loop
    vertex 45.52482955089507 25.0953498748536 38.15430699999999
    vertex 45.78364859599758 23.129424048564534 38.15430699999999
    vertex 45.78364859599759 25.061275701142666 38.15430699999999
  endloop
endfacet
facet normal 0.0 0.0 1.0
  outer loop
    vertex 45.78364859599759 25.061275701142666 38.15430699999999
    vertex 45.78364859599758 23.129424048564534 38.15430699999999
    vertex 46.02482955089507 23.229324471069166 38.15430699999999
  endloop
endfacet
facet normal 0.0 0.0 1.0
  outer loop
    vertex 45.78364859599759 25.061275701142666 38.15430699999999
    vertex 46.02482955089507 23.229324471069166 38.15430699999999
    vertex 46.02482955089507 24.961375278638037 38.15430699999999
  endloop
endfacet
facet normal 0.0 0.0 1.0
  outer loop
    vertex 46.02482955089507 24.961375278638037 38.15430699999999
    vertex 46.02482955089507 23.229324471069166 38.15430699999999
    vertex 46.23193633208161 23.388243093667054 38.15430699999999
  endloop
endfacet
facet normal 0.0 0.0 1.0
  outer loop
    vertex 46.02482955089507 24.961375278638037 38.15430699999999
    vertex 46.23193633208161 23.388243093667054 38.15430699999999
    vertex 46.23193633208161 24.802456656040146 38.15430699999999
  endloop
endfacet
facet normal 0.0 0.0 1.0
  outer loop
    vertex 46.23193633208161 24.802456656040146 38.15430699999999
    vertex 46.23193633208161 23.388243093667054 38.15430699999999
    vertex 46.390854954679504 23.595349874853603 38.15430699999999
  endloop
endfacet
facet normal 0.0 0.0 1.0
  outer loop
    vertex 46.23193633208161 24.802456656040146 38.15430699999999
    vertex 46.390854954679504 23.595349874853603 38.15430699999999
    vertex 46.390854954679504 24.5953498748536 38.15430699999999
  endloop
endfacet
facet normal 0.0 0.0 1.0
  outer loop
    vertex 46.390854954679504 24.5953498748536 38.15430699999999
    vertex 46.390854954679504 23.595349874853603 38.15430699999999
    vertex 46.490755377184136 23.83653082975108 38.15430699999999
  endloop
endfacet
facet normal 0.0 0.0 1.0
  outer loop
    vertex 46.390854954679504 24.5953498748536 38.15430699999999
    vertex 46.490755377184136 23.83653082975108 38.15430699999999
    vertex 46.490755377184136 24.35416891995612 38.15430699999999
  endloop
endfacet
facet normal 0.0 0.0 1.0
  outer loop
    vertex 46.490755377184136 24.35416891995612 38.15430699999999
    vertex 46.490755377184136 23.83653082975108 38.15430699999999
    vertex 46.52482955089507 24.0953498748536 38.15430699999999
  endloop
endfacet
facet normal 0.0 0.0 1.0
  outer loop
    vertex 45.58966105029471 33.09745364944458 38.15430699999999
    vertex 45.52482955089507 35.08895951990165 38.15430699999999
    vertex 45.52482955089507 33.10174022980557 38.15430699999999
  endloop
endfacet
facet normal 0.0 0.0 1.0
  outer loop
    vertex 45.52482955089507 35.08895951990165 38.15430699999999
    vertex 45.58966105029471 33.09745364944458 38.15430699999999
    vertex 45.720481679439686 35.07602323769975 38.15430699999999
  endloop
endfacet
facet normal 0.0 0.0 1.0
  outer loop
    vertex 45.720481679439686 35.07602323769975 38.15430699999999
    vertex 45.58966105029471 33.09745364944458 38.15430699999999
    vertex 45.845726518694 33.14823576554183 38.15430699999999
  endloop
endfacet
facet normal 0.0 0.0 1.0
  outer loop
    vertex 45.720481679439686 35.07602323769975 38.15430699999999
    vertex 45.845726518694 33.14823576554183 38.15430699999999
    vertex 45.96763193815406 34.99196910609825 38.15430699999999
  endloop
endfacet
facet normal 0.0 0.0 1.0
  outer loop
    vertex 45.96763193815406 34.99196910609825 38.15430699999999
    vertex 45.845726518694 33.14823576554183 38.15430699999999
    vertex 46.079923389045106 33.263562143008606 38.15430699999999
  endloop
endfacet
facet normal 0.0 0.0 1.0
  outer loop
    vertex 45.96763193815406 34.99196910609825 38.15430699999999
    vertex 46.079923389045106 33.263562143008606 38.15430699999999
    vertex 46.18460594594228 34.84681185562077 38.15430699999999
  endloop
endfacet
facet normal 0.0 0.0 1.0
  outer loop
    vertex 46.18460594594228 34.84681185562077 38.15430699999999
    vertex 46.079923389045106 33.263562143008606 38.15430699999999
    vertex 46.27629153166223 33.4355734798064 38.15430699999999
  endloop
endfacet
facet normal 0.0 0.0 1.0
  outer loop
    vertex 46.18460594594228 34.84681185562077 38.15430699999999
    vertex 46.27629153166223 33.4355734798064 38.15430699999999
    vertex 46.356617282740075 34.650443713003654 38.15430699999999
  endloop
endfacet
facet normal 0.0 0.0 1.0
  outer loop
    vertex 46.356617282740075 34.650443713003654 38.15430699999999
    vertex 46.27629153166223 33.4355734798064 38.15430699999999
    vertex 46.42144878213971 33.65254748759462 38.15430699999999
  endloop
endfacet
facet normal 0.0 0.0 1.0
  outer loop
    vertex 46.356617282740075 34.650443713003654 38.15430699999999
    vertex 46.42144878213971 33.65254748759462 38.15430699999999
    vertex 46.471943660206854 34.41624684265254 38.15430699999999
  endloop
endfacet
facet normal 0.0 0.0 1.0
  outer loop
    vertex 46.471943660206854 34.41624684265254 38.15430699999999
    vertex 46.42144878213971 33.65254748759462 38.15430699999999
    vertex 46.50550291374121 33.89969774630899 38.15430699999999
  endloop
endfacet
facet normal 0.0 0.0 1.0
  outer loop
    vertex 46.471943660206854 34.41624684265254 38.15430699999999
    vertex 46.50550291374121 33.89969774630899 38.15430699999999
    vertex 46.5227257763041 34.16018137425325 38.15430699999999
  endloop
endfacet
facet normal 0.0 0.0 1.0
  outer loop
    vertex 38.53320553522257 38.09534987485361 38.15430699999999
    vertex 38.59384290257301 38.46040310473395 38.15430699999999
    vertex 38.53108277498128 38.20700714224336 38.15430699999999
  endloop
endfacet
facet normal 0.0 0.0 1.0
  outer loop
    vertex 38.59384290257301 38.46040310473395 38.15430699999999
    vertex 38.53320553522257 38.09534987485361 38.15430699999999
    vertex 40.51645356656757 38.09534987485361 38.15430699999999
  endloop
endfacet
facet normal 0.0 0.0 1.0
  outer loop
    vertex 38.59384290257301 38.46040310473395 38.15430699999999
    vertex 40.51645356656757 38.09534987485361 38.15430699999999
    vertex 38.720048231719716 38.68892129288718 38.15430699999999
  endloop
endfacet
facet normal 0.0 0.0 1.0
  outer loop
    vertex 38.720048231719716 38.68892129288718 38.15430699999999
    vertex 40.51645356656757 38.09534987485361 38.15430699999999
    vertex 38.901098077804214 38.876988569824576 38.15430699999999
  endloop
endfacet
facet normal 0.0 0.0 1.0
  outer loop
    vertex 38.901098077804214 38.876988569824576 38.15430699999999
    vertex 40.51645356656757 38.09534987485361 38.15430699999999
    vertex 39.12465419301485 39.01178846141871 38.15430699999999
  endloop
endfacet
facet normal 0.0 0.0 1.0
  outer loop
    vertex 39.12465419301485 39.01178846141871 38.15430699999999
    vertex 40.51645356656757 38.09534987485361 38.15430699999999
    vertex 39.37548159754398 39.08413457782481 38.15430699999999
  endloop
endfacet
facet normal 0.0 0.0 1.0
  outer loop
    vertex 39.37548159754398 39.08413457782481 38.15430699999999
    vertex 40.51645356656757 38.09534987485361 38.15430699999999
    vertex 39.63648681828482 39.0890966507674 38.15430699999999
  endloop
endfacet
facet normal 0.0 0.0 1.0
  outer loop
    vertex 39.63648681828482 39.0890966507674 38.15430699999999
    vertex 40.51645356656757 38.09534987485361 38.15430699999999
    vertex 39.88988278077541 39.026336523175665 38.15430699999999
  endloop
endfacet
facet normal 0.0 0.0 1.0
  outer loop
    vertex 39.88988278077541 39.026336523175665 38.15430699999999
    vertex 40.51645356656757 38.09534987485361 38.15430699999999
    vertex 40.11840096892864 38.90013119402896 38.15430699999999
  endloop
endfacet
facet normal 0.0 0.0 1.0
  outer loop
    vertex 40.11840096892864 38.90013119402896 38.15430699999999
    vertex 40.51645356656757 38.09534987485361 38.15430699999999
    vertex 40.306468245866036 38.71908134794447 38.15430699999999
  endloop
endfacet
facet normal 0.0 0.0 1.0
  outer loop
    vertex 40.306468245866036 38.71908134794447 38.15430699999999
    vertex 40.51645356656757 38.09534987485361 38.15430699999999
    vertex 40.44126813746017 38.495525232733826 38.15430699999999
  endloop
endfacet
facet normal 0.0 0.0 1.0
  outer loop
    vertex 40.44126813746017 38.495525232733826 38.15430699999999
    vertex 40.51645356656757 38.09534987485361 38.15430699999999
    vertex 40.51361425386627 38.2446978282047 38.15430699999999
  endloop
endfacet
facet normal 0.0 0.0 1.0
  outer loop
    vertex 28.03338466039272 38.09534987485361 38.15430699999999
    vertex 28.100857281437662 38.477809343652176 38.15430699999999
    vertex 28.033353078546376 38.22563573279277 38.15430699999999
  endloop
endfacet
facet normal 0.0 0.0 1.0
  outer loop
    vertex 28.100857281437662 38.477809343652176 38.15430699999999
    vertex 28.03338466039272 38.09534987485361 38.15430699999999
    vertex 30.016274441397467 38.09534987485361 38.15430699999999
  endloop
endfacet
facet normal 0.0 0.0 1.0
  outer loop
    vertex 28.100857281437662 38.477809343652176 38.15430699999999
    vertex 30.016274441397467 38.09534987485361 38.15430699999999
    vertex 28.231328667556102 38.703918973757126 38.15430699999999
  endloop
endfacet
facet normal 0.0 0.0 1.0
  outer loop
    vertex 28.231328667556102 38.703918973757126 38.15430699999999
    vertex 30.016274441397467 38.09534987485361 38.15430699999999
    vertex 28.415875827551883 38.88855562547978 38.15430699999999
  endloop
endfacet
facet normal 0.0 0.0 1.0
  outer loop
    vertex 28.415875827551883 38.88855562547978 38.15430699999999
    vertex 30.016274441397467 38.09534987485361 38.15430699999999
    vertex 28.641922177449892 39.01913661613175 38.15430699999999
  endloop
endfacet
facet normal 0.0 0.0 1.0
  outer loop
    vertex 28.641922177449892 39.01913661613175 38.15430699999999
    vertex 30.016274441397467 38.09534987485361 38.15430699999999
    vertex 28.89406303206384 39.08676306699539 38.15430699999999
  endloop
endfacet
facet normal 0.0 0.0 1.0
  outer loop
    vertex 28.89406303206384 39.08676306699539 38.15430699999999
    vertex 30.016274441397467 38.09534987485361 38.15430699999999
    vertex 29.15511540883425 39.086826347202326 38.15430699999999
  endloop
endfacet
facet normal 0.0 0.0 1.0
  outer loop
    vertex 29.15511540883425 39.086826347202326 38.15430699999999
    vertex 30.016274441397467 38.09534987485361 38.15430699999999
    vertex 29.407289019693664 39.01932214431104 38.15430699999999
  endloop
endfacet
facet normal 0.0 0.0 1.0
  outer loop
    vertex 29.407289019693664 39.01932214431104 38.15430699999999
    vertex 30.016274441397467 38.09534987485361 38.15430699999999
    vertex 29.63339864979861 38.888850758192596 38.15430699999999
  endloop
endfacet
facet normal 0.0 0.0 1.0
  outer loop
    vertex 29.63339864979861 38.888850758192596 38.15430699999999
    vertex 30.016274441397467 38.09534987485361 38.15430699999999
    vertex 29.81803530152127 38.70430359819682 38.15430699999999
  endloop
endfacet
facet normal 0.0 0.0 1.0
  outer loop
    vertex 29.81803530152127 38.70430359819682 38.15430699999999
    vertex 30.016274441397467 38.09534987485361 38.15430699999999
    vertex 29.948616292173238 38.47825724829881 38.15430699999999
  endloop
endfacet
facet normal 0.0 0.0 1.0
  outer loop
    vertex 29.948616292173238 38.47825724829881 38.15430699999999
    vertex 30.016274441397467 38.09534987485361 38.15430699999999
    vertex 30.016242743036873 38.22611639368486 38.15430699999999
  endloop
endfacet
facet normal 0.0 0.0 1.0
  outer loop
    vertex 17.53092723422478 38.09534987485361 38.15430699999999
    vertex 17.57634024091385 38.41215901116648 38.15430699999999
    vertex 17.526662992284866 38.155876904123254 38.15430699999999
  endloop
endfacet
facet normal 0.0 0.0 1.0
  outer loop
    vertex 17.57634024091385 38.41215901116648 38.15430699999999
    vertex 17.53092723422478 38.09534987485361 38.15430699999999
    vertex 19.51873186756541 38.09534987485361 38.15430699999999
  endloop
endfacet
facet normal 0.0 0.0 1.0
  outer loop
    vertex 17.57634024091385 38.41215901116648 38.15430699999999
    vertex 19.51873186756541 38.09534987485361 38.15430699999999
    vertex 17.690655468565367 38.64685109912184 38.15430699999999
  endloop
endfacet
facet normal 0.0 0.0 1.0
  outer loop
    vertex 17.690655468565367 38.64685109912184 38.15430699999999
    vertex 19.51873186756541 38.09534987485361 38.15430699999999
    vertex 17.8618182813898 38.843959290042186 38.15430699999999
  endloop
endfacet
facet normal 0.0 0.0 1.0
  outer loop
    vertex 17.8618182813898 38.843959290042186 38.15430699999999
    vertex 19.51873186756541 38.09534987485361 38.15430699999999
    vertex 18.078164216553095 38.99005098645298 38.15430699999999
  endloop
endfacet
facet normal 0.0 0.0 1.0
  outer loop
    vertex 18.078164216553095 38.99005098645298 38.15430699999999
    vertex 19.51873186756541 38.09534987485361 38.15430699999999
    vertex 18.32494965610243 39.07517028067178 38.15430699999999
  endloop
endfacet
facet normal 0.0 0.0 1.0
  outer loop
    vertex 18.32494965610243 39.07517028067178 38.15430699999999
    vertex 19.51873186756541 38.09534987485361 38.15430699999999
    vertex 18.58535658016474 39.09351643346384 38.15430699999999
  endloop
endfacet
facet normal 0.0 0.0 1.0
  outer loop
    vertex 18.58535658016474 39.09351643346384 38.15430699999999
    vertex 19.51873186756541 38.09534987485361 38.15430699999999
    vertex 18.84163868720797 39.04383918483485 38.15430699999999
  endloop
endfacet
facet normal 0.0 0.0 1.0
  outer loop
    vertex 18.84163868720797 39.04383918483485 38.15430699999999
    vertex 19.51873186756541 38.09534987485361 38.15430699999999
    vertex 19.076330775163328 38.929523957183335 38.15430699999999
  endloop
endfacet
facet normal 0.0 0.0 1.0
  outer loop
    vertex 19.076330775163328 38.929523957183335 38.15430699999999
    vertex 19.51873186756541 38.09534987485361 38.15430699999999
    vertex 19.27343896608367 38.7583611443589 38.15430699999999
  endloop
endfacet
facet normal 0.0 0.0 1.0
  outer loop
    vertex 19.27343896608367 38.7583611443589 38.15430699999999
    vertex 19.51873186756541 38.09534987485361 38.15430699999999
    vertex 19.419530662494466 38.54201520919561 38.15430699999999
  endloop
endfacet
facet normal 0.0 0.0 1.0
  outer loop
    vertex 19.419530662494466 38.54201520919561 38.15430699999999
    vertex 19.51873186756541 38.09534987485361 38.15430699999999
    vertex 19.50464995671326 38.29522976964628 38.15430699999999
  endloop
endfacet
facet normal 0.0 0.0 1.0
  outer loop
    vertex 11.55890372460603 33.83653082975109 38.15430699999999
    vertex 11.55890372460603 34.35416891995613 38.15430699999999
    vertex 11.524829550895097 34.09534987485361 38.15430699999999
  endloop
endfacet
facet normal 0.0 0.0 1.0
  outer loop
    vertex 11.55890372460603 34.35416891995613 38.15430699999999
    vertex 11.55890372460603 33.83653082975109 38.15430699999999
    vertex 11.658804147110658 33.59534987485361 38.15430699999999
  endloop
endfacet
facet normal 0.0 0.0 1.0
  outer loop
    vertex 11.55890372460603 34.35416891995613 38.15430699999999
    vertex 11.658804147110658 33.59534987485361 38.15430699999999
    vertex 11.65880414711066 34.59534987485361 38.15430699999999
  endloop
endfacet
facet normal 0.0 0.0 1.0
  outer loop
    vertex 11.65880414711066 34.59534987485361 38.15430699999999
    vertex 11.658804147110658 33.59534987485361 38.15430699999999
    vertex 11.81772276970855 33.388243093667064 38.15430699999999
  endloop
endfacet
facet normal 0.0 0.0 1.0
  outer loop
    vertex 11.65880414711066 34.59534987485361 38.15430699999999
    vertex 11.81772276970855 33.388243093667064 38.15430699999999
    vertex 11.81772276970855 34.802456656040164 38.15430699999999
  endloop
endfacet
facet normal 0.0 0.0 1.0
  outer loop
    vertex 11.81772276970855 34.802456656040164 38.15430699999999
    vertex 11.81772276970855 33.388243093667064 38.15430699999999
    vertex 12.024829550895097 33.22932447106917 38.15430699999999
  endloop
endfacet
facet normal 0.0 0.0 1.0
  outer loop
    vertex 11.81772276970855 34.802456656040164 38.15430699999999
    vertex 12.024829550895097 33.22932447106917 38.15430699999999
    vertex 12.024829550895097 34.96137527863805 38.15430699999999
  endloop
endfacet
facet normal 0.0 0.0 1.0
  outer loop
    vertex 12.024829550895097 34.96137527863805 38.15430699999999
    vertex 12.024829550895097 33.22932447106917 38.15430699999999
    vertex 12.266010505792574 33.129424048564545 38.15430699999999
  endloop
endfacet
facet normal 0.0 0.0 1.0
  outer loop
    vertex 12.024829550895097 34.96137527863805 38.15430699999999
    vertex 12.266010505792574 33.129424048564545 38.15430699999999
    vertex 12.266010505792575 35.06127570114268 38.15430699999999
  endloop
endfacet
facet normal 0.0 0.0 1.0
  outer loop
    vertex 12.266010505792575 35.06127570114268 38.15430699999999
    vertex 12.266010505792574 33.129424048564545 38.15430699999999
    vertex 12.524829550895095 33.09534987485361 38.15430699999999
  endloop
endfacet
facet normal 0.0 0.0 1.0
  outer loop
    vertex 12.266010505792575 35.06127570114268 38.15430699999999
    vertex 12.524829550895095 33.09534987485361 38.15430699999999
    vertex 12.524829550895095 35.09534987485361 38.15430699999999
  endloop
endfacet
facet normal 0.0 0.0 1.0
  outer loop
    vertex 11.558903724606028 23.83653082975108 38.15430699999999
    vertex 11.558903724606028 24.354168919956123 38.15430699999999
    vertex 11.524829550895095 24.0953498748536 38.15430699999999
  endloop
endfacet
facet normal 0.0 0.0 1.0
  outer loop
    vertex 11.558903724606028 24.354168919956123 38.15430699999999
    vertex 11.558903724606028 23.83653082975108 38.15430699999999
    vertex 11.658804147110658 23.595349874853603 38.15430699999999
  endloop
endfacet
facet normal 0.0 0.0 1.0
  outer loop
    vertex 11.558903724606028 24.354168919956123 38.15430699999999
    vertex 11.658804147110658 23.595349874853603 38.15430699999999
    vertex 11.658804147110658 24.5953498748536 38.15430699999999
  endloop
endfacet
facet normal 0.0 0.0 1.0
  outer loop
    vertex 11.658804147110658 24.5953498748536 38.15430699999999
    vertex 11.658804147110658 23.595349874853603 38.15430699999999
    vertex 11.817722769708547 23.388243093667054 38.15430699999999
  endloop
endfacet
facet normal 0.0 0.0 1.0
  outer loop
    vertex 11.658804147110658 24.5953498748536 38.15430699999999
    vertex 11.817722769708547 23.388243093667054 38.15430699999999
    vertex 11.81772276970855 24.802456656040146 38.15430699999999
  endloop
endfacet
facet normal 0.0 0.0 1.0
  outer loop
    vertex 11.81772276970855 24.802456656040146 38.15430699999999
    vertex 11.817722769708547 23.388243093667054 38.15430699999999
    vertex 12.024829550895095 23.229324471069162 38.15430699999999
  endloop
endfacet
facet normal 0.0 0.0 1.0
  outer loop
    vertex 11.81772276970855 24.802456656040146 38.15430699999999
    vertex 12.024829550895095 23.229324471069162 38.15430699999999
    vertex 12.024829550895097 24.96137527863804 38.15430699999999
  endloop
endfacet
facet normal 0.0 0.0 1.0
  outer loop
    vertex 12.024829550895097 24.96137527863804 38.15430699999999
    vertex 12.024829550895095 23.229324471069162 38.15430699999999
    vertex 12.266010505792574 23.129424048564534 38.15430699999999
  endloop
endfacet
facet normal 0.0 0.0 1.0
  outer loop
    vertex 12.024829550895097 24.96137527863804 38.15430699999999
    vertex 12.266010505792574 23.129424048564534 38.15430699999999
    vertex 12.266010505792575 25.06127570114267 38.15430699999999
  endloop
endfacet
facet normal 0.0 0.0 1.0
  outer loop
    vertex 12.266010505792575 25.06127570114267 38.15430699999999
    vertex 12.266010505792574 23.129424048564534 38.15430699999999
    vertex 12.524829550895095 23.095349874853603 38.15430699999999
  endloop
endfacet
facet normal 0.0 0.0 1.0
  outer loop
    vertex 12.266010505792575 25.06127570114267 38.15430699999999
    vertex 12.524829550895095 23.095349874853603 38.15430699999999
    vertex 12.524829550895095 25.0953498748536 38.15430699999999
  endloop
endfacet
facet normal 0.0 0.9962371788495157 0.08666881491031511
  outer loop
    vertex 4.524829550895072 42.88885760737528 -1.5108374129817856
    vertex 53.52482955089507 42.90950535829201 -1.7481783428671012
    vertex 4.524829550895072 42.90950535829201 -1.7481783428671012
  endloop
endfacet
facet normal 0.0 0.9962371788495157 0.08666881491031511
  outer loop
    vertex 53.52482955089507 42.90950535829201 -1.7481783428671012
    vertex 4.524829550895072 42.88885760737528 -1.5108374129817856
    vertex 53.52482955089507 42.88885760737528 -1.5108374129817856
  endloop
endfacet
facet normal 0.0 0.9847227600753643 -0.17412950866971605
  outer loop
    vertex 4.524829550895072 42.90950535829201 -1.7481783428671012
    vertex 53.52482955089507 42.832228588444664 -2.185187524568294
    vertex 4.524829550895072 42.832228588444664 -2.185187524568294
  endloop
endfacet
facet normal 0.0 0.9847227600753643 -0.17412950866971605
  outer loop
    vertex 53.52482955089507 42.832228588444664 -2.185187524568294
    vertex 4.524829550895072 42.90950535829201 -1.7481783428671012
    vertex 53.52482955089507 42.90950535829201 -1.7481783428671012
  endloop
endfacet
facet normal 0.0 0.9061011125333859 -0.4230611939965191
  outer loop
    vertex 4.524829550895072 42.832228588444664 -2.185187524568294
    vertex 53.52482955089507 42.644478661567994 -2.5873052797184335
    vertex 4.524829550895072 42.644478661567994 -2.5873052797184335
  endloop
endfacet
facet normal 0.0 0.9061011125333859 -0.4230611939965191
  outer loop
    vertex 53.52482955089507 42.644478661567994 -2.5873052797184335
    vertex 4.524829550895072 42.832228588444664 -2.185187524568294
    vertex 53.52482955089507 42.832228588444664 -2.185187524568294
  endloop
endfacet
facet normal 0.0 0.7657301715751397 -0.6431619580941547
  outer loop
    vertex 4.524829550895072 42.644478661567994 -2.5873052797184335
    vertex 53.52482955089507 42.359050424907196 -2.9271279478350465
    vertex 4.524829550895072 42.359050424907196 -2.9271279478350465
  endloop
endfacet
facet normal 0.0 0.7657301715751397 -0.6431619580941547
  outer loop
    vertex 53.52482955089507 42.359050424907196 -2.9271279478350465
    vertex 4.524829550895072 42.644478661567994 -2.5873052797184335
    vertex 53.52482955089507 42.644478661567994 -2.5873052797184335
  endloop
endfacet
facet normal 0.0 0.5731759848529907 -0.8194322976230581
  outer loop
    vertex 53.52482955089507 42.359050424907196 -2.9271279478350465
    vertex 4.524829550895072 41.99539534109825 -3.1814971756694983
    vertex 4.524829550895072 42.359050424907196 -2.9271279478350465
  endloop
endfacet
facet normal 0.0 0.5731759848529907 -0.8194322976230581
  outer loop
    vertex 4.524829550895072 41.99539534109825 -3.1814971756694983
    vertex 53.52482955089507 42.359050424907196 -2.9271279478350465
    vertex 53.52482955089507 41.99539534109825 -3.1814971756694983
  endloop
endfacet
facet normal 0.0 0.34156080198120936 -0.9398596802448508
  outer loop
    vertex 53.52482955089507 41.99539534109825 -3.1814971756694983
    vertex 4.524829550895072 41.5782959031343 -3.333078120709895
    vertex 4.524829550895072 41.99539534109825 -3.1814971756694983
  endloop
endfacet
facet normal 0.0 0.34156080198120936 -0.9398596802448508
  outer loop
    vertex 4.524829550895072 41.5782959031343 -3.333078120709895
    vertex 53.52482955089507 41.99539534109825 -3.1814971756694983
    vertex 53.52482955089507 41.5782959031343 -3.333078120709895
  endloop
endfacet
facet normal 0.0 0.08666881491032583 -0.9962371788495146
  outer loop
    vertex 53.52482955089507 41.5782959031343 -3.333078120709895
    vertex 4.524829550895072 41.13617674842317 -3.3715407920510905
    vertex 4.524829550895072 41.5782959031343 -3.333078120709895
  endloop
endfacet
facet normal 0.0 0.08666881491032583 -0.9962371788495146
  outer loop
    vertex 4.524829550895072 41.13617674842317 -3.3715407920510905
    vertex 53.52482955089507 41.5782959031343 -3.333078120709895
    vertex 53.52482955089507 41.13617674842317 -3.3715407920510905
  endloop
endfacet
facet normal -0.0 -0.1741295086697109 -0.9847227600753652
  outer loop
    vertex 53.52482955089507 41.13617674842317 -3.3715407920510905
    vertex 4.524829550895072 40.699167566721975 -3.2942640222037505
    vertex 4.524829550895072 41.13617674842317 -3.3715407920510905
  endloop
endfacet
facet normal -0.0 -0.1741295086697109 -0.9847227600753652
  outer loop
    vertex 4.524829550895072 40.699167566721975 -3.2942640222037505
    vertex 53.52482955089507 41.13617674842317 -3.3715407920510905
    vertex 53.52482955089507 40.699167566721975 -3.2942640222037505
  endloop
endfacet
facet normal -0.0 -0.4230611939965241 -0.9061011125333838
  outer loop
    vertex 53.52482955089507 40.699167566721975 -3.2942640222037505
    vertex 4.524829550895072 40.29704981157184 -3.1065140953270722
    vertex 4.524829550895072 40.699167566721975 -3.2942640222037505
  endloop
endfacet
facet normal -0.0 -0.4230611939965241 -0.9061011125333838
  outer loop
    vertex 4.524829550895072 40.29704981157184 -3.1065140953270722
    vertex 53.52482955089507 40.699167566721975 -3.2942640222037505
    vertex 53.52482955089507 40.29704981157184 -3.1065140953270722
  endloop
endfacet
facet normal -0.0 -0.6431619580941572 -0.7657301715751378
  outer loop
    vertex 53.52482955089507 40.29704981157184 -3.1065140953270722
    vertex 4.524829550895072 39.95722714345522 -2.821085858666276
    vertex 4.524829550895072 40.29704981157184 -3.1065140953270722
  endloop
endfacet
facet normal -0.0 -0.6431619580941572 -0.7657301715751378
  outer loop
    vertex 4.524829550895072 39.95722714345522 -2.821085858666276
    vertex 53.52482955089507 40.29704981157184 -3.1065140953270722
    vertex 53.52482955089507 39.95722714345522 -2.821085858666276
  endloop
endfacet
facet normal -0.0 -0.8194322976230574 -0.5731759848529921
  outer loop
    vertex 53.52482955089507 39.70285791562077 -2.4574307748573316
    vertex 4.524829550895072 39.95722714345522 -2.821085858666276
    vertex 53.52482955089507 39.95722714345522 -2.821085858666276
  endloop
endfacet
facet normal -0.0 -0.8194322976230574 -0.5731759848529921
  outer loop
    vertex 4.524829550895072 39.95722714345522 -2.821085858666276
    vertex 53.52482955089507 39.70285791562077 -2.4574307748573316
    vertex 4.524829550895072 39.70285791562077 -2.4574307748573316
  endloop
endfacet
facet normal -0.0 -0.9398596802448496 -0.3415608019812127
  outer loop
    vertex 53.52482955089507 39.551276970580375 -2.0403313368933786
    vertex 4.524829550895072 39.70285791562077 -2.4574307748573316
    vertex 53.52482955089507 39.70285791562077 -2.4574307748573316
  endloop
endfacet
facet normal -0.0 -0.9398596802448496 -0.3415608019812127
  outer loop
    vertex 4.524829550895072 39.70285791562077 -2.4574307748573316
    vertex 53.52482955089507 39.551276970580375 -2.0403313368933786
    vertex 4.524829550895072 39.551276970580375 -2.0403313368933786
  endloop
endfacet
facet normal -1.0 0.0 0.0
  outer loop
    vertex 4.524829550895072 42.88885760737528 -1.5108374129817856
    vertex 4.524829550895072 39.551276970580375 -2.0403313368933786
    vertex 4.524829550895072 39.53346205015591 -1.8355531120675306
  endloop
endfacet
facet normal -1.0 0.0 0.0
  outer loop
    vertex 4.524829550895072 39.551276970580375 -2.0403313368933786
    vertex 4.524829550895072 42.88885760737528 -1.5108374129817856
    vertex 4.524829550895072 39.70285791562077 -2.4574307748573316
  endloop
endfacet
facet normal -1.0 0.0 0.0
  outer loop
    vertex 4.524829550895072 39.70285791562077 -2.4574307748573316
    vertex 4.524829550895072 42.88885760737528 -1.5108374129817856
    vertex 4.524829550895072 39.95722714345522 -2.821085858666276
  endloop
endfacet
facet normal -1.0 0.0 0.0
  outer loop
    vertex 4.524829550895072 39.95722714345522 -2.821085858666276
    vertex 4.524829550895072 42.88885760737528 -1.5108374129817856
    vertex 4.524829550895072 40.29704981157184 -3.1065140953270722
  endloop
endfacet
facet normal -1.0 0.0 0.0
  outer loop
    vertex 4.524829550895072 40.29704981157184 -3.1065140953270722
    vertex 4.524829550895072 42.88885760737528 -1.5108374129817856
    vertex 4.524829550895072 40.699167566721975 -3.2942640222037505
  endloop
endfacet
facet normal -1.0 0.0 0.0
  outer loop
    vertex 4.524829550895072 40.699167566721975 -3.2942640222037505
    vertex 4.524829550895072 42.88885760737528 -1.5108374129817856
    vertex 4.524829550895072 41.13617674842317 -3.3715407920510905
  endloop
endfacet
facet normal -1.0 0.0 0.0
  outer loop
    vertex 4.524829550895072 41.13617674842317 -3.3715407920510905
    vertex 4.524829550895072 42.88885760737528 -1.5108374129817856
    vertex 4.524829550895072 41.5782959031343 -3.333078120709895
  endloop
endfacet
facet normal -1.0 0.0 0.0
  outer loop
    vertex 4.524829550895072 41.5782959031343 -3.333078120709895
    vertex 4.524829550895072 42.88885760737528 -1.5108374129817856
    vertex 4.524829550895072 41.99539534109825 -3.1814971756694983
  endloop
endfacet
facet normal -1.0 0.0 0.0
  outer loop
    vertex 4.524829550895072 41.99539534109825 -3.1814971756694983
    vertex 4.524829550895072 42.88885760737528 -1.5108374129817856
    vertex 4.524829550895072 42.359050424907196 -2.9271279478350465
  endloop
endfacet
facet normal -1.0 0.0 0.0
  outer loop
    vertex 4.524829550895072 42.359050424907196 -2.9271279478350465
    vertex 4.524829550895072 42.88885760737528 -1.5108374129817856
    vertex 4.524829550895072 42.644478661567994 -2.5873052797184335
  endloop
endfacet
facet normal -1.0 0.0 0.0
  outer loop
    vertex 4.524829550895072 42.644478661567994 -2.5873052797184335
    vertex 4.524829550895072 42.88885760737528 -1.5108374129817856
    vertex 4.524829550895072 42.832228588444664 -2.185187524568294
  endloop
endfacet
facet normal -1.0 0.0 0.0
  outer loop
    vertex 4.524829550895072 42.832228588444664 -2.185187524568294
    vertex 4.524829550895072 42.88885760737528 -1.5108374129817856
    vertex 4.524829550895072 42.90950535829201 -1.7481783428671012
  endloop
endfacet
facet normal -1.0 0.0 0.0
  outer loop
    vertex 4.524829550895072 19.201554981858465 -3.803531209644808
    vertex 4.524829550895072 15.848537420736966 -4.265867054487571
    vertex 4.524829550895072 15.842128360107358 -4.128412785871793
  endloop
endfacet
facet normal -1.0 0.0 0.0
  outer loop
    vertex 4.524829550895072 15.848537420736966 -4.265867054487571
    vertex 4.524829550895072 19.201554981858465 -3.803531209644808
    vertex 4.524829550895072 15.983239543395712 -4.688719348084772
  endloop
endfacet
facet normal -1.0 0.0 0.0
  outer loop
    vertex 4.524829550895072 15.983239543395712 -4.688719348084772
    vertex 4.524829550895072 19.201554981858465 -3.803531209644808
    vertex 4.524829550895072 16.22279402937599 -5.062299824416059
  endloop
endfacet
facet normal -1.0 0.0 0.0
  outer loop
    vertex 4.524829550895072 16.22279402937599 -5.062299824416059
    vertex 4.524829550895072 19.201554981858465 -3.803531209644808
    vertex 4.524829550895072 16.55087563634075 -5.36114959139038
  endloop
endfacet
facet normal -1.0 0.0 0.0
  outer loop
    vertex 4.524829550895072 16.55087563634075 -5.36114959139038
    vertex 4.524829550895072 19.201554981858465 -3.803531209644808
    vertex 4.524829550895072 16.945126144955836 -5.564902531261027
  endloop
endfacet
facet normal -1.0 0.0 0.0
  outer loop
    vertex 4.524829550895072 16.945126144955836 -5.564902531261027
    vertex 4.524829550895072 19.201554981858465 -3.803531209644808
    vertex 4.524829550895072 17.378678034588898 -5.659673217893468
  endloop
endfacet
facet normal -1.0 0.0 0.0
  outer loop
    vertex 4.524829550895072 17.378678034588898 -5.659673217893468
    vertex 4.524829550895072 19.201554981858465 -3.803531209644808
    vertex 4.524829550895072 17.821985460439823 -5.639003185609669
  endloop
endfacet
facet normal -1.0 0.0 0.0
  outer loop
    vertex 4.524829550895072 17.821985460439823 -5.639003185609669
    vertex 4.524829550895072 19.201554981858465 -3.803531209644808
    vertex 4.524829550895072 18.244837754037025 -5.504301062950925
  endloop
endfacet
facet normal -1.0 0.0 0.0
  outer loop
    vertex 4.524829550895072 18.244837754037025 -5.504301062950925
    vertex 4.524829550895072 19.201554981858465 -3.803531209644808
    vertex 4.524829550895072 18.61841823036831 -5.264746576970649
  endloop
endfacet
facet normal -1.0 0.0 0.0
  outer loop
    vertex 4.524829550895072 18.61841823036831 -5.264746576970649
    vertex 4.524829550895072 19.201554981858465 -3.803531209644808
    vertex 4.524829550895072 18.91726799734263 -4.9366649700058876
  endloop
endfacet
facet normal -1.0 0.0 0.0
  outer loop
    vertex 4.524829550895072 18.91726799734263 -4.9366649700058876
    vertex 4.524829550895072 19.201554981858465 -3.803531209644808
    vertex 4.524829550895072 19.121020937213277 -4.542414461390803
  endloop
endfacet
facet normal -1.0 0.0 0.0
  outer loop
    vertex 4.524829550895072 19.121020937213277 -4.542414461390803
    vertex 4.524829550895072 19.201554981858465 -3.803531209644808
    vertex 4.524829550895072 19.21579162384572 -4.108862571757738
  endloop
endfacet
facet normal 1.0 0.0 0.0
  outer loop
    vertex 53.52482955089507 19.249711853460532 -4.021151140078891
    vertex 53.52482955089507 22.59817229167665 -3.4750530168755938
    vertex 53.52482955089507 19.228436601178288 -3.8009315568351254
  endloop
endfacet
facet normal 1.0 0.0 0.0
  outer loop
    vertex 53.52482955089507 22.59817229167665 -3.4750530168755938
    vertex 53.52482955089507 19.249711853460532 -4.021151140078891
    vertex 53.52482955089507 19.40526193074558 -4.4367866745388325
  endloop
endfacet
facet normal 1.0 0.0 0.0
  outer loop
    vertex 53.52482955089507 22.59817229167665 -3.4750530168755938
    vertex 53.52482955089507 19.40526193074558 -4.4367866745388325
    vertex 53.52482955089507 19.663086159816068 -4.798000449128611
  endloop
endfacet
facet normal 1.0 0.0 0.0
  outer loop
    vertex 53.52482955089507 22.59817229167665 -3.4750530168755938
    vertex 53.52482955089507 19.663086159816068 -4.798000449128611
    vertex 53.52482955089507 20.005614245535522 -5.080176342043919
  endloop
endfacet
facet normal 1.0 0.0 0.0
  outer loop
    vertex 53.52482955089507 22.59817229167665 -3.4750530168755938
    vertex 53.52482955089507 20.005614245535522 -5.080176342043919
    vertex 53.52482955089507 20.40950346491659 -5.26408453250029
  endloop
endfacet
facet normal 1.0 0.0 0.0
  outer loop
    vertex 53.52482955089507 22.59817229167665 -3.4750530168755938
    vertex 53.52482955089507 20.40950346491659 -5.26408453250029
    vertex 53.52482955089507 20.847229435116947 -5.337191981240776
  endloop
endfacet
facet normal 1.0 0.0 0.0
  outer loop
    vertex 53.52482955089507 22.59817229167665 -3.4750530168755938
    vertex 53.52482955089507 20.847229435116947 -5.337191981240776
    vertex 53.52482955089507 21.2889618546438 -5.294516536449486
  endloop
endfacet
facet normal 1.0 0.0 0.0
  outer loop
    vertex 53.52482955089507 22.59817229167665 -3.4750530168755938
    vertex 53.52482955089507 21.2889618546438 -5.294516536449486
    vertex 53.52482955089507 21.704597389103746 -5.138966459164439
  endloop
endfacet
facet normal 1.0 0.0 0.0
  outer loop
    vertex 53.52482955089507 22.59817229167665 -3.4750530168755938
    vertex 53.52482955089507 21.704597389103746 -5.138966459164439
    vertex 53.52482955089507 22.06581116369352 -4.881142230093953
  endloop
endfacet
facet normal 1.0 0.0 0.0
  outer loop
    vertex 53.52482955089507 22.59817229167665 -3.4750530168755938
    vertex 53.52482955089507 22.06581116369352 -4.881142230093953
    vertex 53.52482955089507 22.34798705660883 -4.538614144374499
  endloop
endfacet
facet normal 1.0 0.0 0.0
  outer loop
    vertex 53.52482955089507 22.59817229167665 -3.4750530168755938
    vertex 53.52482955089507 22.34798705660883 -4.538614144374499
    vertex 53.52482955089507 22.5318952470652 -4.134724924993431
  endloop
endfacet
facet normal 1.0 0.0 0.0
  outer loop
    vertex 53.52482955089507 22.59817229167665 -3.4750530168755938
    vertex 53.52482955089507 22.5318952470652 -4.134724924993431
    vertex 53.52482955089507 22.605002695805688 -3.696998954793075
  endloop
endfacet
facet normal 1.0 0.0 0.0
  outer loop
    vertex 53.52482955089507 22.59817229167665 -3.4750530168755938
    vertex 53.52482955089507 22.605002695805688 -3.696998954793075
    vertex 53.52482955089507 22.61141036232298 -3.611846413554268
  endloop
endfacet
facet normal 0.0 0.998914737320803 0.04657625535947436
  outer loop
    vertex 4.524829550895072 19.201554981858465 -3.803531209644808
    vertex 53.52482955089507 19.21579162384572 -4.108862571757738
    vertex 4.524829550895072 19.21579162384572 -4.108862571757738
  endloop
endfacet
facet normal 0.0 0.998914737320803 0.04657625535947436
  outer loop
    vertex 53.52482955089507 19.21579162384572 -4.108862571757738
    vertex 4.524829550895072 19.201554981858465 -3.803531209644808
    vertex 53.52482955089507 19.201554981858465 -3.803531209644808
  endloop
endfacet
facet normal 1.0 0.0 0.0
  outer loop
    vertex 53.52482955089507 15.848537420736966 -4.265867054487571
    vertex 53.52482955089507 19.201554981858465 -3.803531209644808
    vertex 53.52482955089507 15.842128360107358 -4.128412785871793
  endloop
endfacet
facet normal 1.0 0.0 0.0
  outer loop
    vertex 53.52482955089507 19.201554981858465 -3.803531209644808
    vertex 53.52482955089507 15.848537420736966 -4.265867054487571
    vertex 53.52482955089507 15.983239543395712 -4.688719348084772
  endloop
endfacet
facet normal 1.0 0.0 0.0
  outer loop
    vertex 53.52482955089507 19.201554981858465 -3.803531209644808
    vertex 53.52482955089507 15.983239543395712 -4.688719348084772
    vertex 53.52482955089507 16.22279402937599 -5.062299824416059
  endloop
endfacet
facet normal 1.0 0.0 0.0
  outer loop
    vertex 53.52482955089507 19.201554981858465 -3.803531209644808
    vertex 53.52482955089507 16.22279402937599 -5.062299824416059
    vertex 53.52482955089507 16.55087563634075 -5.36114959139038
  endloop
endfacet
facet normal 1.0 0.0 0.0
  outer loop
    vertex 53.52482955089507 19.201554981858465 -3.803531209644808
    vertex 53.52482955089507 16.55087563634075 -5.36114959139038
    vertex 53.52482955089507 16.945126144955836 -5.564902531261027
  endloop
endfacet
facet normal 1.0 0.0 0.0
  outer loop
    vertex 53.52482955089507 19.201554981858465 -3.803531209644808
    vertex 53.52482955089507 16.945126144955836 -5.564902531261027
    vertex 53.52482955089507 17.378678034588898 -5.659673217893468
  endloop
endfacet
facet normal 1.0 0.0 0.0
  outer loop
    vertex 53.52482955089507 19.201554981858465 -3.803531209644808
    vertex 53.52482955089507 17.378678034588898 -5.659673217893468
    vertex 53.52482955089507 17.821985460439823 -5.639003185609669
  endloop
endfacet
facet normal 1.0 0.0 0.0
  outer loop
    vertex 53.52482955089507 19.201554981858465 -3.803531209644808
    vertex 53.52482955089507 17.821985460439823 -5.639003185609669
    vertex 53.52482955089507 18.244837754037025 -5.504301062950925
  endloop
endfacet
facet normal 1.0 0.0 0.0
  outer loop
    vertex 53.52482955089507 19.201554981858465 -3.803531209644808
    vertex 53.52482955089507 18.244837754037025 -5.504301062950925
    vertex 53.52482955089507 18.61841823036831 -5.264746576970649
  endloop
endfacet
facet normal 1.0 0.0 0.0
  outer loop
    vertex 53.52482955089507 19.201554981858465 -3.803531209644808
    vertex 53.52482955089507 18.61841823036831 -5.264746576970649
    vertex 53.52482955089507 18.91726799734263 -4.9366649700058876
  endloop
endfacet
facet normal 1.0 0.0 0.0
  outer loop
    vertex 53.52482955089507 19.201554981858465 -3.803531209644808
    vertex 53.52482955089507 18.91726799734263 -4.9366649700058876
    vertex 53.52482955089507 19.121020937213277 -4.542414461390803
  endloop
endfacet
facet normal 1.0 0.0 0.0
  outer loop
    vertex 53.52482955089507 19.201554981858465 -3.803531209644808
    vertex 53.52482955089507 19.121020937213277 -4.542414461390803
    vertex 53.52482955089507 19.21579162384572 -4.108862571757738
  endloop
endfacet
facet normal -0.0 -0.8417974110547369 -0.5397935890148591
  outer loop
    vertex 53.52482955089507 15.983239543395712 -4.688719348084772
    vertex 4.524829550895072 16.22279402937599 -5.062299824416059
    vertex 53.52482955089507 16.22279402937599 -5.062299824416059
  endloop
endfacet
facet normal -0.0 -0.8417974110547369 -0.5397935890148591
  outer loop
    vertex 4.524829550895072 16.22279402937599 -5.062299824416059
    vertex 53.52482955089507 15.983239543395712 -4.688719348084772
    vertex 4.524829550895072 15.983239543395712 -4.688719348084772
  endloop
endfacet
facet normal -0.0 -0.6734049985797582 -0.7392737705936792
  outer loop
    vertex 53.52482955089507 16.55087563634075 -5.36114959139038
    vertex 4.524829550895072 16.22279402937599 -5.062299824416059
    vertex 4.524829550895072 16.55087563634075 -5.36114959139038
  endloop
endfacet
facet normal -0.0 -0.6734049985797582 -0.7392737705936792
  outer loop
    vertex 4.524829550895072 16.22279402937599 -5.062299824416059
    vertex 53.52482955089507 16.55087563634075 -5.36114959139038
    vertex 53.52482955089507 16.22279402937599 -5.062299824416059
  endloop
endfacet
facet normal 0.0 -0.9989147373208033 -0.046576255359469326
  outer loop
    vertex 53.52482955089507 15.842128360107358 -4.128412785871793
    vertex 4.524829550895072 15.848537420736966 -4.265867054487571
    vertex 53.52482955089507 15.848537420736966 -4.265867054487571
  endloop
endfacet
facet normal 0.0 -0.9989147373208033 -0.046576255359469326
  outer loop
    vertex 4.524829550895072 15.848537420736966 -4.265867054487571
    vertex 53.52482955089507 15.842128360107358 -4.128412785871793
    vertex 4.524829550895072 15.842128360107358 -4.128412785871793
  endloop
endfacet
facet normal -0.0 -0.4591211483059439 -0.8883736664142132
  outer loop
    vertex 53.52482955089507 16.945126144955836 -5.564902531261027
    vertex 4.524829550895072 16.55087563634075 -5.36114959139038
    vertex 4.524829550895072 16.945126144955836 -5.564902531261027
  endloop
endfacet
facet normal -0.0 -0.4591211483059439 -0.8883736664142132
  outer loop
    vertex 4.524829550895072 16.55087563634075 -5.36114959139038
    vertex 53.52482955089507 16.945126144955836 -5.564902531261027
    vertex 53.52482955089507 16.55087563634075 -5.36114959139038
  endloop
endfacet
facet normal -0.0 -0.9528227211023326 -0.3035273663957616
  outer loop
    vertex 53.52482955089507 15.848537420736966 -4.265867054487571
    vertex 4.524829550895072 15.983239543395712 -4.688719348084772
    vertex 53.52482955089507 15.983239543395712 -4.688719348084772
  endloop
endfacet
facet normal -0.0 -0.9528227211023326 -0.3035273663957616
  outer loop
    vertex 4.524829550895072 15.983239543395712 -4.688719348084772
    vertex 53.52482955089507 15.848537420736966 -4.265867054487571
    vertex 4.524829550895072 15.848537420736966 -4.265867054487571
  endloop
endfacet
facet normal 0.0 0.3035273663957559 -0.9528227211023342
  outer loop
    vertex 53.52482955089507 18.244837754037025 -5.504301062950925
    vertex 4.524829550895072 17.821985460439823 -5.639003185609669
    vertex 4.524829550895072 18.244837754037025 -5.504301062950925
  endloop
endfacet
facet normal 0.0 0.3035273663957559 -0.9528227211023342
  outer loop
    vertex 4.524829550895072 17.821985460439823 -5.639003185609669
    vertex 53.52482955089507 18.244837754037025 -5.504301062950925
    vertex 53.52482955089507 17.821985460439823 -5.639003185609669
  endloop
endfacet
facet normal 0.0 0.8883736664142111 -0.4591211483059476
  outer loop
    vertex 4.524829550895072 19.121020937213277 -4.542414461390803
    vertex 53.52482955089507 18.91726799734263 -4.9366649700058876
    vertex 4.524829550895072 18.91726799734263 -4.9366649700058876
  endloop
endfacet
facet normal 0.0 0.8883736664142111 -0.4591211483059476
  outer loop
    vertex 53.52482955089507 18.91726799734263 -4.9366649700058876
    vertex 4.524829550895072 19.121020937213277 -4.542414461390803
    vertex 53.52482955089507 19.121020937213277 -4.542414461390803
  endloop
endfacet
facet normal -0.0 -0.213548950508653 -0.9769323649755152
  outer loop
    vertex 53.52482955089507 17.378678034588898 -5.659673217893468
    vertex 4.524829550895072 16.945126144955836 -5.564902531261027
    vertex 4.524829550895072 17.378678034588898 -5.659673217893468
  endloop
endfacet
facet normal -0.0 -0.213548950508653 -0.9769323649755152
  outer loop
    vertex 4.524829550895072 16.945126144955836 -5.564902531261027
    vertex 53.52482955089507 17.378678034588898 -5.659673217893468
    vertex 53.52482955089507 16.945126144955836 -5.564902531261027
  endloop
endfacet
facet normal 0.0 0.5397935890148593 -0.8417974110547366
  outer loop
    vertex 53.52482955089507 18.61841823036831 -5.264746576970649
    vertex 4.524829550895072 18.244837754037025 -5.504301062950925
    vertex 4.524829550895072 18.61841823036831 -5.264746576970649
  endloop
endfacet
facet normal 0.0 0.5397935890148593 -0.8417974110547366
  outer loop
    vertex 4.524829550895072 18.244837754037025 -5.504301062950925
    vertex 53.52482955089507 18.61841823036831 -5.264746576970649
    vertex 53.52482955089507 18.244837754037025 -5.504301062950925
  endloop
endfacet
facet normal 0.0 0.9769323649755152 -0.21354895050865264
  outer loop
    vertex 4.524829550895072 19.21579162384572 -4.108862571757738
    vertex 53.52482955089507 19.121020937213277 -4.542414461390803
    vertex 4.524829550895072 19.121020937213277 -4.542414461390803
  endloop
endfacet
facet normal 0.0 0.9769323649755152 -0.21354895050865264
  outer loop
    vertex 53.52482955089507 19.121020937213277 -4.542414461390803
    vertex 4.524829550895072 19.21579162384572 -4.108862571757738
    vertex 53.52482955089507 19.21579162384572 -4.108862571757738
  endloop
endfacet
facet normal 0.0 0.04657625535947455 -0.998914737320803
  outer loop
    vertex 53.52482955089507 17.821985460439823 -5.639003185609669
    vertex 4.524829550895072 17.378678034588898 -5.659673217893468
    vertex 4.524829550895072 17.821985460439823 -5.639003185609669
  endloop
endfacet
facet normal 0.0 0.04657625535947455 -0.998914737320803
  outer loop
    vertex 4.524829550895072 17.378678034588898 -5.659673217893468
    vertex 53.52482955089507 17.821985460439823 -5.639003185609669
    vertex 53.52482955089507 17.378678034588898 -5.659673217893468
  endloop
endfacet
facet normal 0.0 0.7392737705936806 -0.6734049985797567
  outer loop
    vertex 4.524829550895072 18.91726799734263 -4.9366649700058876
    vertex 53.52482955089507 18.61841823036831 -5.264746576970649
    vertex 4.524829550895072 18.61841823036831 -5.264746576970649
  endloop
endfacet
facet normal 0.0 0.7392737705936806 -0.6734049985797567
  outer loop
    vertex 53.52482955089507 18.61841823036831 -5.264746576970649
    vertex 4.524829550895072 18.91726799734263 -4.9366649700058876
    vertex 53.52482955089507 18.91726799734263 -4.9366649700058876
  endloop
endfacet
facet normal 1.0 0.0 0.0
  outer loop
    vertex 53.52482955089507 39.551276970580375 -2.0403313368933786
    vertex 53.52482955089507 42.88885760737528 -1.5108374129817856
    vertex 53.52482955089507 39.53346205015591 -1.8355531120675306
  endloop
endfacet
facet normal 1.0 0.0 0.0
  outer loop
    vertex 53.52482955089507 42.88885760737528 -1.5108374129817856
    vertex 53.52482955089507 39.551276970580375 -2.0403313368933786
    vertex 53.52482955089507 39.70285791562077 -2.4574307748573316
  endloop
endfacet
facet normal 1.0 0.0 0.0
  outer loop
    vertex 53.52482955089507 42.88885760737528 -1.5108374129817856
    vertex 53.52482955089507 39.70285791562077 -2.4574307748573316
    vertex 53.52482955089507 39.95722714345522 -2.821085858666276
  endloop
endfacet
facet normal 1.0 0.0 0.0
  outer loop
    vertex 53.52482955089507 42.88885760737528 -1.5108374129817856
    vertex 53.52482955089507 39.95722714345522 -2.821085858666276
    vertex 53.52482955089507 40.29704981157184 -3.1065140953270722
  endloop
endfacet
facet normal 1.0 0.0 0.0
  outer loop
    vertex 53.52482955089507 42.88885760737528 -1.5108374129817856
    vertex 53.52482955089507 40.29704981157184 -3.1065140953270722
    vertex 53.52482955089507 40.699167566721975 -3.2942640222037505
  endloop
endfacet
facet normal 1.0 0.0 0.0
  outer loop
    vertex 53.52482955089507 42.88885760737528 -1.5108374129817856
    vertex 53.52482955089507 40.699167566721975 -3.2942640222037505
    vertex 53.52482955089507 41.13617674842317 -3.3715407920510905
  endloop
endfacet
facet normal 1.0 0.0 0.0
  outer loop
    vertex 53.52482955089507 42.88885760737528 -1.5108374129817856
    vertex 53.52482955089507 41.13617674842317 -3.3715407920510905
    vertex 53.52482955089507 41.5782959031343 -3.333078120709895
  endloop
endfacet
facet normal 1.0 0.0 0.0
  outer loop
    vertex 53.52482955089507 42.88885760737528 -1.5108374129817856
    vertex 53.52482955089507 41.5782959031343 -3.333078120709895
    vertex 53.52482955089507 41.99539534109825 -3.1814971756694983
  endloop
endfacet
facet normal 1.0 0.0 0.0
  outer loop
    vertex 53.52482955089507 42.88885760737528 -1.5108374129817856
    vertex 53.52482955089507 41.99539534109825 -3.1814971756694983
    vertex 53.52482955089507 42.359050424907196 -2.9271279478350465
  endloop
endfacet
facet normal 1.0 0.0 0.0
  outer loop
    vertex 53.52482955089507 42.88885760737528 -1.5108374129817856
    vertex 53.52482955089507 42.359050424907196 -2.9271279478350465
    vertex 53.52482955089507 42.644478661567994 -2.5873052797184335
  endloop
endfacet
facet normal 1.0 0.0 0.0
  outer loop
    vertex 53.52482955089507 42.88885760737528 -1.5108374129817856
    vertex 53.52482955089507 42.644478661567994 -2.5873052797184335
    vertex 53.52482955089507 42.832228588444664 -2.185187524568294
  endloop
endfacet
facet normal 1.0 0.0 0.0
  outer loop
    vertex 53.52482955089507 42.88885760737528 -1.5108374129817856
    vertex 53.52482955089507 42.832228588444664 -2.185187524568294
    vertex 53.52482955089507 42.90950535829201 -1.7481783428671012
  endloop
endfacet
facet normal 1.0 0.0 0.0
  outer loop
    vertex 54.52482955089507 44.59534987485362 -1.345693000000011
    vertex 54.52482955089507 13.595349874853603 6.654306999999989
    vertex 54.52482955089507 13.595349874853603 -4.345693000000011
  endloop
endfacet
facet normal 1.0 0.0 0.0
  outer loop
    vertex 54.52482955089507 13.595349874853603 6.654306999999989
    vertex 54.52482955089507 44.59534987485362 -1.345693000000011
    vertex 54.52482955089507 44.59534987485362 6.654306999999989
  endloop
endfacet
facet normal 0.0008984261761818639 0.09634027630264795 -0.9953480516846033
  outer loop
    vertex 54.52482955089507 44.59534987485362 -1.345693000000011
    vertex 53.52482955089507 39.53346205015591 -1.8355531120675306
    vertex 53.52482955089507 42.88885760737528 -1.5108374129817856
  endloop
endfacet
facet normal 0.0008984261761818639 0.09634027630264795 -0.9953480516846033
  outer loop
    vertex 53.52482955089507 39.53346205015591 -1.8355531120675306
    vertex 54.52482955089507 44.59534987485362 -1.345693000000011
    vertex 53.52482955089507 39.507609287117624 -1.838054992361558
  endloop
endfacet
facet normal 0.0008984261761818639 0.09634027630264795 -0.9953480516846033
  outer loop
    vertex 53.52482955089507 39.507609287117624 -1.838054992361558
    vertex 54.52482955089507 44.59534987485362 -1.345693000000011
    vertex 53.524829550895085 39.429450450515816 -1.8473407760551515
  endloop
endfacet
facet normal 0.0008984261761818639 0.09634027630264795 -0.9953480516846033
  outer loop
    vertex 53.524829550895085 39.429450450515816 -1.8473407760551515
    vertex 53.52482955089507 32.69693918698015 -2.4984256723833282
    vertex 53.52482955089507 36.06319481874799 -2.1728832242192397
  endloop
endfacet
facet normal 0.0008984261761818639 0.09634027630264795 -0.9953480516846033
  outer loop
    vertex 53.52482955089507 32.69693918698015 -2.4984256723833282
    vertex 53.524829550895085 39.429450450515816 -1.8473407760551515
    vertex 53.52482955089507 32.55656942885647 -2.511596611988807
  endloop
endfacet
facet normal 0.0008984261761818639 0.09634027630264795 -0.9953480516846033
  outer loop
    vertex 53.52482955089507 32.55656942885647 -2.511596611988807
    vertex 53.524829550895085 39.429450450515816 -1.8473407760551515
    vertex 54.52482955089507 13.595349874853603 -4.345693000000011
  endloop
endfacet
facet normal 0.0008984261761818639 0.09634027630264795 -0.9953480516846033
  outer loop
    vertex 54.52482955089507 13.595349874853603 -4.345693000000011
    vertex 53.524829550895085 39.429450450515816 -1.8473407760551515
    vertex 54.52482955089507 44.59534987485362 -1.345693000000011
  endloop
endfacet
facet normal 0.0 0.09632419486019045 -0.9953500135553003
  outer loop
    vertex 4.524829550895072 42.88885760737528 -1.5108374129817856
    vertex 3.524829550895072 42.88885760737528 -1.5108374129817856
    vertex 3.524829550895098 44.59534987485362 -1.345693000000011
  endloop
endfacet
facet normal -5.559596093610063e-19 0.09632419486019046 -0.9953500135553003
  outer loop
    vertex 54.52482955089507 44.59534987485362 -1.345693000000011
    vertex 4.524829550895072 42.88885760737528 -1.5108374129817856
    vertex 3.524829550895098 44.59534987485362 -1.345693000000011
  endloop
endfacet
facet normal 3.0113514034735013e-19 0.09632419486019046 -0.9953500135553003
  outer loop
    vertex 54.52482955089507 44.59534987485362 -1.345693000000011
    vertex 53.52482955089507 42.88885760737528 -1.5108374129817856
    vertex 4.524829550895072 42.88885760737528 -1.5108374129817856
  endloop
endfacet
facet normal 0.0 0.09625837571744009 -0.9953563809531942
  outer loop
    vertex 53.52482955089507 19.201554981858465 -3.803531209644808
    vertex 4.524829550895072 19.201554981858465 -3.803531209644808
    vertex 4.524829550895072 19.228436601178288 -3.8009315568351254
  endloop
endfacet
facet normal 0.0 0.09625837571744009 -0.9953563809531942
  outer loop
    vertex 53.52482955089507 19.201554981858465 -3.803531209644808
    vertex 4.524829550895072 19.228436601178288 -3.8009315568351254
    vertex 53.52482955089507 19.228436601178288 -3.8009315568351254
  endloop
endfacet
facet normal 0.0006140778048715105 0.09631855806654961 -0.995350369608828
  outer loop
    vertex 54.52482955089507 13.595349874853603 -4.345693000000011
    vertex 53.52482955089507 25.964427923444482 -3.1495105687115053
    vertex 53.52482955089507 29.18679775506074 -2.8374786342029226
  endloop
endfacet
facet normal 0.0006140778048715105 0.09631855806654961 -0.995350369608828
  outer loop
    vertex 53.52482955089507 25.964427923444482 -3.1495105687115053
    vertex 54.52482955089507 13.595349874853603 -4.345693000000011
    vertex 53.52482955089507 22.59817229167665 -3.4750530168755938
  endloop
endfacet
facet normal -1.0 6.279289515912184e-17 1.6917380642499124e-16
  outer loop
    vertex 4.524829550895072 22.59817229167665 -3.4750530168755938
    vertex 4.524829550895072 19.249711853460532 -4.021151140078891
    vertex 4.524829550895072 19.228436601178288 -3.8009315568351254
  endloop
endfacet
facet normal -1.0 6.279289515912184e-17 1.6917380642499124e-16
  outer loop
    vertex 4.524829550895072 19.249711853460532 -4.021151140078891
    vertex 4.524829550895072 22.59817229167665 -3.4750530168755938
    vertex 4.524829550895072 19.40526193074558 -4.4367866745388325
  endloop
endfacet
facet normal -1.0 6.279289515912184e-17 1.6917380642499124e-16
  outer loop
    vertex 4.524829550895072 19.40526193074558 -4.4367866745388325
    vertex 4.524829550895072 22.59817229167665 -3.4750530168755938
    vertex 4.524829550895072 19.663086159816068 -4.798000449128611
  endloop
endfacet
facet normal -1.0 6.279289515912184e-17 1.6917380642499124e-16
  outer loop
    vertex 4.524829550895072 19.663086159816068 -4.798000449128611
    vertex 4.524829550895072 22.59817229167665 -3.4750530168755938
    vertex 4.524829550895072 20.005614245535522 -5.080176342043919
  endloop
endfacet
facet normal -1.0 6.279289515912184e-17 1.6917380642499124e-16
  outer loop
    vertex 4.524829550895072 20.005614245535522 -5.080176342043919
    vertex 4.524829550895072 22.59817229167665 -3.4750530168755938
    vertex 4.524829550895072 20.40950346491659 -5.26408453250029
  endloop
endfacet
facet normal -1.0 6.279289515912184e-17 1.6917380642499124e-16
  outer loop
    vertex 4.524829550895072 20.40950346491659 -5.26408453250029
    vertex 4.524829550895072 22.59817229167665 -3.4750530168755938
    vertex 4.524829550895072 20.847229435116947 -5.337191981240776
  endloop
endfacet
facet normal -1.0 6.279289515912184e-17 1.6917380642499124e-16
  outer loop
    vertex 4.524829550895072 20.847229435116947 -5.337191981240776
    vertex 4.524829550895072 22.59817229167665 -3.4750530168755938
    vertex 4.524829550895072 21.2889618546438 -5.294516536449486
  endloop
endfacet
facet normal -1.0 6.279289515912184e-17 1.6917380642499124e-16
  outer loop
    vertex 4.524829550895072 21.2889618546438 -5.294516536449486
    vertex 4.524829550895072 22.59817229167665 -3.4750530168755938
    vertex 4.524829550895072 21.704597389103746 -5.138966459164439
  endloop
endfacet
facet normal -1.0 6.279289515912184e-17 1.6917380642499124e-16
  outer loop
    vertex 4.524829550895072 21.704597389103746 -5.138966459164439
    vertex 4.524829550895072 22.59817229167665 -3.4750530168755938
    vertex 4.524829550895072 22.06581116369352 -4.881142230093953
  endloop
endfacet
facet normal -1.0 6.279289515912184e-17 1.6917380642499124e-16
  outer loop
    vertex 4.524829550895072 22.06581116369352 -4.881142230093953
    vertex 4.524829550895072 22.59817229167665 -3.4750530168755938
    vertex 4.524829550895072 22.34798705660883 -4.538614144374499
  endloop
endfacet
facet normal -1.0 6.279289515912184e-17 1.6917380642499124e-16
  outer loop
    vertex 4.524829550895072 22.34798705660883 -4.538614144374499
    vertex 4.524829550895072 22.59817229167665 -3.4750530168755938
    vertex 4.524829550895072 22.5318952470652 -4.134724924993431
  endloop
endfacet
facet normal -1.0 6.279289515912184e-17 1.6917380642499124e-16
  outer loop
    vertex 4.524829550895072 22.5318952470652 -4.134724924993431
    vertex 4.524829550895072 22.59817229167665 -3.4750530168755938
    vertex 4.524829550895072 22.605002695805688 -3.696998954793075
  endloop
endfacet
facet normal -1.0 6.279289515912184e-17 1.6917380642499124e-16
  outer loop
    vertex 4.524829550895072 22.605002695805688 -3.696998954793075
    vertex 4.524829550895072 22.59817229167665 -3.4750530168755938
    vertex 4.524829550895073 22.61141036232298 -3.611846413554268
  endloop
endfacet
facet normal 0.0 -0.9953657396349115 -0.09616155344546931
  outer loop
    vertex 53.52482955089507 19.228436601178288 -3.8009315568351254
    vertex 4.524829550895072 19.249711853460532 -4.021151140078891
    vertex 53.52482955089507 19.249711853460532 -4.021151140078891
  endloop
endfacet
facet normal 0.0 -0.9953657396349115 -0.09616155344546931
  outer loop
    vertex 4.524829550895072 19.249711853460532 -4.021151140078891
    vertex 53.52482955089507 19.228436601178288 -3.8009315568351254
    vertex 4.524829550895072 19.228436601178288 -3.8009315568351254
  endloop
endfacet
facet normal 0.0 0.3505045382291309 -0.9365610330783488
  outer loop
    vertex 53.52482955089507 21.704597389103746 -5.138966459164439
    vertex 4.524829550895072 21.2889618546438 -5.294516536449486
    vertex 4.524829550895072 21.704597389103746 -5.138966459164439
  endloop
endfacet
facet normal 0.0 0.3505045382291309 -0.9365610330783488
  outer loop
    vertex 4.524829550895072 21.2889618546438 -5.294516536449486
    vertex 53.52482955089507 21.704597389103746 -5.138966459164439
    vertex 53.52482955089507 21.2889618546438 -5.294516536449486
  endloop
endfacet
facet normal 0.0 0.09616155344547618 -0.9953657396349107
  outer loop
    vertex 53.52482955089507 21.2889618546438 -5.294516536449486
    vertex 4.524829550895072 20.847229435116947 -5.337191981240776
    vertex 4.524829550895072 21.2889618546438 -5.294516536449486
  endloop
endfacet
facet normal 0.0 0.09616155344547618 -0.9953657396349107
  outer loop
    vertex 4.524829550895072 20.847229435116947 -5.337191981240776
    vertex 53.52482955089507 21.2889618546438 -5.294516536449486
    vertex 53.52482955089507 20.847229435116947 -5.337191981240776
  endloop
endfacet
facet normal 0.0 0.7718263507873383 -0.6358333777258793
  outer loop
    vertex 4.524829550895072 22.34798705660883 -4.538614144374499
    vertex 53.52482955089507 22.06581116369352 -4.881142230093953
    vertex 4.524829550895072 22.06581116369352 -4.881142230093953
  endloop
endfacet
facet normal 0.0 0.7718263507873383 -0.6358333777258793
  outer loop
    vertex 53.52482955089507 22.06581116369352 -4.881142230093953
    vertex 4.524829550895072 22.34798705660883 -4.538614144374499
    vertex 53.52482955089507 22.34798705660883 -4.538614144374499
  endloop
endfacet
facet normal 0.0 0.580961217968612 -0.8139312398577825
  outer loop
    vertex 53.52482955089507 22.06581116369352 -4.881142230093953
    vertex 4.524829550895072 21.704597389103746 -5.138966459164439
    vertex 4.524829550895072 22.06581116369352 -4.881142230093953
  endloop
endfacet
facet normal 0.0 0.580961217968612 -0.8139312398577825
  outer loop
    vertex 4.524829550895072 21.704597389103746 -5.138966459164439
    vertex 53.52482955089507 22.06581116369352 -4.881142230093953
    vertex 53.52482955089507 21.704597389103746 -5.138966459164439
  endloop
endfacet
facet normal -0.0 -0.813931239857781 -0.5809612179686141
  outer loop
    vertex 53.52482955089507 19.40526193074558 -4.4367866745388325
    vertex 4.524829550895072 19.663086159816068 -4.798000449128611
    vertex 53.52482955089507 19.663086159816068 -4.798000449128611
  endloop
endfacet
facet normal -0.0 -0.813931239857781 -0.5809612179686141
  outer loop
    vertex 4.524829550895072 19.663086159816068 -4.798000449128611
    vertex 53.52482955089507 19.40526193074558 -4.4367866745388325
    vertex 4.524829550895072 19.40526193074558 -4.4367866745388325
  endloop
endfacet
facet normal -0.0 -0.16473468229100852 -0.9863379159550143
  outer loop
    vertex 53.52482955089507 20.847229435116947 -5.337191981240776
    vertex 4.524829550895072 20.40950346491659 -5.26408453250029
    vertex 4.524829550895072 20.847229435116947 -5.337191981240776
  endloop
endfacet
facet normal -0.0 -0.16473468229100852 -0.9863379159550143
  outer loop
    vertex 4.524829550895072 20.40950346491659 -5.26408453250029
    vertex 53.52482955089507 20.847229435116947 -5.337191981240776
    vertex 53.52482955089507 20.40950346491659 -5.26408453250029
  endloop
endfacet
facet normal -0.0 -0.6358333777258819 -0.7718263507873363
  outer loop
    vertex 53.52482955089507 20.005614245535522 -5.080176342043919
    vertex 4.524829550895072 19.663086159816068 -4.798000449128611
    vertex 4.524829550895072 20.005614245535522 -5.080176342043919
  endloop
endfacet
facet normal -0.0 -0.6358333777258819 -0.7718263507873363
  outer loop
    vertex 4.524829550895072 19.663086159816068 -4.798000449128611
    vertex 53.52482955089507 20.005614245535522 -5.080176342043919
    vertex 53.52482955089507 19.663086159816068 -4.798000449128611
  endloop
endfacet
facet normal -0.0 -0.9365610330783463 -0.35050453822913713
  outer loop
    vertex 53.52482955089507 19.249711853460532 -4.021151140078891
    vertex 4.524829550895072 19.40526193074558 -4.4367866745388325
    vertex 53.52482955089507 19.40526193074558 -4.4367866745388325
  endloop
endfacet
facet normal -0.0 -0.9365610330783463 -0.35050453822913713
  outer loop
    vertex 4.524829550895072 19.40526193074558 -4.4367866745388325
    vertex 53.52482955089507 19.249711853460532 -4.021151140078891
    vertex 4.524829550895072 19.249711853460532 -4.021151140078891
  endloop
endfacet
facet normal -0.0 -0.4144045216662982 -0.9100927933032581
  outer loop
    vertex 53.52482955089507 20.40950346491659 -5.26408453250029
    vertex 4.524829550895072 20.005614245535522 -5.080176342043919
    vertex 4.524829550895072 20.40950346491659 -5.26408453250029
  endloop
endfacet
facet normal -0.0 -0.4144045216662982 -0.9100927933032581
  outer loop
    vertex 4.524829550895072 20.005614245535522 -5.080176342043919
    vertex 53.52482955089507 20.40950346491659 -5.26408453250029
    vertex 53.52482955089507 20.005614245535522 -5.080176342043919
  endloop
endfacet
facet normal 2.783651395154346e-06 0.09630980418845116 -0.9953514060920564
  outer loop
    vertex 4.524829550895072 39.53346205015591 -1.8355531120675306
    vertex 4.524829550895072 22.59817229167665 -3.4750530168755938
    vertex 4.524829550895079 39.429450450515816 -1.8473407760551515
  endloop
endfacet
facet normal 2.783651395154346e-06 0.09630980418845116 -0.9953514060920564
  outer loop
    vertex 4.524829550895073 25.964427923444482 -3.1495105687115053
    vertex 4.524829550895079 39.429450450515816 -1.8473407760551515
    vertex 4.524829550895072 22.59817229167665 -3.4750530168755938
  endloop
endfacet
facet normal 2.783651395154346e-06 0.09630980418845116 -0.9953514060920564
  outer loop
    vertex 4.524829550895075 29.330683555212318 -2.8239681205474167
    vertex 4.524829550895079 39.429450450515816 -1.8473407760551515
    vertex 4.524829550895073 25.964427923444482 -3.1495105687115053
  endloop
endfacet
facet normal 2.783651395154346e-06 0.09630980418845116 -0.9953514060920564
  outer loop
    vertex 4.524829550895076 32.69693918698015 -2.4984256723833282
    vertex 4.524829550895079 39.429450450515816 -1.8473407760551515
    vertex 4.524829550895075 29.330683555212318 -2.8239681205474167
  endloop
endfacet
facet normal 2.783651395154346e-06 0.09630980418845116 -0.9953514060920564
  outer loop
    vertex 4.5248295508950775 36.06319481874799 -2.1728832242192397
    vertex 4.524829550895079 39.429450450515816 -1.8473407760551515
    vertex 4.524829550895076 32.69693918698015 -2.4984256723833282
  endloop
endfacet
facet normal 2.783651395154346e-06 0.09630980418845116 -0.9953514060920564
  outer loop
    vertex 53.52482955089507 22.59817229167665 -3.4750530168755938
    vertex 53.52482955089507 19.228436601178288 -3.8009315568351254
    vertex 54.52482955089507 13.595349874853603 -4.345693000000011
  endloop
endfacet
facet normal 2.783651395154346e-06 0.09630980418845116 -0.9953514060920564
  outer loop
    vertex 53.52482955089507 19.201554981858465 -3.803531209644808
    vertex 54.52482955089507 13.595349874853603 -4.345693000000011
    vertex 53.52482955089507 19.228436601178288 -3.8009315568351254
  endloop
endfacet
facet normal 2.783651395154346e-06 0.09630980418845116 -0.9953514060920564
  outer loop
    vertex 53.52482955089507 15.842128360107358 -4.128412785871793
    vertex 54.52482955089507 13.595349874853603 -4.345693000000011
    vertex 53.52482955089507 19.201554981858465 -3.803531209644808
  endloop
endfacet
facet normal 2.783651395154346e-06 0.09630980418845116 -0.9953514060920564
  outer loop
    vertex 3.524829550895072 42.88885760737528 -1.5108374129817856
    vertex 3.524829550895098 13.595349874853603 -4.345693000000011
    vertex 4.524829550895072 42.88885760737528 -1.5108374129817856
  endloop
endfacet
facet normal 2.783651395154346e-06 0.09630980418845116 -0.9953514060920564
  outer loop
    vertex 4.524829550895072 15.842128360107358 -4.128412785871793
    vertex 4.524829550895072 42.88885760737528 -1.5108374129817856
    vertex 3.524829550895098 13.595349874853603 -4.345693000000011
  endloop
endfacet
facet normal 2.783651395154346e-06 0.09630980418845116 -0.9953514060920564
  outer loop
    vertex 54.52482955089507 13.595349874853603 -4.345693000000011
    vertex 4.524829550895072 15.842128360107358 -4.128412785871793
    vertex 3.524829550895098 13.595349874853603 -4.345693000000011
  endloop
endfacet
facet normal 2.783651395154346e-06 0.09630980418845116 -0.9953514060920564
  outer loop
    vertex 4.524829550895072 39.53346205015591 -1.8355531120675306
    vertex 4.524829550895072 42.88885760737528 -1.5108374129817856
    vertex 4.524829550895072 15.842128360107358 -4.128412785871793
  endloop
endfacet
facet normal 2.783651395154346e-06 0.09630980418845116 -0.9953514060920564
  outer loop
    vertex 4.524829550895072 22.59817229167665 -3.4750530168755938
    vertex 4.524829550895072 39.53346205015591 -1.8355531120675306
    vertex 4.524829550895072 15.842128360107358 -4.128412785871793
  endloop
endfacet
facet normal 2.783651395154346e-06 0.09630980418845116 -0.9953514060920564
  outer loop
    vertex 4.524829550895072 19.228436601178288 -3.8009315568351254
    vertex 4.524829550895072 22.59817229167665 -3.4750530168755938
    vertex 4.524829550895072 15.842128360107358 -4.128412785871793
  endloop
endfacet
facet normal 2.783651395154346e-06 0.09630980418845116 -0.9953514060920564
  outer loop
    vertex 4.524829550895072 19.201554981858465 -3.803531209644808
    vertex 4.524829550895072 19.228436601178288 -3.8009315568351254
    vertex 4.524829550895072 15.842128360107358 -4.128412785871793
  endloop
endfacet
facet normal 2.783651395154346e-06 0.09630980418845116 -0.9953514060920564
  outer loop
    vertex 53.52482955089507 15.842128360107358 -4.128412785871793
    vertex 4.524829550895072 15.842128360107358 -4.128412785871793
    vertex 54.52482955089507 13.595349874853603 -4.345693000000011
  endloop
endfacet
facet normal 0.0 0.9100927933032589 -0.4144045216662964
  outer loop
    vertex 4.524829550895072 22.5318952470652 -4.134724924993431
    vertex 53.52482955089507 22.34798705660883 -4.538614144374499
    vertex 4.524829550895072 22.34798705660883 -4.538614144374499
  endloop
endfacet
facet normal 0.0 0.9100927933032589 -0.4144045216662964
  outer loop
    vertex 53.52482955089507 22.34798705660883 -4.538614144374499
    vertex 4.524829550895072 22.5318952470652 -4.134724924993431
    vertex 53.52482955089507 22.5318952470652 -4.134724924993431
  endloop
endfacet
facet normal 0.0 0.9863379159550135 -0.16473468229101237
  outer loop
    vertex 4.524829550895072 22.605002695805688 -3.696998954793075
    vertex 53.52482955089507 22.5318952470652 -4.134724924993431
    vertex 4.524829550895072 22.5318952470652 -4.134724924993431
  endloop
endfacet
facet normal 0.0 0.9863379159550135 -0.16473468229101237
  outer loop
    vertex 53.52482955089507 22.5318952470652 -4.134724924993431
    vertex 4.524829550895072 22.605002695805688 -3.696998954793075
    vertex 53.52482955089507 22.605002695805688 -3.696998954793075
  endloop
endfacet
facet normal 1.0 -6.714205910828325e-17 1.6685244328084662e-47
  outer loop
    vertex 9.524829550895097 39.59534987485361 6.65430699999999
    vertex 9.524829550895095 18.595349874853603 10.65430699999999
    vertex 9.524829550895095 18.595349874853603 6.65430699999999
  endloop
endfacet
facet normal 1.0 -6.714205910828325e-17 1.6685244328084662e-47
  outer loop
    vertex 9.524829550895095 18.595349874853603 10.65430699999999
    vertex 9.524829550895097 39.59534987485361 6.65430699999999
    vertex 9.524829550895097 39.59534987485361 10.65430699999999
  endloop
endfacet
facet normal 1.0 -6.714205910828325e-17 -5.367404295610549e-33
  outer loop
    vertex 9.524829550895097 39.59534987485361 5.6543069999999895
    vertex 9.524829550895095 18.595349874853603 6.65430699999999
    vertex 9.524829550895095 18.595349874853603 5.6543069999999895
  endloop
endfacet
facet normal 1.0 -6.714205910828325e-17 -5.367404295610549e-33
  outer loop
    vertex 9.524829550895095 18.595349874853603 6.65430699999999
    vertex 9.524829550895097 39.59534987485361 5.6543069999999895
    vertex 9.524829550895097 39.59534987485361 6.65430699999999
  endloop
endfacet
facet normal 0.9998193324325998 0.019007958702366736 0.0
  outer loop
    vertex 40.51361425386627 38.2446978282047 5.654306999999986
    vertex 40.51645356656757 38.09534987485361 38.15430699999999
    vertex 40.51645356656757 38.09534987485361 5.654306999999986
  endloop
endfacet
facet normal 0.9998193324325998 0.019007958702366736 0.0
  outer loop
    vertex 40.51645356656757 38.09534987485361 38.15430699999999
    vertex 40.51361425386627 38.2446978282047 5.654306999999986
    vertex 40.51361425386627 38.2446978282047 38.15430699999999
  endloop
endfacet
facet normal 0.0 -1.0 0.0
  outer loop
    vertex 48.52482955089507 39.59534987485361 6.65430699999999
    vertex 9.524829550895097 39.59534987485361 5.6543069999999895
    vertex 48.52482955089507 39.59534987485361 5.6543069999999895
  endloop
endfacet
facet normal 0.0 -1.0 0.0
  outer loop
    vertex 9.524829550895097 39.59534987485361 5.6543069999999895
    vertex 48.52482955089507 39.59534987485361 6.65430699999999
    vertex 9.524829550895097 39.59534987485361 6.65430699999999
  endloop
endfacet
facet normal -2.470278450584938e-20 0.09632419486018552 -0.9953500135553005
  outer loop
    vertex 53.52482955089507 39.507609287117624 -1.838054992361558
    vertex 42.49671556122472 39.53346205015591 -1.8355531120675306
    vertex 53.52482955089507 39.53346205015591 -1.8355531120675306
  endloop
endfacet
facet normal -1.2362608436039887e-20 -0.9962371788495148 -0.0866688149103238
  outer loop
    vertex 53.52482955089507 39.53346205015591 -1.8355531120675306
    vertex 4.524829550895072 39.551276970580375 -2.0403313368933786
    vertex 53.52482955089507 39.551276970580375 -2.0403313368933786
  endloop
endfacet
facet normal -1.2362608436039887e-20 -0.9962371788495148 -0.0866688149103238
  outer loop
    vertex 4.524829550895072 39.551276970580375 -2.0403313368933786
    vertex 53.52482955089507 39.53346205015591 -1.8355531120675306
    vertex 4.524829550895072 39.53346205015591 -1.8355531120675306
  endloop
endfacet
facet normal -1.2362608436039887e-20 -0.9962371788495148 -0.0866688149103238
  outer loop
    vertex 4.524829550895072 39.53346205015591 -1.8355531120675306
    vertex 53.52482955089507 39.53346205015591 -1.8355531120675306
    vertex 42.49671556122472 39.53346205015591 -1.8355531120675306
  endloop
endfacet
facet normal -0.0008022955020227047 0.09623804484089213 -0.995358023550888
  outer loop
    vertex 54.52482955089507 13.595349874853603 -4.345693000000011
    vertex 53.52482955089507 29.36976442968159 -2.819136752758593
    vertex 53.52482955089507 32.55656942885647 -2.511596611988807
  endloop
endfacet
facet normal -0.0008022955020227047 0.09623804484089213 -0.995358023550888
  outer loop
    vertex 53.52482955089507 29.36976442968159 -2.819136752758593
    vertex 54.52482955089507 13.595349874853603 -4.345693000000011
    vertex 53.52482955089507 29.330683555212318 -2.8239681205474167
  endloop
endfacet
facet normal -0.0008022955020227047 0.09623804484089213 -0.995358023550888
  outer loop
    vertex 53.52482955089507 29.330683555212318 -2.8239681205474167
    vertex 54.52482955089507 13.595349874853603 -4.345693000000011
    vertex 53.52482955089507 29.18679775506074 -2.8374786342029226
  endloop
endfacet
facet normal 3.642932840441868e-06 0.11338333425037998 -0.9935513169942436
  outer loop
    vertex 42.49671556122472 39.53346205015591 -1.8355531120675306
    vertex 4.524829550895079 39.429450450515816 -1.8473407760551515
    vertex 4.524829550895072 39.53346205015591 -1.8355531120675306
  endloop
endfacet
facet normal 3.642932840441868e-06 0.11338333425037998 -0.9935513169942436
  outer loop
    vertex 4.524829550895079 39.429450450515816 -1.8473407760551515
    vertex 42.49671556122472 39.53346205015591 -1.8355531120675306
    vertex 53.524829550895085 39.429450450515816 -1.8473407760551515
  endloop
endfacet
facet normal 3.642932840441868e-06 0.11338333425037998 -0.9935513169942436
  outer loop
    vertex 53.524829550895085 39.429450450515816 -1.8473407760551515
    vertex 42.49671556122472 39.53346205015591 -1.8355531120675306
    vertex 53.52482955089507 39.507609287117624 -1.838054992361558
  endloop
endfacet
facet normal 0.0 -0.841797411054737 -0.5397935890148589
  outer loop
    vertex 53.52482955089507 22.74611248498173 -4.0346987071514695
    vertex 4.524829550895073 22.985666970962004 -4.408279183482756
    vertex 53.52482955089507 22.985666970962004 -4.408279183482756
  endloop
endfacet
facet normal 0.0 -0.841797411054737 -0.5397935890148589
  outer loop
    vertex 4.524829550895073 22.985666970962004 -4.408279183482756
    vertex 53.52482955089507 22.74611248498173 -4.0346987071514695
    vertex 4.524829550895073 22.74611248498173 -4.0346987071514695
  endloop
endfacet
facet normal 0.0 -0.2135489505086532 -0.976932364975515
  outer loop
    vertex 53.52482955089507 24.141550976174912 -5.0056525769601645
    vertex 4.524829550895073 23.707999086541854 -4.910881890327724
    vertex 4.524829550895073 24.141550976174912 -5.0056525769601645
  endloop
endfacet
facet normal 0.0 -0.2135489505086532 -0.976932364975515
  outer loop
    vertex 4.524829550895073 23.707999086541854 -4.910881890327724
    vertex 53.52482955089507 24.141550976174912 -5.0056525769601645
    vertex 53.52482955089507 23.707999086541854 -4.910881890327724
  endloop
endfacet
facet normal 0.0 0.7392737705936807 -0.6734049985797566
  outer loop
    vertex 4.524829550895073 25.680140938928645 -4.282644329072584
    vertex 53.52482955089507 25.381291171954327 -4.610725936037347
    vertex 4.524829550895073 25.381291171954327 -4.610725936037347
  endloop
endfacet
facet normal 0.0 0.7392737705936807 -0.6734049985797566
  outer loop
    vertex 53.52482955089507 25.381291171954327 -4.610725936037347
    vertex 4.524829550895073 25.680140938928645 -4.282644329072584
    vertex 53.52482955089507 25.680140938928645 -4.282644329072584
  endloop
endfacet
facet normal 0.0 0.30352736639575595 -0.9528227211023342
  outer loop
    vertex 53.52482955089507 25.007710695623043 -4.850280422017622
    vertex 4.524829550895073 24.584858402025837 -4.984982544676365
    vertex 4.524829550895073 25.007710695623043 -4.850280422017622
  endloop
endfacet
facet normal 0.0 0.30352736639575595 -0.9528227211023342
  outer loop
    vertex 4.524829550895073 24.584858402025837 -4.984982544676365
    vertex 53.52482955089507 25.007710695623043 -4.850280422017622
    vertex 53.52482955089507 24.584858402025837 -4.984982544676365
  endloop
endfacet
facet normal 0.0 -0.6734049985797584 -0.7392737705936792
  outer loop
    vertex 53.52482955089507 23.313748577926766 -4.7071289504570775
    vertex 4.524829550895073 22.985666970962004 -4.408279183482756
    vertex 4.524829550895073 23.313748577926766 -4.7071289504570775
  endloop
endfacet
facet normal 0.0 -0.6734049985797584 -0.7392737705936792
  outer loop
    vertex 4.524829550895073 22.985666970962004 -4.408279183482756
    vertex 53.52482955089507 23.313748577926766 -4.7071289504570775
    vertex 53.52482955089507 22.985666970962004 -4.408279183482756
  endloop
endfacet
facet normal 0.0 0.5397935890148594 -0.8417974110547366
  outer loop
    vertex 53.52482955089507 25.381291171954327 -4.610725936037347
    vertex 4.524829550895073 25.007710695623043 -4.850280422017622
    vertex 4.524829550895073 25.381291171954327 -4.610725936037347
  endloop
endfacet
facet normal 0.0 0.5397935890148594 -0.8417974110547366
  outer loop
    vertex 4.524829550895073 25.007710695623043 -4.850280422017622
    vertex 53.52482955089507 25.381291171954327 -4.610725936037347
    vertex 53.52482955089507 25.007710695623043 -4.850280422017622
  endloop
endfacet
facet normal 0.0 0.8883736664142113 -0.45912114830594747
  outer loop
    vertex 4.524829550895073 25.883893878799295 -3.8883938204575
    vertex 53.52482955089507 25.680140938928645 -4.282644329072584
    vertex 4.524829550895073 25.680140938928645 -4.282644329072584
  endloop
endfacet
facet normal 0.0 0.8883736664142113 -0.45912114830594747
  outer loop
    vertex 53.52482955089507 25.680140938928645 -4.282644329072584
    vertex 4.524829550895073 25.883893878799295 -3.8883938204575
    vertex 53.52482955089507 25.883893878799295 -3.8883938204575
  endloop
endfacet
facet normal 0.0 0.9769323649755153 -0.21354895050865255
  outer loop
    vertex 4.524829550895073 25.97866456543174 -3.4548419308244345
    vertex 53.52482955089507 25.883893878799295 -3.8883938204575
    vertex 4.524829550895073 25.883893878799295 -3.8883938204575
  endloop
endfacet
facet normal 0.0 0.9769323649755153 -0.21354895050865255
  outer loop
    vertex 53.52482955089507 25.883893878799295 -3.8883938204575
    vertex 4.524829550895073 25.97866456543174 -3.4548419308244345
    vertex 53.52482955089507 25.97866456543174 -3.4548419308244345
  endloop
endfacet
facet normal 0.0 0.04657625535947452 -0.998914737320803
  outer loop
    vertex 53.52482955089507 24.584858402025837 -4.984982544676365
    vertex 4.524829550895073 24.141550976174912 -5.0056525769601645
    vertex 4.524829550895073 24.584858402025837 -4.984982544676365
  endloop
endfacet
facet normal 0.0 0.04657625535947452 -0.998914737320803
  outer loop
    vertex 4.524829550895073 24.141550976174912 -5.0056525769601645
    vertex 53.52482955089507 24.584858402025837 -4.984982544676365
    vertex 53.52482955089507 24.141550976174912 -5.0056525769601645
  endloop
endfacet
facet normal -1.0 1.9038583463708465e-16 -3.645769735011204e-17
  outer loop
    vertex 4.524829550895073 25.964427923444482 -3.1495105687115053
    vertex 4.524829550895073 22.61141036232298 -3.611846413554268
    vertex 4.524829550895072 22.59817229167665 -3.4750530168755938
  endloop
endfacet
facet normal -1.0 1.9038583463708465e-16 -3.645769735011204e-17
  outer loop
    vertex 4.524829550895073 22.61141036232298 -3.611846413554268
    vertex 4.524829550895073 25.964427923444482 -3.1495105687115053
    vertex 4.524829550895073 22.74611248498173 -4.0346987071514695
  endloop
endfacet
facet normal -1.0 1.9038583463708465e-16 -3.645769735011204e-17
  outer loop
    vertex 4.524829550895073 22.74611248498173 -4.0346987071514695
    vertex 4.524829550895073 25.964427923444482 -3.1495105687115053
    vertex 4.524829550895073 22.985666970962004 -4.408279183482756
  endloop
endfacet
facet normal -1.0 1.9038583463708465e-16 -3.645769735011204e-17
  outer loop
    vertex 4.524829550895073 22.985666970962004 -4.408279183482756
    vertex 4.524829550895073 25.964427923444482 -3.1495105687115053
    vertex 4.524829550895073 23.313748577926766 -4.7071289504570775
  endloop
endfacet
facet normal -1.0 1.9038583463708465e-16 -3.645769735011204e-17
  outer loop
    vertex 4.524829550895073 23.313748577926766 -4.7071289504570775
    vertex 4.524829550895073 25.964427923444482 -3.1495105687115053
    vertex 4.524829550895073 23.707999086541854 -4.910881890327724
  endloop
endfacet
facet normal -1.0 1.9038583463708465e-16 -3.645769735011204e-17
  outer loop
    vertex 4.524829550895073 23.707999086541854 -4.910881890327724
    vertex 4.524829550895073 25.964427923444482 -3.1495105687115053
    vertex 4.524829550895073 24.141550976174912 -5.0056525769601645
  endloop
endfacet
facet normal -1.0 1.9038583463708465e-16 -3.645769735011204e-17
  outer loop
    vertex 4.524829550895073 24.141550976174912 -5.0056525769601645
    vertex 4.524829550895073 25.964427923444482 -3.1495105687115053
    vertex 4.524829550895073 24.584858402025837 -4.984982544676365
  endloop
endfacet
facet normal -1.0 1.9038583463708465e-16 -3.645769735011204e-17
  outer loop
    vertex 4.524829550895073 24.584858402025837 -4.984982544676365
    vertex 4.524829550895073 25.964427923444482 -3.1495105687115053
    vertex 4.524829550895073 25.007710695623043 -4.850280422017622
  endloop
endfacet
facet normal -1.0 1.9038583463708465e-16 -3.645769735011204e-17
  outer loop
    vertex 4.524829550895073 25.007710695623043 -4.850280422017622
    vertex 4.524829550895073 25.964427923444482 -3.1495105687115053
    vertex 4.524829550895073 25.381291171954327 -4.610725936037347
  endloop
endfacet
facet normal -1.0 1.9038583463708465e-16 -3.645769735011204e-17
  outer loop
    vertex 4.524829550895073 25.381291171954327 -4.610725936037347
    vertex 4.524829550895073 25.964427923444482 -3.1495105687115053
    vertex 4.524829550895073 25.680140938928645 -4.282644329072584
  endloop
endfacet
facet normal -1.0 1.9038583463708465e-16 -3.645769735011204e-17
  outer loop
    vertex 4.524829550895073 25.680140938928645 -4.282644329072584
    vertex 4.524829550895073 25.964427923444482 -3.1495105687115053
    vertex 4.524829550895073 25.883893878799295 -3.8883938204575
  endloop
endfacet
facet normal -1.0 1.9038583463708465e-16 -3.645769735011204e-17
  outer loop
    vertex 4.524829550895073 25.883893878799295 -3.8883938204575
    vertex 4.524829550895073 25.964427923444482 -3.1495105687115053
    vertex 4.524829550895073 25.97866456543174 -3.4548419308244345
  endloop
endfacet
facet normal -1.0 1.9038583463708465e-16 -3.645769735011204e-17
  outer loop
    vertex 4.524829550895073 25.97866456543174 -3.4548419308244345
    vertex 4.524829550895073 25.964427923444482 -3.1495105687115053
    vertex 4.524829550895075 25.977665994090813 -3.28630396539018
  endloop
endfacet
facet normal 1.0 0.0 0.0
  outer loop
    vertex 53.52482955089507 22.61141036232298 -3.611846413554268
    vertex 53.52482955089507 25.964427923444482 -3.1495105687115053
    vertex 53.52482955089507 22.59817229167665 -3.4750530168755938
  endloop
endfacet
facet normal 1.0 0.0 0.0
  outer loop
    vertex 53.52482955089507 25.964427923444482 -3.1495105687115053
    vertex 53.52482955089507 22.61141036232298 -3.611846413554268
    vertex 53.52482955089507 22.74611248498173 -4.0346987071514695
  endloop
endfacet
facet normal 1.0 0.0 0.0
  outer loop
    vertex 53.52482955089507 25.964427923444482 -3.1495105687115053
    vertex 53.52482955089507 22.74611248498173 -4.0346987071514695
    vertex 53.52482955089507 22.985666970962004 -4.408279183482756
  endloop
endfacet
facet normal 1.0 0.0 0.0
  outer loop
    vertex 53.52482955089507 25.964427923444482 -3.1495105687115053
    vertex 53.52482955089507 22.985666970962004 -4.408279183482756
    vertex 53.52482955089507 23.313748577926766 -4.7071289504570775
  endloop
endfacet
facet normal 1.0 0.0 0.0
  outer loop
    vertex 53.52482955089507 25.964427923444482 -3.1495105687115053
    vertex 53.52482955089507 23.313748577926766 -4.7071289504570775
    vertex 53.52482955089507 23.707999086541854 -4.910881890327724
  endloop
endfacet
facet normal 1.0 0.0 0.0
  outer loop
    vertex 53.52482955089507 25.964427923444482 -3.1495105687115053
    vertex 53.52482955089507 23.707999086541854 -4.910881890327724
    vertex 53.52482955089507 24.141550976174912 -5.0056525769601645
  endloop
endfacet
facet normal 1.0 0.0 0.0
  outer loop
    vertex 53.52482955089507 25.964427923444482 -3.1495105687115053
    vertex 53.52482955089507 24.141550976174912 -5.0056525769601645
    vertex 53.52482955089507 24.584858402025837 -4.984982544676365
  endloop
endfacet
facet normal 1.0 0.0 0.0
  outer loop
    vertex 53.52482955089507 25.964427923444482 -3.1495105687115053
    vertex 53.52482955089507 24.584858402025837 -4.984982544676365
    vertex 53.52482955089507 25.007710695623043 -4.850280422017622
  endloop
endfacet
facet normal 1.0 0.0 0.0
  outer loop
    vertex 53.52482955089507 25.964427923444482 -3.1495105687115053
    vertex 53.52482955089507 25.007710695623043 -4.850280422017622
    vertex 53.52482955089507 25.381291171954327 -4.610725936037347
  endloop
endfacet
facet normal 1.0 0.0 0.0
  outer loop
    vertex 53.52482955089507 25.964427923444482 -3.1495105687115053
    vertex 53.52482955089507 25.381291171954327 -4.610725936037347
    vertex 53.52482955089507 25.680140938928645 -4.282644329072584
  endloop
endfacet
facet normal 1.0 0.0 0.0
  outer loop
    vertex 53.52482955089507 25.964427923444482 -3.1495105687115053
    vertex 53.52482955089507 25.680140938928645 -4.282644329072584
    vertex 53.52482955089507 25.883893878799295 -3.8883938204575
  endloop
endfacet
facet normal 1.0 0.0 0.0
  outer loop
    vertex 53.52482955089507 25.964427923444482 -3.1495105687115053
    vertex 53.52482955089507 25.883893878799295 -3.8883938204575
    vertex 53.52482955089507 25.97866456543174 -3.4548419308244345
  endloop
endfacet
facet normal 1.0 0.0 0.0
  outer loop
    vertex 53.52482955089507 25.964427923444482 -3.1495105687115053
    vertex 53.52482955089507 25.97866456543174 -3.4548419308244345
    vertex 53.52482955089507 25.977665994090813 -3.28630396539018
  endloop
endfacet
facet normal 0.0 -0.4591211483059441 -0.888373666414213
  outer loop
    vertex 53.52482955089507 23.707999086541854 -4.910881890327724
    vertex 4.524829550895073 23.313748577926766 -4.7071289504570775
    vertex 4.524829550895073 23.707999086541854 -4.910881890327724
  endloop
endfacet
facet normal 0.0 -0.4591211483059441 -0.888373666414213
  outer loop
    vertex 4.524829550895073 23.313748577926766 -4.7071289504570775
    vertex 53.52482955089507 23.707999086541854 -4.910881890327724
    vertex 53.52482955089507 23.313748577926766 -4.7071289504570775
  endloop
endfacet
facet normal -3.4071119120724466e-33 -0.9528227211023306 -0.3035273663957674
  outer loop
    vertex 53.52482955089507 22.61141036232298 -3.611846413554268
    vertex 4.524829550895073 22.74611248498173 -4.0346987071514695
    vertex 53.52482955089507 22.74611248498173 -4.0346987071514695
  endloop
endfacet
facet normal -3.4071119120724466e-33 -0.9528227211023306 -0.3035273663957674
  outer loop
    vertex 4.524829550895073 22.74611248498173 -4.0346987071514695
    vertex 53.52482955089507 22.61141036232298 -3.611846413554268
    vertex 4.524829550895073 22.61141036232298 -3.611846413554268
  endloop
endfacet
facet normal 7.407552240616697e-22 0.9971807410323893 -0.07503712224022846
  outer loop
    vertex 4.524829550895073 22.61141036232298 -3.611846413554268
    vertex 53.52482955089507 22.605002695805688 -3.696998954793075
    vertex 4.524829550895072 22.605002695805688 -3.696998954793075
  endloop
endfacet
facet normal 7.407552240616697e-22 0.9971807410323893 -0.07503712224022846
  outer loop
    vertex 53.52482955089507 22.605002695805688 -3.696998954793075
    vertex 4.524829550895073 22.61141036232298 -3.611846413554268
    vertex 53.52482955089507 22.61141036232298 -3.611846413554268
  endloop
endfacet
facet normal 0.0 0.7392737705936807 -0.6734049985797566
  outer loop
    vertex 4.524829550895075 29.04639657069648 -3.9571018809084957
    vertex 53.52482955089507 28.74754680372216 -4.285183487873257
    vertex 4.524829550895075 28.74754680372216 -4.285183487873257
  endloop
endfacet
facet normal 0.0 0.7392737705936807 -0.6734049985797566
  outer loop
    vertex 53.52482955089507 28.74754680372216 -4.285183487873257
    vertex 4.524829550895075 29.04639657069648 -3.9571018809084957
    vertex 53.52482955089507 29.04639657069648 -3.9571018809084957
  endloop
endfacet
facet normal 0.0 -0.6734049985797584 -0.7392737705936792
  outer loop
    vertex 53.52482955089507 26.680004209694598 -4.381586502292989
    vertex 4.524829550895075 26.351922602729836 -4.082736735318668
    vertex 4.524829550895075 26.680004209694598 -4.381586502292989
  endloop
endfacet
facet normal 0.0 -0.6734049985797584 -0.7392737705936792
  outer loop
    vertex 4.524829550895075 26.351922602729836 -4.082736735318668
    vertex 53.52482955089507 26.680004209694598 -4.381586502292989
    vertex 53.52482955089507 26.351922602729836 -4.082736735318668
  endloop
endfacet
facet normal 0.0 -0.841797411054737 -0.5397935890148589
  outer loop
    vertex 53.52482955089507 26.11236811674956 -3.709156258987381
    vertex 4.524829550895075 26.351922602729836 -4.082736735318668
    vertex 53.52482955089507 26.351922602729836 -4.082736735318668
  endloop
endfacet
facet normal 0.0 -0.841797411054737 -0.5397935890148589
  outer loop
    vertex 4.524829550895075 26.351922602729836 -4.082736735318668
    vertex 53.52482955089507 26.11236811674956 -3.709156258987381
    vertex 4.524829550895075 26.11236811674956 -3.709156258987381
  endloop
endfacet
facet normal 0.0 0.9769323649755153 -0.21354895050865255
  outer loop
    vertex 4.524829550895075 29.34492019719957 -3.129299482660346
    vertex 53.52482955089507 29.25014951056713 -3.5628513722934114
    vertex 4.524829550895075 29.25014951056713 -3.5628513722934114
  endloop
endfacet
facet normal 0.0 0.9769323649755153 -0.21354895050865255
  outer loop
    vertex 53.52482955089507 29.25014951056713 -3.5628513722934114
    vertex 4.524829550895075 29.34492019719957 -3.129299482660346
    vertex 53.52482955089507 29.34492019719957 -3.129299482660346
  endloop
endfacet
facet normal 0.0 0.04657625535947452 -0.998914737320803
  outer loop
    vertex 53.52482955089507 27.951114033793676 -4.659440096512277
    vertex 4.524829550895075 27.507806607942747 -4.680110128796076
    vertex 4.524829550895075 27.951114033793676 -4.659440096512277
  endloop
endfacet
facet normal 0.0 0.04657625535947452 -0.998914737320803
  outer loop
    vertex 4.524829550895075 27.507806607942747 -4.680110128796076
    vertex 53.52482955089507 27.951114033793676 -4.659440096512277
    vertex 53.52482955089507 27.507806607942747 -4.680110128796076
  endloop
endfacet
facet normal 0.0 0.30352736639575595 -0.9528227211023342
  outer loop
    vertex 53.52482955089507 28.373966327390875 -4.524737973853534
    vertex 4.524829550895075 27.951114033793676 -4.659440096512277
    vertex 4.524829550895075 28.373966327390875 -4.524737973853534
  endloop
endfacet
facet normal 0.0 0.30352736639575595 -0.9528227211023342
  outer loop
    vertex 4.524829550895075 27.951114033793676 -4.659440096512277
    vertex 53.52482955089507 28.373966327390875 -4.524737973853534
    vertex 53.52482955089507 27.951114033793676 -4.659440096512277
  endloop
endfacet
facet normal 0.0 0.5397935890148594 -0.8417974110547366
  outer loop
    vertex 53.52482955089507 28.74754680372216 -4.285183487873257
    vertex 4.524829550895075 28.373966327390875 -4.524737973853534
    vertex 4.524829550895075 28.74754680372216 -4.285183487873257
  endloop
endfacet
facet normal 0.0 0.5397935890148594 -0.8417974110547366
  outer loop
    vertex 4.524829550895075 28.373966327390875 -4.524737973853534
    vertex 53.52482955089507 28.74754680372216 -4.285183487873257
    vertex 53.52482955089507 28.373966327390875 -4.524737973853534
  endloop
endfacet
facet normal 0.0 -0.2135489505086532 -0.976932364975515
  outer loop
    vertex 53.52482955089507 27.507806607942747 -4.680110128796076
    vertex 4.524829550895075 27.074254718309685 -4.585339442163635
    vertex 4.524829550895075 27.507806607942747 -4.680110128796076
  endloop
endfacet
facet normal 0.0 -0.2135489505086532 -0.976932364975515
  outer loop
    vertex 4.524829550895075 27.074254718309685 -4.585339442163635
    vertex 53.52482955089507 27.507806607942747 -4.680110128796076
    vertex 53.52482955089507 27.074254718309685 -4.585339442163635
  endloop
endfacet
facet normal 0.0 0.8883736664142113 -0.45912114830594747
  outer loop
    vertex 4.524829550895075 29.25014951056713 -3.5628513722934114
    vertex 53.52482955089507 29.04639657069648 -3.9571018809084957
    vertex 4.524829550895075 29.04639657069648 -3.9571018809084957
  endloop
endfacet
facet normal 0.0 0.8883736664142113 -0.45912114830594747
  outer loop
    vertex 53.52482955089507 29.04639657069648 -3.9571018809084957
    vertex 4.524829550895075 29.25014951056713 -3.5628513722934114
    vertex 53.52482955089507 29.25014951056713 -3.5628513722934114
  endloop
endfacet
facet normal 0.0 -0.4591211483059441 -0.888373666414213
  outer loop
    vertex 53.52482955089507 27.074254718309685 -4.585339442163635
    vertex 4.524829550895075 26.680004209694598 -4.381586502292989
    vertex 4.524829550895075 27.074254718309685 -4.585339442163635
  endloop
endfacet
facet normal 0.0 -0.4591211483059441 -0.888373666414213
  outer loop
    vertex 4.524829550895075 26.680004209694598 -4.381586502292989
    vertex 53.52482955089507 27.074254718309685 -4.585339442163635
    vertex 53.52482955089507 26.680004209694598 -4.381586502292989
  endloop
endfacet
facet normal 1.0 0.0 0.0
  outer loop
    vertex 53.52482955089507 25.977665994090813 -3.28630396539018
    vertex 53.52482955089507 29.18679775506074 -2.8374786342029226
    vertex 53.52482955089507 25.964427923444482 -3.1495105687115053
  endloop
endfacet
facet normal 1.0 0.0 0.0
  outer loop
    vertex 53.52482955089507 29.18679775506074 -2.8374786342029226
    vertex 53.52482955089507 25.977665994090813 -3.28630396539018
    vertex 53.52482955089507 26.11236811674956 -3.709156258987381
  endloop
endfacet
facet normal 1.0 0.0 0.0
  outer loop
    vertex 53.52482955089507 29.18679775506074 -2.8374786342029226
    vertex 53.52482955089507 26.11236811674956 -3.709156258987381
    vertex 53.52482955089507 26.351922602729836 -4.082736735318668
  endloop
endfacet
facet normal 1.0 0.0 0.0
  outer loop
    vertex 53.52482955089507 29.18679775506074 -2.8374786342029226
    vertex 53.52482955089507 26.351922602729836 -4.082736735318668
    vertex 53.52482955089507 26.680004209694598 -4.381586502292989
  endloop
endfacet
facet normal 1.0 0.0 0.0
  outer loop
    vertex 53.52482955089507 29.18679775506074 -2.8374786342029226
    vertex 53.52482955089507 26.680004209694598 -4.381586502292989
    vertex 53.52482955089507 27.074254718309685 -4.585339442163635
  endloop
endfacet
facet normal 1.0 0.0 0.0
  outer loop
    vertex 53.52482955089507 29.18679775506074 -2.8374786342029226
    vertex 53.52482955089507 27.074254718309685 -4.585339442163635
    vertex 53.52482955089507 27.507806607942747 -4.680110128796076
  endloop
endfacet
facet normal 1.0 0.0 0.0
  outer loop
    vertex 53.52482955089507 29.18679775506074 -2.8374786342029226
    vertex 53.52482955089507 27.507806607942747 -4.680110128796076
    vertex 53.52482955089507 27.951114033793676 -4.659440096512277
  endloop
endfacet
facet normal 1.0 0.0 0.0
  outer loop
    vertex 53.52482955089507 29.18679775506074 -2.8374786342029226
    vertex 53.52482955089507 27.951114033793676 -4.659440096512277
    vertex 53.52482955089507 28.373966327390875 -4.524737973853534
  endloop
endfacet
facet normal 1.0 0.0 0.0
  outer loop
    vertex 53.52482955089507 29.18679775506074 -2.8374786342029226
    vertex 53.52482955089507 28.373966327390875 -4.524737973853534
    vertex 53.52482955089507 28.74754680372216 -4.285183487873257
  endloop
endfacet
facet normal 1.0 0.0 0.0
  outer loop
    vertex 53.52482955089507 29.18679775506074 -2.8374786342029226
    vertex 53.52482955089507 28.74754680372216 -4.285183487873257
    vertex 53.52482955089507 29.04639657069648 -3.9571018809084957
  endloop
endfacet
facet normal 1.0 0.0 0.0
  outer loop
    vertex 53.52482955089507 29.18679775506074 -2.8374786342029226
    vertex 53.52482955089507 29.04639657069648 -3.9571018809084957
    vertex 53.52482955089507 29.25014951056713 -3.5628513722934114
  endloop
endfacet
facet normal 1.0 0.0 0.0
  outer loop
    vertex 53.52482955089507 29.18679775506074 -2.8374786342029226
    vertex 53.52482955089507 29.25014951056713 -3.5628513722934114
    vertex 53.52482955089507 29.330683555212318 -2.8239681205474167
  endloop
endfacet
facet normal 1.0 0.0 0.0
  outer loop
    vertex 53.52482955089507 29.330683555212318 -2.8239681205474167
    vertex 53.52482955089507 29.25014951056713 -3.5628513722934114
    vertex 53.52482955089507 29.34492019719957 -3.129299482660346
  endloop
endfacet
facet normal 1.0 0.0 0.0
  outer loop
    vertex 53.52482955089507 29.330683555212318 -2.8239681205474167
    vertex 53.52482955089507 29.34492019719957 -3.129299482660346
    vertex 53.52482955089507 29.34392162585865 -2.9607615172260915
  endloop
endfacet
facet normal 5.02647574037876e-34 -0.9528227211023326 -0.30352736639576156
  outer loop
    vertex 53.52482955089507 25.977665994090813 -3.28630396539018
    vertex 4.524829550895075 26.11236811674956 -3.709156258987381
    vertex 53.52482955089507 26.11236811674956 -3.709156258987381
  endloop
endfacet
facet normal 5.02647574037876e-34 -0.9528227211023326 -0.30352736639576156
  outer loop
    vertex 4.524829550895075 26.11236811674956 -3.709156258987381
    vertex 53.52482955089507 25.977665994090813 -3.28630396539018
    vertex 4.524829550895075 25.977665994090813 -3.28630396539018
  endloop
endfacet
facet normal -1.0 1.9038583463708455e-16 -3.6457697350112003e-17
  outer loop
    vertex 4.524829550895075 29.330683555212318 -2.8239681205474167
    vertex 4.524829550895075 25.977665994090813 -3.28630396539018
    vertex 4.524829550895073 25.964427923444482 -3.1495105687115053
  endloop
endfacet
facet normal -1.0 1.9038583463708455e-16 -3.6457697350112003e-17
  outer loop
    vertex 4.524829550895075 25.977665994090813 -3.28630396539018
    vertex 4.524829550895075 29.330683555212318 -2.8239681205474167
    vertex 4.524829550895075 26.11236811674956 -3.709156258987381
  endloop
endfacet
facet normal -1.0 1.9038583463708455e-16 -3.6457697350112003e-17
  outer loop
    vertex 4.524829550895075 26.11236811674956 -3.709156258987381
    vertex 4.524829550895075 29.330683555212318 -2.8239681205474167
    vertex 4.524829550895075 26.351922602729836 -4.082736735318668
  endloop
endfacet
facet normal -1.0 1.9038583463708455e-16 -3.6457697350112003e-17
  outer loop
    vertex 4.524829550895075 26.351922602729836 -4.082736735318668
    vertex 4.524829550895075 29.330683555212318 -2.8239681205474167
    vertex 4.524829550895075 26.680004209694598 -4.381586502292989
  endloop
endfacet
facet normal -1.0 1.9038583463708455e-16 -3.6457697350112003e-17
  outer loop
    vertex 4.524829550895075 26.680004209694598 -4.381586502292989
    vertex 4.524829550895075 29.330683555212318 -2.8239681205474167
    vertex 4.524829550895075 27.074254718309685 -4.585339442163635
  endloop
endfacet
facet normal -1.0 1.9038583463708455e-16 -3.6457697350112003e-17
  outer loop
    vertex 4.524829550895075 27.074254718309685 -4.585339442163635
    vertex 4.524829550895075 29.330683555212318 -2.8239681205474167
    vertex 4.524829550895075 27.507806607942747 -4.680110128796076
  endloop
endfacet
facet normal -1.0 1.9038583463708455e-16 -3.6457697350112003e-17
  outer loop
    vertex 4.524829550895075 27.507806607942747 -4.680110128796076
    vertex 4.524829550895075 29.330683555212318 -2.8239681205474167
    vertex 4.524829550895075 27.951114033793676 -4.659440096512277
  endloop
endfacet
facet normal -1.0 1.9038583463708455e-16 -3.6457697350112003e-17
  outer loop
    vertex 4.524829550895075 27.951114033793676 -4.659440096512277
    vertex 4.524829550895075 29.330683555212318 -2.8239681205474167
    vertex 4.524829550895075 28.373966327390875 -4.524737973853534
  endloop
endfacet
facet normal -1.0 1.9038583463708455e-16 -3.6457697350112003e-17
  outer loop
    vertex 4.524829550895075 28.373966327390875 -4.524737973853534
    vertex 4.524829550895075 29.330683555212318 -2.8239681205474167
    vertex 4.524829550895075 28.74754680372216 -4.285183487873257
  endloop
endfacet
facet normal -1.0 1.9038583463708455e-16 -3.6457697350112003e-17
  outer loop
    vertex 4.524829550895075 28.74754680372216 -4.285183487873257
    vertex 4.524829550895075 29.330683555212318 -2.8239681205474167
    vertex 4.524829550895075 29.04639657069648 -3.9571018809084957
  endloop
endfacet
facet normal -1.0 1.9038583463708455e-16 -3.6457697350112003e-17
  outer loop
    vertex 4.524829550895075 29.04639657069648 -3.9571018809084957
    vertex 4.524829550895075 29.330683555212318 -2.8239681205474167
    vertex 4.524829550895075 29.25014951056713 -3.5628513722934114
  endloop
endfacet
facet normal -1.0 1.9038583463708455e-16 -3.6457697350112003e-17
  outer loop
    vertex 4.524829550895075 29.25014951056713 -3.5628513722934114
    vertex 4.524829550895075 29.330683555212318 -2.8239681205474167
    vertex 4.524829550895075 29.34492019719957 -3.129299482660346
  endloop
endfacet
facet normal -1.0 1.9038583463708455e-16 -3.6457697350112003e-17
  outer loop
    vertex 4.524829550895075 29.34492019719957 -3.129299482660346
    vertex 4.524829550895075 29.330683555212318 -2.8239681205474167
    vertex 4.524829550895076 29.34392162585865 -2.9607615172260915
  endloop
endfacet
facet normal 9.103909782521705e-22 0.9999824482157543 0.005924800454553716
  outer loop
    vertex 4.524829550895075 25.977665994090813 -3.28630396539018
    vertex 53.52482955089507 25.97866456543174 -3.4548419308244345
    vertex 4.524829550895073 25.97866456543174 -3.4548419308244345
  endloop
endfacet
facet normal 9.103909782521705e-22 0.9999824482157543 0.005924800454553716
  outer loop
    vertex 53.52482955089507 25.97866456543174 -3.4548419308244345
    vertex 4.524829550895075 25.977665994090813 -3.28630396539018
    vertex 53.52482955089507 25.977665994090813 -3.28630396539018
  endloop
endfacet
facet normal -1.0 1.903858346370846e-16 -3.645769735011215e-17
  outer loop
    vertex 4.524829550895076 32.69693918698015 -2.4984256723833282
    vertex 4.524829550895076 29.34392162585865 -2.9607615172260915
    vertex 4.524829550895075 29.330683555212318 -2.8239681205474167
  endloop
endfacet
facet normal -1.0 1.903858346370846e-16 -3.645769735011215e-17
  outer loop
    vertex 4.524829550895076 29.34392162585865 -2.9607615172260915
    vertex 4.524829550895076 32.69693918698015 -2.4984256723833282
    vertex 4.524829550895076 29.478623748517393 -3.3836138108232925
  endloop
endfacet
facet normal -1.0 1.903858346370846e-16 -3.645769735011215e-17
  outer loop
    vertex 4.524829550895076 29.478623748517393 -3.3836138108232925
    vertex 4.524829550895076 32.69693918698015 -2.4984256723833282
    vertex 4.524829550895076 29.71817823449767 -3.7571942871545794
  endloop
endfacet
facet normal -1.0 1.903858346370846e-16 -3.645769735011215e-17
  outer loop
    vertex 4.524829550895076 29.71817823449767 -3.7571942871545794
    vertex 4.524829550895076 32.69693918698015 -2.4984256723833282
    vertex 4.524829550895076 30.04625984146243 -4.0560440541289005
  endloop
endfacet
facet normal -1.0 1.903858346370846e-16 -3.645769735011215e-17
  outer loop
    vertex 4.524829550895076 30.04625984146243 -4.0560440541289005
    vertex 4.524829550895076 32.69693918698015 -2.4984256723833282
    vertex 4.524829550895076 30.44051035007752 -4.259796993999547
  endloop
endfacet
facet normal -1.0 1.903858346370846e-16 -3.645769735011215e-17
  outer loop
    vertex 4.524829550895076 30.44051035007752 -4.259796993999547
    vertex 4.524829550895076 32.69693918698015 -2.4984256723833282
    vertex 4.524829550895076 30.874062239710582 -4.354567680631988
  endloop
endfacet
facet normal -1.0 1.903858346370846e-16 -3.645769735011215e-17
  outer loop
    vertex 4.524829550895076 30.874062239710582 -4.354567680631988
    vertex 4.524829550895076 32.69693918698015 -2.4984256723833282
    vertex 4.524829550895076 31.317369665561504 -4.333897648348188
  endloop
endfacet
facet normal -1.0 1.903858346370846e-16 -3.645769735011215e-17
  outer loop
    vertex 4.524829550895076 31.317369665561504 -4.333897648348188
    vertex 4.524829550895076 32.69693918698015 -2.4984256723833282
    vertex 4.524829550895076 31.74022195915871 -4.199195525689445
  endloop
endfacet
facet normal -1.0 1.903858346370846e-16 -3.645769735011215e-17
  outer loop
    vertex 4.524829550895076 31.74022195915871 -4.199195525689445
    vertex 4.524829550895076 32.69693918698015 -2.4984256723833282
    vertex 4.524829550895076 32.113802435489994 -3.9596410397091693
  endloop
endfacet
facet normal -1.0 1.903858346370846e-16 -3.645769735011215e-17
  outer loop
    vertex 4.524829550895076 32.113802435489994 -3.9596410397091693
    vertex 4.524829550895076 32.69693918698015 -2.4984256723833282
    vertex 4.524829550895076 32.412652202464315 -3.631559432744407
  endloop
endfacet
facet normal -1.0 1.903858346370846e-16 -3.645769735011215e-17
  outer loop
    vertex 4.524829550895076 32.412652202464315 -3.631559432744407
    vertex 4.524829550895076 32.69693918698015 -2.4984256723833282
    vertex 4.524829550895076 32.61640514233496 -3.2373089241293234
  endloop
endfacet
facet normal -1.0 1.903858346370846e-16 -3.645769735011215e-17
  outer loop
    vertex 4.524829550895076 32.61640514233496 -3.2373089241293234
    vertex 4.524829550895076 32.69693918698015 -2.4984256723833282
    vertex 4.524829550895076 32.711175828967406 -2.8037570344962575
  endloop
endfacet
facet normal -1.0 1.903858346370846e-16 -3.645769735011215e-17
  outer loop
    vertex 4.524829550895076 32.711175828967406 -2.8037570344962575
    vertex 4.524829550895076 32.69693918698015 -2.4984256723833282
    vertex 4.5248295508950775 32.71017725762648 -2.635219069062003
  endloop
endfacet
facet normal 0.0 -0.6734049985797584 -0.7392737705936792
  outer loop
    vertex 53.52482955089507 30.04625984146243 -4.0560440541289005
    vertex 4.524829550895076 29.71817823449767 -3.7571942871545794
    vertex 4.524829550895076 30.04625984146243 -4.0560440541289005
  endloop
endfacet
facet normal 0.0 -0.6734049985797584 -0.7392737705936792
  outer loop
    vertex 4.524829550895076 29.71817823449767 -3.7571942871545794
    vertex 53.52482955089507 30.04625984146243 -4.0560440541289005
    vertex 53.52482955089507 29.71817823449767 -3.7571942871545794
  endloop
endfacet
facet normal 0.0 0.5397935890148594 -0.8417974110547366
  outer loop
    vertex 53.52482955089507 32.113802435489994 -3.9596410397091693
    vertex 4.524829550895076 31.74022195915871 -4.199195525689445
    vertex 4.524829550895076 32.113802435489994 -3.9596410397091693
  endloop
endfacet
facet normal 0.0 0.5397935890148594 -0.8417974110547366
  outer loop
    vertex 4.524829550895076 31.74022195915871 -4.199195525689445
    vertex 53.52482955089507 32.113802435489994 -3.9596410397091693
    vertex 53.52482955089507 31.74022195915871 -4.199195525689445
  endloop
endfacet
facet normal 0.0 0.04657625535947452 -0.998914737320803
  outer loop
    vertex 53.52482955089507 31.317369665561504 -4.333897648348188
    vertex 4.524829550895076 30.874062239710582 -4.354567680631988
    vertex 4.524829550895076 31.317369665561504 -4.333897648348188
  endloop
endfacet
facet normal 0.0 0.04657625535947452 -0.998914737320803
  outer loop
    vertex 4.524829550895076 30.874062239710582 -4.354567680631988
    vertex 53.52482955089507 31.317369665561504 -4.333897648348188
    vertex 53.52482955089507 30.874062239710582 -4.354567680631988
  endloop
endfacet
facet normal 0.0 0.9769323649755153 -0.21354895050865255
  outer loop
    vertex 4.524829550895076 32.711175828967406 -2.8037570344962575
    vertex 53.52482955089507 32.61640514233496 -3.2373089241293234
    vertex 4.524829550895076 32.61640514233496 -3.2373089241293234
  endloop
endfacet
facet normal 0.0 0.9769323649755153 -0.21354895050865255
  outer loop
    vertex 53.52482955089507 32.61640514233496 -3.2373089241293234
    vertex 4.524829550895076 32.711175828967406 -2.8037570344962575
    vertex 53.52482955089507 32.711175828967406 -2.8037570344962575
  endloop
endfacet
facet normal 0.0 0.8883736664142113 -0.45912114830594747
  outer loop
    vertex 4.524829550895076 32.61640514233496 -3.2373089241293234
    vertex 53.52482955089507 32.412652202464315 -3.631559432744407
    vertex 4.524829550895076 32.412652202464315 -3.631559432744407
  endloop
endfacet
facet normal 0.0 0.8883736664142113 -0.45912114830594747
  outer loop
    vertex 53.52482955089507 32.412652202464315 -3.631559432744407
    vertex 4.524829550895076 32.61640514233496 -3.2373089241293234
    vertex 53.52482955089507 32.61640514233496 -3.2373089241293234
  endloop
endfacet
facet normal 0.0 0.7392737705936807 -0.6734049985797566
  outer loop
    vertex 4.524829550895076 32.412652202464315 -3.631559432744407
    vertex 53.52482955089507 32.113802435489994 -3.9596410397091693
    vertex 4.524829550895076 32.113802435489994 -3.9596410397091693
  endloop
endfacet
facet normal 0.0 0.7392737705936807 -0.6734049985797566
  outer loop
    vertex 53.52482955089507 32.113802435489994 -3.9596410397091693
    vertex 4.524829550895076 32.412652202464315 -3.631559432744407
    vertex 53.52482955089507 32.412652202464315 -3.631559432744407
  endloop
endfacet
facet normal 0.0 0.30352736639575595 -0.9528227211023342
  outer loop
    vertex 53.52482955089507 31.74022195915871 -4.199195525689445
    vertex 4.524829550895076 31.317369665561504 -4.333897648348188
    vertex 4.524829550895076 31.74022195915871 -4.199195525689445
  endloop
endfacet
facet normal 0.0 0.30352736639575595 -0.9528227211023342
  outer loop
    vertex 4.524829550895076 31.317369665561504 -4.333897648348188
    vertex 53.52482955089507 31.74022195915871 -4.199195525689445
    vertex 53.52482955089507 31.317369665561504 -4.333897648348188
  endloop
endfacet
facet normal 0.0 -0.841797411054737 -0.5397935890148589
  outer loop
    vertex 53.52482955089507 29.478623748517393 -3.3836138108232925
    vertex 4.524829550895076 29.71817823449767 -3.7571942871545794
    vertex 53.52482955089507 29.71817823449767 -3.7571942871545794
  endloop
endfacet
facet normal 0.0 -0.841797411054737 -0.5397935890148589
  outer loop
    vertex 4.524829550895076 29.71817823449767 -3.7571942871545794
    vertex 53.52482955089507 29.478623748517393 -3.3836138108232925
    vertex 4.524829550895076 29.478623748517393 -3.3836138108232925
  endloop
endfacet
facet normal 0.0 -0.2135489505086532 -0.976932364975515
  outer loop
    vertex 53.52482955089507 30.874062239710582 -4.354567680631988
    vertex 4.524829550895076 30.44051035007752 -4.259796993999547
    vertex 4.524829550895076 30.874062239710582 -4.354567680631988
  endloop
endfacet
facet normal 0.0 -0.2135489505086532 -0.976932364975515
  outer loop
    vertex 4.524829550895076 30.44051035007752 -4.259796993999547
    vertex 53.52482955089507 30.874062239710582 -4.354567680631988
    vertex 53.52482955089507 30.44051035007752 -4.259796993999547
  endloop
endfacet
facet normal 1.0 0.0 0.0
  outer loop
    vertex 53.52482955089507 29.34392162585865 -2.9607615172260915
    vertex 53.52482955089507 29.36976442968159 -2.819136752758593
    vertex 53.52482955089507 29.330683555212318 -2.8239681205474167
  endloop
endfacet
facet normal 1.0 0.0 0.0
  outer loop
    vertex 53.52482955089507 29.36976442968159 -2.819136752758593
    vertex 53.52482955089507 29.34392162585865 -2.9607615172260915
    vertex 53.52482955089507 29.478623748517393 -3.3836138108232925
  endloop
endfacet
facet normal 1.0 0.0 0.0
  outer loop
    vertex 53.52482955089507 29.36976442968159 -2.819136752758593
    vertex 53.52482955089507 29.478623748517393 -3.3836138108232925
    vertex 53.52482955089507 32.55656942885647 -2.511596611988807
  endloop
endfacet
facet normal 1.0 0.0 0.0
  outer loop
    vertex 53.52482955089507 32.55656942885647 -2.511596611988807
    vertex 53.52482955089507 29.478623748517393 -3.3836138108232925
    vertex 53.52482955089507 29.71817823449767 -3.7571942871545794
  endloop
endfacet
facet normal 1.0 0.0 0.0
  outer loop
    vertex 53.52482955089507 32.55656942885647 -2.511596611988807
    vertex 53.52482955089507 29.71817823449767 -3.7571942871545794
    vertex 53.52482955089507 30.04625984146243 -4.0560440541289005
  endloop
endfacet
facet normal 1.0 0.0 0.0
  outer loop
    vertex 53.52482955089507 32.55656942885647 -2.511596611988807
    vertex 53.52482955089507 30.04625984146243 -4.0560440541289005
    vertex 53.52482955089507 30.44051035007752 -4.259796993999547
  endloop
endfacet
facet normal 1.0 0.0 0.0
  outer loop
    vertex 53.52482955089507 32.55656942885647 -2.511596611988807
    vertex 53.52482955089507 30.44051035007752 -4.259796993999547
    vertex 53.52482955089507 30.874062239710582 -4.354567680631988
  endloop
endfacet
facet normal 1.0 0.0 0.0
  outer loop
    vertex 53.52482955089507 32.55656942885647 -2.511596611988807
    vertex 53.52482955089507 30.874062239710582 -4.354567680631988
    vertex 53.52482955089507 31.317369665561504 -4.333897648348188
  endloop
endfacet
facet normal 1.0 0.0 0.0
  outer loop
    vertex 53.52482955089507 32.55656942885647 -2.511596611988807
    vertex 53.52482955089507 31.317369665561504 -4.333897648348188
    vertex 53.52482955089507 31.74022195915871 -4.199195525689445
  endloop
endfacet
facet normal 1.0 0.0 0.0
  outer loop
    vertex 53.52482955089507 32.55656942885647 -2.511596611988807
    vertex 53.52482955089507 31.74022195915871 -4.199195525689445
    vertex 53.52482955089507 32.113802435489994 -3.9596410397091693
  endloop
endfacet
facet normal 1.0 0.0 0.0
  outer loop
    vertex 53.52482955089507 32.55656942885647 -2.511596611988807
    vertex 53.52482955089507 32.113802435489994 -3.9596410397091693
    vertex 53.52482955089507 32.412652202464315 -3.631559432744407
  endloop
endfacet
facet normal 1.0 0.0 0.0
  outer loop
    vertex 53.52482955089507 32.55656942885647 -2.511596611988807
    vertex 53.52482955089507 32.412652202464315 -3.631559432744407
    vertex 53.52482955089507 32.61640514233496 -3.2373089241293234
  endloop
endfacet
facet normal 1.0 0.0 0.0
  outer loop
    vertex 53.52482955089507 32.55656942885647 -2.511596611988807
    vertex 53.52482955089507 32.61640514233496 -3.2373089241293234
    vertex 53.52482955089507 32.69693918698015 -2.4984256723833282
  endloop
endfacet
facet normal 1.0 0.0 0.0
  outer loop
    vertex 53.52482955089507 32.69693918698015 -2.4984256723833282
    vertex 53.52482955089507 32.61640514233496 -3.2373089241293234
    vertex 53.52482955089507 32.711175828967406 -2.8037570344962575
  endloop
endfacet
facet normal 1.0 0.0 0.0
  outer loop
    vertex 53.52482955089507 32.69693918698015 -2.4984256723833282
    vertex 53.52482955089507 32.711175828967406 -2.8037570344962575
    vertex 53.52482955089507 32.71017725762648 -2.635219069062003
  endloop
endfacet
facet normal 5.02647574037876e-34 -0.9528227211023326 -0.30352736639576156
  outer loop
    vertex 53.52482955089507 29.34392162585865 -2.9607615172260915
    vertex 4.524829550895076 29.478623748517393 -3.3836138108232925
    vertex 53.52482955089507 29.478623748517393 -3.3836138108232925
  endloop
endfacet
facet normal 5.02647574037876e-34 -0.9528227211023326 -0.30352736639576156
  outer loop
    vertex 4.524829550895076 29.478623748517393 -3.3836138108232925
    vertex 53.52482955089507 29.34392162585865 -2.9607615172260915
    vertex 4.524829550895076 29.34392162585865 -2.9607615172260915
  endloop
endfacet
facet normal 0.0 -0.4591211483059441 -0.888373666414213
  outer loop
    vertex 53.52482955089507 30.44051035007752 -4.259796993999547
    vertex 4.524829550895076 30.04625984146243 -4.0560440541289005
    vertex 4.524829550895076 30.44051035007752 -4.259796993999547
  endloop
endfacet
facet normal 0.0 -0.4591211483059441 -0.888373666414213
  outer loop
    vertex 4.524829550895076 30.04625984146243 -4.0560440541289005
    vertex 53.52482955089507 30.44051035007752 -4.259796993999547
    vertex 53.52482955089507 30.04625984146243 -4.0560440541289005
  endloop
endfacet
facet normal 0.0 0.9999824482157543 0.005924800454553716
  outer loop
    vertex 4.524829550895076 29.34392162585865 -2.9607615172260915
    vertex 53.52482955089507 29.34492019719957 -3.129299482660346
    vertex 4.524829550895075 29.34492019719957 -3.129299482660346
  endloop
endfacet
facet normal 0.0 0.9999824482157543 0.005924800454553716
  outer loop
    vertex 53.52482955089507 29.34492019719957 -3.129299482660346
    vertex 4.524829550895076 29.34392162585865 -2.9607615172260915
    vertex 53.52482955089507 29.34392162585865 -2.9607615172260915
  endloop
endfacet
facet normal 0.0 -0.841797411054737 -0.5397935890148589
  outer loop
    vertex 53.52482955089507 32.84487938028523 -3.0580713626592044
    vertex 4.5248295508950775 33.084433866265506 -3.431651838990491
    vertex 53.52482955089507 33.084433866265506 -3.431651838990491
  endloop
endfacet
facet normal 0.0 -0.841797411054737 -0.5397935890148589
  outer loop
    vertex 4.5248295508950775 33.084433866265506 -3.431651838990491
    vertex 53.52482955089507 32.84487938028523 -3.0580713626592044
    vertex 4.5248295508950775 32.84487938028523 -3.0580713626592044
  endloop
endfacet
facet normal 1.0 -5.385314748982458e-16 -1.408521281883494e-15
  outer loop
    vertex 53.52482955089507 32.71017725762648 -2.635219069062003
    vertex 53.52482955089507 36.06319481874799 -2.1728832242192397
    vertex 53.52482955089507 32.69693918698015 -2.4984256723833282
  endloop
endfacet
facet normal 1.0 -5.385314748982458e-16 -1.408521281883494e-15
  outer loop
    vertex 53.52482955089507 36.06319481874799 -2.1728832242192397
    vertex 53.52482955089507 32.71017725762648 -2.635219069062003
    vertex 53.52482955089507 32.84487938028523 -3.0580713626592044
  endloop
endfacet
facet normal 1.0 -5.385314748982458e-16 -1.408521281883494e-15
  outer loop
    vertex 53.52482955089507 36.06319481874799 -2.1728832242192397
    vertex 53.52482955089507 32.84487938028523 -3.0580713626592044
    vertex 53.52482955089507 33.084433866265506 -3.431651838990491
  endloop
endfacet
facet normal 1.0 -5.385314748982458e-16 -1.408521281883494e-15
  outer loop
    vertex 53.52482955089507 36.06319481874799 -2.1728832242192397
    vertex 53.52482955089507 33.084433866265506 -3.431651838990491
    vertex 53.52482955089507 33.412515473230265 -3.730501605964812
  endloop
endfacet
facet normal 1.0 -5.385314748982458e-16 -1.408521281883494e-15
  outer loop
    vertex 53.52482955089507 36.06319481874799 -2.1728832242192397
    vertex 53.52482955089507 33.412515473230265 -3.730501605964812
    vertex 53.52482955089507 33.80676598184535 -3.934254545835458
  endloop
endfacet
facet normal 1.0 -5.385314748982458e-16 -1.408521281883494e-15
  outer loop
    vertex 53.52482955089507 36.06319481874799 -2.1728832242192397
    vertex 53.52482955089507 33.80676598184535 -3.934254545835458
    vertex 53.52482955089507 34.24031787147842 -4.0290252324679
  endloop
endfacet
facet normal 1.0 -5.385314748982458e-16 -1.408521281883494e-15
  outer loop
    vertex 53.52482955089507 36.06319481874799 -2.1728832242192397
    vertex 53.52482955089507 34.24031787147842 -4.0290252324679
    vertex 53.52482955089507 34.68362529732934 -4.0083552001841
  endloop
endfacet
facet normal 1.0 -5.385314748982458e-16 -1.408521281883494e-15
  outer loop
    vertex 53.52482955089507 36.06319481874799 -2.1728832242192397
    vertex 53.52482955089507 34.68362529732934 -4.0083552001841
    vertex 53.52482955089507 35.106477590926545 -3.873653077525357
  endloop
endfacet
facet normal 1.0 -5.385314748982458e-16 -1.408521281883494e-15
  outer loop
    vertex 53.52482955089507 36.06319481874799 -2.1728832242192397
    vertex 53.52482955089507 35.106477590926545 -3.873653077525357
    vertex 53.52482955089507 35.48005806725783 -3.6340985915450803
  endloop
endfacet
facet normal 1.0 -5.385314748982458e-16 -1.408521281883494e-15
  outer loop
    vertex 53.52482955089507 36.06319481874799 -2.1728832242192397
    vertex 53.52482955089507 35.48005806725783 -3.6340985915450803
    vertex 53.52482955089507 35.77890783423215 -3.3060169845803187
  endloop
endfacet
facet normal 1.0 -5.385314748982458e-16 -1.408521281883494e-15
  outer loop
    vertex 53.52482955089507 36.06319481874799 -2.1728832242192397
    vertex 53.52482955089507 35.77890783423215 -3.3060169845803187
    vertex 53.52482955089507 35.9826607741028 -2.911766475965235
  endloop
endfacet
facet normal 1.0 -5.385314748982458e-16 -1.408521281883494e-15
  outer loop
    vertex 53.52482955089507 36.06319481874799 -2.1728832242192397
    vertex 53.52482955089507 35.9826607741028 -2.911766475965235
    vertex 53.52482955089507 36.07743146073524 -2.478214586332169
  endloop
endfacet
facet normal 1.0 -5.385314748982458e-16 -1.408521281883494e-15
  outer loop
    vertex 53.52482955089507 36.06319481874799 -2.1728832242192397
    vertex 53.52482955089507 36.07743146073524 -2.478214586332169
    vertex 53.524829550895085 36.07643288939432 -2.3096766208979145
  endloop
endfacet
facet normal 0.0 -0.6734049985797584 -0.7392737705936792
  outer loop
    vertex 53.52482955089507 33.412515473230265 -3.730501605964812
    vertex 4.5248295508950775 33.084433866265506 -3.431651838990491
    vertex 4.5248295508950775 33.412515473230265 -3.730501605964812
  endloop
endfacet
facet normal 0.0 -0.6734049985797584 -0.7392737705936792
  outer loop
    vertex 4.5248295508950775 33.084433866265506 -3.431651838990491
    vertex 53.52482955089507 33.412515473230265 -3.730501605964812
    vertex 53.52482955089507 33.084433866265506 -3.431651838990491
  endloop
endfacet
facet normal 0.0 -0.4591211483059441 -0.888373666414213
  outer loop
    vertex 53.52482955089507 33.80676598184535 -3.934254545835458
    vertex 4.5248295508950775 33.412515473230265 -3.730501605964812
    vertex 4.5248295508950775 33.80676598184535 -3.934254545835458
  endloop
endfacet
facet normal 0.0 -0.4591211483059441 -0.888373666414213
  outer loop
    vertex 4.5248295508950775 33.412515473230265 -3.730501605964812
    vertex 53.52482955089507 33.80676598184535 -3.934254545835458
    vertex 53.52482955089507 33.412515473230265 -3.730501605964812
  endloop
endfacet
facet normal -1.0 1.9038583463708455e-16 -3.645769735011203e-17
  outer loop
    vertex 4.5248295508950775 36.06319481874799 -2.1728832242192397
    vertex 4.5248295508950775 32.71017725762648 -2.635219069062003
    vertex 4.524829550895076 32.69693918698015 -2.4984256723833282
  endloop
endfacet
facet normal -1.0 1.9038583463708455e-16 -3.645769735011203e-17
  outer loop
    vertex 4.5248295508950775 32.71017725762648 -2.635219069062003
    vertex 4.5248295508950775 36.06319481874799 -2.1728832242192397
    vertex 4.5248295508950775 32.84487938028523 -3.0580713626592044
  endloop
endfacet
facet normal -1.0 1.9038583463708455e-16 -3.645769735011203e-17
  outer loop
    vertex 4.5248295508950775 32.84487938028523 -3.0580713626592044
    vertex 4.5248295508950775 36.06319481874799 -2.1728832242192397
    vertex 4.5248295508950775 33.084433866265506 -3.431651838990491
  endloop
endfacet
facet normal -1.0 1.9038583463708455e-16 -3.645769735011203e-17
  outer loop
    vertex 4.5248295508950775 33.084433866265506 -3.431651838990491
    vertex 4.5248295508950775 36.06319481874799 -2.1728832242192397
    vertex 4.5248295508950775 33.412515473230265 -3.730501605964812
  endloop
endfacet
facet normal -1.0 1.9038583463708455e-16 -3.645769735011203e-17
  outer loop
    vertex 4.5248295508950775 33.412515473230265 -3.730501605964812
    vertex 4.5248295508950775 36.06319481874799 -2.1728832242192397
    vertex 4.5248295508950775 33.80676598184535 -3.934254545835458
  endloop
endfacet
facet normal -1.0 1.9038583463708455e-16 -3.645769735011203e-17
  outer loop
    vertex 4.5248295508950775 33.80676598184535 -3.934254545835458
    vertex 4.5248295508950775 36.06319481874799 -2.1728832242192397
    vertex 4.5248295508950775 34.24031787147842 -4.0290252324679
  endloop
endfacet
facet normal -1.0 1.9038583463708455e-16 -3.645769735011203e-17
  outer loop
    vertex 4.5248295508950775 34.24031787147842 -4.0290252324679
    vertex 4.5248295508950775 36.06319481874799 -2.1728832242192397
    vertex 4.5248295508950775 34.68362529732934 -4.0083552001841
  endloop
endfacet
facet normal -1.0 1.9038583463708455e-16 -3.645769735011203e-17
  outer loop
    vertex 4.5248295508950775 34.68362529732934 -4.0083552001841
    vertex 4.5248295508950775 36.06319481874799 -2.1728832242192397
    vertex 4.5248295508950775 35.106477590926545 -3.873653077525357
  endloop
endfacet
facet normal -1.0 1.9038583463708455e-16 -3.645769735011203e-17
  outer loop
    vertex 4.5248295508950775 35.106477590926545 -3.873653077525357
    vertex 4.5248295508950775 36.06319481874799 -2.1728832242192397
    vertex 4.5248295508950775 35.48005806725783 -3.6340985915450803
  endloop
endfacet
facet normal -1.0 1.9038583463708455e-16 -3.645769735011203e-17
  outer loop
    vertex 4.5248295508950775 35.48005806725783 -3.6340985915450803
    vertex 4.5248295508950775 36.06319481874799 -2.1728832242192397
    vertex 4.5248295508950775 35.77890783423215 -3.3060169845803187
  endloop
endfacet
facet normal -1.0 1.9038583463708455e-16 -3.645769735011203e-17
  outer loop
    vertex 4.5248295508950775 35.77890783423215 -3.3060169845803187
    vertex 4.5248295508950775 36.06319481874799 -2.1728832242192397
    vertex 4.5248295508950775 35.9826607741028 -2.911766475965235
  endloop
endfacet
facet normal -1.0 1.9038583463708455e-16 -3.645769735011203e-17
  outer loop
    vertex 4.5248295508950775 35.9826607741028 -2.911766475965235
    vertex 4.5248295508950775 36.06319481874799 -2.1728832242192397
    vertex 4.5248295508950775 36.07743146073524 -2.478214586332169
  endloop
endfacet
facet normal -1.0 1.9038583463708455e-16 -3.645769735011203e-17
  outer loop
    vertex 4.5248295508950775 36.07743146073524 -2.478214586332169
    vertex 4.5248295508950775 36.06319481874799 -2.1728832242192397
    vertex 4.524829550895079 36.07643288939432 -2.3096766208979145
  endloop
endfacet
facet normal 0.0 -0.9528227211023326 -0.30352736639576156
  outer loop
    vertex 53.52482955089507 32.71017725762648 -2.635219069062003
    vertex 4.5248295508950775 32.84487938028523 -3.0580713626592044
    vertex 53.52482955089507 32.84487938028523 -3.0580713626592044
  endloop
endfacet
facet normal 0.0 -0.9528227211023326 -0.30352736639576156
  outer loop
    vertex 4.5248295508950775 32.84487938028523 -3.0580713626592044
    vertex 53.52482955089507 32.71017725762648 -2.635219069062003
    vertex 4.5248295508950775 32.71017725762648 -2.635219069062003
  endloop
endfacet
facet normal 0.0 0.5397935890148594 -0.8417974110547366
  outer loop
    vertex 53.52482955089507 35.48005806725783 -3.6340985915450803
    vertex 4.5248295508950775 35.106477590926545 -3.873653077525357
    vertex 4.5248295508950775 35.48005806725783 -3.6340985915450803
  endloop
endfacet
facet normal 0.0 0.5397935890148594 -0.8417974110547366
  outer loop
    vertex 4.5248295508950775 35.106477590926545 -3.873653077525357
    vertex 53.52482955089507 35.48005806725783 -3.6340985915450803
    vertex 53.52482955089507 35.106477590926545 -3.873653077525357
  endloop
endfacet
facet normal 0.0 0.04657625535947452 -0.998914737320803
  outer loop
    vertex 53.52482955089507 34.68362529732934 -4.0083552001841
    vertex 4.5248295508950775 34.24031787147842 -4.0290252324679
    vertex 4.5248295508950775 34.68362529732934 -4.0083552001841
  endloop
endfacet
facet normal 0.0 0.04657625535947452 -0.998914737320803
  outer loop
    vertex 4.5248295508950775 34.24031787147842 -4.0290252324679
    vertex 53.52482955089507 34.68362529732934 -4.0083552001841
    vertex 53.52482955089507 34.24031787147842 -4.0290252324679
  endloop
endfacet
facet normal 0.0 0.8883736664142113 -0.45912114830594747
  outer loop
    vertex 4.5248295508950775 35.9826607741028 -2.911766475965235
    vertex 53.52482955089507 35.77890783423215 -3.3060169845803187
    vertex 4.5248295508950775 35.77890783423215 -3.3060169845803187
  endloop
endfacet
facet normal 0.0 0.8883736664142113 -0.45912114830594747
  outer loop
    vertex 53.52482955089507 35.77890783423215 -3.3060169845803187
    vertex 4.5248295508950775 35.9826607741028 -2.911766475965235
    vertex 53.52482955089507 35.9826607741028 -2.911766475965235
  endloop
endfacet
facet normal 0.0 0.9769323649755153 -0.21354895050865255
  outer loop
    vertex 4.5248295508950775 36.07743146073524 -2.478214586332169
    vertex 53.52482955089507 35.9826607741028 -2.911766475965235
    vertex 4.5248295508950775 35.9826607741028 -2.911766475965235
  endloop
endfacet
facet normal 0.0 0.9769323649755153 -0.21354895050865255
  outer loop
    vertex 53.52482955089507 35.9826607741028 -2.911766475965235
    vertex 4.5248295508950775 36.07743146073524 -2.478214586332169
    vertex 53.52482955089507 36.07743146073524 -2.478214586332169
  endloop
endfacet
facet normal 0.0 0.30352736639575595 -0.9528227211023342
  outer loop
    vertex 53.52482955089507 35.106477590926545 -3.873653077525357
    vertex 4.5248295508950775 34.68362529732934 -4.0083552001841
    vertex 4.5248295508950775 35.106477590926545 -3.873653077525357
  endloop
endfacet
facet normal 0.0 0.30352736639575595 -0.9528227211023342
  outer loop
    vertex 4.5248295508950775 34.68362529732934 -4.0083552001841
    vertex 53.52482955089507 35.106477590926545 -3.873653077525357
    vertex 53.52482955089507 34.68362529732934 -4.0083552001841
  endloop
endfacet
facet normal 0.0 0.7392737705936807 -0.6734049985797566
  outer loop
    vertex 4.5248295508950775 35.77890783423215 -3.3060169845803187
    vertex 53.52482955089507 35.48005806725783 -3.6340985915450803
    vertex 4.5248295508950775 35.48005806725783 -3.6340985915450803
  endloop
endfacet
facet normal 0.0 0.7392737705936807 -0.6734049985797566
  outer loop
    vertex 53.52482955089507 35.48005806725783 -3.6340985915450803
    vertex 4.5248295508950775 35.77890783423215 -3.3060169845803187
    vertex 53.52482955089507 35.77890783423215 -3.3060169845803187
  endloop
endfacet
facet normal 0.0 -0.2135489505086532 -0.976932364975515
  outer loop
    vertex 53.52482955089507 34.24031787147842 -4.0290252324679
    vertex 4.5248295508950775 33.80676598184535 -3.934254545835458
    vertex 4.5248295508950775 34.24031787147842 -4.0290252324679
  endloop
endfacet
facet normal 0.0 -0.2135489505086532 -0.976932364975515
  outer loop
    vertex 4.5248295508950775 33.80676598184535 -3.934254545835458
    vertex 53.52482955089507 34.24031787147842 -4.0290252324679
    vertex 53.52482955089507 33.80676598184535 -3.934254545835458
  endloop
endfacet
facet normal -6.904293831341354e-22 0.9999824482157543 0.005924800454553716
  outer loop
    vertex 4.5248295508950775 32.71017725762648 -2.635219069062003
    vertex 53.52482955089507 32.711175828967406 -2.8037570344962575
    vertex 4.524829550895076 32.711175828967406 -2.8037570344962575
  endloop
endfacet
facet normal -6.904293831341354e-22 0.9999824482157543 0.005924800454553716
  outer loop
    vertex 53.52482955089507 32.711175828967406 -2.8037570344962575
    vertex 4.5248295508950775 32.71017725762648 -2.635219069062003
    vertex 53.52482955089507 32.71017725762648 -2.635219069062003
  endloop
endfacet
facet normal 0.0 0.8883736664142113 -0.45912114830594747
  outer loop
    vertex 4.524829550895079 39.34891640587063 -2.5862240278011464
    vertex 53.524829550895085 39.14516346599998 -2.98047453641623
    vertex 4.524829550895079 39.14516346599998 -2.98047453641623
  endloop
endfacet
facet normal 0.0 0.8883736664142113 -0.45912114830594747
  outer loop
    vertex 53.524829550895085 39.14516346599998 -2.98047453641623
    vertex 4.524829550895079 39.34891640587063 -2.5862240278011464
    vertex 53.524829550895085 39.34891640587063 -2.5862240278011464
  endloop
endfacet
facet normal 0.0 -0.6734049985797584 -0.7392737705936792
  outer loop
    vertex 53.524829550895085 36.7787711049981 -3.4049591578007234
    vertex 4.524829550895079 36.45068949803334 -3.1061093908264024
    vertex 4.524829550895079 36.7787711049981 -3.4049591578007234
  endloop
endfacet
facet normal 0.0 -0.6734049985797584 -0.7392737705936792
  outer loop
    vertex 4.524829550895079 36.45068949803334 -3.1061093908264024
    vertex 53.524829550895085 36.7787711049981 -3.4049591578007234
    vertex 53.524829550895085 36.45068949803334 -3.1061093908264024
  endloop
endfacet
facet normal 0.0 0.5397935890148594 -0.8417974110547366
  outer loop
    vertex 53.524829550895085 38.84631369902566 -3.3085561433809927
    vertex 4.524829550895079 38.47273322269438 -3.5481106293612688
    vertex 4.524829550895079 38.84631369902566 -3.3085561433809927
  endloop
endfacet
facet normal 0.0 0.5397935890148594 -0.8417974110547366
  outer loop
    vertex 4.524829550895079 38.47273322269438 -3.5481106293612688
    vertex 53.524829550895085 38.84631369902566 -3.3085561433809927
    vertex 53.524829550895085 38.47273322269438 -3.5481106293612688
  endloop
endfacet
facet normal 0.0 -0.4591211483059441 -0.888373666414213
  outer loop
    vertex 53.524829550895085 37.17302161361319 -3.6087120976713702
    vertex 4.524829550895079 36.7787711049981 -3.4049591578007234
    vertex 4.524829550895079 37.17302161361319 -3.6087120976713702
  endloop
endfacet
facet normal 0.0 -0.4591211483059441 -0.888373666414213
  outer loop
    vertex 4.524829550895079 36.7787711049981 -3.4049591578007234
    vertex 53.524829550895085 37.17302161361319 -3.6087120976713702
    vertex 53.524829550895085 36.7787711049981 -3.4049591578007234
  endloop
endfacet
facet normal -1.4550702829190153e-20 0.998914737320803 0.04657625535947446
  outer loop
    vertex 4.524829550895079 39.429450450515816 -1.8473407760551515
    vertex 53.524829550895085 39.44368709250307 -2.1526721381680805
    vertex 4.524829550895079 39.44368709250307 -2.1526721381680805
  endloop
endfacet
facet normal -1.4550702829190153e-20 0.998914737320803 0.04657625535947446
  outer loop
    vertex 53.524829550895085 39.44368709250307 -2.1526721381680805
    vertex 4.524829550895079 39.429450450515816 -1.8473407760551515
    vertex 53.524829550895085 39.429450450515816 -1.8473407760551515
  endloop
endfacet
facet normal 0.0 0.30352736639575595 -0.9528227211023342
  outer loop
    vertex 53.524829550895085 38.47273322269438 -3.5481106293612688
    vertex 4.524829550895079 38.04988092909717 -3.682812752020011
    vertex 4.524829550895079 38.47273322269438 -3.5481106293612688
  endloop
endfacet
facet normal 0.0 0.30352736639575595 -0.9528227211023342
  outer loop
    vertex 4.524829550895079 38.04988092909717 -3.682812752020011
    vertex 53.524829550895085 38.47273322269438 -3.5481106293612688
    vertex 53.524829550895085 38.04988092909717 -3.682812752020011
  endloop
endfacet
facet normal 0.0 0.7392737705936807 -0.6734049985797566
  outer loop
    vertex 4.524829550895079 39.14516346599998 -2.98047453641623
    vertex 53.524829550895085 38.84631369902566 -3.3085561433809927
    vertex 4.524829550895079 38.84631369902566 -3.3085561433809927
  endloop
endfacet
facet normal 0.0 0.7392737705936807 -0.6734049985797566
  outer loop
    vertex 53.524829550895085 38.84631369902566 -3.3085561433809927
    vertex 4.524829550895079 39.14516346599998 -2.98047453641623
    vertex 53.524829550895085 39.14516346599998 -2.98047453641623
  endloop
endfacet
facet normal 0.0 -0.841797411054737 -0.5397935890148589
  outer loop
    vertex 53.524829550895085 36.21113501205306 -2.732528914495116
    vertex 4.524829550895079 36.45068949803334 -3.1061093908264024
    vertex 53.524829550895085 36.45068949803334 -3.1061093908264024
  endloop
endfacet
facet normal 0.0 -0.841797411054737 -0.5397935890148589
  outer loop
    vertex 4.524829550895079 36.45068949803334 -3.1061093908264024
    vertex 53.524829550895085 36.21113501205306 -2.732528914495116
    vertex 4.524829550895079 36.21113501205306 -2.732528914495116
  endloop
endfacet
facet normal 0.0 0.04657625535947452 -0.998914737320803
  outer loop
    vertex 53.524829550895085 38.04988092909717 -3.682812752020011
    vertex 4.524829550895079 37.606573503246246 -3.703482784303811
    vertex 4.524829550895079 38.04988092909717 -3.682812752020011
  endloop
endfacet
facet normal 0.0 0.04657625535947452 -0.998914737320803
  outer loop
    vertex 4.524829550895079 37.606573503246246 -3.703482784303811
    vertex 53.524829550895085 38.04988092909717 -3.682812752020011
    vertex 53.524829550895085 37.606573503246246 -3.703482784303811
  endloop
endfacet
facet normal 1.0 -9.366730006605195e-16 1.8254180661147263e-15
  outer loop
    vertex 53.524829550895085 36.07643288939432 -2.3096766208979145
    vertex 53.524829550895085 39.429450450515816 -1.8473407760551515
    vertex 53.52482955089507 36.06319481874799 -2.1728832242192397
  endloop
endfacet
facet normal 1.0 -9.366730006605195e-16 1.8254180661147263e-15
  outer loop
    vertex 53.524829550895085 39.429450450515816 -1.8473407760551515
    vertex 53.524829550895085 36.07643288939432 -2.3096766208979145
    vertex 53.524829550895085 36.21113501205306 -2.732528914495116
  endloop
endfacet
facet normal 1.0 -9.366730006605195e-16 1.8254180661147263e-15
  outer loop
    vertex 53.524829550895085 39.429450450515816 -1.8473407760551515
    vertex 53.524829550895085 36.21113501205306 -2.732528914495116
    vertex 53.524829550895085 36.45068949803334 -3.1061093908264024
  endloop
endfacet
facet normal 1.0 -9.366730006605195e-16 1.8254180661147263e-15
  outer loop
    vertex 53.524829550895085 39.429450450515816 -1.8473407760551515
    vertex 53.524829550895085 36.45068949803334 -3.1061093908264024
    vertex 53.524829550895085 36.7787711049981 -3.4049591578007234
  endloop
endfacet
facet normal 1.0 -9.366730006605195e-16 1.8254180661147263e-15
  outer loop
    vertex 53.524829550895085 39.429450450515816 -1.8473407760551515
    vertex 53.524829550895085 36.7787711049981 -3.4049591578007234
    vertex 53.524829550895085 37.17302161361319 -3.6087120976713702
  endloop
endfacet
facet normal 1.0 -9.366730006605195e-16 1.8254180661147263e-15
  outer loop
    vertex 53.524829550895085 39.429450450515816 -1.8473407760551515
    vertex 53.524829550895085 37.17302161361319 -3.6087120976713702
    vertex 53.524829550895085 37.606573503246246 -3.703482784303811
  endloop
endfacet
facet normal 1.0 -9.366730006605195e-16 1.8254180661147263e-15
  outer loop
    vertex 53.524829550895085 39.429450450515816 -1.8473407760551515
    vertex 53.524829550895085 37.606573503246246 -3.703482784303811
    vertex 53.524829550895085 38.04988092909717 -3.682812752020011
  endloop
endfacet
facet normal 1.0 -9.366730006605195e-16 1.8254180661147263e-15
  outer loop
    vertex 53.524829550895085 39.429450450515816 -1.8473407760551515
    vertex 53.524829550895085 38.04988092909717 -3.682812752020011
    vertex 53.524829550895085 38.47273322269438 -3.5481106293612688
  endloop
endfacet
facet normal 1.0 -9.366730006605195e-16 1.8254180661147263e-15
  outer loop
    vertex 53.524829550895085 39.429450450515816 -1.8473407760551515
    vertex 53.524829550895085 38.47273322269438 -3.5481106293612688
    vertex 53.524829550895085 38.84631369902566 -3.3085561433809927
  endloop
endfacet
facet normal 1.0 -9.366730006605195e-16 1.8254180661147263e-15
  outer loop
    vertex 53.524829550895085 39.429450450515816 -1.8473407760551515
    vertex 53.524829550895085 38.84631369902566 -3.3085561433809927
    vertex 53.524829550895085 39.14516346599998 -2.98047453641623
  endloop
endfacet
facet normal 1.0 -9.366730006605195e-16 1.8254180661147263e-15
  outer loop
    vertex 53.524829550895085 39.429450450515816 -1.8473407760551515
    vertex 53.524829550895085 39.14516346599998 -2.98047453641623
    vertex 53.524829550895085 39.34891640587063 -2.5862240278011464
  endloop
endfacet
facet normal 1.0 -9.366730006605195e-16 1.8254180661147263e-15
  outer loop
    vertex 53.524829550895085 39.429450450515816 -1.8473407760551515
    vertex 53.524829550895085 39.34891640587063 -2.5862240278011464
    vertex 53.524829550895085 39.44368709250307 -2.1526721381680805
  endloop
endfacet
facet normal -1.4148271419597862e-19 -0.9528227211023326 -0.3035273663957616
  outer loop
    vertex 53.524829550895085 36.07643288939432 -2.3096766208979145
    vertex 4.524829550895079 36.21113501205306 -2.732528914495116
    vertex 53.524829550895085 36.21113501205306 -2.732528914495116
  endloop
endfacet
facet normal -1.4148271419597862e-19 -0.9528227211023326 -0.3035273663957616
  outer loop
    vertex 4.524829550895079 36.21113501205306 -2.732528914495116
    vertex 53.524829550895085 36.07643288939432 -2.3096766208979145
    vertex 4.524829550895079 36.07643288939432 -2.3096766208979145
  endloop
endfacet
facet normal 0.0 -0.2135489505086532 -0.976932364975515
  outer loop
    vertex 53.524829550895085 37.606573503246246 -3.703482784303811
    vertex 4.524829550895079 37.17302161361319 -3.6087120976713702
    vertex 4.524829550895079 37.606573503246246 -3.703482784303811
  endloop
endfacet
facet normal 0.0 -0.2135489505086532 -0.976932364975515
  outer loop
    vertex 4.524829550895079 37.17302161361319 -3.6087120976713702
    vertex 53.524829550895085 37.606573503246246 -3.703482784303811
    vertex 53.524829550895085 37.17302161361319 -3.6087120976713702
  endloop
endfacet
facet normal 0.0 0.9769323649755153 -0.21354895050865255
  outer loop
    vertex 4.524829550895079 39.44368709250307 -2.1526721381680805
    vertex 53.524829550895085 39.34891640587063 -2.5862240278011464
    vertex 4.524829550895079 39.34891640587063 -2.5862240278011464
  endloop
endfacet
facet normal 0.0 0.9769323649755153 -0.21354895050865255
  outer loop
    vertex 53.524829550895085 39.34891640587063 -2.5862240278011464
    vertex 4.524829550895079 39.44368709250307 -2.1526721381680805
    vertex 53.524829550895085 39.44368709250307 -2.1526721381680805
  endloop
endfacet
facet normal -1.0 1.1708412508256494e-16 -2.2817725826434073e-16
  outer loop
    vertex 4.524829550895079 39.429450450515816 -1.8473407760551515
    vertex 4.524829550895079 36.07643288939432 -2.3096766208979145
    vertex 4.5248295508950775 36.06319481874799 -2.1728832242192397
  endloop
endfacet
facet normal -1.0 1.1708412508256494e-16 -2.2817725826434073e-16
  outer loop
    vertex 4.524829550895079 36.07643288939432 -2.3096766208979145
    vertex 4.524829550895079 39.429450450515816 -1.8473407760551515
    vertex 4.524829550895079 36.21113501205306 -2.732528914495116
  endloop
endfacet
facet normal -1.0 1.1708412508256494e-16 -2.2817725826434073e-16
  outer loop
    vertex 4.524829550895079 36.21113501205306 -2.732528914495116
    vertex 4.524829550895079 39.429450450515816 -1.8473407760551515
    vertex 4.524829550895079 36.45068949803334 -3.1061093908264024
  endloop
endfacet
facet normal -1.0 1.1708412508256494e-16 -2.2817725826434073e-16
  outer loop
    vertex 4.524829550895079 36.45068949803334 -3.1061093908264024
    vertex 4.524829550895079 39.429450450515816 -1.8473407760551515
    vertex 4.524829550895079 36.7787711049981 -3.4049591578007234
  endloop
endfacet
facet normal -1.0 1.1708412508256494e-16 -2.2817725826434073e-16
  outer loop
    vertex 4.524829550895079 36.7787711049981 -3.4049591578007234
    vertex 4.524829550895079 39.429450450515816 -1.8473407760551515
    vertex 4.524829550895079 37.17302161361319 -3.6087120976713702
  endloop
endfacet
facet normal -1.0 1.1708412508256494e-16 -2.2817725826434073e-16
  outer loop
    vertex 4.524829550895079 37.17302161361319 -3.6087120976713702
    vertex 4.524829550895079 39.429450450515816 -1.8473407760551515
    vertex 4.524829550895079 37.606573503246246 -3.703482784303811
  endloop
endfacet
facet normal -1.0 1.1708412508256494e-16 -2.2817725826434073e-16
  outer loop
    vertex 4.524829550895079 37.606573503246246 -3.703482784303811
    vertex 4.524829550895079 39.429450450515816 -1.8473407760551515
    vertex 4.524829550895079 38.04988092909717 -3.682812752020011
  endloop
endfacet
facet normal -1.0 1.1708412508256494e-16 -2.2817725826434073e-16
  outer loop
    vertex 4.524829550895079 38.04988092909717 -3.682812752020011
    vertex 4.524829550895079 39.429450450515816 -1.8473407760551515
    vertex 4.524829550895079 38.47273322269438 -3.5481106293612688
  endloop
endfacet
facet normal -1.0 1.1708412508256494e-16 -2.2817725826434073e-16
  outer loop
    vertex 4.524829550895079 38.47273322269438 -3.5481106293612688
    vertex 4.524829550895079 39.429450450515816 -1.8473407760551515
    vertex 4.524829550895079 38.84631369902566 -3.3085561433809927
  endloop
endfacet
facet normal -1.0 1.1708412508256494e-16 -2.2817725826434073e-16
  outer loop
    vertex 4.524829550895079 38.84631369902566 -3.3085561433809927
    vertex 4.524829550895079 39.429450450515816 -1.8473407760551515
    vertex 4.524829550895079 39.14516346599998 -2.98047453641623
  endloop
endfacet
facet normal -1.0 1.1708412508256494e-16 -2.2817725826434073e-16
  outer loop
    vertex 4.524829550895079 39.14516346599998 -2.98047453641623
    vertex 4.524829550895079 39.429450450515816 -1.8473407760551515
    vertex 4.524829550895079 39.34891640587063 -2.5862240278011464
  endloop
endfacet
facet normal -1.0 1.1708412508256494e-16 -2.2817725826434073e-16
  outer loop
    vertex 4.524829550895079 39.34891640587063 -2.5862240278011464
    vertex 4.524829550895079 39.429450450515816 -1.8473407760551515
    vertex 4.524829550895079 39.44368709250307 -2.1526721381680805
  endloop
endfacet
facet normal 1.8941699733799493e-22 0.9999824482157543 0.005924800454553718
  outer loop
    vertex 4.524829550895079 36.07643288939432 -2.3096766208979145
    vertex 53.52482955089507 36.07743146073524 -2.478214586332169
    vertex 4.5248295508950775 36.07743146073524 -2.478214586332169
  endloop
endfacet
facet normal 1.8941699733799493e-22 0.9999824482157543 0.005924800454553718
  outer loop
    vertex 53.52482955089507 36.07743146073524 -2.478214586332169
    vertex 4.524829550895079 36.07643288939432 -2.3096766208979145
    vertex 53.524829550895085 36.07643288939432 -2.3096766208979145
  endloop
endfacet
facet normal 0.0 1.0 0.0
  outer loop
    vertex 13.024829550895095 38.09534987485361 5.654306999999989
    vertex 17.53092723422478 38.09534987485361 38.15430699999999
    vertex 17.53092723422478 38.09534987485361 5.654306999999986
  endloop
endfacet
facet normal 0.0 1.0 0.0
  outer loop
    vertex 17.53092723422478 38.09534987485361 38.15430699999999
    vertex 13.024829550895095 38.09534987485361 5.654306999999989
    vertex 13.024829550895095 38.09534987485361 42.15430699999999
  endloop
endfacet
facet normal 0.0 1.0 0.0
  outer loop
    vertex 17.53092723422478 38.09534987485361 38.15430699999999
    vertex 13.024829550895095 38.09534987485361 42.15430699999999
    vertex 19.51873186756541 38.09534987485361 38.15430699999999
  endloop
endfacet
facet normal 0.0 1.0 0.0
  outer loop
    vertex 19.51873186756541 38.09534987485361 38.15430699999999
    vertex 13.024829550895095 38.09534987485361 42.15430699999999
    vertex 28.03338466039272 38.09534987485361 38.15430699999999
  endloop
endfacet
facet normal 0.0 1.0 0.0
  outer loop
    vertex 28.03338466039272 38.09534987485361 38.15430699999999
    vertex 13.024829550895095 38.09534987485361 42.15430699999999
    vertex 30.016274441397467 38.09534987485361 38.15430699999999
  endloop
endfacet
facet normal 0.0 1.0 0.0
  outer loop
    vertex 30.016274441397467 38.09534987485361 38.15430699999999
    vertex 13.024829550895095 38.09534987485361 42.15430699999999
    vertex 38.53320553522257 38.09534987485361 38.15430699999999
  endloop
endfacet
facet normal 0.0 1.0 0.0
  outer loop
    vertex 38.53320553522257 38.09534987485361 38.15430699999999
    vertex 13.024829550895095 38.09534987485361 42.15430699999999
    vertex 40.51645356656757 38.09534987485361 38.15430699999999
  endloop
endfacet
facet normal 0.0 1.0 0.0
  outer loop
    vertex 40.51645356656757 38.09534987485361 38.15430699999999
    vertex 45.02482955089507 38.09534987485361 5.654306999999989
    vertex 40.51645356656757 38.09534987485361 5.654306999999986
  endloop
endfacet
facet normal 0.0 1.0 0.0
  outer loop
    vertex 45.02482955089507 38.09534987485361 5.654306999999989
    vertex 40.51645356656757 38.09534987485361 38.15430699999999
    vertex 45.02482955089507 38.09534987485361 42.15430699999999
  endloop
endfacet
facet normal 0.0 1.0 0.0
  outer loop
    vertex 45.02482955089507 38.09534987485361 42.15430699999999
    vertex 40.51645356656757 38.09534987485361 38.15430699999999
    vertex 13.024829550895095 38.09534987485361 42.15430699999999
  endloop
endfacet
facet normal 0.0 1.0 0.0
  outer loop
    vertex 30.016274441397467 38.09534987485361 38.15430699999999
    vertex 38.53320553522257 38.09534987485361 5.654306999999986
    vertex 30.016274441397467 38.09534987485361 5.654306999999986
  endloop
endfacet
facet normal 0.0 1.0 0.0
  outer loop
    vertex 38.53320553522257 38.09534987485361 5.654306999999986
    vertex 30.016274441397467 38.09534987485361 38.15430699999999
    vertex 38.53320553522257 38.09534987485361 38.15430699999999
  endloop
endfacet
facet normal 0.0 1.0 0.0
  outer loop
    vertex 19.51873186756541 38.09534987485361 38.15430699999999
    vertex 28.03338466039272 38.09534987485361 5.654306999999986
    vertex 19.51873186756541 38.09534987485361 5.654306999999986
  endloop
endfacet
facet normal 0.0 1.0 0.0
  outer loop
    vertex 28.03338466039272 38.09534987485361 5.654306999999986
    vertex 19.51873186756541 38.09534987485361 38.15430699999999
    vertex 28.03338466039272 38.09534987485361 38.15430699999999
  endloop
endfacet
facet normal 1.0 0.0 0.0
  outer loop
    vertex 45.52482955089507 33.10174022980557 5.654306999999986
    vertex 45.52482955089507 25.0953498748536 38.15430699999999
    vertex 45.52482955089507 25.0953498748536 5.654306999999986
  endloop
endfacet
facet normal 1.0 0.0 0.0
  outer loop
    vertex 45.52482955089507 37.59534987485361 5.654306999999989
    vertex 45.52482955089507 35.08895951990165 38.15430699999999
    vertex 45.52482955089507 35.08895951990165 5.654306999999986
  endloop
endfacet
facet normal 1.0 0.0 0.0
  outer loop
    vertex 45.52482955089507 23.095349874853603 5.654306999999986
    vertex 45.52482955089507 20.595349874853603 42.15430699999999
    vertex 45.52482955089507 20.595349874853603 5.654306999999989
  endloop
endfacet
facet normal 1.0 0.0 0.0
  outer loop
    vertex 45.52482955089507 20.595349874853603 42.15430699999999
    vertex 45.52482955089507 23.095349874853603 5.654306999999986
    vertex 45.52482955089507 23.095349874853603 38.15430699999999
  endloop
endfacet
facet normal 1.0 0.0 0.0
  outer loop
    vertex 45.52482955089507 20.595349874853603 42.15430699999999
    vertex 45.52482955089507 23.095349874853603 38.15430699999999
    vertex 45.52482955089507 37.59534987485361 42.15430699999999
  endloop
endfacet
facet normal 1.0 0.0 0.0
  outer loop
    vertex 45.52482955089507 37.59534987485361 42.15430699999999
    vertex 45.52482955089507 23.095349874853603 38.15430699999999
    vertex 45.52482955089507 25.0953498748536 38.15430699999999
  endloop
endfacet
facet normal 1.0 0.0 0.0
  outer loop
    vertex 45.52482955089507 37.59534987485361 42.15430699999999
    vertex 45.52482955089507 25.0953498748536 38.15430699999999
    vertex 45.52482955089507 33.10174022980557 38.15430699999999
  endloop
endfacet
facet normal 1.0 0.0 0.0
  outer loop
    vertex 45.52482955089507 33.10174022980557 38.15430699999999
    vertex 45.52482955089507 25.0953498748536 38.15430699999999
    vertex 45.52482955089507 33.10174022980557 5.654306999999986
  endloop
endfacet
facet normal 1.0 0.0 0.0
  outer loop
    vertex 45.52482955089507 37.59534987485361 42.15430699999999
    vertex 45.52482955089507 33.10174022980557 38.15430699999999
    vertex 45.52482955089507 35.08895951990165 38.15430699999999
  endloop
endfacet
facet normal 1.0 0.0 0.0
  outer loop
    vertex 45.52482955089507 37.59534987485361 42.15430699999999
    vertex 45.52482955089507 35.08895951990165 38.15430699999999
    vertex 45.52482955089507 37.59534987485361 5.654306999999989
  endloop
endfacet
facet normal -1.0 0.0 0.0
  outer loop
    vertex 12.524829550895095 20.595349874853603 42.15430699999999
    vertex 12.524829550895095 23.095349874853603 38.15430699999999
    vertex 12.524829550895095 20.595349874853603 5.654306999999989
  endloop
endfacet
facet normal -1.0 0.0 0.0
  outer loop
    vertex 12.524829550895095 23.095349874853603 38.15430699999999
    vertex 12.524829550895095 20.595349874853603 42.15430699999999
    vertex 12.524829550895095 37.59534987485361 42.15430699999999
  endloop
endfacet
facet normal -1.0 0.0 0.0
  outer loop
    vertex 12.524829550895095 23.095349874853603 38.15430699999999
    vertex 12.524829550895095 37.59534987485361 42.15430699999999
    vertex 12.524829550895095 25.0953498748536 38.15430699999999
  endloop
endfacet
facet normal -1.0 0.0 0.0
  outer loop
    vertex 12.524829550895095 25.0953498748536 38.15430699999999
    vertex 12.524829550895095 37.59534987485361 42.15430699999999
    vertex 12.524829550895095 33.09534987485361 38.15430699999999
  endloop
endfacet
facet normal -1.0 0.0 0.0
  outer loop
    vertex 12.524829550895095 25.0953498748536 38.15430699999999
    vertex 12.524829550895095 33.09534987485361 38.15430699999999
    vertex 12.524829550895095 25.0953498748536 5.654306999999986
  endloop
endfacet
facet normal -1.0 0.0 0.0
  outer loop
    vertex 12.524829550895095 33.09534987485361 38.15430699999999
    vertex 12.524829550895095 37.59534987485361 42.15430699999999
    vertex 12.524829550895095 35.09534987485361 38.15430699999999
  endloop
endfacet
facet normal -1.0 0.0 0.0
  outer loop
    vertex 12.524829550895095 35.09534987485361 38.15430699999999
    vertex 12.524829550895095 37.59534987485361 42.15430699999999
    vertex 12.524829550895095 35.09534987485361 5.654306999999986
  endloop
endfacet
facet normal -1.0 0.0 0.0
  outer loop
    vertex 12.524829550895095 35.09534987485361 5.654306999999986
    vertex 12.524829550895095 37.59534987485361 42.15430699999999
    vertex 12.524829550895095 37.59534987485361 5.654306999999989
  endloop
endfacet
facet normal -1.0 0.0 0.0
  outer loop
    vertex 12.524829550895095 33.09534987485361 5.654306999999986
    vertex 12.524829550895095 25.0953498748536 5.654306999999986
    vertex 12.524829550895095 33.09534987485361 38.15430699999999
  endloop
endfacet
facet normal -1.0 0.0 0.0
  outer loop
    vertex 12.524829550895095 23.095349874853603 5.654306999999986
    vertex 12.524829550895095 20.595349874853603 5.654306999999989
    vertex 12.524829550895095 23.095349874853603 38.15430699999999
  endloop
endfacet
facet normal -0.9914448613738105 0.13052619222005074 -1.5582237818591624e-33
  outer loop
    vertex 12.54186663775056 37.724759397404874 42.15430699999999
    vertex 12.524829550895095 37.59534987485361 5.654306999999989
    vertex 12.524829550895095 37.59534987485361 42.15430699999999
  endloop
endfacet
facet normal -0.9914448613738105 0.13052619222005074 -1.5582237818591624e-33
  outer loop
    vertex 12.524829550895095 37.59534987485361 5.654306999999989
    vertex 12.54186663775056 37.724759397404874 42.15430699999999
    vertex 12.54186663775056 37.724759397404874 5.654306999999989
  endloop
endfacet
facet normal -0.1305261922200295 0.9914448613738134 1.1835884699602982e-32
  outer loop
    vertex 12.895420028343834 38.078312787998144 42.15430699999999
    vertex 13.024829550895095 38.09534987485361 5.654306999999989
    vertex 12.895420028343834 38.078312787998144 5.654306999999989
  endloop
endfacet
facet normal -0.1305261922200295 0.9914448613738134 1.1835884699602982e-32
  outer loop
    vertex 13.024829550895095 38.09534987485361 5.654306999999989
    vertex 12.895420028343834 38.078312787998144 42.15430699999999
    vertex 13.024829550895095 38.09534987485361 42.15430699999999
  endloop
endfacet
facet normal -0.38268343236512276 0.9238795325112731 -1.1029288717049125e-32
  outer loop
    vertex 12.774829550895095 38.02836257674583 42.15430699999999
    vertex 12.895420028343834 38.078312787998144 5.654306999999989
    vertex 12.774829550895095 38.02836257674583 5.654306999999989
  endloop
endfacet
facet normal -0.38268343236512276 0.9238795325112731 -1.1029288717049125e-32
  outer loop
    vertex 12.895420028343834 38.078312787998144 5.654306999999989
    vertex 12.774829550895095 38.02836257674583 42.15430699999999
    vertex 12.895420028343834 38.078312787998144 42.15430699999999
  endloop
endfacet
facet normal -0.6087614290087043 0.7933533402912479 1.816850932418096e-33
  outer loop
    vertex 12.67127616030182 37.94890326544689 42.15430699999999
    vertex 12.774829550895095 38.02836257674583 5.654306999999989
    vertex 12.67127616030182 37.94890326544689 5.654306999999989
  endloop
endfacet
facet normal -0.6087614290087043 0.7933533402912479 1.816850932418096e-33
  outer loop
    vertex 12.774829550895095 38.02836257674583 5.654306999999989
    vertex 12.67127616030182 37.94890326544689 42.15430699999999
    vertex 12.774829550895095 38.02836257674583 42.15430699999999
  endloop
endfacet
facet normal 0.38268343236508584 0.9238795325112884 -4.568480969930322e-33
  outer loop
    vertex 45.154239073446334 38.078312787998144 42.15430699999999
    vertex 45.27482955089507 38.02836257674583 5.654306999999989
    vertex 45.154239073446334 38.078312787998144 5.654306999999989
  endloop
endfacet
facet normal 0.38268343236508584 0.9238795325112884 -4.568480969930322e-33
  outer loop
    vertex 45.27482955089507 38.02836257674583 5.654306999999989
    vertex 45.154239073446334 38.078312787998144 42.15430699999999
    vertex 45.27482955089507 38.02836257674583 42.15430699999999
  endloop
endfacet
facet normal -0.9238795325112846 0.38268343236509517 1.811158790668118e-33
  outer loop
    vertex 12.591816849002877 37.84534987485361 42.15430699999999
    vertex 12.54186663775056 37.724759397404874 5.654306999999989
    vertex 12.54186663775056 37.724759397404874 42.15430699999999
  endloop
endfacet
facet normal -0.9238795325112846 0.38268343236509517 1.811158790668118e-33
  outer loop
    vertex 12.54186663775056 37.724759397404874 5.654306999999989
    vertex 12.591816849002877 37.84534987485361 42.15430699999999
    vertex 12.591816849002877 37.84534987485361 5.654306999999989
  endloop
endfacet
facet normal 0.130526192220072 0.9914448613738077 2.522999318106524e-32
  outer loop
    vertex 45.02482955089507 38.09534987485361 42.15430699999999
    vertex 45.154239073446334 38.078312787998144 5.654306999999989
    vertex 45.02482955089507 38.09534987485361 5.654306999999989
  endloop
endfacet
facet normal 0.130526192220072 0.9914448613738077 2.522999318106524e-32
  outer loop
    vertex 45.154239073446334 38.078312787998144 5.654306999999989
    vertex 45.02482955089507 38.09534987485361 42.15430699999999
    vertex 45.154239073446334 38.078312787998144 42.15430699999999
  endloop
endfacet
facet normal -0.7933533402912413 0.6087614290087127 -1.4534807459344965e-32
  outer loop
    vertex 12.67127616030182 37.94890326544689 42.15430699999999
    vertex 12.591816849002877 37.84534987485361 5.654306999999989
    vertex 12.591816849002877 37.84534987485361 42.15430699999999
  endloop
endfacet
facet normal -0.7933533402912413 0.6087614290087127 -1.4534807459344965e-32
  outer loop
    vertex 12.591816849002877 37.84534987485361 5.654306999999989
    vertex 12.67127616030182 37.94890326544689 42.15430699999999
    vertex 12.67127616030182 37.94890326544689 5.654306999999989
  endloop
endfacet
facet normal -0.13052619222005077 -0.9914448613738105 -5.9179423498014745e-33
  outer loop
    vertex 13.024829550895095 20.095349874853603 42.15430699999999
    vertex 12.895420028343834 20.11238696170907 5.654306999999989
    vertex 13.024829550895095 20.095349874853603 5.654306999999989
  endloop
endfacet
facet normal -0.13052619222005077 -0.9914448613738105 -5.9179423498014745e-33
  outer loop
    vertex 12.895420028343834 20.11238696170907 5.654306999999989
    vertex 13.024829550895095 20.095349874853603 42.15430699999999
    vertex 12.895420028343834 20.11238696170907 42.15430699999999
  endloop
endfacet
facet normal -0.38268343236508595 -0.9238795325112884 0.0
  outer loop
    vertex 12.895420028343834 20.11238696170907 42.15430699999999
    vertex 12.774829550895095 20.162337172961383 5.654306999999989
    vertex 12.895420028343834 20.11238696170907 5.654306999999989
  endloop
endfacet
facet normal -0.38268343236508595 -0.9238795325112884 0.0
  outer loop
    vertex 12.774829550895095 20.162337172961383 5.654306999999989
    vertex 12.895420028343834 20.11238696170907 42.15430699999999
    vertex 12.774829550895095 20.162337172961383 42.15430699999999
  endloop
endfacet
facet normal -0.9238795325112846 -0.38268343236509506 -2.7573221792623155e-33
  outer loop
    vertex 12.54186663775056 20.46594035230234 42.15430699999999
    vertex 12.591816849002877 20.345349874853603 5.654306999999989
    vertex 12.591816849002877 20.345349874853603 42.15430699999999
  endloop
endfacet
facet normal -0.9238795325112846 -0.38268343236509506 -2.7573221792623155e-33
  outer loop
    vertex 12.591816849002877 20.345349874853603 5.654306999999989
    vertex 12.54186663775056 20.46594035230234 42.15430699999999
    vertex 12.54186663775056 20.46594035230234 5.654306999999989
  endloop
endfacet
facet normal -0.7933533402912332 -0.6087614290087232 3.633701864836304e-33
  outer loop
    vertex 12.591816849002877 20.345349874853603 42.15430699999999
    vertex 12.67127616030182 20.24179648426033 5.654306999999989
    vertex 12.67127616030182 20.24179648426033 42.15430699999999
  endloop
endfacet
facet normal -0.7933533402912332 -0.6087614290087232 3.633701864836304e-33
  outer loop
    vertex 12.67127616030182 20.24179648426033 5.654306999999989
    vertex 12.591816849002877 20.345349874853603 42.15430699999999
    vertex 12.591816849002877 20.345349874853603 5.654306999999989
  endloop
endfacet
facet normal 0.9238795325112731 0.38268343236512264 1.5597769686979888e-32
  outer loop
    vertex 45.45784225278729 37.84534987485361 5.654306999999989
    vertex 45.5077924640396 37.724759397404874 42.15430699999999
    vertex 45.5077924640396 37.724759397404874 5.654306999999989
  endloop
endfacet
facet normal 0.9238795325112731 0.38268343236512264 1.5597769686979888e-32
  outer loop
    vertex 45.5077924640396 37.724759397404874 42.15430699999999
    vertex 45.45784225278729 37.84534987485361 5.654306999999989
    vertex 45.45784225278729 37.84534987485361 42.15430699999999
  endloop
endfacet
facet normal 0.38268343236508595 -0.9238795325112884 -4.5684809699303226e-33
  outer loop
    vertex 45.27482955089507 20.162337172961383 42.15430699999999
    vertex 45.154239073446334 20.11238696170907 5.654306999999989
    vertex 45.27482955089507 20.162337172961383 5.654306999999989
  endloop
endfacet
facet normal 0.38268343236508595 -0.9238795325112884 -4.5684809699303226e-33
  outer loop
    vertex 45.154239073446334 20.11238696170907 5.654306999999989
    vertex 45.27482955089507 20.162337172961383 42.15430699999999
    vertex 45.154239073446334 20.11238696170907 42.15430699999999
  endloop
endfacet
facet normal -0.6087614290087315 -0.7933533402912268 1.816850932418177e-33
  outer loop
    vertex 12.774829550895095 20.162337172961383 42.15430699999999
    vertex 12.67127616030182 20.24179648426033 5.654306999999989
    vertex 12.774829550895095 20.162337172961383 5.654306999999989
  endloop
endfacet
facet normal -0.6087614290087315 -0.7933533402912268 1.816850932418177e-33
  outer loop
    vertex 12.67127616030182 20.24179648426033 5.654306999999989
    vertex 12.774829550895095 20.162337172961383 42.15430699999999
    vertex 12.67127616030182 20.24179648426033 42.15430699999999
  endloop
endfacet
facet normal 0.7933533402912517 0.608761429008699 0.0
  outer loop
    vertex 45.37838294148835 37.94890326544689 5.654306999999989
    vertex 45.45784225278729 37.84534987485361 42.15430699999999
    vertex 45.45784225278729 37.84534987485361 5.654306999999989
  endloop
endfacet
facet normal 0.7933533402912517 0.608761429008699 0.0
  outer loop
    vertex 45.45784225278729 37.84534987485361 42.15430699999999
    vertex 45.37838294148835 37.94890326544689 5.654306999999989
    vertex 45.37838294148835 37.94890326544689 42.15430699999999
  endloop
endfacet
facet normal 0.608761429008699 0.7933533402912517 0.0
  outer loop
    vertex 45.27482955089507 38.02836257674583 42.15430699999999
    vertex 45.37838294148835 37.94890326544689 5.654306999999989
    vertex 45.27482955089507 38.02836257674583 5.654306999999989
  endloop
endfacet
facet normal 0.608761429008699 0.7933533402912517 0.0
  outer loop
    vertex 45.37838294148835 37.94890326544689 5.654306999999989
    vertex 45.27482955089507 38.02836257674583 42.15430699999999
    vertex 45.37838294148835 37.94890326544689 42.15430699999999
  endloop
endfacet
facet normal 0.9914448613738134 0.1305261922200295 -1.0277660917744074e-32
  outer loop
    vertex 45.5077924640396 37.724759397404874 5.654306999999989
    vertex 45.52482955089507 37.59534987485361 42.15430699999999
    vertex 45.52482955089507 37.59534987485361 5.654306999999989
  endloop
endfacet
facet normal 0.9914448613738134 0.1305261922200295 -1.0277660917744074e-32
  outer loop
    vertex 45.52482955089507 37.59534987485361 42.15430699999999
    vertex 45.5077924640396 37.724759397404874 5.654306999999989
    vertex 45.5077924640396 37.724759397404874 42.15430699999999
  endloop
endfacet
facet normal -0.9914448613738105 -0.13052619222005077 1.5582237818591627e-33
  outer loop
    vertex 12.524829550895095 20.595349874853603 42.15430699999999
    vertex 12.54186663775056 20.46594035230234 5.654306999999989
    vertex 12.54186663775056 20.46594035230234 42.15430699999999
  endloop
endfacet
facet normal -0.9914448613738105 -0.13052619222005077 1.5582237818591627e-33
  outer loop
    vertex 12.54186663775056 20.46594035230234 5.654306999999989
    vertex 12.524829550895095 20.595349874853603 42.15430699999999
    vertex 12.524829550895095 20.595349874853603 5.654306999999989
  endloop
endfacet
facet normal 0.13052619222005077 -0.9914448613738105 1.2321104369806863e-20
  outer loop
    vertex 45.154239073446334 20.11238696170907 5.654306999999989
    vertex 45.02482955089507 20.095349874853603 42.15430699999999
    vertex 45.02482955089507 20.095349874853603 5.654306999999988
  endloop
endfacet
facet normal 0.13052619222005077 -0.9914448613738105 1.2321104369806863e-20
  outer loop
    vertex 45.02482955089507 20.095349874853603 42.15430699999999
    vertex 45.154239073446334 20.11238696170907 5.654306999999989
    vertex 45.154239073446334 20.11238696170907 42.15430699999999
  endloop
endfacet
facet normal 0.9914448613738134 -0.1305261922200295 1.3394108481461891e-32
  outer loop
    vertex 45.52482955089507 20.595349874853603 5.654306999999989
    vertex 45.5077924640396 20.46594035230234 42.15430699999999
    vertex 45.5077924640396 20.46594035230234 5.654306999999989
  endloop
endfacet
facet normal 0.9914448613738134 -0.1305261922200295 1.3394108481461891e-32
  outer loop
    vertex 45.5077924640396 20.46594035230234 42.15430699999999
    vertex 45.52482955089507 20.595349874853603 5.654306999999989
    vertex 45.52482955089507 20.595349874853603 42.15430699999999
  endloop
endfacet
facet normal 0.6087614290087263 -0.793353340291231 0.0
  outer loop
    vertex 45.37838294148835 20.24179648426033 5.654306999999989
    vertex 45.27482955089507 20.162337172961383 42.15430699999999
    vertex 45.27482955089507 20.162337172961383 5.654306999999989
  endloop
endfacet
facet normal 0.6087614290087263 -0.793353340291231 0.0
  outer loop
    vertex 45.27482955089507 20.162337172961383 42.15430699999999
    vertex 45.37838294148835 20.24179648426033 5.654306999999989
    vertex 45.37838294148835 20.24179648426033 42.15430699999999
  endloop
endfacet
facet normal 0.9238795325112731 -0.38268343236512276 -1.1029288717049125e-32
  outer loop
    vertex 45.5077924640396 20.46594035230234 5.654306999999989
    vertex 45.45784225278729 20.345349874853603 42.15430699999999
    vertex 45.45784225278729 20.345349874853603 5.654306999999989
  endloop
endfacet
facet normal 0.9238795325112731 -0.38268343236512276 -1.1029288717049125e-32
  outer loop
    vertex 45.45784225278729 20.345349874853603 42.15430699999999
    vertex 45.5077924640396 20.46594035230234 5.654306999999989
    vertex 45.5077924640396 20.46594035230234 42.15430699999999
  endloop
endfacet
facet normal 0.7933533402912438 -0.6087614290087094 3.633701864836222e-33
  outer loop
    vertex 45.45784225278729 20.345349874853603 5.654306999999989
    vertex 45.37838294148835 20.24179648426033 42.15430699999999
    vertex 45.37838294148835 20.24179648426033 5.654306999999989
  endloop
endfacet
facet normal 0.7933533402912438 -0.6087614290087094 3.633701864836222e-33
  outer loop
    vertex 45.37838294148835 20.24179648426033 42.15430699999999
    vertex 45.45784225278729 20.345349874853603 5.654306999999989
    vertex 45.45784225278729 20.345349874853603 42.15430699999999
  endloop
endfacet
facet normal 3.289142392682231e-31 -1.4640723808829437e-32 1.0
  outer loop
    vertex 12.54186663775056 20.46594035230234 42.15430699999999
    vertex 12.524829550895095 37.59534987485361 42.15430699999999
    vertex 12.524829550895095 20.595349874853603 42.15430699999999
  endloop
endfacet
facet normal 3.289142392682231e-31 -1.4640723808829437e-32 1.0
  outer loop
    vertex 12.524829550895095 37.59534987485361 42.15430699999999
    vertex 12.54186663775056 20.46594035230234 42.15430699999999
    vertex 12.54186663775056 37.724759397404874 42.15430699999999
  endloop
endfacet
facet normal 3.289142392682231e-31 -1.4640723808829437e-32 1.0
  outer loop
    vertex 12.54186663775056 37.724759397404874 42.15430699999999
    vertex 12.54186663775056 20.46594035230234 42.15430699999999
    vertex 12.591816849002877 20.345349874853603 42.15430699999999
  endloop
endfacet
facet normal 3.289142392682231e-31 -1.4640723808829437e-32 1.0
  outer loop
    vertex 12.54186663775056 37.724759397404874 42.15430699999999
    vertex 12.591816849002877 20.345349874853603 42.15430699999999
    vertex 12.591816849002877 37.84534987485361 42.15430699999999
  endloop
endfacet
facet normal 3.289142392682231e-31 -1.4640723808829437e-32 1.0
  outer loop
    vertex 12.591816849002877 37.84534987485361 42.15430699999999
    vertex 12.591816849002877 20.345349874853603 42.15430699999999
    vertex 12.67127616030182 20.24179648426033 42.15430699999999
  endloop
endfacet
facet normal 3.289142392682231e-31 -1.4640723808829437e-32 1.0
  outer loop
    vertex 12.591816849002877 37.84534987485361 42.15430699999999
    vertex 12.67127616030182 20.24179648426033 42.15430699999999
    vertex 12.67127616030182 37.94890326544689 42.15430699999999
  endloop
endfacet
facet normal 3.289142392682231e-31 -1.4640723808829437e-32 1.0
  outer loop
    vertex 12.67127616030182 37.94890326544689 42.15430699999999
    vertex 12.67127616030182 20.24179648426033 42.15430699999999
    vertex 12.774829550895095 20.162337172961383 42.15430699999999
  endloop
endfacet
facet normal 3.289142392682231e-31 -1.4640723808829437e-32 1.0
  outer loop
    vertex 12.67127616030182 37.94890326544689 42.15430699999999
    vertex 12.774829550895095 20.162337172961383 42.15430699999999
    vertex 12.774829550895095 38.02836257674583 42.15430699999999
  endloop
endfacet
facet normal 3.289142392682231e-31 -1.4640723808829437e-32 1.0
  outer loop
    vertex 12.774829550895095 38.02836257674583 42.15430699999999
    vertex 12.774829550895095 20.162337172961383 42.15430699999999
    vertex 12.895420028343834 20.11238696170907 42.15430699999999
  endloop
endfacet
facet normal 3.289142392682231e-31 -1.4640723808829437e-32 1.0
  outer loop
    vertex 12.774829550895095 38.02836257674583 42.15430699999999
    vertex 12.895420028343834 20.11238696170907 42.15430699999999
    vertex 12.895420028343834 38.078312787998144 42.15430699999999
  endloop
endfacet
facet normal 3.289142392682231e-31 -1.4640723808829437e-32 1.0
  outer loop
    vertex 12.895420028343834 38.078312787998144 42.15430699999999
    vertex 12.895420028343834 20.11238696170907 42.15430699999999
    vertex 13.024829550895095 20.095349874853603 42.15430699999999
  endloop
endfacet
facet normal 3.289142392682231e-31 -1.4640723808829437e-32 1.0
  outer loop
    vertex 12.895420028343834 38.078312787998144 42.15430699999999
    vertex 13.024829550895095 20.095349874853603 42.15430699999999
    vertex 13.024829550895095 38.09534987485361 42.15430699999999
  endloop
endfacet
facet normal 3.289142392682231e-31 -1.4640723808829437e-32 1.0
  outer loop
    vertex 13.024829550895095 38.09534987485361 42.15430699999999
    vertex 13.024829550895095 20.095349874853603 42.15430699999999
    vertex 15.524829550895095 23.095349874853603 42.15430699999999
  endloop
endfacet
facet normal 3.289142392682231e-31 -1.4640723808829437e-32 1.0
  outer loop
    vertex 15.524829550895095 23.095349874853603 42.15430699999999
    vertex 13.024829550895095 20.095349874853603 42.15430699999999
    vertex 45.02482955089507 20.095349874853603 42.15430699999999
  endloop
endfacet
facet normal 3.289142392682231e-31 -1.4640723808829437e-32 1.0
  outer loop
    vertex 15.524829550895095 23.095349874853603 42.15430699999999
    vertex 45.02482955089507 20.095349874853603 42.15430699999999
    vertex 27.024829550895095 23.095349874853603 42.154306999999996
  endloop
endfacet
facet normal 3.289142392682231e-31 -1.4640723808829437e-32 1.0
  outer loop
    vertex 27.024829550895095 23.095349874853603 42.154306999999996
    vertex 45.02482955089507 20.095349874853603 42.15430699999999
    vertex 31.12482955089507 23.095349874853603 42.154306999999996
  endloop
endfacet
facet normal 3.289142392682231e-31 -1.4640723808829437e-32 1.0
  outer loop
    vertex 27.024829550895095 23.095349874853603 42.154306999999996
    vertex 31.12482955089507 23.095349874853603 42.154306999999996
    vertex 27.024829550895095 35.09534987485361 42.154307
  endloop
endfacet
facet normal 3.289142392682231e-31 -1.4640723808829437e-32 1.0
  outer loop
    vertex 31.12482955089507 23.095349874853603 42.154306999999996
    vertex 45.02482955089507 20.095349874853603 42.15430699999999
    vertex 42.52482955089507 23.095349874853603 42.15430699999999
  endloop
endfacet
facet normal 3.289142392682231e-31 -1.4640723808829437e-32 1.0
  outer loop
    vertex 42.52482955089507 23.095349874853603 42.15430699999999
    vertex 45.02482955089507 20.095349874853603 42.15430699999999
    vertex 42.52482955089507 35.09534987485361 42.15430699999999
  endloop
endfacet
facet normal 3.289142392682231e-31 -1.4640723808829437e-32 1.0
  outer loop
    vertex 13.024829550895095 38.09534987485361 42.15430699999999
    vertex 15.524829550895095 35.09534987485361 42.15430699999999
    vertex 45.02482955089507 38.09534987485361 42.15430699999999
  endloop
endfacet
facet normal 3.289142392682231e-31 -1.4640723808829437e-32 1.0
  outer loop
    vertex 15.524829550895095 35.09534987485361 42.15430699999999
    vertex 13.024829550895095 38.09534987485361 42.15430699999999
    vertex 15.524829550895095 23.095349874853603 42.15430699999999
  endloop
endfacet
facet normal 3.289142392682231e-31 -1.4640723808829437e-32 1.0
  outer loop
    vertex 45.02482955089507 38.09534987485361 42.15430699999999
    vertex 15.524829550895095 35.09534987485361 42.15430699999999
    vertex 27.024829550895095 35.09534987485361 42.154307
  endloop
endfacet
facet normal 3.289142392682231e-31 -1.4640723808829437e-32 1.0
  outer loop
    vertex 45.02482955089507 38.09534987485361 42.15430699999999
    vertex 27.024829550895095 35.09534987485361 42.154307
    vertex 31.12482955089507 35.09534987485361 42.154306999999996
  endloop
endfacet
facet normal 3.289142392682231e-31 -1.4640723808829437e-32 1.0
  outer loop
    vertex 31.12482955089507 35.09534987485361 42.154306999999996
    vertex 27.024829550895095 35.09534987485361 42.154307
    vertex 31.12482955089507 23.095349874853603 42.154306999999996
  endloop
endfacet
facet normal 3.289142392682231e-31 -1.4640723808829437e-32 1.0
  outer loop
    vertex 45.02482955089507 38.09534987485361 42.15430699999999
    vertex 31.12482955089507 35.09534987485361 42.154306999999996
    vertex 42.52482955089507 35.09534987485361 42.15430699999999
  endloop
endfacet
facet normal 3.289142392682231e-31 -1.4640723808829437e-32 1.0
  outer loop
    vertex 45.02482955089507 38.09534987485361 42.15430699999999
    vertex 42.52482955089507 35.09534987485361 42.15430699999999
    vertex 45.02482955089507 20.095349874853603 42.15430699999999
  endloop
endfacet
facet normal 3.289142392682231e-31 -1.4640723808829437e-32 1.0
  outer loop
    vertex 45.02482955089507 38.09534987485361 42.15430699999999
    vertex 45.02482955089507 20.095349874853603 42.15430699999999
    vertex 45.154239073446334 20.11238696170907 42.15430699999999
  endloop
endfacet
facet normal 3.289142392682231e-31 -1.4640723808829437e-32 1.0
  outer loop
    vertex 45.02482955089507 38.09534987485361 42.15430699999999
    vertex 45.154239073446334 20.11238696170907 42.15430699999999
    vertex 45.154239073446334 38.078312787998144 42.15430699999999
  endloop
endfacet
facet normal 3.289142392682231e-31 -1.4640723808829437e-32 1.0
  outer loop
    vertex 45.154239073446334 38.078312787998144 42.15430699999999
    vertex 45.154239073446334 20.11238696170907 42.15430699999999
    vertex 45.27482955089507 20.162337172961383 42.15430699999999
  endloop
endfacet
facet normal 3.289142392682231e-31 -1.4640723808829437e-32 1.0
  outer loop
    vertex 45.154239073446334 38.078312787998144 42.15430699999999
    vertex 45.27482955089507 20.162337172961383 42.15430699999999
    vertex 45.27482955089507 38.02836257674583 42.15430699999999
  endloop
endfacet
facet normal 3.289142392682231e-31 -1.4640723808829437e-32 1.0
  outer loop
    vertex 45.27482955089507 38.02836257674583 42.15430699999999
    vertex 45.27482955089507 20.162337172961383 42.15430699999999
    vertex 45.37838294148835 20.24179648426033 42.15430699999999
  endloop
endfacet
facet normal 3.289142392682231e-31 -1.4640723808829437e-32 1.0
  outer loop
    vertex 45.27482955089507 38.02836257674583 42.15430699999999
    vertex 45.37838294148835 20.24179648426033 42.15430699999999
    vertex 45.37838294148835 37.94890326544689 42.15430699999999
  endloop
endfacet
facet normal 3.289142392682231e-31 -1.4640723808829437e-32 1.0
  outer loop
    vertex 45.37838294148835 37.94890326544689 42.15430699999999
    vertex 45.37838294148835 20.24179648426033 42.15430699999999
    vertex 45.45784225278729 20.345349874853603 42.15430699999999
  endloop
endfacet
facet normal 3.289142392682231e-31 -1.4640723808829437e-32 1.0
  outer loop
    vertex 45.37838294148835 37.94890326544689 42.15430699999999
    vertex 45.45784225278729 20.345349874853603 42.15430699999999
    vertex 45.45784225278729 37.84534987485361 42.15430699999999
  endloop
endfacet
facet normal 3.289142392682231e-31 -1.4640723808829437e-32 1.0
  outer loop
    vertex 45.45784225278729 37.84534987485361 42.15430699999999
    vertex 45.45784225278729 20.345349874853603 42.15430699999999
    vertex 45.5077924640396 20.46594035230234 42.15430699999999
  endloop
endfacet
facet normal 3.289142392682231e-31 -1.4640723808829437e-32 1.0
  outer loop
    vertex 45.45784225278729 37.84534987485361 42.15430699999999
    vertex 45.5077924640396 20.46594035230234 42.15430699999999
    vertex 45.5077924640396 37.724759397404874 42.15430699999999
  endloop
endfacet
facet normal 3.289142392682231e-31 -1.4640723808829437e-32 1.0
  outer loop
    vertex 45.5077924640396 37.724759397404874 42.15430699999999
    vertex 45.5077924640396 20.46594035230234 42.15430699999999
    vertex 45.52482955089507 20.595349874853603 42.15430699999999
  endloop
endfacet
facet normal 3.289142392682231e-31 -1.4640723808829437e-32 1.0
  outer loop
    vertex 45.5077924640396 37.724759397404874 42.15430699999999
    vertex 45.52482955089507 20.595349874853603 42.15430699999999
    vertex 45.52482955089507 37.59534987485361 42.15430699999999
  endloop
endfacet
facet normal 1.915897834409732e-15 -1.9158978344097236e-15 1.0
  outer loop
    vertex 12.524829550895095 38.09534987485361 5.6543069999999895
    vertex 12.774829550895095 38.02836257674583 5.654306999999989
    vertex 12.895420028343834 38.078312787998144 5.654306999999989
  endloop
endfacet
facet normal 1.915897834409732e-15 -1.9158978344097236e-15 1.0
  outer loop
    vertex 12.774829550895095 38.02836257674583 5.654306999999989
    vertex 12.524829550895095 38.09534987485361 5.6543069999999895
    vertex 12.67127616030182 37.94890326544689 5.654306999999989
  endloop
endfacet
facet normal 1.915897834409732e-15 -1.9158978344097236e-15 1.0
  outer loop
    vertex 12.67127616030182 37.94890326544689 5.654306999999989
    vertex 12.524829550895095 38.09534987485361 5.6543069999999895
    vertex 12.591816849002877 37.84534987485361 5.654306999999989
  endloop
endfacet
facet normal 1.915897834409732e-15 -1.9158978344097236e-15 1.0
  outer loop
    vertex 12.591816849002877 37.84534987485361 5.654306999999989
    vertex 12.524829550895095 38.09534987485361 5.6543069999999895
    vertex 12.54186663775056 37.724759397404874 5.654306999999989
  endloop
endfacet
facet normal -1.9158978344097086e-15 -1.9158978344097295e-15 1.0
  outer loop
    vertex 45.27482955089507 38.02836257674583 5.654306999999989
    vertex 45.52482955089507 38.09534987485361 5.6543069999999895
    vertex 45.154239073446334 38.078312787998144 5.654306999999989
  endloop
endfacet
facet normal -1.9158978344097086e-15 -1.9158978344097295e-15 1.0
  outer loop
    vertex 45.52482955089507 38.09534987485361 5.6543069999999895
    vertex 45.27482955089507 38.02836257674583 5.654306999999989
    vertex 45.37838294148835 37.94890326544689 5.654306999999989
  endloop
endfacet
facet normal -1.9158978344097086e-15 -1.9158978344097295e-15 1.0
  outer loop
    vertex 45.52482955089507 38.09534987485361 5.6543069999999895
    vertex 45.37838294148835 37.94890326544689 5.654306999999989
    vertex 45.45784225278729 37.84534987485361 5.654306999999989
  endloop
endfacet
facet normal -1.9158978344097086e-15 -1.9158978344097295e-15 1.0
  outer loop
    vertex 45.52482955089507 38.09534987485361 5.6543069999999895
    vertex 45.45784225278729 37.84534987485361 5.654306999999989
    vertex 45.5077924640396 37.724759397404874 5.654306999999989
  endloop
endfacet
facet normal 1.9158978344097244e-15 1.915897834409722e-15 1.0
  outer loop
    vertex 12.524829550895095 20.095349874853603 5.6543069999999895
    vertex 12.591816849002877 20.345349874853603 5.654306999999989
    vertex 12.54186663775056 20.46594035230234 5.654306999999989
  endloop
endfacet
facet normal 1.9158978344097244e-15 1.915897834409722e-15 1.0
  outer loop
    vertex 12.591816849002877 20.345349874853603 5.654306999999989
    vertex 12.524829550895095 20.095349874853603 5.6543069999999895
    vertex 12.67127616030182 20.24179648426033 5.654306999999989
  endloop
endfacet
facet normal 1.9158978344097244e-15 1.915897834409722e-15 1.0
  outer loop
    vertex 12.67127616030182 20.24179648426033 5.654306999999989
    vertex 12.524829550895095 20.095349874853603 5.6543069999999895
    vertex 12.774829550895095 20.162337172961383 5.654306999999989
  endloop
endfacet
facet normal 1.9158978344097244e-15 1.915897834409722e-15 1.0
  outer loop
    vertex 12.774829550895095 20.162337172961383 5.654306999999989
    vertex 12.524829550895095 20.095349874853603 5.6543069999999895
    vertex 12.895420028343834 20.11238696170907 5.654306999999989
  endloop
endfacet
facet normal -4.036102995171845e-15 1.6494168321724851e-15 1.0
  outer loop
    vertex 45.52482955089507 20.095349874853603 5.6543069999999895
    vertex 45.27482955089507 20.162337172961383 5.654306999999989
    vertex 45.154239073446334 20.11238696170907 5.654306999999989
  endloop
endfacet
facet normal -4.036102995171845e-15 1.6494168321724851e-15 1.0
  outer loop
    vertex 45.27482955089507 20.162337172961383 5.654306999999989
    vertex 45.52482955089507 20.095349874853603 5.6543069999999895
    vertex 45.37838294148835 20.24179648426033 5.654306999999989
  endloop
endfacet
facet normal -4.036102995171845e-15 1.6494168321724851e-15 1.0
  outer loop
    vertex 45.37838294148835 20.24179648426033 5.654306999999989
    vertex 45.52482955089507 20.095349874853603 5.6543069999999895
    vertex 45.45784225278729 20.345349874853603 5.654306999999989
  endloop
endfacet
facet normal -4.036102995171845e-15 1.6494168321724851e-15 1.0
  outer loop
    vertex 45.45784225278729 20.345349874853603 5.654306999999989
    vertex 45.52482955089507 20.095349874853603 5.6543069999999895
    vertex 45.5077924640396 20.46594035230234 5.654306999999989
  endloop
endfacet
facet normal 1.0 0.0 9.808579069731816e-16
  outer loop
    vertex 15.524829550895133 23.09534987485362 5.154306999999987
    vertex 15.524829550895095 35.09534987485361 42.15430699999999
    vertex 15.524829550895095 23.095349874853603 42.15430699999999
  endloop
endfacet
facet normal 1.0 0.0 9.808579069731816e-16
  outer loop
    vertex 15.524829550895095 35.09534987485361 42.15430699999999
    vertex 15.524829550895133 23.09534987485362 5.154306999999987
    vertex 15.524829550895133 35.095349874853625 5.154306999999987
  endloop
endfacet
facet normal 0.0 1.0 0.0
  outer loop
    vertex 31.12482955089505 23.095349874853603 5.154306999999993
    vertex 42.52482955089507 23.095349874853603 42.15430699999999
    vertex 42.52482955089505 23.095349874853603 5.154306999999987
  endloop
endfacet
facet normal 0.0 1.0 0.0
  outer loop
    vertex 42.52482955089507 23.095349874853603 42.15430699999999
    vertex 31.12482955089505 23.095349874853603 5.154306999999993
    vertex 31.12482955089507 23.095349874853603 42.154306999999996
  endloop
endfacet
facet normal -1.0 9.219954739354847e-31 -9.808579069731816e-16
  outer loop
    vertex 27.024829550895095 35.09534987485361 42.154307
    vertex 27.02482955089513 23.09534987485362 5.154306999999993
    vertex 27.024829550895095 23.095349874853603 42.154306999999996
  endloop
endfacet
facet normal -1.0 9.219954739354847e-31 -9.808579069731816e-16
  outer loop
    vertex 27.02482955089513 23.09534987485362 5.154306999999993
    vertex 27.024829550895095 35.09534987485361 42.154307
    vertex 27.02482955089513 35.095349874853625 5.154307000000004
  endloop
endfacet
facet normal -2.3049886848387117e-31 1.0 4.699944137579826e-16
  outer loop
    vertex 15.524829550895095 23.095349874853603 42.15430699999999
    vertex 27.02482955089513 23.09534987485362 5.154306999999993
    vertex 15.524829550895133 23.09534987485362 5.154306999999987
  endloop
endfacet
facet normal -2.3049886848387117e-31 1.0 4.699944137579826e-16
  outer loop
    vertex 27.02482955089513 23.09534987485362 5.154306999999993
    vertex 15.524829550895095 23.095349874853603 42.15430699999999
    vertex 27.024829550895095 23.095349874853603 42.154306999999996
  endloop
endfacet
facet normal -0.0 -1.0 -0.0
  outer loop
    vertex 42.52482955089507 35.09534987485361 42.15430699999999
    vertex 31.12482955089505 35.09534987485361 5.154306999999993
    vertex 42.52482955089505 35.09534987485361 5.154306999999987
  endloop
endfacet
facet normal -0.0 -1.0 -0.0
  outer loop
    vertex 31.12482955089505 35.09534987485361 5.154306999999993
    vertex 42.52482955089507 35.09534987485361 42.15430699999999
    vertex 31.12482955089507 35.09534987485361 42.154306999999996
  endloop
endfacet
facet normal 1.0 0.0 -4.947309618505083e-16
  outer loop
    vertex 31.12482955089505 35.09534987485361 5.154306999999993
    vertex 31.12482955089507 23.095349874853603 42.154306999999996
    vertex 31.12482955089505 23.095349874853603 5.154306999999993
  endloop
endfacet
facet normal 1.0 0.0 -4.947309618505083e-16
  outer loop
    vertex 31.12482955089507 23.095349874853603 42.154306999999996
    vertex 31.12482955089505 35.09534987485361 5.154306999999993
    vertex 31.12482955089507 35.09534987485361 42.154306999999996
  endloop
endfacet
facet normal -1.0 0.0 4.947309618505083e-16
  outer loop
    vertex 42.52482955089507 35.09534987485361 42.15430699999999
    vertex 42.52482955089505 23.095349874853603 5.154306999999987
    vertex 42.52482955089507 23.095349874853603 42.15430699999999
  endloop
endfacet
facet normal -1.0 0.0 4.947309618505083e-16
  outer loop
    vertex 42.52482955089505 23.095349874853603 5.154306999999987
    vertex 42.52482955089507 35.09534987485361 42.15430699999999
    vertex 42.52482955089505 35.09534987485361 5.154306999999987
  endloop
endfacet
facet normal 6.914966054516136e-31 -1.0 -4.699944137579826e-16
  outer loop
    vertex 27.02482955089513 35.095349874853625 5.154307000000004
    vertex 15.524829550895095 35.09534987485361 42.15430699999999
    vertex 15.524829550895133 35.095349874853625 5.154306999999987
  endloop
endfacet
facet normal 6.914966054516136e-31 -1.0 -4.699944137579826e-16
  outer loop
    vertex 15.524829550895095 35.09534987485361 42.15430699999999
    vertex 27.02482955089513 35.095349874853625 5.154307000000004
    vertex 27.024829550895095 35.09534987485361 42.154307
  endloop
endfacet
facet normal 4.947309618505083e-16 0.0 1.0
  outer loop
    vertex 42.52482955089505 23.095349874853603 5.154306999999987
    vertex 31.12482955089505 35.09534987485361 5.154306999999993
    vertex 31.12482955089505 23.095349874853603 5.154306999999993
  endloop
endfacet
facet normal 4.947309618505083e-16 0.0 1.0
  outer loop
    vertex 31.12482955089505 35.09534987485361 5.154306999999993
    vertex 42.52482955089505 23.095349874853603 5.154306999999987
    vertex 42.52482955089505 35.09534987485361 5.154306999999987
  endloop
endfacet
facet normal -9.808579069731816e-16 -4.699944137579826e-16 1.0
  outer loop
    vertex 27.02482955089513 23.09534987485362 5.154306999999993
    vertex 15.524829550895133 35.095349874853625 5.154306999999987
    vertex 15.524829550895133 23.09534987485362 5.154306999999987
  endloop
endfacet
facet normal -9.808579069731816e-16 -4.699944137579826e-16 1.0
  outer loop
    vertex 15.524829550895133 35.095349874853625 5.154306999999987
    vertex 27.02482955089513 23.09534987485362 5.154306999999993
    vertex 27.02482955089513 35.095349874853625 5.154307000000004
  endloop
endfacet
facet normal 0.0 0.0 1.0
  outer loop
    vertex 12.54186663775056 37.724759397404874 5.654306999999989
    vertex 12.524829550895095 38.09534987485361 5.6543069999999895
    vertex 12.524829550895095 37.59534987485361 5.654306999999989
  endloop
endfacet
facet normal 0.0 0.0 1.0
  outer loop
    vertex 17.53092723422478 38.09534987485361 5.654306999999986
    vertex 17.526662992284866 38.155876904123254 5.654306999999986
    vertex 13.024829550895095 38.09534987485361 5.654306999999989
  endloop
endfacet
facet normal 0.0 0.0 1.0
  outer loop
    vertex 28.03338466039272 38.09534987485361 5.654306999999986
    vertex 28.033353078546376 38.22563573279277 5.654306999999986
    vertex 19.51873186756541 38.09534987485361 5.654306999999986
  endloop
endfacet
facet normal 0.0 0.0 1.0
  outer loop
    vertex 38.53320553522257 38.09534987485361 5.654306999999986
    vertex 38.53108277498128 38.20700714224336 5.654306999999986
    vertex 30.016274441397467 38.09534987485361 5.654306999999986
  endloop
endfacet
facet normal 0.0 0.0 1.0
  outer loop
    vertex 45.720481679439686 35.07602323769975 5.654306999999986
    vertex 45.52482955089507 37.59534987485361 5.654306999999989
    vertex 45.52482955089507 35.08895951990165 5.654306999999986
  endloop
endfacet
facet normal 0.0 0.0 1.0
  outer loop
    vertex 45.52482955089507 37.59534987485361 5.654306999999989
    vertex 45.720481679439686 35.07602323769975 5.654306999999986
    vertex 45.52482955089507 38.09534987485361 5.6543069999999895
  endloop
endfacet
facet normal 0.0 0.0 1.0
  outer loop
    vertex 45.78364859599759 25.061275701142666 5.654306999999986
    vertex 45.52482955089507 33.10174022980557 5.654306999999986
    vertex 45.52482955089507 25.0953498748536 5.654306999999986
  endloop
endfacet
facet normal 0.0 0.0 1.0
  outer loop
    vertex 45.52482955089507 33.10174022980557 5.654306999999986
    vertex 45.78364859599759 25.061275701142666 5.654306999999986
    vertex 45.58966105029471 33.09745364944458 5.654306999999986
  endloop
endfacet
facet normal 0.0 0.0 1.0
  outer loop
    vertex 45.58966105029471 33.09745364944458 5.654306999999986
    vertex 45.78364859599759 25.061275701142666 5.654306999999986
    vertex 45.845726518694 33.14823576554183 5.654306999999986
  endloop
endfacet
facet normal 0.0 0.0 1.0
  outer loop
    vertex 45.845726518694 33.14823576554183 5.654306999999986
    vertex 45.78364859599759 25.061275701142666 5.654306999999986
    vertex 46.02482955089507 24.961375278638037 5.654306999999986
  endloop
endfacet
facet normal 0.0 0.0 1.0
  outer loop
    vertex 45.845726518694 33.14823576554183 5.654306999999986
    vertex 46.02482955089507 24.961375278638037 5.654306999999986
    vertex 46.079923389045106 33.263562143008606 5.654306999999986
  endloop
endfacet
facet normal 0.0 0.0 1.0
  outer loop
    vertex 46.079923389045106 33.263562143008606 5.654306999999986
    vertex 46.02482955089507 24.961375278638037 5.654306999999986
    vertex 46.23193633208161 24.802456656040146 5.654306999999986
  endloop
endfacet
facet normal 0.0 0.0 1.0
  outer loop
    vertex 46.079923389045106 33.263562143008606 5.654306999999986
    vertex 46.23193633208161 24.802456656040146 5.654306999999986
    vertex 46.27629153166223 33.4355734798064 5.654306999999986
  endloop
endfacet
facet normal 0.0 0.0 1.0
  outer loop
    vertex 46.27629153166223 33.4355734798064 5.654306999999986
    vertex 46.23193633208161 24.802456656040146 5.654306999999986
    vertex 46.390854954679504 24.5953498748536 5.654306999999986
  endloop
endfacet
facet normal 0.0 0.0 1.0
  outer loop
    vertex 46.27629153166223 33.4355734798064 5.654306999999986
    vertex 46.390854954679504 24.5953498748536 5.654306999999986
    vertex 46.42144878213971 33.65254748759462 5.654306999999986
  endloop
endfacet
facet normal 0.0 0.0 1.0
  outer loop
    vertex 46.42144878213971 33.65254748759462 5.654306999999986
    vertex 46.390854954679504 24.5953498748536 5.654306999999986
    vertex 46.490755377184136 24.35416891995612 5.654306999999986
  endloop
endfacet
facet normal 0.0 0.0 1.0
  outer loop
    vertex 46.42144878213971 33.65254748759462 5.654306999999986
    vertex 46.490755377184136 24.35416891995612 5.654306999999986
    vertex 46.50550291374121 33.89969774630899 5.654306999999986
  endloop
endfacet
facet normal 0.0 0.0 1.0
  outer loop
    vertex 46.50550291374121 33.89969774630899 5.654306999999986
    vertex 46.490755377184136 24.35416891995612 5.654306999999986
    vertex 46.52482955089507 24.0953498748536 5.654306999999986
  endloop
endfacet
facet normal 0.0 0.0 1.0
  outer loop
    vertex 46.50550291374121 33.89969774630899 5.654306999999986
    vertex 46.52482955089507 24.0953498748536 5.654306999999986
    vertex 46.5227257763041 34.16018137425325 5.654306999999986
  endloop
endfacet
facet normal 0.0 0.0 1.0
  outer loop
    vertex 9.524829550895095 18.595349874853603 5.6543069999999895
    vertex 11.524829550895095 24.0953498748536 5.654306999999986
    vertex 9.524829550895097 39.59534987485361 5.6543069999999895
  endloop
endfacet
facet normal 0.0 0.0 1.0
  outer loop
    vertex 11.524829550895095 24.0953498748536 5.654306999999986
    vertex 9.524829550895095 18.595349874853603 5.6543069999999895
    vertex 11.558903724606028 23.83653082975108 5.654306999999986
  endloop
endfacet
facet normal 0.0 0.0 1.0
  outer loop
    vertex 11.558903724606028 23.83653082975108 5.654306999999986
    vertex 9.524829550895095 18.595349874853603 5.6543069999999895
    vertex 12.524829550895095 20.095349874853603 5.6543069999999895
  endloop
endfacet
facet normal 0.0 0.0 1.0
  outer loop
    vertex 12.524829550895095 20.095349874853603 5.6543069999999895
    vertex 9.524829550895095 18.595349874853603 5.6543069999999895
    vertex 18.266010505792572 19.129424048564534 5.654306999999992
  endloop
endfacet
facet normal 0.0 0.0 1.0
  outer loop
    vertex 18.266010505792572 19.129424048564534 5.654306999999992
    vertex 9.524829550895095 18.595349874853603 5.6543069999999895
    vertex 18.524829550895095 19.095349874853603 5.654306999999992
  endloop
endfacet
facet normal 0.0 0.0 1.0
  outer loop
    vertex 18.524829550895095 19.095349874853603 5.654306999999992
    vertex 9.524829550895095 18.595349874853603 5.6543069999999895
    vertex 48.52482955089507 18.595349874853603 5.6543069999999895
  endloop
endfacet
facet normal 0.0 0.0 1.0
  outer loop
    vertex 11.558903724606028 23.83653082975108 5.654306999999986
    vertex 12.524829550895095 20.095349874853603 5.6543069999999895
    vertex 11.658804147110658 23.595349874853603 5.654306999999986
  endloop
endfacet
facet normal 0.0 0.0 1.0
  outer loop
    vertex 11.658804147110658 23.595349874853603 5.654306999999986
    vertex 12.524829550895095 20.095349874853603 5.6543069999999895
    vertex 11.817722769708547 23.388243093667054 5.654306999999986
  endloop
endfacet
facet normal 0.0 0.0 1.0
  outer loop
    vertex 11.817722769708547 23.388243093667054 5.654306999999986
    vertex 12.524829550895095 20.095349874853603 5.6543069999999895
    vertex 12.024829550895095 23.229324471069162 5.654306999999986
  endloop
endfacet
facet normal 0.0 0.0 1.0
  outer loop
    vertex 12.024829550895095 23.229324471069162 5.654306999999986
    vertex 12.524829550895095 20.095349874853603 5.6543069999999895
    vertex 12.266010505792574 23.129424048564534 5.654306999999986
  endloop
endfacet
facet normal 0.0 0.0 1.0
  outer loop
    vertex 12.524829550895095 20.095349874853603 5.6543069999999895
    vertex 18.266010505792572 19.129424048564534 5.654306999999992
    vertex 12.895420028343834 20.11238696170907 5.654306999999989
  endloop
endfacet
facet normal 0.0 0.0 1.0
  outer loop
    vertex 12.895420028343834 20.11238696170907 5.654306999999989
    vertex 18.266010505792572 19.129424048564534 5.654306999999992
    vertex 13.024829550895095 20.095349874853603 5.654306999999989
  endloop
endfacet
facet normal 0.0 0.0 1.0
  outer loop
    vertex 13.024829550895095 20.095349874853603 5.654306999999989
    vertex 18.266010505792572 19.129424048564534 5.654306999999992
    vertex 18.024829550895095 19.229324471069162 5.654306999999992
  endloop
endfacet
facet normal 0.0 0.0 1.0
  outer loop
    vertex 13.024829550895095 20.095349874853603 5.654306999999989
    vertex 18.024829550895095 19.229324471069162 5.654306999999992
    vertex 17.817722769708546 19.388243093667054 5.654306999999992
  endloop
endfacet
facet normal 0.0 0.0 1.0
  outer loop
    vertex 13.024829550895095 20.095349874853603 5.654306999999989
    vertex 17.817722769708546 19.388243093667054 5.654306999999992
    vertex 17.658804147110658 19.595349874853603 5.654306999999992
  endloop
endfacet
facet normal 0.0 0.0 1.0
  outer loop
    vertex 13.024829550895095 20.095349874853603 5.654306999999989
    vertex 17.658804147110658 19.595349874853603 5.654306999999992
    vertex 17.558903724606026 19.836530829751084 5.654306999999992
  endloop
endfacet
facet normal 0.0 0.0 1.0
  outer loop
    vertex 13.024829550895095 20.095349874853603 5.654306999999989
    vertex 17.558903724606026 19.836530829751084 5.654306999999992
    vertex 17.524829550895095 20.095349874853603 5.654306999999992
  endloop
endfacet
facet normal 0.0 0.0 1.0
  outer loop
    vertex 18.524829550895095 19.095349874853603 5.654306999999992
    vertex 48.52482955089507 18.595349874853603 5.6543069999999895
    vertex 18.783648595997615 19.129424048564534 5.654306999999992
  endloop
endfacet
facet normal 0.0 0.0 1.0
  outer loop
    vertex 18.783648595997615 19.129424048564534 5.654306999999992
    vertex 48.52482955089507 18.595349874853603 5.6543069999999895
    vertex 19.024829550895095 19.229324471069162 5.654306999999992
  endloop
endfacet
facet normal 0.0 0.0 1.0
  outer loop
    vertex 19.024829550895095 19.229324471069162 5.654306999999992
    vertex 48.52482955089507 18.595349874853603 5.6543069999999895
    vertex 29.02482955089508 19.095349874853603 5.6543069999999975
  endloop
endfacet
facet normal 0.0 0.0 1.0
  outer loop
    vertex 19.024829550895095 19.229324471069162 5.654306999999992
    vertex 29.02482955089508 19.095349874853603 5.6543069999999975
    vertex 19.231936332081645 19.388243093667054 5.654306999999992
  endloop
endfacet
facet normal 0.0 0.0 1.0
  outer loop
    vertex 19.231936332081645 19.388243093667054 5.654306999999992
    vertex 29.02482955089508 19.095349874853603 5.6543069999999975
    vertex 19.390854954679536 19.5953498748536 5.654306999999992
  endloop
endfacet
facet normal 0.0 0.0 1.0
  outer loop
    vertex 19.390854954679536 19.5953498748536 5.654306999999992
    vertex 29.02482955089508 19.095349874853603 5.6543069999999975
    vertex 19.490755377184165 19.836530829751084 5.654306999999992
  endloop
endfacet
facet normal 0.0 0.0 1.0
  outer loop
    vertex 19.490755377184165 19.836530829751084 5.654306999999992
    vertex 29.02482955089508 19.095349874853603 5.6543069999999975
    vertex 19.524829550895095 20.095349874853603 5.654306999999992
  endloop
endfacet
facet normal 0.0 0.0 1.0
  outer loop
    vertex 19.524829550895095 20.095349874853603 5.654306999999992
    vertex 29.02482955089508 19.095349874853603 5.6543069999999975
    vertex 28.766010505792558 19.129424048564534 5.6543069999999975
  endloop
endfacet
facet normal 0.0 0.0 1.0
  outer loop
    vertex 19.524829550895095 20.095349874853603 5.654306999999992
    vertex 28.766010505792558 19.129424048564534 5.6543069999999975
    vertex 28.524829550895085 19.229324471069162 5.6543069999999975
  endloop
endfacet
facet normal 0.0 0.0 1.0
  outer loop
    vertex 19.524829550895095 20.095349874853603 5.654306999999992
    vertex 28.524829550895085 19.229324471069162 5.6543069999999975
    vertex 28.31772276970853 19.388243093667054 5.6543069999999975
  endloop
endfacet
facet normal 0.0 0.0 1.0
  outer loop
    vertex 19.524829550895095 20.095349874853603 5.654306999999992
    vertex 28.31772276970853 19.388243093667054 5.6543069999999975
    vertex 28.158804147110644 19.595349874853603 5.6543069999999975
  endloop
endfacet
facet normal 0.0 0.0 1.0
  outer loop
    vertex 19.524829550895095 20.095349874853603 5.654306999999992
    vertex 28.158804147110644 19.595349874853603 5.6543069999999975
    vertex 28.05890372460601 19.836530829751084 5.6543069999999975
  endloop
endfacet
facet normal 0.0 0.0 1.0
  outer loop
    vertex 19.524829550895095 20.095349874853603 5.654306999999992
    vertex 28.05890372460601 19.836530829751084 5.6543069999999975
    vertex 28.024829550895085 20.095349874853603 5.6543069999999975
  endloop
endfacet
facet normal 0.0 0.0 1.0
  outer loop
    vertex 29.02482955089508 19.095349874853603 5.6543069999999975
    vertex 48.52482955089507 18.595349874853603 5.6543069999999895
    vertex 29.283648595997605 19.129424048564534 5.6543069999999975
  endloop
endfacet
facet normal 0.0 0.0 1.0
  outer loop
    vertex 29.283648595997605 19.129424048564534 5.6543069999999975
    vertex 48.52482955089507 18.595349874853603 5.6543069999999895
    vertex 29.52482955089508 19.229324471069162 5.6543069999999975
  endloop
endfacet
facet normal 0.0 0.0 1.0
  outer loop
    vertex 29.52482955089508 19.229324471069162 5.6543069999999975
    vertex 48.52482955089507 18.595349874853603 5.6543069999999895
    vertex 29.73193633208163 19.388243093667054 5.6543069999999975
  endloop
endfacet
facet normal 0.0 0.0 1.0
  outer loop
    vertex 29.73193633208163 19.388243093667054 5.6543069999999975
    vertex 48.52482955089507 18.595349874853603 5.6543069999999895
    vertex 29.890854954679522 19.5953498748536 5.6543069999999975
  endloop
endfacet
facet normal 0.0 0.0 1.0
  outer loop
    vertex 29.890854954679522 19.5953498748536 5.6543069999999975
    vertex 48.52482955089507 18.595349874853603 5.6543069999999895
    vertex 39.52482955089507 19.095349874853603 5.654306999999975
  endloop
endfacet
facet normal 0.0 0.0 1.0
  outer loop
    vertex 29.890854954679522 19.5953498748536 5.6543069999999975
    vertex 39.52482955089507 19.095349874853603 5.654306999999975
    vertex 29.990755377184154 19.836530829751084 5.6543069999999975
  endloop
endfacet
facet normal 0.0 0.0 1.0
  outer loop
    vertex 29.990755377184154 19.836530829751084 5.6543069999999975
    vertex 39.52482955089507 19.095349874853603 5.654306999999975
    vertex 30.02482955089508 20.095349874853603 5.6543069999999975
  endloop
endfacet
facet normal 0.0 0.0 1.0
  outer loop
    vertex 30.02482955089508 20.095349874853603 5.6543069999999975
    vertex 39.52482955089507 19.095349874853603 5.654306999999975
    vertex 39.26601050579254 19.129424048564534 5.654306999999975
  endloop
endfacet
facet normal 0.0 0.0 1.0
  outer loop
    vertex 30.02482955089508 20.095349874853603 5.6543069999999975
    vertex 39.26601050579254 19.129424048564534 5.654306999999975
    vertex 39.02482955089507 19.229324471069162 5.654306999999975
  endloop
endfacet
facet normal 0.0 0.0 1.0
  outer loop
    vertex 30.02482955089508 20.095349874853603 5.6543069999999975
    vertex 39.02482955089507 19.229324471069162 5.654306999999975
    vertex 38.81772276970852 19.388243093667054 5.654306999999975
  endloop
endfacet
facet normal 0.0 0.0 1.0
  outer loop
    vertex 30.02482955089508 20.095349874853603 5.6543069999999975
    vertex 38.81772276970852 19.388243093667054 5.654306999999975
    vertex 38.65880414711063 19.595349874853603 5.654306999999975
  endloop
endfacet
facet normal 0.0 0.0 1.0
  outer loop
    vertex 30.02482955089508 20.095349874853603 5.6543069999999975
    vertex 38.65880414711063 19.595349874853603 5.654306999999975
    vertex 38.558903724606 19.836530829751084 5.654306999999975
  endloop
endfacet
facet normal 0.0 0.0 1.0
  outer loop
    vertex 30.02482955089508 20.095349874853603 5.6543069999999975
    vertex 38.558903724606 19.836530829751084 5.654306999999975
    vertex 38.52482955089506 20.095349874853603 5.654306999999975
  endloop
endfacet
facet normal 0.0 0.0 1.0
  outer loop
    vertex 39.52482955089507 19.095349874853603 5.654306999999975
    vertex 48.52482955089507 18.595349874853603 5.6543069999999895
    vertex 39.78364859599759 19.129424048564534 5.654306999999975
  endloop
endfacet
facet normal 0.0 0.0 1.0
  outer loop
    vertex 39.78364859599759 19.129424048564534 5.654306999999975
    vertex 48.52482955089507 18.595349874853603 5.6543069999999895
    vertex 40.02482955089507 19.229324471069162 5.654306999999975
  endloop
endfacet
facet normal 0.0 0.0 1.0
  outer loop
    vertex 40.02482955089507 19.229324471069162 5.654306999999975
    vertex 48.52482955089507 18.595349874853603 5.6543069999999895
    vertex 40.23193633208162 19.388243093667054 5.654306999999975
  endloop
endfacet
facet normal 0.0 0.0 1.0
  outer loop
    vertex 40.23193633208162 19.388243093667054 5.654306999999975
    vertex 48.52482955089507 18.595349874853603 5.6543069999999895
    vertex 40.390854954679504 19.5953498748536 5.654306999999975
  endloop
endfacet
facet normal 0.0 0.0 1.0
  outer loop
    vertex 40.390854954679504 19.5953498748536 5.654306999999975
    vertex 48.52482955089507 18.595349874853603 5.6543069999999895
    vertex 40.490755377184136 19.836530829751084 5.654306999999975
  endloop
endfacet
facet normal 0.0 0.0 1.0
  outer loop
    vertex 40.490755377184136 19.836530829751084 5.654306999999975
    vertex 48.52482955089507 18.595349874853603 5.6543069999999895
    vertex 40.52482955089507 20.095349874853603 5.654306999999975
  endloop
endfacet
facet normal 0.0 0.0 1.0
  outer loop
    vertex 40.52482955089507 20.095349874853603 5.654306999999975
    vertex 48.52482955089507 18.595349874853603 5.6543069999999895
    vertex 45.02482955089507 20.095349874853603 5.654306999999988
  endloop
endfacet
facet normal 0.0 0.0 1.0
  outer loop
    vertex 45.02482955089507 20.095349874853603 5.654306999999988
    vertex 48.52482955089507 18.595349874853603 5.6543069999999895
    vertex 45.154239073446334 20.11238696170907 5.654306999999989
  endloop
endfacet
facet normal 0.0 0.0 1.0
  outer loop
    vertex 45.154239073446334 20.11238696170907 5.654306999999989
    vertex 48.52482955089507 18.595349874853603 5.6543069999999895
    vertex 45.52482955089507 20.095349874853603 5.6543069999999895
  endloop
endfacet
facet normal 0.0 0.0 1.0
  outer loop
    vertex 45.52482955089507 20.095349874853603 5.6543069999999895
    vertex 48.52482955089507 18.595349874853603 5.6543069999999895
    vertex 45.52482955089507 20.595349874853603 5.654306999999989
  endloop
endfacet
facet normal 0.0 0.0 1.0
  outer loop
    vertex 45.52482955089507 20.595349874853603 5.654306999999989
    vertex 48.52482955089507 18.595349874853603 5.6543069999999895
    vertex 45.52482955089507 23.095349874853603 5.654306999999986
  endloop
endfacet
facet normal 0.0 0.0 1.0
  outer loop
    vertex 45.52482955089507 23.095349874853603 5.654306999999986
    vertex 48.52482955089507 18.595349874853603 5.6543069999999895
    vertex 45.78364859599758 23.129424048564534 5.654306999999986
  endloop
endfacet
facet normal 0.0 0.0 1.0
  outer loop
    vertex 45.78364859599758 23.129424048564534 5.654306999999986
    vertex 48.52482955089507 18.595349874853603 5.6543069999999895
    vertex 46.02482955089507 23.229324471069166 5.654306999999986
  endloop
endfacet
facet normal 0.0 0.0 1.0
  outer loop
    vertex 46.02482955089507 23.229324471069166 5.654306999999986
    vertex 48.52482955089507 18.595349874853603 5.6543069999999895
    vertex 46.23193633208161 23.388243093667054 5.654306999999986
  endloop
endfacet
facet normal 0.0 0.0 1.0
  outer loop
    vertex 46.23193633208161 23.388243093667054 5.654306999999986
    vertex 48.52482955089507 18.595349874853603 5.6543069999999895
    vertex 46.390854954679504 23.595349874853603 5.654306999999986
  endloop
endfacet
facet normal 0.0 0.0 1.0
  outer loop
    vertex 46.390854954679504 23.595349874853603 5.654306999999986
    vertex 48.52482955089507 18.595349874853603 5.6543069999999895
    vertex 46.490755377184136 23.83653082975108 5.654306999999986
  endloop
endfacet
facet normal 0.0 0.0 1.0
  outer loop
    vertex 46.490755377184136 23.83653082975108 5.654306999999986
    vertex 48.52482955089507 18.595349874853603 5.6543069999999895
    vertex 46.52482955089507 24.0953498748536 5.654306999999986
  endloop
endfacet
facet normal 0.0 0.0 1.0
  outer loop
    vertex 9.524829550895097 39.59534987485361 5.6543069999999895
    vertex 18.58535658016474 39.09351643346384 5.654306999999986
    vertex 48.52482955089507 39.59534987485361 5.6543069999999895
  endloop
endfacet
facet normal 0.0 0.0 1.0
  outer loop
    vertex 18.58535658016474 39.09351643346384 5.654306999999986
    vertex 9.524829550895097 39.59534987485361 5.6543069999999895
    vertex 18.32494965610243 39.07517028067178 5.654306999999986
  endloop
endfacet
facet normal 0.0 0.0 1.0
  outer loop
    vertex 18.32494965610243 39.07517028067178 5.654306999999986
    vertex 9.524829550895097 39.59534987485361 5.6543069999999895
    vertex 12.524829550895095 38.09534987485361 5.6543069999999895
  endloop
endfacet
facet normal 0.0 0.0 1.0
  outer loop
    vertex 12.524829550895095 38.09534987485361 5.6543069999999895
    vertex 9.524829550895097 39.59534987485361 5.6543069999999895
    vertex 11.55890372460603 34.35416891995613 5.654306999999986
  endloop
endfacet
facet normal 0.0 0.0 1.0
  outer loop
    vertex 11.55890372460603 34.35416891995613 5.654306999999986
    vertex 9.524829550895097 39.59534987485361 5.6543069999999895
    vertex 11.524829550895097 34.09534987485361 5.654306999999986
  endloop
endfacet
facet normal 0.0 0.0 1.0
  outer loop
    vertex 11.524829550895097 34.09534987485361 5.654306999999986
    vertex 9.524829550895097 39.59534987485361 5.6543069999999895
    vertex 11.524829550895095 24.0953498748536 5.654306999999986
  endloop
endfacet
facet normal 0.0 0.0 1.0
  outer loop
    vertex 12.524829550895095 38.09534987485361 5.6543069999999895
    vertex 11.55890372460603 34.35416891995613 5.654306999999986
    vertex 11.65880414711066 34.59534987485361 5.654306999999986
  endloop
endfacet
facet normal 0.0 0.0 1.0
  outer loop
    vertex 12.524829550895095 38.09534987485361 5.6543069999999895
    vertex 11.65880414711066 34.59534987485361 5.654306999999986
    vertex 11.81772276970855 34.802456656040164 5.654306999999986
  endloop
endfacet
facet normal 0.0 0.0 1.0
  outer loop
    vertex 12.524829550895095 38.09534987485361 5.6543069999999895
    vertex 11.81772276970855 34.802456656040164 5.654306999999986
    vertex 12.024829550895097 34.96137527863805 5.654306999999986
  endloop
endfacet
facet normal 0.0 0.0 1.0
  outer loop
    vertex 12.524829550895095 38.09534987485361 5.6543069999999895
    vertex 12.024829550895097 34.96137527863805 5.654306999999986
    vertex 12.266010505792575 35.06127570114268 5.654306999999986
  endloop
endfacet
facet normal 0.0 0.0 1.0
  outer loop
    vertex 12.524829550895095 38.09534987485361 5.6543069999999895
    vertex 12.266010505792575 35.06127570114268 5.654306999999986
    vertex 12.524829550895095 35.09534987485361 5.654306999999986
  endloop
endfacet
facet normal 0.0 0.0 1.0
  outer loop
    vertex 12.524829550895095 38.09534987485361 5.6543069999999895
    vertex 12.524829550895095 35.09534987485361 5.654306999999986
    vertex 12.524829550895095 37.59534987485361 5.654306999999989
  endloop
endfacet
facet normal 0.0 0.0 1.0
  outer loop
    vertex 18.32494965610243 39.07517028067178 5.654306999999986
    vertex 12.524829550895095 38.09534987485361 5.6543069999999895
    vertex 12.895420028343834 38.078312787998144 5.654306999999989
  endloop
endfacet
facet normal 0.0 0.0 1.0
  outer loop
    vertex 18.32494965610243 39.07517028067178 5.654306999999986
    vertex 12.895420028343834 38.078312787998144 5.654306999999989
    vertex 13.024829550895095 38.09534987485361 5.654306999999989
  endloop
endfacet
facet normal 0.0 0.0 1.0
  outer loop
    vertex 18.32494965610243 39.07517028067178 5.654306999999986
    vertex 13.024829550895095 38.09534987485361 5.654306999999989
    vertex 18.078164216553095 38.99005098645298 5.654306999999986
  endloop
endfacet
facet normal 0.0 0.0 1.0
  outer loop
    vertex 18.078164216553095 38.99005098645298 5.654306999999986
    vertex 13.024829550895095 38.09534987485361 5.654306999999989
    vertex 17.8618182813898 38.843959290042186 5.654306999999986
  endloop
endfacet
facet normal 0.0 0.0 1.0
  outer loop
    vertex 17.8618182813898 38.843959290042186 5.654306999999986
    vertex 13.024829550895095 38.09534987485361 5.654306999999989
    vertex 17.690655468565367 38.64685109912184 5.654306999999986
  endloop
endfacet
facet normal 0.0 0.0 1.0
  outer loop
    vertex 17.690655468565367 38.64685109912184 5.654306999999986
    vertex 13.024829550895095 38.09534987485361 5.654306999999989
    vertex 17.57634024091385 38.41215901116648 5.654306999999986
  endloop
endfacet
facet normal 0.0 0.0 1.0
  outer loop
    vertex 17.57634024091385 38.41215901116648 5.654306999999986
    vertex 13.024829550895095 38.09534987485361 5.654306999999989
    vertex 17.526662992284866 38.155876904123254 5.654306999999986
  endloop
endfacet
facet normal 0.0 0.0 1.0
  outer loop
    vertex 48.52482955089507 39.59534987485361 5.6543069999999895
    vertex 18.58535658016474 39.09351643346384 5.654306999999986
    vertex 18.84163868720797 39.04383918483485 5.654306999999986
  endloop
endfacet
facet normal 0.0 0.0 1.0
  outer loop
    vertex 48.52482955089507 39.59534987485361 5.6543069999999895
    vertex 18.84163868720797 39.04383918483485 5.654306999999986
    vertex 19.076330775163328 38.929523957183335 5.654306999999986
  endloop
endfacet
facet normal 0.0 0.0 1.0
  outer loop
    vertex 48.52482955089507 39.59534987485361 5.6543069999999895
    vertex 19.076330775163328 38.929523957183335 5.654306999999986
    vertex 28.89406303206384 39.08676306699539 5.654306999999986
  endloop
endfacet
facet normal 0.0 0.0 1.0
  outer loop
    vertex 28.89406303206384 39.08676306699539 5.654306999999986
    vertex 19.076330775163328 38.929523957183335 5.654306999999986
    vertex 19.27343896608367 38.7583611443589 5.654306999999986
  endloop
endfacet
facet normal 0.0 0.0 1.0
  outer loop
    vertex 28.89406303206384 39.08676306699539 5.654306999999986
    vertex 19.27343896608367 38.7583611443589 5.654306999999986
    vertex 19.419530662494466 38.54201520919561 5.654306999999986
  endloop
endfacet
facet normal 0.0 0.0 1.0
  outer loop
    vertex 28.89406303206384 39.08676306699539 5.654306999999986
    vertex 19.419530662494466 38.54201520919561 5.654306999999986
    vertex 19.50464995671326 38.29522976964628 5.654306999999986
  endloop
endfacet
facet normal 0.0 0.0 1.0
  outer loop
    vertex 28.89406303206384 39.08676306699539 5.654306999999986
    vertex 19.50464995671326 38.29522976964628 5.654306999999986
    vertex 19.51873186756541 38.09534987485361 5.654306999999986
  endloop
endfacet
facet normal 0.0 0.0 1.0
  outer loop
    vertex 28.89406303206384 39.08676306699539 5.654306999999986
    vertex 19.51873186756541 38.09534987485361 5.654306999999986
    vertex 28.641922177449892 39.01913661613175 5.654306999999986
  endloop
endfacet
facet normal 0.0 0.0 1.0
  outer loop
    vertex 28.641922177449892 39.01913661613175 5.654306999999986
    vertex 19.51873186756541 38.09534987485361 5.654306999999986
    vertex 28.415875827551883 38.88855562547978 5.654306999999986
  endloop
endfacet
facet normal 0.0 0.0 1.0
  outer loop
    vertex 28.415875827551883 38.88855562547978 5.654306999999986
    vertex 19.51873186756541 38.09534987485361 5.654306999999986
    vertex 28.231328667556102 38.703918973757126 5.654306999999986
  endloop
endfacet
facet normal 0.0 0.0 1.0
  outer loop
    vertex 28.231328667556102 38.703918973757126 5.654306999999986
    vertex 19.51873186756541 38.09534987485361 5.654306999999986
    vertex 28.100857281437662 38.477809343652176 5.654306999999986
  endloop
endfacet
facet normal 0.0 0.0 1.0
  outer loop
    vertex 28.100857281437662 38.477809343652176 5.654306999999986
    vertex 19.51873186756541 38.09534987485361 5.654306999999986
    vertex 28.033353078546376 38.22563573279277 5.654306999999986
  endloop
endfacet
facet normal 0.0 0.0 1.0
  outer loop
    vertex 48.52482955089507 39.59534987485361 5.6543069999999895
    vertex 28.89406303206384 39.08676306699539 5.654306999999986
    vertex 29.15511540883425 39.086826347202326 5.654306999999986
  endloop
endfacet
facet normal 0.0 0.0 1.0
  outer loop
    vertex 48.52482955089507 39.59534987485361 5.6543069999999895
    vertex 29.15511540883425 39.086826347202326 5.654306999999986
    vertex 29.407289019693664 39.01932214431104 5.654306999999986
  endloop
endfacet
facet normal 0.0 0.0 1.0
  outer loop
    vertex 48.52482955089507 39.59534987485361 5.6543069999999895
    vertex 29.407289019693664 39.01932214431104 5.654306999999986
    vertex 29.63339864979861 38.888850758192596 5.654306999999986
  endloop
endfacet
facet normal 0.0 0.0 1.0
  outer loop
    vertex 48.52482955089507 39.59534987485361 5.6543069999999895
    vertex 29.63339864979861 38.888850758192596 5.654306999999986
    vertex 29.81803530152127 38.70430359819682 5.654306999999986
  endloop
endfacet
facet normal 0.0 0.0 1.0
  outer loop
    vertex 48.52482955089507 39.59534987485361 5.6543069999999895
    vertex 29.81803530152127 38.70430359819682 5.654306999999986
    vertex 39.37548159754398 39.08413457782481 5.654306999999986
  endloop
endfacet
facet normal 0.0 0.0 1.0
  outer loop
    vertex 39.37548159754398 39.08413457782481 5.654306999999986
    vertex 29.81803530152127 38.70430359819682 5.654306999999986
    vertex 29.948616292173238 38.47825724829881 5.654306999999986
  endloop
endfacet
facet normal 0.0 0.0 1.0
  outer loop
    vertex 39.37548159754398 39.08413457782481 5.654306999999986
    vertex 29.948616292173238 38.47825724829881 5.654306999999986
    vertex 30.016242743036873 38.22611639368486 5.654306999999986
  endloop
endfacet
facet normal 0.0 0.0 1.0
  outer loop
    vertex 39.37548159754398 39.08413457782481 5.654306999999986
    vertex 30.016242743036873 38.22611639368486 5.654306999999986
    vertex 30.016274441397467 38.09534987485361 5.654306999999986
  endloop
endfacet
facet normal 0.0 0.0 1.0
  outer loop
    vertex 39.37548159754398 39.08413457782481 5.654306999999986
    vertex 30.016274441397467 38.09534987485361 5.654306999999986
    vertex 39.12465419301485 39.01178846141871 5.654306999999986
  endloop
endfacet
facet normal 0.0 0.0 1.0
  outer loop
    vertex 39.12465419301485 39.01178846141871 5.654306999999986
    vertex 30.016274441397467 38.09534987485361 5.654306999999986
    vertex 38.901098077804214 38.876988569824576 5.654306999999986
  endloop
endfacet
facet normal 0.0 0.0 1.0
  outer loop
    vertex 38.901098077804214 38.876988569824576 5.654306999999986
    vertex 30.016274441397467 38.09534987485361 5.654306999999986
    vertex 38.720048231719716 38.68892129288718 5.654306999999986
  endloop
endfacet
facet normal 0.0 0.0 1.0
  outer loop
    vertex 38.720048231719716 38.68892129288718 5.654306999999986
    vertex 30.016274441397467 38.09534987485361 5.654306999999986
    vertex 38.59384290257301 38.46040310473395 5.654306999999986
  endloop
endfacet
facet normal 0.0 0.0 1.0
  outer loop
    vertex 38.59384290257301 38.46040310473395 5.654306999999986
    vertex 30.016274441397467 38.09534987485361 5.654306999999986
    vertex 38.53108277498128 38.20700714224336 5.654306999999986
  endloop
endfacet
facet normal 0.0 0.0 1.0
  outer loop
    vertex 48.52482955089507 39.59534987485361 5.6543069999999895
    vertex 39.37548159754398 39.08413457782481 5.654306999999986
    vertex 39.63648681828482 39.0890966507674 5.654306999999986
  endloop
endfacet
facet normal 0.0 0.0 1.0
  outer loop
    vertex 48.52482955089507 39.59534987485361 5.6543069999999895
    vertex 39.63648681828482 39.0890966507674 5.654306999999986
    vertex 39.88988278077541 39.026336523175665 5.654306999999986
  endloop
endfacet
facet normal 0.0 0.0 1.0
  outer loop
    vertex 48.52482955089507 39.59534987485361 5.6543069999999895
    vertex 39.88988278077541 39.026336523175665 5.654306999999986
    vertex 40.11840096892864 38.90013119402896 5.654306999999986
  endloop
endfacet
facet normal 0.0 0.0 1.0
  outer loop
    vertex 48.52482955089507 39.59534987485361 5.6543069999999895
    vertex 40.11840096892864 38.90013119402896 5.654306999999986
    vertex 40.306468245866036 38.71908134794447 5.654306999999986
  endloop
endfacet
facet normal 0.0 0.0 1.0
  outer loop
    vertex 48.52482955089507 39.59534987485361 5.6543069999999895
    vertex 40.306468245866036 38.71908134794447 5.654306999999986
    vertex 40.44126813746017 38.495525232733826 5.654306999999986
  endloop
endfacet
facet normal 0.0 0.0 1.0
  outer loop
    vertex 48.52482955089507 39.59534987485361 5.6543069999999895
    vertex 40.44126813746017 38.495525232733826 5.654306999999986
    vertex 40.51361425386627 38.2446978282047 5.654306999999986
  endloop
endfacet
facet normal 0.0 0.0 1.0
  outer loop
    vertex 48.52482955089507 39.59534987485361 5.6543069999999895
    vertex 40.51361425386627 38.2446978282047 5.654306999999986
    vertex 40.51645356656757 38.09534987485361 5.654306999999986
  endloop
endfacet
facet normal 0.0 0.0 1.0
  outer loop
    vertex 48.52482955089507 39.59534987485361 5.6543069999999895
    vertex 40.51645356656757 38.09534987485361 5.654306999999986
    vertex 45.02482955089507 38.09534987485361 5.654306999999989
  endloop
endfacet
facet normal 0.0 0.0 1.0
  outer loop
    vertex 48.52482955089507 39.59534987485361 5.6543069999999895
    vertex 45.02482955089507 38.09534987485361 5.654306999999989
    vertex 45.154239073446334 38.078312787998144 5.654306999999989
  endloop
endfacet
facet normal 0.0 0.0 1.0
  outer loop
    vertex 48.52482955089507 39.59534987485361 5.6543069999999895
    vertex 45.154239073446334 38.078312787998144 5.654306999999989
    vertex 45.52482955089507 38.09534987485361 5.6543069999999895
  endloop
endfacet
facet normal 0.0 0.0 1.0
  outer loop
    vertex 48.52482955089507 39.59534987485361 5.6543069999999895
    vertex 45.52482955089507 38.09534987485361 5.6543069999999895
    vertex 45.720481679439686 35.07602323769975 5.654306999999986
  endloop
endfacet
facet normal 0.0 0.0 1.0
  outer loop
    vertex 48.52482955089507 39.59534987485361 5.6543069999999895
    vertex 45.720481679439686 35.07602323769975 5.654306999999986
    vertex 45.96763193815406 34.99196910609825 5.654306999999986
  endloop
endfacet
facet normal 0.0 0.0 1.0
  outer loop
    vertex 48.52482955089507 39.59534987485361 5.6543069999999895
    vertex 45.96763193815406 34.99196910609825 5.654306999999986
    vertex 46.18460594594228 34.84681185562077 5.654306999999986
  endloop
endfacet
facet normal 0.0 0.0 1.0
  outer loop
    vertex 48.52482955089507 39.59534987485361 5.6543069999999895
    vertex 46.18460594594228 34.84681185562077 5.654306999999986
    vertex 46.356617282740075 34.650443713003654 5.654306999999986
  endloop
endfacet
facet normal 0.0 0.0 1.0
  outer loop
    vertex 48.52482955089507 39.59534987485361 5.6543069999999895
    vertex 46.356617282740075 34.650443713003654 5.654306999999986
    vertex 46.471943660206854 34.41624684265254 5.654306999999986
  endloop
endfacet
facet normal 0.0 0.0 1.0
  outer loop
    vertex 48.52482955089507 39.59534987485361 5.6543069999999895
    vertex 46.471943660206854 34.41624684265254 5.654306999999986
    vertex 46.5227257763041 34.16018137425325 5.654306999999986
  endloop
endfacet
facet normal 0.0 0.0 1.0
  outer loop
    vertex 48.52482955089507 39.59534987485361 5.6543069999999895
    vertex 46.5227257763041 34.16018137425325 5.654306999999986
    vertex 46.52482955089507 24.0953498748536 5.654306999999986
  endloop
endfacet
facet normal 0.0 0.0 1.0
  outer loop
    vertex 48.52482955089507 39.59534987485361 5.6543069999999895
    vertex 46.52482955089507 24.0953498748536 5.654306999999986
    vertex 48.52482955089507 18.595349874853603 5.6543069999999895
  endloop
endfacet
facet normal 0.0 0.0 1.0
  outer loop
    vertex 45.52482955089507 38.09534987485361 5.6543069999999895
    vertex 45.5077924640396 37.724759397404874 5.654306999999989
    vertex 45.52482955089507 37.59534987485361 5.654306999999989
  endloop
endfacet
facet normal 0.0 0.0 1.0
  outer loop
    vertex 45.52482955089507 20.595349874853603 5.654306999999989
    vertex 45.5077924640396 20.46594035230234 5.654306999999989
    vertex 45.52482955089507 20.095349874853603 5.6543069999999895
  endloop
endfacet
facet normal 0.0 0.0 1.0
  outer loop
    vertex 12.54186663775056 20.46594035230234 5.654306999999989
    vertex 12.524829550895095 20.595349874853603 5.654306999999989
    vertex 12.524829550895095 20.095349874853603 5.6543069999999895
  endloop
endfacet
facet normal 0.0 0.0 1.0
  outer loop
    vertex 12.524829550895095 20.095349874853603 5.6543069999999895
    vertex 12.524829550895095 23.095349874853603 5.654306999999986
    vertex 12.266010505792574 23.129424048564534 5.654306999999986
  endloop
endfacet
facet normal 0.0 0.0 1.0
  outer loop
    vertex 12.524829550895095 23.095349874853603 5.654306999999986
    vertex 12.524829550895095 20.095349874853603 5.6543069999999895
    vertex 12.524829550895095 20.595349874853603 5.654306999999989
  endloop
endfacet
facet normal 0.0 0.0 1.0
  outer loop
    vertex 11.558903724606028 24.354168919956123 5.654306999999986
    vertex 11.524829550895097 34.09534987485361 5.654306999999986
    vertex 11.524829550895095 24.0953498748536 5.654306999999986
  endloop
endfacet
facet normal 0.0 0.0 1.0
  outer loop
    vertex 11.524829550895097 34.09534987485361 5.654306999999986
    vertex 11.558903724606028 24.354168919956123 5.654306999999986
    vertex 11.55890372460603 33.83653082975109 5.654306999999986
  endloop
endfacet
facet normal 0.0 0.0 1.0
  outer loop
    vertex 11.55890372460603 33.83653082975109 5.654306999999986
    vertex 11.558903724606028 24.354168919956123 5.654306999999986
    vertex 11.658804147110658 24.5953498748536 5.654306999999986
  endloop
endfacet
facet normal 0.0 0.0 1.0
  outer loop
    vertex 11.55890372460603 33.83653082975109 5.654306999999986
    vertex 11.658804147110658 24.5953498748536 5.654306999999986
    vertex 11.658804147110658 33.59534987485361 5.654306999999986
  endloop
endfacet
facet normal 0.0 0.0 1.0
  outer loop
    vertex 11.658804147110658 33.59534987485361 5.654306999999986
    vertex 11.658804147110658 24.5953498748536 5.654306999999986
    vertex 11.81772276970855 24.802456656040146 5.654306999999986
  endloop
endfacet
facet normal 0.0 0.0 1.0
  outer loop
    vertex 11.658804147110658 33.59534987485361 5.654306999999986
    vertex 11.81772276970855 24.802456656040146 5.654306999999986
    vertex 11.81772276970855 33.388243093667064 5.654306999999986
  endloop
endfacet
facet normal 0.0 0.0 1.0
  outer loop
    vertex 11.81772276970855 33.388243093667064 5.654306999999986
    vertex 11.81772276970855 24.802456656040146 5.654306999999986
    vertex 12.024829550895097 24.96137527863804 5.654306999999986
  endloop
endfacet
facet normal 0.0 0.0 1.0
  outer loop
    vertex 11.81772276970855 33.388243093667064 5.654306999999986
    vertex 12.024829550895097 24.96137527863804 5.654306999999986
    vertex 12.024829550895097 33.22932447106917 5.654306999999986
  endloop
endfacet
facet normal 0.0 0.0 1.0
  outer loop
    vertex 12.024829550895097 33.22932447106917 5.654306999999986
    vertex 12.024829550895097 24.96137527863804 5.654306999999986
    vertex 12.266010505792575 25.06127570114267 5.654306999999986
  endloop
endfacet
facet normal 0.0 0.0 1.0
  outer loop
    vertex 12.024829550895097 33.22932447106917 5.654306999999986
    vertex 12.266010505792575 25.06127570114267 5.654306999999986
    vertex 12.266010505792574 33.129424048564545 5.654306999999986
  endloop
endfacet
facet normal 0.0 0.0 1.0
  outer loop
    vertex 12.266010505792574 33.129424048564545 5.654306999999986
    vertex 12.266010505792575 25.06127570114267 5.654306999999986
    vertex 12.524829550895095 33.09534987485361 5.654306999999986
  endloop
endfacet
facet normal 0.0 0.0 1.0
  outer loop
    vertex 12.524829550895095 33.09534987485361 5.654306999999986
    vertex 12.266010505792575 25.06127570114267 5.654306999999986
    vertex 12.524829550895095 25.0953498748536 5.654306999999986
  endloop
endfacet
facet normal -0.9238795325112824 -0.38268343236510055 -0.0
  outer loop
    vertex 28.05890372460601 19.836530829751084 38.15430699999999
    vertex 28.158804147110644 19.595349874853603 5.6543069999999975
    vertex 28.158804147110644 19.595349874853603 38.15430699999999
  endloop
endfacet
facet normal -0.9238795325112824 -0.38268343236510055 -0.0
  outer loop
    vertex 28.158804147110644 19.595349874853603 5.6543069999999975
    vertex 28.05890372460601 19.836530829751084 38.15430699999999
    vertex 28.05890372460601 19.836530829751084 5.6543069999999975
  endloop
endfacet
facet normal -0.7933533402912413 -0.6087614290087128 -0.0
  outer loop
    vertex 28.158804147110644 19.595349874853603 38.15430699999999
    vertex 28.31772276970853 19.388243093667054 5.6543069999999975
    vertex 28.31772276970853 19.388243093667054 38.15430699999999
  endloop
endfacet
facet normal -0.7933533402912413 -0.6087614290087128 -0.0
  outer loop
    vertex 28.31772276970853 19.388243093667054 5.6543069999999975
    vertex 28.158804147110644 19.595349874853603 38.15430699999999
    vertex 28.158804147110644 19.595349874853603 5.6543069999999975
  endloop
endfacet
facet normal -0.9914448613738132 -0.13052619222003087 0.0
  outer loop
    vertex 28.024829550895085 20.095349874853603 38.15430699999999
    vertex 28.05890372460601 19.836530829751084 5.6543069999999975
    vertex 28.05890372460601 19.836530829751084 38.15430699999999
  endloop
endfacet
facet normal -0.9914448613738132 -0.13052619222003087 0.0
  outer loop
    vertex 28.05890372460601 19.836530829751084 5.6543069999999975
    vertex 28.024829550895085 20.095349874853603 38.15430699999999
    vertex 28.024829550895085 20.095349874853603 5.6543069999999975
  endloop
endfacet
facet normal -0.3826834323650951 -0.9238795325112845 -0.0
  outer loop
    vertex 28.766010505792558 19.129424048564534 38.15430699999999
    vertex 28.524829550895085 19.229324471069162 5.6543069999999975
    vertex 28.766010505792558 19.129424048564534 5.6543069999999975
  endloop
endfacet
facet normal -0.3826834323650951 -0.9238795325112845 -0.0
  outer loop
    vertex 28.524829550895085 19.229324471069162 5.6543069999999975
    vertex 28.766010505792558 19.129424048564534 38.15430699999999
    vertex 28.524829550895085 19.229324471069162 38.15430699999999
  endloop
endfacet
facet normal -0.6087614290087128 -0.7933533402912413 -0.0
  outer loop
    vertex 28.524829550895085 19.229324471069162 38.15430699999999
    vertex 28.31772276970853 19.388243093667054 5.6543069999999975
    vertex 28.524829550895085 19.229324471069162 5.6543069999999975
  endloop
endfacet
facet normal -0.6087614290087128 -0.7933533402912413 -0.0
  outer loop
    vertex 28.31772276970853 19.388243093667054 5.6543069999999975
    vertex 28.524829550895085 19.229324471069162 38.15430699999999
    vertex 28.31772276970853 19.388243093667054 38.15430699999999
  endloop
endfacet
facet normal -0.13052619222005077 -0.9914448613738106 -0.0
  outer loop
    vertex 29.02482955089508 19.095349874853603 38.15430699999999
    vertex 28.766010505792558 19.129424048564534 5.6543069999999975
    vertex 29.02482955089508 19.095349874853603 5.6543069999999975
  endloop
endfacet
facet normal -0.13052619222005077 -0.9914448613738106 -0.0
  outer loop
    vertex 28.766010505792558 19.129424048564534 5.6543069999999975
    vertex 29.02482955089508 19.095349874853603 38.15430699999999
    vertex 28.766010505792558 19.129424048564534 38.15430699999999
  endloop
endfacet
facet normal 0.13052619222005077 -0.9914448613738106 0.0
  outer loop
    vertex 29.283648595997605 19.129424048564534 38.15430699999999
    vertex 29.02482955089508 19.095349874853603 5.6543069999999975
    vertex 29.283648595997605 19.129424048564534 5.6543069999999975
  endloop
endfacet
facet normal 0.13052619222005077 -0.9914448613738106 0.0
  outer loop
    vertex 29.02482955089508 19.095349874853603 5.6543069999999975
    vertex 29.283648595997605 19.129424048564534 38.15430699999999
    vertex 29.02482955089508 19.095349874853603 38.15430699999999
  endloop
endfacet
facet normal 0.3826834323650951 -0.9238795325112845 0.0
  outer loop
    vertex 29.52482955089508 19.229324471069162 38.15430699999999
    vertex 29.283648595997605 19.129424048564534 5.6543069999999975
    vertex 29.52482955089508 19.229324471069162 5.6543069999999975
  endloop
endfacet
facet normal 0.3826834323650951 -0.9238795325112845 0.0
  outer loop
    vertex 29.283648595997605 19.129424048564534 5.6543069999999975
    vertex 29.52482955089508 19.229324471069162 38.15430699999999
    vertex 29.283648595997605 19.129424048564534 38.15430699999999
  endloop
endfacet
facet normal 0.6087614290087128 -0.7933533402912413 0.0
  outer loop
    vertex 29.73193633208163 19.388243093667054 38.15430699999999
    vertex 29.52482955089508 19.229324471069162 5.6543069999999975
    vertex 29.73193633208163 19.388243093667054 5.6543069999999975
  endloop
endfacet
facet normal 0.6087614290087128 -0.7933533402912413 0.0
  outer loop
    vertex 29.52482955089508 19.229324471069162 5.6543069999999975
    vertex 29.73193633208163 19.388243093667054 38.15430699999999
    vertex 29.52482955089508 19.229324471069162 38.15430699999999
  endloop
endfacet
facet normal 0.923879532511284 -0.3826834323650968 0.0
  outer loop
    vertex 29.990755377184154 19.836530829751084 5.6543069999999975
    vertex 29.890854954679522 19.5953498748536 38.15430699999999
    vertex 29.890854954679522 19.5953498748536 5.6543069999999975
  endloop
endfacet
facet normal 0.923879532511284 -0.3826834323650968 0.0
  outer loop
    vertex 29.890854954679522 19.5953498748536 38.15430699999999
    vertex 29.990755377184154 19.836530829751084 5.6543069999999975
    vertex 29.990755377184154 19.836530829751084 38.15430699999999
  endloop
endfacet
facet normal 0.7933533402912372 -0.6087614290087179 0.0
  outer loop
    vertex 29.890854954679522 19.5953498748536 5.6543069999999975
    vertex 29.73193633208163 19.388243093667054 38.15430699999999
    vertex 29.73193633208163 19.388243093667054 5.6543069999999975
  endloop
endfacet
facet normal 0.7933533402912372 -0.6087614290087179 0.0
  outer loop
    vertex 29.73193633208163 19.388243093667054 38.15430699999999
    vertex 29.890854954679522 19.5953498748536 5.6543069999999975
    vertex 29.890854954679522 19.5953498748536 38.15430699999999
  endloop
endfacet
facet normal 0.9914448613738132 -0.13052619222003087 0.0
  outer loop
    vertex 30.02482955089508 20.095349874853603 5.6543069999999975
    vertex 29.990755377184154 19.836530829751084 38.15430699999999
    vertex 29.990755377184154 19.836530829751084 5.6543069999999975
  endloop
endfacet
facet normal 0.9914448613738132 -0.13052619222003087 0.0
  outer loop
    vertex 29.990755377184154 19.836530829751084 38.15430699999999
    vertex 30.02482955089508 20.095349874853603 5.6543069999999975
    vertex 30.02482955089508 20.095349874853603 38.15430699999999
  endloop
endfacet
facet normal 0.0 0.0 1.0
  outer loop
    vertex 28.05890372460601 19.836530829751084 38.15430699999999
    vertex 30.02482955089508 20.095349874853603 38.15430699999999
    vertex 28.024829550895085 20.095349874853603 38.15430699999999
  endloop
endfacet
facet normal 0.0 0.0 1.0
  outer loop
    vertex 30.02482955089508 20.095349874853603 38.15430699999999
    vertex 28.05890372460601 19.836530829751084 38.15430699999999
    vertex 28.158804147110644 19.595349874853603 38.15430699999999
  endloop
endfacet
facet normal 0.0 0.0 1.0
  outer loop
    vertex 30.02482955089508 20.095349874853603 38.15430699999999
    vertex 28.158804147110644 19.595349874853603 38.15430699999999
    vertex 28.31772276970853 19.388243093667054 38.15430699999999
  endloop
endfacet
facet normal 0.0 0.0 1.0
  outer loop
    vertex 30.02482955089508 20.095349874853603 38.15430699999999
    vertex 28.31772276970853 19.388243093667054 38.15430699999999
    vertex 28.524829550895085 19.229324471069162 38.15430699999999
  endloop
endfacet
facet normal 0.0 0.0 1.0
  outer loop
    vertex 30.02482955089508 20.095349874853603 38.15430699999999
    vertex 28.524829550895085 19.229324471069162 38.15430699999999
    vertex 28.766010505792558 19.129424048564534 38.15430699999999
  endloop
endfacet
facet normal 0.0 0.0 1.0
  outer loop
    vertex 30.02482955089508 20.095349874853603 38.15430699999999
    vertex 28.766010505792558 19.129424048564534 38.15430699999999
    vertex 29.02482955089508 19.095349874853603 38.15430699999999
  endloop
endfacet
facet normal 0.0 0.0 1.0
  outer loop
    vertex 30.02482955089508 20.095349874853603 38.15430699999999
    vertex 29.02482955089508 19.095349874853603 38.15430699999999
    vertex 29.283648595997605 19.129424048564534 38.15430699999999
  endloop
endfacet
facet normal 0.0 0.0 1.0
  outer loop
    vertex 30.02482955089508 20.095349874853603 38.15430699999999
    vertex 29.283648595997605 19.129424048564534 38.15430699999999
    vertex 29.52482955089508 19.229324471069162 38.15430699999999
  endloop
endfacet
facet normal 0.0 0.0 1.0
  outer loop
    vertex 30.02482955089508 20.095349874853603 38.15430699999999
    vertex 29.52482955089508 19.229324471069162 38.15430699999999
    vertex 29.73193633208163 19.388243093667054 38.15430699999999
  endloop
endfacet
facet normal 0.0 0.0 1.0
  outer loop
    vertex 30.02482955089508 20.095349874853603 38.15430699999999
    vertex 29.73193633208163 19.388243093667054 38.15430699999999
    vertex 29.890854954679522 19.5953498748536 38.15430699999999
  endloop
endfacet
facet normal 0.0 0.0 1.0
  outer loop
    vertex 30.02482955089508 20.095349874853603 38.15430699999999
    vertex 29.890854954679522 19.5953498748536 38.15430699999999
    vertex 29.990755377184154 19.836530829751084 38.15430699999999
  endloop
endfacet
facet normal 0.0 -1.0 0.0
  outer loop
    vertex 45.02482955089507 20.095349874853603 5.654306999999988
    vertex 40.52482955089507 20.095349874853603 38.15430699999999
    vertex 40.52482955089507 20.095349874853603 5.654306999999975
  endloop
endfacet
facet normal 0.0 -1.0 0.0
  outer loop
    vertex 40.52482955089507 20.095349874853603 38.15430699999999
    vertex 45.02482955089507 20.095349874853603 5.654306999999988
    vertex 45.02482955089507 20.095349874853603 42.15430699999999
  endloop
endfacet
facet normal 0.0 -1.0 0.0
  outer loop
    vertex 40.52482955089507 20.095349874853603 38.15430699999999
    vertex 45.02482955089507 20.095349874853603 42.15430699999999
    vertex 38.52482955089506 20.095349874853603 38.15430699999999
  endloop
endfacet
facet normal 0.0 -1.0 0.0
  outer loop
    vertex 38.52482955089506 20.095349874853603 38.15430699999999
    vertex 45.02482955089507 20.095349874853603 42.15430699999999
    vertex 30.02482955089508 20.095349874853603 38.15430699999999
  endloop
endfacet
facet normal 0.0 -1.0 0.0
  outer loop
    vertex 30.02482955089508 20.095349874853603 38.15430699999999
    vertex 45.02482955089507 20.095349874853603 42.15430699999999
    vertex 28.024829550895085 20.095349874853603 38.15430699999999
  endloop
endfacet
facet normal 0.0 -1.0 0.0
  outer loop
    vertex 28.024829550895085 20.095349874853603 38.15430699999999
    vertex 45.02482955089507 20.095349874853603 42.15430699999999
    vertex 19.524829550895095 20.095349874853603 38.15430699999999
  endloop
endfacet
facet normal 0.0 -1.0 0.0
  outer loop
    vertex 19.524829550895095 20.095349874853603 38.15430699999999
    vertex 45.02482955089507 20.095349874853603 42.15430699999999
    vertex 17.524829550895095 20.095349874853603 38.15430699999999
  endloop
endfacet
facet normal 0.0 -1.0 0.0
  outer loop
    vertex 17.524829550895095 20.095349874853603 5.654306999999992
    vertex 13.024829550895095 20.095349874853603 42.15430699999999
    vertex 13.024829550895095 20.095349874853603 5.654306999999989
  endloop
endfacet
facet normal 0.0 -1.0 0.0
  outer loop
    vertex 13.024829550895095 20.095349874853603 42.15430699999999
    vertex 17.524829550895095 20.095349874853603 5.654306999999992
    vertex 17.524829550895095 20.095349874853603 38.15430699999999
  endloop
endfacet
facet normal 0.0 -1.0 0.0
  outer loop
    vertex 13.024829550895095 20.095349874853603 42.15430699999999
    vertex 17.524829550895095 20.095349874853603 38.15430699999999
    vertex 45.02482955089507 20.095349874853603 42.15430699999999
  endloop
endfacet
facet normal 0.0 -1.0 0.0
  outer loop
    vertex 28.024829550895085 20.095349874853603 5.6543069999999975
    vertex 19.524829550895095 20.095349874853603 38.15430699999999
    vertex 19.524829550895095 20.095349874853603 5.654306999999992
  endloop
endfacet
facet normal 0.0 -1.0 0.0
  outer loop
    vertex 19.524829550895095 20.095349874853603 38.15430699999999
    vertex 28.024829550895085 20.095349874853603 5.6543069999999975
    vertex 28.024829550895085 20.095349874853603 38.15430699999999
  endloop
endfacet
facet normal 0.0 -1.0 0.0
  outer loop
    vertex 38.52482955089506 20.095349874853603 38.15430699999999
    vertex 30.02482955089508 20.095349874853603 5.6543069999999975
    vertex 38.52482955089506 20.095349874853603 5.654306999999975
  endloop
endfacet
facet normal 0.0 -1.0 0.0
  outer loop
    vertex 30.02482955089508 20.095349874853603 5.6543069999999975
    vertex 38.52482955089506 20.095349874853603 38.15430699999999
    vertex 30.02482955089508 20.095349874853603 38.15430699999999
  endloop
endfacet
endsolid Ножка1209
