solid Ножка2
facet normal 1.3688570278653825e-22 -0.9999998513070382 0.0005453310020354095
  outer loop
    vertex 48.531921506053976 18.603860221044286 10.292837220232254
    vertex 9.524829550895095 18.595349874853603 6.65430699999999
    vertex 48.52482955089507 18.595349874853603 6.65430699999999
  endloop
endfacet
facet normal 1.3688570278653825e-22 -0.9999998513070382 0.0005453310020354095
  outer loop
    vertex 9.524829550895095 18.595349874853603 6.65430699999999
    vertex 48.531921506053976 18.603860221044286 10.292837220232254
    vertex 9.517737595736193 18.603860221044286 10.292837220232254
  endloop
endfacet
facet normal 1.3688570278653825e-22 -0.9999998513070382 0.0005453310020354095
  outer loop
    vertex 9.517737595736193 18.603860221044286 10.292837220232254
    vertex 48.531921506053976 18.603860221044286 10.292837220232254
    vertex 9.524829550895095 18.595349874853603 10.65430699999999
  endloop
endfacet
facet normal 1.3688570278653825e-22 -0.9999998513070382 0.0005453310020354095
  outer loop
    vertex 9.524829550895095 18.595349874853603 10.65430699999999
    vertex 48.531921506053976 18.603860221044286 10.292837220232254
    vertex 48.52482955089507 18.595349874853603 10.65430699999999
  endloop
endfacet
facet normal 1.3688570278653825e-22 -0.9999998513070382 0.0005453310020354095
  outer loop
    vertex 9.524829550895095 18.595349874853603 10.65430699999999
    vertex 48.52482955089507 18.595349874853603 10.65430699999999
    vertex 46.72205391316308 18.595349874853603 10.65430699999999
  endloop
endfacet
facet normal 1.3688570278653825e-22 -0.9999998513070382 0.0005453310020354095
  outer loop
    vertex 9.524829550895095 18.595349874853603 10.65430699999999
    vertex 46.72205391316308 18.595349874853603 10.65430699999999
    vertex 11.327605188627087 18.595349874853603 10.65430699999999
  endloop
endfacet
facet normal -0.9999998967409918 6.673778131176658e-17 -0.00045444252234318417
  outer loop
    vertex 9.524829550895095 20.196130934211816 10.65430699999999
    vertex 9.517737595736193 18.603860221044286 10.292837220232254
    vertex 9.524829550895095 18.595349874853603 10.65430699999999
  endloop
endfacet
facet normal -0.9999998967409918 6.673778131176658e-17 -0.00045444252234318417
  outer loop
    vertex 9.524829550895097 39.59534987485361 10.65430699999999
    vertex 9.517737595736193 39.586839528662935 10.292837220232254
    vertex 9.524829550895099 37.994568815495406 10.65430699999999
  endloop
endfacet
facet normal -0.9999998967409918 6.673778131176658e-17 -0.00045444252234318417
  outer loop
    vertex 9.517737595736193 18.603860221044286 10.292837220232254
    vertex 9.524829550895097 39.59534987485361 6.65430699999999
    vertex 9.524829550895095 18.595349874853603 6.65430699999999
  endloop
endfacet
facet normal -0.9999998967409918 6.673778131176658e-17 -0.00045444252234318417
  outer loop
    vertex 9.524829550895097 39.59534987485361 6.65430699999999
    vertex 9.517737595736193 18.603860221044286 10.292837220232254
    vertex 9.524829550895095 20.196130934211816 10.65430699999999
  endloop
endfacet
facet normal -0.9999998967409918 6.673778131176658e-17 -0.00045444252234318417
  outer loop
    vertex 9.524829550895097 39.59534987485361 6.65430699999999
    vertex 9.524829550895095 20.196130934211816 10.65430699999999
    vertex 9.524829550895099 37.994568815495406 10.65430699999999
  endloop
endfacet
facet normal -0.9999998967409918 6.673778131176658e-17 -0.00045444252234318417
  outer loop
    vertex 9.524829550895097 39.59534987485361 6.65430699999999
    vertex 9.524829550895099 37.994568815495406 10.65430699999999
    vertex 9.517737595736193 39.586839528662935 10.292837220232254
  endloop
endfacet
facet normal -3.432322217868672e-17 0.9999998513070382 0.0005453310020354991
  outer loop
    vertex 11.327605188627096 39.5953498748536 10.65430699999999
    vertex 46.72205391316308 39.59534987485361 10.65430699999999
    vertex 9.524829550895097 39.59534987485361 10.65430699999999
  endloop
endfacet
facet normal -3.432322217868672e-17 0.9999998513070382 0.0005453310020354991
  outer loop
    vertex 9.517737595736193 39.586839528662935 10.292837220232254
    vertex 48.52482955089507 39.59534987485361 6.65430699999999
    vertex 9.524829550895097 39.59534987485361 6.65430699999999
  endloop
endfacet
facet normal -3.432322217868672e-17 0.9999998513070382 0.0005453310020354991
  outer loop
    vertex 48.52482955089507 39.59534987485361 6.65430699999999
    vertex 9.517737595736193 39.586839528662935 10.292837220232254
    vertex 48.531921506053976 39.586839528662935 10.292837220232256
  endloop
endfacet
facet normal -3.432322217868672e-17 0.9999998513070382 0.0005453310020354991
  outer loop
    vertex 48.531921506053976 39.586839528662935 10.292837220232256
    vertex 9.517737595736193 39.586839528662935 10.292837220232254
    vertex 9.524829550895097 39.59534987485361 10.65430699999999
  endloop
endfacet
facet normal -3.432322217868672e-17 0.9999998513070382 0.0005453310020354991
  outer loop
    vertex 48.531921506053976 39.586839528662935 10.292837220232256
    vertex 9.524829550895097 39.59534987485361 10.65430699999999
    vertex 48.52482955089507 39.59534987485361 10.65430699999999
  endloop
endfacet
facet normal -3.432322217868672e-17 0.9999998513070382 0.0005453310020354991
  outer loop
    vertex 48.52482955089507 39.59534987485361 10.65430699999999
    vertex 9.524829550895097 39.59534987485361 10.65430699999999
    vertex 46.72205391316308 39.59534987485361 10.65430699999999
  endloop
endfacet
facet normal 0.9999998967409918 -1.9805656481359107e-21 -0.0004544425223435683
  outer loop
    vertex 48.52482955089507 20.19613093421182 10.65430699999999
    vertex 48.52482955089507 18.595349874853603 10.65430699999999
    vertex 48.531921506053976 18.603860221044286 10.292837220232254
  endloop
endfacet
facet normal 0.9999998967409918 -1.9805656481359107e-21 -0.0004544425223435683
  outer loop
    vertex 48.52482955089507 39.59534987485361 6.65430699999999
    vertex 48.531921506053976 18.603860221044286 10.292837220232254
    vertex 48.52482955089507 18.595349874853603 6.65430699999999
  endloop
endfacet
facet normal 0.9999998967409918 -1.9805656481359107e-21 -0.0004544425223435683
  outer loop
    vertex 48.531921506053976 18.603860221044286 10.292837220232254
    vertex 48.52482955089507 39.59534987485361 6.65430699999999
    vertex 48.52482955089507 20.19613093421182 10.65430699999999
  endloop
endfacet
facet normal 0.9999998967409918 -1.9805656481359107e-21 -0.0004544425223435683
  outer loop
    vertex 48.52482955089507 20.19613093421182 10.65430699999999
    vertex 48.52482955089507 39.59534987485361 6.65430699999999
    vertex 48.52482955089507 37.9945688154954 10.65430699999999
  endloop
endfacet
facet normal 0.9999998967409918 -1.9805656481359107e-21 -0.0004544425223435683
  outer loop
    vertex 48.52482955089507 37.9945688154954 10.65430699999999
    vertex 48.52482955089507 39.59534987485361 6.65430699999999
    vertex 48.531921506053976 39.586839528662935 10.292837220232256
  endloop
endfacet
facet normal 0.9999998967409918 -1.9805656481359107e-21 -0.0004544425223435683
  outer loop
    vertex 48.52482955089507 39.59534987485361 10.65430699999999
    vertex 48.52482955089507 37.9945688154954 10.65430699999999
    vertex 48.531921506053976 39.586839528662935 10.292837220232256
  endloop
endfacet
facet normal 3.018942507411741e-17 -0.6246950475544244 0.7808688094430302
  outer loop
    vertex 53.19582314198851 13.20054218416574 6.338460847449696
    vertex 11.327605188627087 18.595349874853603 10.65430699999999
    vertex 4.853835959801652 13.200542184165737 6.338460847449696
  endloop
endfacet
facet normal 3.018942507411741e-17 -0.6246950475544244 0.7808688094430302
  outer loop
    vertex 11.327605188627087 18.595349874853603 10.65430699999999
    vertex 53.19582314198851 13.20054218416574 6.338460847449696
    vertex 46.72205391316308 18.595349874853603 10.65430699999999
  endloop
endfacet
facet normal 0.0 0.0 -1.0
  outer loop
    vertex 45.78364859599758 23.129424048564534 5.654306999999986
    vertex 45.52482955089507 21.095349874853614 5.654306999999989
    vertex 45.52482955089507 23.095349874853603 5.654306999999986
  endloop
endfacet
facet normal 0.0 0.0 -1.0
  outer loop
    vertex 45.52482955089507 21.095349874853614 5.654306999999989
    vertex 45.78364859599758 23.129424048564534 5.654306999999986
    vertex 45.52482955089507 20.095349874853603 5.6543069999999895
  endloop
endfacet
facet normal 0.0 0.0 -1.0
  outer loop
    vertex 45.65505197814699 32.09094661684341 5.654306999999986
    vertex 45.52482955089507 25.0953498748536 5.654306999999986
    vertex 45.52482955089507 32.09955676629835 5.654306999999986
  endloop
endfacet
facet normal 0.0 0.0 -1.0
  outer loop
    vertex 45.52482955089507 25.0953498748536 5.654306999999986
    vertex 45.65505197814699 32.09094661684341 5.654306999999986
    vertex 45.78364859599759 25.061275701142666 5.654306999999986
  endloop
endfacet
facet normal 0.0 0.0 -1.0
  outer loop
    vertex 45.78364859599759 25.061275701142666 5.654306999999986
    vertex 45.65505197814699 32.09094661684341 5.654306999999986
    vertex 46.16939249377835 32.19294904591589 5.654306999999986
  endloop
endfacet
facet normal 0.0 0.0 -1.0
  outer loop
    vertex 45.78364859599759 25.061275701142666 5.654306999999986
    vertex 46.16939249377835 32.19294904591589 5.654306999999986
    vertex 46.02482955089507 24.961375278638037 5.654306999999986
  endloop
endfacet
facet normal 0.0 0.0 -1.0
  outer loop
    vertex 46.02482955089507 24.961375278638037 5.654306999999986
    vertex 46.16939249377835 32.19294904591589 5.654306999999986
    vertex 46.23193633208161 24.802456656040146 5.654306999999986
  endloop
endfacet
facet normal 0.0 0.0 -1.0
  outer loop
    vertex 46.23193633208161 24.802456656040146 5.654306999999986
    vertex 46.16939249377835 32.19294904591589 5.654306999999986
    vertex 46.639807110042824 32.424596947614454 5.654306999999986
  endloop
endfacet
facet normal 0.0 0.0 -1.0
  outer loop
    vertex 46.23193633208161 24.802456656040146 5.654306999999986
    vertex 46.639807110042824 32.424596947614454 5.654306999999986
    vertex 46.390854954679504 24.5953498748536 5.654306999999986
  endloop
endfacet
facet normal 0.0 0.0 -1.0
  outer loop
    vertex 46.390854954679504 24.5953498748536 5.654306999999986
    vertex 46.639807110042824 32.424596947614454 5.654306999999986
    vertex 46.490755377184136 24.35416891995612 5.654306999999986
  endloop
endfacet
facet normal 0.0 0.0 -1.0
  outer loop
    vertex 46.490755377184136 24.35416891995612 5.654306999999986
    vertex 46.639807110042824 32.424596947614454 5.654306999999986
    vertex 46.52482955089507 24.0953498748536 5.654306999999986
  endloop
endfacet
facet normal 0.0 0.0 -1.0
  outer loop
    vertex 9.524829550895097 39.59534987485361 5.6543069999999895
    vertex 11.524829550895097 34.09534987485361 5.654306999999986
    vertex 11.524829550895095 24.0953498748536 5.654306999999986
  endloop
endfacet
facet normal 0.0 0.0 -1.0
  outer loop
    vertex 11.524829550895097 34.09534987485361 5.654306999999986
    vertex 9.524829550895097 39.59534987485361 5.6543069999999895
    vertex 11.55890372460603 34.35416891995613 5.654306999999986
  endloop
endfacet
facet normal 0.0 0.0 -1.0
  outer loop
    vertex 11.55890372460603 34.35416891995613 5.654306999999986
    vertex 9.524829550895097 39.59534987485361 5.6543069999999895
    vertex 12.524829550895095 38.09534987485361 5.6543069999999895
  endloop
endfacet
facet normal 0.0 0.0 -1.0
  outer loop
    vertex 12.524829550895095 38.09534987485361 5.6543069999999895
    vertex 9.524829550895097 39.59534987485361 5.6543069999999895
    vertex 18.32494965610243 39.07517028067178 5.654306999999986
  endloop
endfacet
facet normal 0.0 0.0 -1.0
  outer loop
    vertex 18.32494965610243 39.07517028067178 5.654306999999986
    vertex 9.524829550895097 39.59534987485361 5.6543069999999895
    vertex 18.58535658016474 39.09351643346384 5.654306999999986
  endloop
endfacet
facet normal 0.0 0.0 -1.0
  outer loop
    vertex 18.58535658016474 39.09351643346384 5.654306999999986
    vertex 9.524829550895097 39.59534987485361 5.6543069999999895
    vertex 48.52482955089507 39.59534987485361 5.6543069999999895
  endloop
endfacet
facet normal 0.0 0.0 -1.0
  outer loop
    vertex 11.55890372460603 34.35416891995613 5.654306999999986
    vertex 12.524829550895095 38.09534987485361 5.6543069999999895
    vertex 11.65880414711066 34.59534987485361 5.654306999999986
  endloop
endfacet
facet normal 0.0 0.0 -1.0
  outer loop
    vertex 11.65880414711066 34.59534987485361 5.654306999999986
    vertex 12.524829550895095 38.09534987485361 5.6543069999999895
    vertex 11.81772276970855 34.802456656040164 5.654306999999986
  endloop
endfacet
facet normal 0.0 0.0 -1.0
  outer loop
    vertex 11.81772276970855 34.802456656040164 5.654306999999986
    vertex 12.524829550895095 38.09534987485361 5.6543069999999895
    vertex 12.024829550895097 34.96137527863805 5.654306999999986
  endloop
endfacet
facet normal 0.0 0.0 -1.0
  outer loop
    vertex 12.024829550895097 34.96137527863805 5.654306999999986
    vertex 12.524829550895095 38.09534987485361 5.6543069999999895
    vertex 12.266010505792575 35.06127570114268 5.654306999999986
  endloop
endfacet
facet normal 0.0 0.0 -1.0
  outer loop
    vertex 12.524829550895095 38.09534987485361 5.6543069999999895
    vertex 18.32494965610243 39.07517028067178 5.654306999999986
    vertex 13.524829550895097 38.09535001594663 5.654306999999989
  endloop
endfacet
facet normal 0.0 0.0 -1.0
  outer loop
    vertex 13.524829550895097 38.09535001594663 5.654306999999989
    vertex 18.32494965610243 39.07517028067178 5.654306999999986
    vertex 18.078164216553095 38.99005098645298 5.654306999999986
  endloop
endfacet
facet normal 0.0 0.0 -1.0
  outer loop
    vertex 13.524829550895097 38.09535001594663 5.654306999999989
    vertex 18.078164216553095 38.99005098645298 5.654306999999986
    vertex 17.8618182813898 38.843959290042186 5.654306999999986
  endloop
endfacet
facet normal 0.0 0.0 -1.0
  outer loop
    vertex 13.524829550895097 38.09535001594663 5.654306999999989
    vertex 17.8618182813898 38.843959290042186 5.654306999999986
    vertex 17.690655468565367 38.64685109912184 5.654306999999986
  endloop
endfacet
facet normal 0.0 0.0 -1.0
  outer loop
    vertex 13.524829550895097 38.09535001594663 5.654306999999989
    vertex 17.690655468565367 38.64685109912184 5.654306999999986
    vertex 17.57634024091385 38.41215901116648 5.654306999999986
  endloop
endfacet
facet normal 0.0 0.0 -1.0
  outer loop
    vertex 13.524829550895097 38.09535001594663 5.654306999999989
    vertex 17.57634024091385 38.41215901116648 5.654306999999986
    vertex 17.526662992284866 38.155876904123254 5.654306999999986
  endloop
endfacet
facet normal 0.0 0.0 -1.0
  outer loop
    vertex 18.58535658016474 39.09351643346384 5.654306999999986
    vertex 48.52482955089507 39.59534987485361 5.6543069999999895
    vertex 18.84163868720797 39.04383918483485 5.654306999999986
  endloop
endfacet
facet normal 0.0 0.0 -1.0
  outer loop
    vertex 18.84163868720797 39.04383918483485 5.654306999999986
    vertex 48.52482955089507 39.59534987485361 5.6543069999999895
    vertex 19.076330775163328 38.929523957183335 5.654306999999986
  endloop
endfacet
facet normal 0.0 0.0 -1.0
  outer loop
    vertex 19.076330775163328 38.929523957183335 5.654306999999986
    vertex 48.52482955089507 39.59534987485361 5.6543069999999895
    vertex 28.89406303206384 39.08676306699539 5.654306999999986
  endloop
endfacet
facet normal 0.0 0.0 -1.0
  outer loop
    vertex 19.076330775163328 38.929523957183335 5.654306999999986
    vertex 28.89406303206384 39.08676306699539 5.654306999999986
    vertex 19.27343896608367 38.7583611443589 5.654306999999986
  endloop
endfacet
facet normal 0.0 0.0 -1.0
  outer loop
    vertex 19.27343896608367 38.7583611443589 5.654306999999986
    vertex 28.89406303206384 39.08676306699539 5.654306999999986
    vertex 19.419530662494466 38.54201520919561 5.654306999999986
  endloop
endfacet
facet normal 0.0 0.0 -1.0
  outer loop
    vertex 19.419530662494466 38.54201520919561 5.654306999999986
    vertex 28.89406303206384 39.08676306699539 5.654306999999986
    vertex 19.50464995671326 38.29522976964628 5.654306999999986
  endloop
endfacet
facet normal 0.0 0.0 -1.0
  outer loop
    vertex 19.50464995671326 38.29522976964628 5.654306999999986
    vertex 28.89406303206384 39.08676306699539 5.654306999999986
    vertex 19.51873186756541 38.09534987485361 5.654306999999986
  endloop
endfacet
facet normal 0.0 0.0 -1.0
  outer loop
    vertex 19.51873186756541 38.09534987485361 5.654306999999986
    vertex 28.89406303206384 39.08676306699539 5.654306999999986
    vertex 28.641922177449892 39.01913661613175 5.654306999999986
  endloop
endfacet
facet normal 0.0 0.0 -1.0
  outer loop
    vertex 19.51873186756541 38.09534987485361 5.654306999999986
    vertex 28.641922177449892 39.01913661613175 5.654306999999986
    vertex 28.415875827551883 38.88855562547978 5.654306999999986
  endloop
endfacet
facet normal 0.0 0.0 -1.0
  outer loop
    vertex 19.51873186756541 38.09534987485361 5.654306999999986
    vertex 28.415875827551883 38.88855562547978 5.654306999999986
    vertex 28.231328667556102 38.703918973757126 5.654306999999986
  endloop
endfacet
facet normal 0.0 0.0 -1.0
  outer loop
    vertex 19.51873186756541 38.09534987485361 5.654306999999986
    vertex 28.231328667556102 38.703918973757126 5.654306999999986
    vertex 28.100857281437662 38.477809343652176 5.654306999999986
  endloop
endfacet
facet normal 0.0 0.0 -1.0
  outer loop
    vertex 19.51873186756541 38.09534987485361 5.654306999999986
    vertex 28.100857281437662 38.477809343652176 5.654306999999986
    vertex 28.033353078546376 38.22563573279277 5.654306999999986
  endloop
endfacet
facet normal 0.0 0.0 -1.0
  outer loop
    vertex 28.89406303206384 39.08676306699539 5.654306999999986
    vertex 48.52482955089507 39.59534987485361 5.6543069999999895
    vertex 29.15511540883425 39.086826347202326 5.654306999999986
  endloop
endfacet
facet normal 0.0 0.0 -1.0
  outer loop
    vertex 29.15511540883425 39.086826347202326 5.654306999999986
    vertex 48.52482955089507 39.59534987485361 5.6543069999999895
    vertex 29.407289019693664 39.01932214431104 5.654306999999986
  endloop
endfacet
facet normal 0.0 0.0 -1.0
  outer loop
    vertex 29.407289019693664 39.01932214431104 5.654306999999986
    vertex 48.52482955089507 39.59534987485361 5.6543069999999895
    vertex 29.63339864979861 38.888850758192596 5.654306999999986
  endloop
endfacet
facet normal 0.0 0.0 -1.0
  outer loop
    vertex 29.63339864979861 38.888850758192596 5.654306999999986
    vertex 48.52482955089507 39.59534987485361 5.6543069999999895
    vertex 29.81803530152127 38.70430359819682 5.654306999999986
  endloop
endfacet
facet normal 0.0 0.0 -1.0
  outer loop
    vertex 29.81803530152127 38.70430359819682 5.654306999999986
    vertex 48.52482955089507 39.59534987485361 5.6543069999999895
    vertex 39.37548159754398 39.08413457782481 5.654306999999986
  endloop
endfacet
facet normal 0.0 0.0 -1.0
  outer loop
    vertex 29.81803530152127 38.70430359819682 5.654306999999986
    vertex 39.37548159754398 39.08413457782481 5.654306999999986
    vertex 29.948616292173238 38.47825724829881 5.654306999999986
  endloop
endfacet
facet normal 0.0 0.0 -1.0
  outer loop
    vertex 29.948616292173238 38.47825724829881 5.654306999999986
    vertex 39.37548159754398 39.08413457782481 5.654306999999986
    vertex 30.016242743036873 38.22611639368486 5.654306999999986
  endloop
endfacet
facet normal 0.0 0.0 -1.0
  outer loop
    vertex 30.016242743036873 38.22611639368486 5.654306999999986
    vertex 39.37548159754398 39.08413457782481 5.654306999999986
    vertex 30.016274441397467 38.09534987485361 5.654306999999986
  endloop
endfacet
facet normal 0.0 0.0 -1.0
  outer loop
    vertex 30.016274441397467 38.09534987485361 5.654306999999986
    vertex 39.37548159754398 39.08413457782481 5.654306999999986
    vertex 39.12465419301485 39.01178846141871 5.654306999999986
  endloop
endfacet
facet normal 0.0 0.0 -1.0
  outer loop
    vertex 30.016274441397467 38.09534987485361 5.654306999999986
    vertex 39.12465419301485 39.01178846141871 5.654306999999986
    vertex 38.901098077804214 38.876988569824576 5.654306999999986
  endloop
endfacet
facet normal 0.0 0.0 -1.0
  outer loop
    vertex 30.016274441397467 38.09534987485361 5.654306999999986
    vertex 38.901098077804214 38.876988569824576 5.654306999999986
    vertex 38.720048231719716 38.68892129288718 5.654306999999986
  endloop
endfacet
facet normal 0.0 0.0 -1.0
  outer loop
    vertex 30.016274441397467 38.09534987485361 5.654306999999986
    vertex 38.720048231719716 38.68892129288718 5.654306999999986
    vertex 38.59384290257301 38.46040310473395 5.654306999999986
  endloop
endfacet
facet normal 0.0 0.0 -1.0
  outer loop
    vertex 30.016274441397467 38.09534987485361 5.654306999999986
    vertex 38.59384290257301 38.46040310473395 5.654306999999986
    vertex 38.53108277498128 38.20700714224336 5.654306999999986
  endloop
endfacet
facet normal 0.0 0.0 -1.0
  outer loop
    vertex 39.37548159754398 39.08413457782481 5.654306999999986
    vertex 48.52482955089507 39.59534987485361 5.6543069999999895
    vertex 39.63648681828482 39.0890966507674 5.654306999999986
  endloop
endfacet
facet normal 0.0 0.0 -1.0
  outer loop
    vertex 39.63648681828482 39.0890966507674 5.654306999999986
    vertex 48.52482955089507 39.59534987485361 5.6543069999999895
    vertex 39.88988278077541 39.026336523175665 5.654306999999986
  endloop
endfacet
facet normal 0.0 0.0 -1.0
  outer loop
    vertex 39.88988278077541 39.026336523175665 5.654306999999986
    vertex 48.52482955089507 39.59534987485361 5.6543069999999895
    vertex 40.11840096892864 38.90013119402896 5.654306999999986
  endloop
endfacet
facet normal 0.0 0.0 -1.0
  outer loop
    vertex 40.11840096892864 38.90013119402896 5.654306999999986
    vertex 48.52482955089507 39.59534987485361 5.6543069999999895
    vertex 40.306468245866036 38.71908134794447 5.654306999999986
  endloop
endfacet
facet normal 0.0 0.0 -1.0
  outer loop
    vertex 40.306468245866036 38.71908134794447 5.654306999999986
    vertex 48.52482955089507 39.59534987485361 5.6543069999999895
    vertex 40.44126813746017 38.495525232733826 5.654306999999986
  endloop
endfacet
facet normal 0.0 0.0 -1.0
  outer loop
    vertex 40.44126813746017 38.495525232733826 5.654306999999986
    vertex 48.52482955089507 39.59534987485361 5.6543069999999895
    vertex 40.51361425386627 38.2446978282047 5.654306999999986
  endloop
endfacet
facet normal 0.0 0.0 -1.0
  outer loop
    vertex 40.51361425386627 38.2446978282047 5.654306999999986
    vertex 48.52482955089507 39.59534987485361 5.6543069999999895
    vertex 40.51645356656757 38.09534987485361 5.654306999999986
  endloop
endfacet
facet normal 0.0 0.0 -1.0
  outer loop
    vertex 40.51645356656757 38.09534987485361 5.654306999999986
    vertex 48.52482955089507 39.59534987485361 5.6543069999999895
    vertex 44.52482955089507 38.09534994563282 5.654306999999989
  endloop
endfacet
facet normal 0.0 0.0 -1.0
  outer loop
    vertex 44.52482955089507 38.09534994563282 5.654306999999989
    vertex 48.52482955089507 39.59534987485361 5.6543069999999895
    vertex 45.52482955089507 38.09534987485361 5.6543069999999895
  endloop
endfacet
facet normal 0.0 0.0 -1.0
  outer loop
    vertex 45.52482955089507 38.09534987485361 5.6543069999999895
    vertex 48.52482955089507 39.59534987485361 5.6543069999999895
    vertex 45.52482955089507 37.0953498748536 5.654306999999989
  endloop
endfacet
facet normal 0.0 0.0 -1.0
  outer loop
    vertex 45.52482955089507 37.0953498748536 5.654306999999989
    vertex 48.52482955089507 39.59534987485361 5.6543069999999895
    vertex 45.52482955089507 36.091142983408865 5.654306999999987
  endloop
endfacet
facet normal 0.0 0.0 -1.0
  outer loop
    vertex 45.52482955089507 36.091142983408865 5.654306999999987
    vertex 48.52482955089507 39.59534987485361 5.6543069999999895
    vertex 45.91782208248894 36.0651587923359 5.654306999999986
  endloop
endfacet
facet normal 0.0 0.0 -1.0
  outer loop
    vertex 45.91782208248894 36.0651587923359 5.654306999999986
    vertex 48.52482955089507 39.59534987485361 5.6543069999999895
    vertex 46.414255249757495 35.89632522934472 5.654306999999986
  endloop
endfacet
facet normal 0.0 0.0 -1.0
  outer loop
    vertex 46.414255249757495 35.89632522934472 5.654306999999986
    vertex 48.52482955089507 39.59534987485361 5.6543069999999895
    vertex 46.850075525494056 35.604758172197464 5.654306999999986
  endloop
endfacet
facet normal 0.0 0.0 -1.0
  outer loop
    vertex 46.850075525494056 35.604758172197464 5.654306999999986
    vertex 48.52482955089507 39.59534987485361 5.6543069999999895
    vertex 47.19558247813422 35.21032743400137 5.654306999999986
  endloop
endfacet
facet normal 0.0 0.0 -1.0
  outer loop
    vertex 47.19558247813422 35.21032743400137 5.654306999999986
    vertex 48.52482955089507 39.59534987485361 5.6543069999999895
    vertex 47.42723037983279 34.7399128177369 5.654306999999986
  endloop
endfacet
facet normal 0.0 0.0 -1.0
  outer loop
    vertex 47.42723037983279 34.7399128177369 5.654306999999986
    vertex 48.52482955089507 39.59534987485361 5.6543069999999895
    vertex 47.52923280890528 34.22557230210553 5.654306999999986
  endloop
endfacet
facet normal 0.0 0.0 -1.0
  outer loop
    vertex 9.524829550895095 18.595349874853603 5.6543069999999895
    vertex 18.524829550895095 19.095349874853603 5.654306999999992
    vertex 48.52482955089507 18.595349874853603 5.6543069999999895
  endloop
endfacet
facet normal 0.0 0.0 -1.0
  outer loop
    vertex 18.524829550895095 19.095349874853603 5.654306999999992
    vertex 9.524829550895095 18.595349874853603 5.6543069999999895
    vertex 18.266010505792572 19.129424048564534 5.654306999999992
  endloop
endfacet
facet normal 0.0 0.0 -1.0
  outer loop
    vertex 18.266010505792572 19.129424048564534 5.654306999999992
    vertex 9.524829550895095 18.595349874853603 5.6543069999999895
    vertex 12.524829550895095 20.095349874853603 5.6543069999999895
  endloop
endfacet
facet normal 0.0 0.0 -1.0
  outer loop
    vertex 12.524829550895095 20.095349874853603 5.6543069999999895
    vertex 9.524829550895095 18.595349874853603 5.6543069999999895
    vertex 11.558903724606028 23.83653082975108 5.654306999999986
  endloop
endfacet
facet normal 0.0 0.0 -1.0
  outer loop
    vertex 11.558903724606028 23.83653082975108 5.654306999999986
    vertex 9.524829550895095 18.595349874853603 5.6543069999999895
    vertex 11.524829550895095 24.0953498748536 5.654306999999986
  endloop
endfacet
facet normal 0.0 0.0 -1.0
  outer loop
    vertex 11.524829550895095 24.0953498748536 5.654306999999986
    vertex 9.524829550895095 18.595349874853603 5.6543069999999895
    vertex 9.524829550895097 39.59534987485361 5.6543069999999895
  endloop
endfacet
facet normal 0.0 0.0 -1.0
  outer loop
    vertex 12.524829550895095 20.095349874853603 5.6543069999999895
    vertex 11.558903724606028 23.83653082975108 5.654306999999986
    vertex 11.658804147110658 23.595349874853603 5.654306999999986
  endloop
endfacet
facet normal 0.0 0.0 -1.0
  outer loop
    vertex 12.524829550895095 20.095349874853603 5.6543069999999895
    vertex 11.658804147110658 23.595349874853603 5.654306999999986
    vertex 11.817722769708547 23.388243093667054 5.654306999999986
  endloop
endfacet
facet normal 0.0 0.0 -1.0
  outer loop
    vertex 12.524829550895095 20.095349874853603 5.6543069999999895
    vertex 11.817722769708547 23.388243093667054 5.654306999999986
    vertex 12.024829550895095 23.229324471069162 5.654306999999986
  endloop
endfacet
facet normal 0.0 0.0 -1.0
  outer loop
    vertex 12.524829550895095 20.095349874853603 5.6543069999999895
    vertex 12.024829550895095 23.229324471069162 5.654306999999986
    vertex 12.266010505792574 23.129424048564534 5.654306999999986
  endloop
endfacet
facet normal 0.0 0.0 -1.0
  outer loop
    vertex 12.524829550895095 20.095349874853603 5.6543069999999895
    vertex 12.266010505792574 23.129424048564534 5.654306999999986
    vertex 12.524829550895095 23.095349874853603 5.654306999999986
  endloop
endfacet
facet normal 0.0 0.0 -1.0
  outer loop
    vertex 12.524829550895095 20.095349874853603 5.6543069999999895
    vertex 12.524829550895095 23.095349874853603 5.654306999999986
    vertex 12.524829550895095 21.095349874853607 5.654306999999989
  endloop
endfacet
facet normal 0.0 0.0 -1.0
  outer loop
    vertex 18.266010505792572 19.129424048564534 5.654306999999992
    vertex 12.524829550895095 20.095349874853603 5.6543069999999895
    vertex 13.524829550895097 20.095349833341118 5.6543069999999895
  endloop
endfacet
facet normal 0.0 0.0 -1.0
  outer loop
    vertex 18.266010505792572 19.129424048564534 5.654306999999992
    vertex 13.524829550895097 20.095349833341118 5.6543069999999895
    vertex 18.024829550895095 19.229324471069162 5.654306999999992
  endloop
endfacet
facet normal 0.0 0.0 -1.0
  outer loop
    vertex 18.024829550895095 19.229324471069162 5.654306999999992
    vertex 13.524829550895097 20.095349833341118 5.6543069999999895
    vertex 17.817722769708546 19.388243093667054 5.654306999999992
  endloop
endfacet
facet normal 0.0 0.0 -1.0
  outer loop
    vertex 17.817722769708546 19.388243093667054 5.654306999999992
    vertex 13.524829550895097 20.095349833341118 5.6543069999999895
    vertex 17.658804147110658 19.595349874853603 5.654306999999992
  endloop
endfacet
facet normal 0.0 0.0 -1.0
  outer loop
    vertex 17.658804147110658 19.595349874853603 5.654306999999992
    vertex 13.524829550895097 20.095349833341118 5.6543069999999895
    vertex 17.558903724606026 19.836530829751084 5.654306999999992
  endloop
endfacet
facet normal 0.0 0.0 -1.0
  outer loop
    vertex 17.558903724606026 19.836530829751084 5.654306999999992
    vertex 13.524829550895097 20.095349833341118 5.6543069999999895
    vertex 17.524829550895095 20.095349874853603 5.654306999999992
  endloop
endfacet
facet normal 0.0 0.0 -1.0
  outer loop
    vertex 48.52482955089507 18.595349874853603 5.6543069999999895
    vertex 18.524829550895095 19.095349874853603 5.654306999999992
    vertex 18.783648595997615 19.129424048564534 5.654306999999992
  endloop
endfacet
facet normal 0.0 0.0 -1.0
  outer loop
    vertex 48.52482955089507 18.595349874853603 5.6543069999999895
    vertex 18.783648595997615 19.129424048564534 5.654306999999992
    vertex 19.024829550895095 19.229324471069162 5.654306999999992
  endloop
endfacet
facet normal 0.0 0.0 -1.0
  outer loop
    vertex 48.52482955089507 18.595349874853603 5.6543069999999895
    vertex 19.024829550895095 19.229324471069162 5.654306999999992
    vertex 29.02482955089508 19.095349874853603 5.6543069999999975
  endloop
endfacet
facet normal 0.0 0.0 -1.0
  outer loop
    vertex 29.02482955089508 19.095349874853603 5.6543069999999975
    vertex 19.024829550895095 19.229324471069162 5.654306999999992
    vertex 19.231936332081645 19.388243093667054 5.654306999999992
  endloop
endfacet
facet normal 0.0 0.0 -1.0
  outer loop
    vertex 29.02482955089508 19.095349874853603 5.6543069999999975
    vertex 19.231936332081645 19.388243093667054 5.654306999999992
    vertex 19.390854954679536 19.5953498748536 5.654306999999992
  endloop
endfacet
facet normal 0.0 0.0 -1.0
  outer loop
    vertex 29.02482955089508 19.095349874853603 5.6543069999999975
    vertex 19.390854954679536 19.5953498748536 5.654306999999992
    vertex 19.490755377184165 19.836530829751084 5.654306999999992
  endloop
endfacet
facet normal 0.0 0.0 -1.0
  outer loop
    vertex 29.02482955089508 19.095349874853603 5.6543069999999975
    vertex 19.490755377184165 19.836530829751084 5.654306999999992
    vertex 19.524829550895095 20.095349874853603 5.654306999999992
  endloop
endfacet
facet normal 0.0 0.0 -1.0
  outer loop
    vertex 29.02482955089508 19.095349874853603 5.6543069999999975
    vertex 19.524829550895095 20.095349874853603 5.654306999999992
    vertex 28.766010505792558 19.129424048564534 5.6543069999999975
  endloop
endfacet
facet normal 0.0 0.0 -1.0
  outer loop
    vertex 28.766010505792558 19.129424048564534 5.6543069999999975
    vertex 19.524829550895095 20.095349874853603 5.654306999999992
    vertex 28.524829550895085 19.229324471069162 5.6543069999999975
  endloop
endfacet
facet normal 0.0 0.0 -1.0
  outer loop
    vertex 28.524829550895085 19.229324471069162 5.6543069999999975
    vertex 19.524829550895095 20.095349874853603 5.654306999999992
    vertex 28.31772276970853 19.388243093667054 5.6543069999999975
  endloop
endfacet
facet normal 0.0 0.0 -1.0
  outer loop
    vertex 28.31772276970853 19.388243093667054 5.6543069999999975
    vertex 19.524829550895095 20.095349874853603 5.654306999999992
    vertex 28.158804147110644 19.595349874853603 5.6543069999999975
  endloop
endfacet
facet normal 0.0 0.0 -1.0
  outer loop
    vertex 28.158804147110644 19.595349874853603 5.6543069999999975
    vertex 19.524829550895095 20.095349874853603 5.654306999999992
    vertex 28.05890372460601 19.836530829751084 5.6543069999999975
  endloop
endfacet
facet normal 0.0 0.0 -1.0
  outer loop
    vertex 28.05890372460601 19.836530829751084 5.6543069999999975
    vertex 19.524829550895095 20.095349874853603 5.654306999999992
    vertex 28.024829550895085 20.095349874853603 5.6543069999999975
  endloop
endfacet
facet normal 0.0 0.0 -1.0
  outer loop
    vertex 48.52482955089507 18.595349874853603 5.6543069999999895
    vertex 29.02482955089508 19.095349874853603 5.6543069999999975
    vertex 29.283648595997605 19.129424048564534 5.6543069999999975
  endloop
endfacet
facet normal 0.0 0.0 -1.0
  outer loop
    vertex 48.52482955089507 18.595349874853603 5.6543069999999895
    vertex 29.283648595997605 19.129424048564534 5.6543069999999975
    vertex 29.52482955089508 19.229324471069162 5.6543069999999975
  endloop
endfacet
facet normal 0.0 0.0 -1.0
  outer loop
    vertex 48.52482955089507 18.595349874853603 5.6543069999999895
    vertex 29.52482955089508 19.229324471069162 5.6543069999999975
    vertex 29.73193633208163 19.388243093667054 5.6543069999999975
  endloop
endfacet
facet normal 0.0 0.0 -1.0
  outer loop
    vertex 48.52482955089507 18.595349874853603 5.6543069999999895
    vertex 29.73193633208163 19.388243093667054 5.6543069999999975
    vertex 29.890854954679522 19.5953498748536 5.6543069999999975
  endloop
endfacet
facet normal 0.0 0.0 -1.0
  outer loop
    vertex 48.52482955089507 18.595349874853603 5.6543069999999895
    vertex 29.890854954679522 19.5953498748536 5.6543069999999975
    vertex 39.52482955089507 19.095349874853603 5.654306999999975
  endloop
endfacet
facet normal 0.0 0.0 -1.0
  outer loop
    vertex 39.52482955089507 19.095349874853603 5.654306999999975
    vertex 29.890854954679522 19.5953498748536 5.6543069999999975
    vertex 29.990755377184154 19.836530829751084 5.6543069999999975
  endloop
endfacet
facet normal 0.0 0.0 -1.0
  outer loop
    vertex 39.52482955089507 19.095349874853603 5.654306999999975
    vertex 29.990755377184154 19.836530829751084 5.6543069999999975
    vertex 30.02482955089508 20.095349874853603 5.6543069999999975
  endloop
endfacet
facet normal 0.0 0.0 -1.0
  outer loop
    vertex 39.52482955089507 19.095349874853603 5.654306999999975
    vertex 30.02482955089508 20.095349874853603 5.6543069999999975
    vertex 39.26601050579254 19.129424048564534 5.654306999999975
  endloop
endfacet
facet normal 0.0 0.0 -1.0
  outer loop
    vertex 39.26601050579254 19.129424048564534 5.654306999999975
    vertex 30.02482955089508 20.095349874853603 5.6543069999999975
    vertex 39.02482955089507 19.229324471069162 5.654306999999975
  endloop
endfacet
facet normal 0.0 0.0 -1.0
  outer loop
    vertex 39.02482955089507 19.229324471069162 5.654306999999975
    vertex 30.02482955089508 20.095349874853603 5.6543069999999975
    vertex 38.81772276970852 19.388243093667054 5.654306999999975
  endloop
endfacet
facet normal 0.0 0.0 -1.0
  outer loop
    vertex 38.81772276970852 19.388243093667054 5.654306999999975
    vertex 30.02482955089508 20.095349874853603 5.6543069999999975
    vertex 38.65880414711063 19.595349874853603 5.654306999999975
  endloop
endfacet
facet normal 0.0 0.0 -1.0
  outer loop
    vertex 38.65880414711063 19.595349874853603 5.654306999999975
    vertex 30.02482955089508 20.095349874853603 5.6543069999999975
    vertex 38.558903724606 19.836530829751084 5.654306999999975
  endloop
endfacet
facet normal 0.0 0.0 -1.0
  outer loop
    vertex 38.558903724606 19.836530829751084 5.654306999999975
    vertex 30.02482955089508 20.095349874853603 5.6543069999999975
    vertex 38.52482955089506 20.095349874853603 5.654306999999975
  endloop
endfacet
facet normal 0.0 0.0 -1.0
  outer loop
    vertex 48.52482955089507 18.595349874853603 5.6543069999999895
    vertex 39.52482955089507 19.095349874853603 5.654306999999975
    vertex 39.78364859599759 19.129424048564534 5.654306999999975
  endloop
endfacet
facet normal 0.0 0.0 -1.0
  outer loop
    vertex 48.52482955089507 18.595349874853603 5.6543069999999895
    vertex 39.78364859599759 19.129424048564534 5.654306999999975
    vertex 40.02482955089507 19.229324471069162 5.654306999999975
  endloop
endfacet
facet normal 0.0 0.0 -1.0
  outer loop
    vertex 48.52482955089507 18.595349874853603 5.6543069999999895
    vertex 40.02482955089507 19.229324471069162 5.654306999999975
    vertex 40.23193633208162 19.388243093667054 5.654306999999975
  endloop
endfacet
facet normal 0.0 0.0 -1.0
  outer loop
    vertex 48.52482955089507 18.595349874853603 5.6543069999999895
    vertex 40.23193633208162 19.388243093667054 5.654306999999975
    vertex 40.390854954679504 19.5953498748536 5.654306999999975
  endloop
endfacet
facet normal 0.0 0.0 -1.0
  outer loop
    vertex 48.52482955089507 18.595349874853603 5.6543069999999895
    vertex 40.390854954679504 19.5953498748536 5.654306999999975
    vertex 40.490755377184136 19.836530829751084 5.654306999999975
  endloop
endfacet
facet normal 0.0 0.0 -1.0
  outer loop
    vertex 48.52482955089507 18.595349874853603 5.6543069999999895
    vertex 40.490755377184136 19.836530829751084 5.654306999999975
    vertex 40.52482955089507 20.095349874853603 5.654306999999975
  endloop
endfacet
facet normal 0.0 0.0 -1.0
  outer loop
    vertex 48.52482955089507 18.595349874853603 5.6543069999999895
    vertex 40.52482955089507 20.095349874853603 5.654306999999975
    vertex 44.52482955089507 20.095349808060995 5.654306999999986
  endloop
endfacet
facet normal 0.0 0.0 -1.0
  outer loop
    vertex 48.52482955089507 18.595349874853603 5.6543069999999895
    vertex 44.52482955089507 20.095349808060995 5.654306999999986
    vertex 45.52482955089507 20.095349874853603 5.6543069999999895
  endloop
endfacet
facet normal 0.0 0.0 -1.0
  outer loop
    vertex 48.52482955089507 18.595349874853603 5.6543069999999895
    vertex 45.52482955089507 20.095349874853603 5.6543069999999895
    vertex 45.78364859599758 23.129424048564534 5.654306999999986
  endloop
endfacet
facet normal 0.0 0.0 -1.0
  outer loop
    vertex 48.52482955089507 18.595349874853603 5.6543069999999895
    vertex 45.78364859599758 23.129424048564534 5.654306999999986
    vertex 46.02482955089507 23.229324471069166 5.654306999999986
  endloop
endfacet
facet normal 0.0 0.0 -1.0
  outer loop
    vertex 48.52482955089507 18.595349874853603 5.6543069999999895
    vertex 46.02482955089507 23.229324471069166 5.654306999999986
    vertex 46.23193633208161 23.388243093667054 5.654306999999986
  endloop
endfacet
facet normal 0.0 0.0 -1.0
  outer loop
    vertex 48.52482955089507 18.595349874853603 5.6543069999999895
    vertex 46.23193633208161 23.388243093667054 5.654306999999986
    vertex 46.390854954679504 23.595349874853603 5.654306999999986
  endloop
endfacet
facet normal 0.0 0.0 -1.0
  outer loop
    vertex 48.52482955089507 18.595349874853603 5.6543069999999895
    vertex 46.390854954679504 23.595349874853603 5.654306999999986
    vertex 46.490755377184136 23.83653082975108 5.654306999999986
  endloop
endfacet
facet normal 0.0 0.0 -1.0
  outer loop
    vertex 48.52482955089507 18.595349874853603 5.6543069999999895
    vertex 46.490755377184136 23.83653082975108 5.654306999999986
    vertex 46.52482955089507 24.0953498748536 5.654306999999986
  endloop
endfacet
facet normal 0.0 0.0 -1.0
  outer loop
    vertex 48.52482955089507 18.595349874853603 5.6543069999999895
    vertex 46.52482955089507 24.0953498748536 5.654306999999986
    vertex 46.639807110042824 32.424596947614454 5.654306999999986
  endloop
endfacet
facet normal 0.0 0.0 -1.0
  outer loop
    vertex 48.52482955089507 18.595349874853603 5.6543069999999895
    vertex 46.639807110042824 32.424596947614454 5.654306999999986
    vertex 47.034237848238924 32.770103900254625 5.654306999999986
  endloop
endfacet
facet normal 0.0 0.0 -1.0
  outer loop
    vertex 48.52482955089507 18.595349874853603 5.6543069999999895
    vertex 47.034237848238924 32.770103900254625 5.654306999999986
    vertex 47.32580490538618 33.205924175991186 5.654306999999986
  endloop
endfacet
facet normal 0.0 0.0 -1.0
  outer loop
    vertex 48.52482955089507 18.595349874853603 5.6543069999999895
    vertex 47.32580490538618 33.205924175991186 5.654306999999986
    vertex 47.49463846837736 33.702357343259756 5.654306999999986
  endloop
endfacet
facet normal 0.0 0.0 -1.0
  outer loop
    vertex 48.52482955089507 18.595349874853603 5.6543069999999895
    vertex 47.49463846837736 33.702357343259756 5.654306999999986
    vertex 47.52923280890528 34.22557230210553 5.654306999999986
  endloop
endfacet
facet normal 0.0 0.0 -1.0
  outer loop
    vertex 48.52482955089507 18.595349874853603 5.6543069999999895
    vertex 47.52923280890528 34.22557230210553 5.654306999999986
    vertex 48.52482955089507 39.59534987485361 5.6543069999999895
  endloop
endfacet
facet normal 0.0 0.0 -1.0
  outer loop
    vertex 38.53320553522257 38.09534987485361 5.654306999999986
    vertex 30.016274441397467 38.09534987485361 5.654306999999986
    vertex 38.53108277498128 38.20700714224336 5.654306999999986
  endloop
endfacet
facet normal 0.0 0.0 -1.0
  outer loop
    vertex 28.03338466039272 38.09534987485361 5.654306999999986
    vertex 19.51873186756541 38.09534987485361 5.654306999999986
    vertex 28.033353078546376 38.22563573279277 5.654306999999986
  endloop
endfacet
facet normal 0.0 0.0 -1.0
  outer loop
    vertex 17.53092723422478 38.09534987485361 5.654306999999986
    vertex 13.524829550895097 38.09535001594663 5.654306999999989
    vertex 17.526662992284866 38.155876904123254 5.654306999999986
  endloop
endfacet
facet normal 0.0 0.0 -1.0
  outer loop
    vertex 12.524829550895095 38.09534987485361 5.6543069999999895
    vertex 12.524829550895095 35.09534987485361 5.654306999999986
    vertex 12.266010505792575 35.06127570114268 5.654306999999986
  endloop
endfacet
facet normal 0.0 0.0 -1.0
  outer loop
    vertex 12.524829550895095 35.09534987485361 5.654306999999986
    vertex 12.524829550895095 38.09534987485361 5.6543069999999895
    vertex 12.524829550895095 37.095349874853575 5.654306999999989
  endloop
endfacet
facet normal 0.0 0.0 -1.0
  outer loop
    vertex 11.524829550895097 34.09534987485361 5.654306999999986
    vertex 11.558903724606028 24.354168919956123 5.654306999999986
    vertex 11.524829550895095 24.0953498748536 5.654306999999986
  endloop
endfacet
facet normal 0.0 0.0 -1.0
  outer loop
    vertex 11.558903724606028 24.354168919956123 5.654306999999986
    vertex 11.524829550895097 34.09534987485361 5.654306999999986
    vertex 11.55890372460603 33.83653082975109 5.654306999999986
  endloop
endfacet
facet normal 0.0 0.0 -1.0
  outer loop
    vertex 11.558903724606028 24.354168919956123 5.654306999999986
    vertex 11.55890372460603 33.83653082975109 5.654306999999986
    vertex 11.658804147110658 24.5953498748536 5.654306999999986
  endloop
endfacet
facet normal 0.0 0.0 -1.0
  outer loop
    vertex 11.658804147110658 24.5953498748536 5.654306999999986
    vertex 11.55890372460603 33.83653082975109 5.654306999999986
    vertex 11.658804147110658 33.59534987485361 5.654306999999986
  endloop
endfacet
facet normal 0.0 0.0 -1.0
  outer loop
    vertex 11.658804147110658 24.5953498748536 5.654306999999986
    vertex 11.658804147110658 33.59534987485361 5.654306999999986
    vertex 11.81772276970855 33.388243093667064 5.654306999999986
  endloop
endfacet
facet normal 0.0 0.0 -1.0
  outer loop
    vertex 11.658804147110658 24.5953498748536 5.654306999999986
    vertex 11.81772276970855 33.388243093667064 5.654306999999986
    vertex 11.81772276970855 24.802456656040146 5.654306999999986
  endloop
endfacet
facet normal 0.0 0.0 -1.0
  outer loop
    vertex 11.81772276970855 24.802456656040146 5.654306999999986
    vertex 11.81772276970855 33.388243093667064 5.654306999999986
    vertex 12.024829550895097 33.22932447106917 5.654306999999986
  endloop
endfacet
facet normal 0.0 0.0 -1.0
  outer loop
    vertex 11.81772276970855 24.802456656040146 5.654306999999986
    vertex 12.024829550895097 33.22932447106917 5.654306999999986
    vertex 12.024829550895097 24.96137527863804 5.654306999999986
  endloop
endfacet
facet normal 0.0 0.0 -1.0
  outer loop
    vertex 12.024829550895097 24.96137527863804 5.654306999999986
    vertex 12.024829550895097 33.22932447106917 5.654306999999986
    vertex 12.266010505792574 33.129424048564545 5.654306999999986
  endloop
endfacet
facet normal 0.0 0.0 -1.0
  outer loop
    vertex 12.024829550895097 24.96137527863804 5.654306999999986
    vertex 12.266010505792574 33.129424048564545 5.654306999999986
    vertex 12.266010505792575 25.06127570114267 5.654306999999986
  endloop
endfacet
facet normal 0.0 0.0 -1.0
  outer loop
    vertex 12.266010505792575 25.06127570114267 5.654306999999986
    vertex 12.266010505792574 33.129424048564545 5.654306999999986
    vertex 12.524829550895095 33.09534987485361 5.654306999999986
  endloop
endfacet
facet normal 0.0 0.0 -1.0
  outer loop
    vertex 12.266010505792575 25.06127570114267 5.654306999999986
    vertex 12.524829550895095 33.09534987485361 5.654306999999986
    vertex 12.524829550895095 25.0953498748536 5.654306999999986
  endloop
endfacet
facet normal 0.0 -1.0 0.0
  outer loop
    vertex 48.52482955089507 18.595349874853603 6.65430699999999
    vertex 9.524829550895095 18.595349874853603 5.6543069999999895
    vertex 48.52482955089507 18.595349874853603 5.6543069999999895
  endloop
endfacet
facet normal 0.0 -1.0 0.0
  outer loop
    vertex 9.524829550895095 18.595349874853603 5.6543069999999895
    vertex 48.52482955089507 18.595349874853603 6.65430699999999
    vertex 9.524829550895095 18.595349874853603 6.65430699999999
  endloop
endfacet
facet normal -1.0 6.714205910828325e-17 5.367404295610549e-33
  outer loop
    vertex 9.524829550895097 39.59534987485361 6.65430699999999
    vertex 9.524829550895095 18.595349874853603 5.6543069999999895
    vertex 9.524829550895095 18.595349874853603 6.65430699999999
  endloop
endfacet
facet normal -1.0 6.714205910828325e-17 5.367404295610549e-33
  outer loop
    vertex 9.524829550895095 18.595349874853603 5.6543069999999895
    vertex 9.524829550895097 39.59534987485361 6.65430699999999
    vertex 9.524829550895097 39.59534987485361 5.6543069999999895
  endloop
endfacet
facet normal 0.0 1.0 0.0
  outer loop
    vertex 9.524829550895097 39.59534987485361 6.65430699999999
    vertex 48.52482955089507 39.59534987485361 5.6543069999999895
    vertex 9.524829550895097 39.59534987485361 5.6543069999999895
  endloop
endfacet
facet normal 0.0 1.0 0.0
  outer loop
    vertex 48.52482955089507 39.59534987485361 5.6543069999999895
    vertex 9.524829550895097 39.59534987485361 6.65430699999999
    vertex 48.52482955089507 39.59534987485361 6.65430699999999
  endloop
endfacet
facet normal 1.0 0.0 0.0
  outer loop
    vertex 48.52482955089507 39.59534987485361 5.6543069999999895
    vertex 48.52482955089507 18.595349874853603 6.65430699999999
    vertex 48.52482955089507 18.595349874853603 5.6543069999999895
  endloop
endfacet
facet normal 1.0 0.0 0.0
  outer loop
    vertex 48.52482955089507 18.595349874853603 6.65430699999999
    vertex 48.52482955089507 39.59534987485361 5.6543069999999895
    vertex 48.52482955089507 39.59534987485361 6.65430699999999
  endloop
endfacet
facet normal -4.947309618505083e-16 0.0 -1.0
  outer loop
    vertex 42.52482955089505 35.09534987485361 5.154306999999987
    vertex 31.12482955089505 23.095349874853603 5.154306999999993
    vertex 31.12482955089505 35.09534987485361 5.154306999999993
  endloop
endfacet
facet normal -4.947309618505083e-16 0.0 -1.0
  outer loop
    vertex 31.12482955089505 23.095349874853603 5.154306999999993
    vertex 42.52482955089505 35.09534987485361 5.154306999999987
    vertex 42.52482955089505 23.095349874853603 5.154306999999987
  endloop
endfacet
facet normal 0.0 -1.0 0.0
  outer loop
    vertex 42.52482955089507 23.095349874853603 42.15430699999999
    vertex 31.12482955089505 23.095349874853603 5.154306999999993
    vertex 42.52482955089505 23.095349874853603 5.154306999999987
  endloop
endfacet
facet normal 0.0 -1.0 0.0
  outer loop
    vertex 31.12482955089505 23.095349874853603 5.154306999999993
    vertex 42.52482955089507 23.095349874853603 42.15430699999999
    vertex 31.12482955089507 23.095349874853603 42.154306999999996
  endloop
endfacet
facet normal 0.0 1.0 0.0
  outer loop
    vertex 31.12482955089505 35.09534987485361 5.154306999999993
    vertex 42.52482955089507 35.09534987485361 42.15430699999999
    vertex 42.52482955089505 35.09534987485361 5.154306999999987
  endloop
endfacet
facet normal 0.0 1.0 0.0
  outer loop
    vertex 42.52482955089507 35.09534987485361 42.15430699999999
    vertex 31.12482955089505 35.09534987485361 5.154306999999993
    vertex 31.12482955089507 35.09534987485361 42.154306999999996
  endloop
endfacet
facet normal 1.0 0.0 -4.947309618505083e-16
  outer loop
    vertex 42.52482955089505 35.09534987485361 5.154306999999987
    vertex 42.52482955089507 23.095349874853603 42.15430699999999
    vertex 42.52482955089505 23.095349874853603 5.154306999999987
  endloop
endfacet
facet normal 1.0 0.0 -4.947309618505083e-16
  outer loop
    vertex 42.52482955089507 23.095349874853603 42.15430699999999
    vertex 42.52482955089505 35.09534987485361 5.154306999999987
    vertex 42.52482955089507 35.09534987485361 42.15430699999999
  endloop
endfacet
facet normal 9.808579069731816e-16 4.699944137579826e-16 -1.0
  outer loop
    vertex 27.02482955089513 35.095349874853625 5.154307000000004
    vertex 15.524829550895133 23.09534987485362 5.154306999999987
    vertex 15.524829550895133 35.095349874853625 5.154306999999987
  endloop
endfacet
facet normal 9.808579069731816e-16 4.699944137579826e-16 -1.0
  outer loop
    vertex 15.524829550895133 23.09534987485362 5.154306999999987
    vertex 27.02482955089513 35.095349874853625 5.154307000000004
    vertex 27.02482955089513 23.09534987485362 5.154306999999993
  endloop
endfacet
facet normal -6.914966054516136e-31 1.0 4.699944137579826e-16
  outer loop
    vertex 15.524829550895095 35.09534987485361 42.15430699999999
    vertex 27.02482955089513 35.095349874853625 5.154307000000004
    vertex 15.524829550895133 35.095349874853625 5.154306999999987
  endloop
endfacet
facet normal -6.914966054516136e-31 1.0 4.699944137579826e-16
  outer loop
    vertex 27.02482955089513 35.095349874853625 5.154307000000004
    vertex 15.524829550895095 35.09534987485361 42.15430699999999
    vertex 27.024829550895095 35.09534987485361 42.154307
  endloop
endfacet
facet normal 1.0 -9.219954739354847e-31 9.808579069731816e-16
  outer loop
    vertex 27.02482955089513 23.09534987485362 5.154306999999993
    vertex 27.024829550895095 35.09534987485361 42.154307
    vertex 27.024829550895095 23.095349874853603 42.154306999999996
  endloop
endfacet
facet normal 1.0 -9.219954739354847e-31 9.808579069731816e-16
  outer loop
    vertex 27.024829550895095 35.09534987485361 42.154307
    vertex 27.02482955089513 23.09534987485362 5.154306999999993
    vertex 27.02482955089513 35.095349874853625 5.154307000000004
  endloop
endfacet
facet normal 2.3049886848387117e-31 -1.0 -4.699944137579826e-16
  outer loop
    vertex 27.02482955089513 23.09534987485362 5.154306999999993
    vertex 15.524829550895095 23.095349874853603 42.15430699999999
    vertex 15.524829550895133 23.09534987485362 5.154306999999987
  endloop
endfacet
facet normal 2.3049886848387117e-31 -1.0 -4.699944137579826e-16
  outer loop
    vertex 15.524829550895095 23.095349874853603 42.15430699999999
    vertex 27.02482955089513 23.09534987485362 5.154306999999993
    vertex 27.024829550895095 23.095349874853603 42.154306999999996
  endloop
endfacet
facet normal -1.0 0.0 -9.808579069731816e-16
  outer loop
    vertex 15.524829550895095 35.09534987485361 42.15430699999999
    vertex 15.524829550895133 23.09534987485362 5.154306999999987
    vertex 15.524829550895095 23.095349874853603 42.15430699999999
  endloop
endfacet
facet normal -1.0 0.0 -9.808579069731816e-16
  outer loop
    vertex 15.524829550895133 23.09534987485362 5.154306999999987
    vertex 15.524829550895095 35.09534987485361 42.15430699999999
    vertex 15.524829550895133 35.095349874853625 5.154306999999987
  endloop
endfacet
facet normal 0.0 1.0 0.0
  outer loop
    vertex 38.52482955089506 20.095349874853603 38.15430699999999
    vertex 38.55919774930775 20.095349874853603 37.413126045102516
    vertex 38.52482955089506 20.095349874853603 37.15430699999999
  endloop
endfacet
facet normal 0.0 1.0 0.0
  outer loop
    vertex 38.55919774930775 20.095349874853603 37.413126045102516
    vertex 38.52482955089506 20.095349874853603 38.15430699999999
    vertex 38.65996020862011 20.095349874853603 37.65430699999999
  endloop
endfacet
facet normal 0.0 1.0 0.0
  outer loop
    vertex 38.65996020862011 20.095349874853603 37.65430699999999
    vertex 38.52482955089506 20.095349874853603 38.15430699999999
    vertex 38.820250133747855 20.095349874853603 37.861413781186535
  endloop
endfacet
facet normal 0.0 1.0 0.0
  outer loop
    vertex 38.820250133747855 20.095349874853603 37.861413781186535
    vertex 38.52482955089506 20.095349874853603 38.15430699999999
    vertex 39.02914403118514 20.095349874853603 38.02033240378443
  endloop
endfacet
facet normal 0.0 1.0 0.0
  outer loop
    vertex 39.02914403118514 20.095349874853603 38.02033240378443
    vertex 38.52482955089506 20.095349874853603 38.15430699999999
    vertex 39.27240612703511 20.095349874853603 38.120232826289055
  endloop
endfacet
facet normal 0.0 1.0 0.0
  outer loop
    vertex 39.27240612703511 20.095349874853603 38.120232826289055
    vertex 38.52482955089506 20.095349874853603 38.15430699999999
    vertex 39.53345851147522 20.095349874853603 38.15430699999999
  endloop
endfacet
facet normal 0.0 1.0 0.0
  outer loop
    vertex 28.024829550895085 20.095349874853603 38.15430699999999
    vertex 28.05919774930777 20.095349874853603 37.413126045102516
    vertex 28.024829550895085 20.095349874853603 37.15430699999999
  endloop
endfacet
facet normal 0.0 1.0 0.0
  outer loop
    vertex 28.05919774930777 20.095349874853603 37.413126045102516
    vertex 28.024829550895085 20.095349874853603 38.15430699999999
    vertex 28.15996020862013 20.095349874853603 37.65430699999999
  endloop
endfacet
facet normal 0.0 1.0 0.0
  outer loop
    vertex 28.15996020862013 20.095349874853603 37.65430699999999
    vertex 28.024829550895085 20.095349874853603 38.15430699999999
    vertex 28.320250133747873 20.095349874853603 37.861413781186535
  endloop
endfacet
facet normal 0.0 1.0 0.0
  outer loop
    vertex 28.320250133747873 20.095349874853603 37.861413781186535
    vertex 28.024829550895085 20.095349874853603 38.15430699999999
    vertex 28.529144031185158 20.095349874853603 38.02033240378443
  endloop
endfacet
facet normal 0.0 1.0 0.0
  outer loop
    vertex 28.529144031185158 20.095349874853603 38.02033240378443
    vertex 28.024829550895085 20.095349874853603 38.15430699999999
    vertex 28.772406127035133 20.095349874853603 38.120232826289055
  endloop
endfacet
facet normal 0.0 1.0 0.0
  outer loop
    vertex 28.772406127035133 20.095349874853603 38.120232826289055
    vertex 28.024829550895085 20.095349874853603 38.15430699999999
    vertex 29.016200590314927 20.095349874853603 38.15430699999999
  endloop
endfacet
facet normal 0.0 1.0 0.0
  outer loop
    vertex 17.524829550895095 20.095349874853603 38.15430699999999
    vertex 17.55919774930778 20.095349874853603 37.413126045102516
    vertex 17.524829550895095 20.095349874853603 37.15430699999999
  endloop
endfacet
facet normal 0.0 1.0 0.0
  outer loop
    vertex 17.55919774930778 20.095349874853603 37.413126045102516
    vertex 17.524829550895095 20.095349874853603 38.15430699999999
    vertex 17.65996020862014 20.095349874853603 37.65430699999999
  endloop
endfacet
facet normal 0.0 1.0 0.0
  outer loop
    vertex 17.65996020862014 20.095349874853603 37.65430699999999
    vertex 17.524829550895095 20.095349874853603 38.15430699999999
    vertex 17.820250133747884 20.095349874853603 37.861413781186535
  endloop
endfacet
facet normal 0.0 1.0 0.0
  outer loop
    vertex 17.820250133747884 20.095349874853603 37.861413781186535
    vertex 17.524829550895095 20.095349874853603 38.15430699999999
    vertex 18.029144031185172 20.095349874853603 38.02033240378443
  endloop
endfacet
facet normal 0.0 1.0 0.0
  outer loop
    vertex 18.029144031185172 20.095349874853603 38.02033240378443
    vertex 17.524829550895095 20.095349874853603 38.15430699999999
    vertex 18.272406127035143 20.095349874853603 38.120232826289055
  endloop
endfacet
facet normal 0.0 1.0 0.0
  outer loop
    vertex 18.272406127035143 20.095349874853603 38.120232826289055
    vertex 17.524829550895095 20.095349874853603 38.15430699999999
    vertex 18.533458511475246 20.095349874853603 38.15430699999999
  endloop
endfacet
facet normal -1.0 0.0 0.0
  outer loop
    vertex 45.52482955089507 25.0953498748536 38.15430699999999
    vertex 45.52482955089507 24.34777329871355 38.120232826289055
    vertex 45.52482955089507 24.086720914273446 38.15430699999999
  endloop
endfacet
facet normal -1.0 0.0 0.0
  outer loop
    vertex 45.52482955089507 24.34777329871355 38.120232826289055
    vertex 45.52482955089507 25.0953498748536 38.15430699999999
    vertex 45.52482955089507 24.591035394563523 38.02033240378443
  endloop
endfacet
facet normal -1.0 0.0 0.0
  outer loop
    vertex 45.52482955089507 24.591035394563523 38.02033240378443
    vertex 45.52482955089507 25.0953498748536 38.15430699999999
    vertex 45.52482955089507 24.79992929200081 37.861413781186535
  endloop
endfacet
facet normal -1.0 0.0 0.0
  outer loop
    vertex 45.52482955089507 24.79992929200081 37.861413781186535
    vertex 45.52482955089507 25.0953498748536 38.15430699999999
    vertex 45.52482955089507 24.960219217128554 37.65430699999999
  endloop
endfacet
facet normal -1.0 0.0 0.0
  outer loop
    vertex 45.52482955089507 24.960219217128554 37.65430699999999
    vertex 45.52482955089507 25.0953498748536 38.15430699999999
    vertex 45.52482955089507 25.060981676440914 37.413126045102516
  endloop
endfacet
facet normal -1.0 0.0 0.0
  outer loop
    vertex 45.52482955089507 25.060981676440914 37.413126045102516
    vertex 45.52482955089507 25.0953498748536 38.15430699999999
    vertex 45.52482955089507 25.0953498748536 37.15430699999999
  endloop
endfacet
facet normal -1.0 0.0 0.0
  outer loop
    vertex 45.52482955089507 23.095349874853603 38.15430699999999
    vertex 45.52482955089507 23.12971807326629 37.413126045102516
    vertex 45.52482955089507 23.095349874853603 37.15430699999999
  endloop
endfacet
facet normal -1.0 0.0 0.0
  outer loop
    vertex 45.52482955089507 23.12971807326629 37.413126045102516
    vertex 45.52482955089507 23.095349874853603 38.15430699999999
    vertex 45.52482955089507 23.23048053257865 37.65430699999999
  endloop
endfacet
facet normal -1.0 0.0 0.0
  outer loop
    vertex 45.52482955089507 23.23048053257865 37.65430699999999
    vertex 45.52482955089507 23.095349874853603 38.15430699999999
    vertex 45.52482955089507 23.39077045770639 37.861413781186535
  endloop
endfacet
facet normal -1.0 0.0 0.0
  outer loop
    vertex 45.52482955089507 23.39077045770639 37.861413781186535
    vertex 45.52482955089507 23.095349874853603 38.15430699999999
    vertex 45.52482955089507 23.59966435514368 38.02033240378443
  endloop
endfacet
facet normal -1.0 0.0 0.0
  outer loop
    vertex 45.52482955089507 23.59966435514368 38.02033240378443
    vertex 45.52482955089507 23.095349874853603 38.15430699999999
    vertex 45.52482955089507 23.84292645099365 38.120232826289055
  endloop
endfacet
facet normal -1.0 0.0 0.0
  outer loop
    vertex 45.52482955089507 23.84292645099365 38.120232826289055
    vertex 45.52482955089507 23.095349874853603 38.15430699999999
    vertex 45.52482955089507 24.086720914273446 38.15430699999999
  endloop
endfacet
facet normal -1.0 0.0 0.0
  outer loop
    vertex 45.52482955089507 34.10392369331279 38.15430699999999
    vertex 45.52482955089507 33.10174022980557 37.15430699999999
    vertex 45.52482955089507 33.10174022980557 38.15430699999999
  endloop
endfacet
facet normal -1.0 0.0 0.0
  outer loop
    vertex 45.52482955089507 33.10174022980557 37.15430699999999
    vertex 45.52482955089507 34.10392369331279 38.15430699999999
    vertex 45.52482955089507 33.10174022980557 6.654306999999984
  endloop
endfacet
facet normal -1.0 0.0 0.0
  outer loop
    vertex 45.52482955089507 33.10174022980557 6.654306999999984
    vertex 45.52482955089507 34.10392369331279 38.15430699999999
    vertex 45.52482955089507 33.10174022980557 5.654306999999986
  endloop
endfacet
facet normal -1.0 0.0 0.0
  outer loop
    vertex 45.52482955089507 33.10174022980557 5.654306999999986
    vertex 45.52482955089507 34.10392369331279 38.15430699999999
    vertex 45.52482955089507 35.08895951990165 5.654306999999986
  endloop
endfacet
facet normal -1.0 0.0 0.0
  outer loop
    vertex 45.52482955089507 35.08895951990165 5.654306999999986
    vertex 45.52482955089507 34.10392369331279 38.15430699999999
    vertex 45.52482955089507 34.346160223436904 38.120232826289055
  endloop
endfacet
facet normal -1.0 0.0 0.0
  outer loop
    vertex 45.52482955089507 35.08895951990165 5.654306999999986
    vertex 45.52482955089507 34.346160223436904 38.120232826289055
    vertex 45.52482955089507 34.58786778814804 38.02033240378443
  endloop
endfacet
facet normal -1.0 0.0 0.0
  outer loop
    vertex 45.52482955089507 35.08895951990165 5.654306999999986
    vertex 45.52482955089507 34.58786778814804 38.02033240378443
    vertex 45.52482955089507 34.795426779433406 37.861413781186535
  endloop
endfacet
facet normal -1.0 0.0 0.0
  outer loop
    vertex 45.52482955089507 35.08895951990165 5.654306999999986
    vertex 45.52482955089507 34.795426779433406 37.861413781186535
    vertex 45.52482955089507 34.95469239504436 37.65430699999999
  endloop
endfacet
facet normal -1.0 0.0 0.0
  outer loop
    vertex 45.52482955089507 35.08895951990165 5.654306999999986
    vertex 45.52482955089507 34.95469239504436 37.65430699999999
    vertex 45.52482955089507 35.05481094647588 37.413126045102516
  endloop
endfacet
facet normal -1.0 0.0 0.0
  outer loop
    vertex 45.52482955089507 35.08895951990165 5.654306999999986
    vertex 45.52482955089507 35.05481094647588 37.413126045102516
    vertex 45.52482955089507 35.08895951990165 37.15430699999999
  endloop
endfacet
facet normal -1.0 0.0 0.0
  outer loop
    vertex 45.52482955089507 35.08895951990165 5.654306999999986
    vertex 45.52482955089507 35.08895951990165 37.15430699999999
    vertex 45.52482955089507 35.08895951990165 6.654306999999984
  endloop
endfacet
facet normal 0.0 -1.0 0.0
  outer loop
    vertex 40.51645356656757 38.09534987485361 37.15430699999999
    vertex 38.53320553522257 38.09534987485361 5.654306999999986
    vertex 40.51645356656757 38.09534987485361 5.654306999999986
  endloop
endfacet
facet normal 0.0 -1.0 0.0
  outer loop
    vertex 38.53320553522257 38.09534987485361 5.654306999999986
    vertex 40.51645356656757 38.09534987485361 37.15430699999999
    vertex 38.53320553522257 38.09534987485361 37.15430699999999
  endloop
endfacet
facet normal 0.0 -1.0 0.0
  outer loop
    vertex 38.53320553522257 38.09534987485361 37.15430699999999
    vertex 40.51645356656757 38.09534987485361 37.15430699999999
    vertex 40.51645356656757 38.09534987485361 38.15430699999999
  endloop
endfacet
facet normal 0.0 -1.0 0.0
  outer loop
    vertex 38.53320553522257 38.09534987485361 37.15430699999999
    vertex 40.51645356656757 38.09534987485361 38.15430699999999
    vertex 38.53320553522257 38.09534987485361 38.15430699999999
  endloop
endfacet
facet normal 0.0 -1.0 0.0
  outer loop
    vertex 38.53320553522257 38.09534987485361 38.15430699999999
    vertex 40.51645356656757 38.09534987485361 38.15430699999999
    vertex 39.5162728663535 38.09534987485361 38.15430699999999
  endloop
endfacet
facet normal -6.145994037245538e-05 -0.9999999935828665 9.516797240897217e-05
  outer loop
    vertex 30.016274441397467 38.09534987485361 37.15430699999999
    vertex 28.03338466039272 38.09534987485361 5.654306999999986
    vertex 30.016274441397467 38.09534987485361 5.654306999999986
  endloop
endfacet
facet normal -6.145994037245538e-05 -0.9999999935828665 9.516797240897217e-05
  outer loop
    vertex 28.03338466039272 38.09534987485361 5.654306999999986
    vertex 30.016274441397467 38.09534987485361 37.15430699999999
    vertex 28.03338466039272 38.09534987485361 37.15430699999999
  endloop
endfacet
facet normal -6.145994037245538e-05 -0.9999999935828665 9.516797240897217e-05
  outer loop
    vertex 28.03338466039272 38.09534987485361 37.15430699999999
    vertex 30.016274441397467 38.09534987485361 37.15430699999999
    vertex 30.016274441397467 38.09534987485361 38.15430699999999
  endloop
endfacet
facet normal -6.145994037245538e-05 -0.9999999935828665 9.516797240897217e-05
  outer loop
    vertex 28.03338466039272 38.09534987485361 37.15430699999999
    vertex 30.016274441397467 38.09534987485361 38.15430699999999
    vertex 29.001847488866815 38.113009255594235 38.150097003311714
  endloop
endfacet
facet normal -6.145994037245538e-05 -0.9999999935828665 9.516797240897217e-05
  outer loop
    vertex 29.001847488866815 38.113009255594235 38.150097003311714
    vertex 30.016274441397467 38.09534987485361 38.15430699999999
    vertex 29.033384689772635 38.09534987485361 38.15430699999999
  endloop
endfacet
facet normal -6.145994037245538e-05 -0.9999999935828665 9.516797240897217e-05
  outer loop
    vertex 28.03338466039272 38.09534987485361 38.15430699999999
    vertex 28.03338466039272 38.09534987485361 37.15430699999999
    vertex 29.001847488866815 38.113009255594235 38.150097003311714
  endloop
endfacet
facet normal 0.0 -1.0 0.0
  outer loop
    vertex 19.51873186756541 38.09534987485361 38.15430699999999
    vertex 19.48457323554326 38.09534987485361 37.413126045102516
    vertex 19.51873186756541 38.09534987485361 37.15430699999999
  endloop
endfacet
facet normal 0.0 -1.0 0.0
  outer loop
    vertex 19.48457323554326 38.09534987485361 37.413126045102516
    vertex 19.51873186756541 38.09534987485361 38.15430699999999
    vertex 19.384425193799306 38.09534987485361 37.65430699999999
  endloop
endfacet
facet normal 0.0 -1.0 0.0
  outer loop
    vertex 19.384425193799306 38.09534987485361 37.65430699999999
    vertex 19.51873186756541 38.09534987485361 38.15430699999999
    vertex 19.22511266587593 38.09534987485361 37.861413781186535
  endloop
endfacet
facet normal 0.0 -1.0 0.0
  outer loop
    vertex 19.22511266587593 38.09534987485361 37.861413781186535
    vertex 19.51873186756541 38.09534987485361 38.15430699999999
    vertex 19.01749253727472 38.09534987485361 38.02033240378443
  endloop
endfacet
facet normal 0.0 -1.0 0.0
  outer loop
    vertex 19.01749253727472 38.09534987485361 38.02033240378443
    vertex 19.51873186756541 38.09534987485361 38.15430699999999
    vertex 18.775713776651354 38.09534987485361 38.120232826289055
  endloop
endfacet
facet normal 0.0 -1.0 0.0
  outer loop
    vertex 18.775713776651354 38.09534987485361 38.120232826289055
    vertex 19.51873186756541 38.09534987485361 38.15430699999999
    vertex 18.516253206984025 38.09534987485361 38.15430699999999
  endloop
endfacet
facet normal 1.0 0.0 0.0
  outer loop
    vertex 12.524829550895095 23.12971807326629 37.413126045102516
    vertex 12.524829550895095 23.095349874853603 38.15430699999999
    vertex 12.524829550895095 23.095349874853603 37.15430699999999
  endloop
endfacet
facet normal 1.0 0.0 0.0
  outer loop
    vertex 12.524829550895095 23.095349874853603 38.15430699999999
    vertex 12.524829550895095 23.12971807326629 37.413126045102516
    vertex 12.524829550895095 23.23048053257865 37.65430699999999
  endloop
endfacet
facet normal 1.0 0.0 0.0
  outer loop
    vertex 12.524829550895095 23.095349874853603 38.15430699999999
    vertex 12.524829550895095 23.23048053257865 37.65430699999999
    vertex 12.524829550895095 23.39077045770639 37.861413781186535
  endloop
endfacet
facet normal 1.0 0.0 0.0
  outer loop
    vertex 12.524829550895095 23.095349874853603 38.15430699999999
    vertex 12.524829550895095 23.39077045770639 37.861413781186535
    vertex 12.524829550895095 23.59966435514368 38.02033240378443
  endloop
endfacet
facet normal 1.0 0.0 0.0
  outer loop
    vertex 12.524829550895095 23.095349874853603 38.15430699999999
    vertex 12.524829550895095 23.59966435514368 38.02033240378443
    vertex 12.524829550895095 23.84292645099365 38.120232826289055
  endloop
endfacet
facet normal 1.0 0.0 0.0
  outer loop
    vertex 12.524829550895095 23.095349874853603 38.15430699999999
    vertex 12.524829550895095 23.84292645099365 38.120232826289055
    vertex 12.524829550895095 24.103978835433757 38.15430699999999
  endloop
endfacet
facet normal 1.0 0.0 0.0
  outer loop
    vertex 12.524829550895095 34.34777329871356 38.120232826289055
    vertex 12.524829550895095 35.09534987485361 38.15430699999999
    vertex 12.524829550895095 34.08672091427346 38.15430699999999
  endloop
endfacet
facet normal 1.0 0.0 0.0
  outer loop
    vertex 12.524829550895095 35.09534987485361 38.15430699999999
    vertex 12.524829550895095 34.34777329871356 38.120232826289055
    vertex 12.524829550895095 34.591035394563534 38.02033240378443
  endloop
endfacet
facet normal 1.0 0.0 0.0
  outer loop
    vertex 12.524829550895095 35.09534987485361 38.15430699999999
    vertex 12.524829550895095 34.591035394563534 38.02033240378443
    vertex 12.524829550895095 34.79992929200082 37.861413781186535
  endloop
endfacet
facet normal 1.0 0.0 0.0
  outer loop
    vertex 12.524829550895095 35.09534987485361 38.15430699999999
    vertex 12.524829550895095 34.79992929200082 37.861413781186535
    vertex 12.524829550895095 34.96021921712856 37.65430699999999
  endloop
endfacet
facet normal 1.0 0.0 0.0
  outer loop
    vertex 12.524829550895095 35.09534987485361 38.15430699999999
    vertex 12.524829550895095 34.96021921712856 37.65430699999999
    vertex 12.524829550895095 35.060981676440925 37.413126045102516
  endloop
endfacet
facet normal 1.0 0.0 0.0
  outer loop
    vertex 12.524829550895095 35.09534987485361 38.15430699999999
    vertex 12.524829550895095 35.060981676440925 37.413126045102516
    vertex 12.524829550895095 35.09534987485361 37.15430699999999
  endloop
endfacet
facet normal 1.0 0.0 0.0
  outer loop
    vertex 12.524829550895095 33.12971807326629 37.413126045102516
    vertex 12.524829550895095 33.09534987485361 38.15430699999999
    vertex 12.524829550895095 33.09534987485361 37.15430699999999
  endloop
endfacet
facet normal 1.0 0.0 0.0
  outer loop
    vertex 12.524829550895095 33.09534987485361 38.15430699999999
    vertex 12.524829550895095 33.12971807326629 37.413126045102516
    vertex 12.524829550895095 33.23048053257866 37.65430699999999
  endloop
endfacet
facet normal 1.0 0.0 0.0
  outer loop
    vertex 12.524829550895095 33.09534987485361 38.15430699999999
    vertex 12.524829550895095 33.23048053257866 37.65430699999999
    vertex 12.524829550895095 33.390770457706395 37.861413781186535
  endloop
endfacet
facet normal 1.0 0.0 0.0
  outer loop
    vertex 12.524829550895095 33.09534987485361 38.15430699999999
    vertex 12.524829550895095 33.390770457706395 37.861413781186535
    vertex 12.524829550895095 33.59966435514369 38.02033240378443
  endloop
endfacet
facet normal 1.0 0.0 0.0
  outer loop
    vertex 12.524829550895095 33.09534987485361 38.15430699999999
    vertex 12.524829550895095 33.59966435514369 38.02033240378443
    vertex 12.524829550895095 33.84292645099366 38.120232826289055
  endloop
endfacet
facet normal 1.0 0.0 0.0
  outer loop
    vertex 12.524829550895095 33.09534987485361 38.15430699999999
    vertex 12.524829550895095 33.84292645099366 38.120232826289055
    vertex 12.524829550895095 34.08672091427346 38.15430699999999
  endloop
endfacet
facet normal -1.0 0.0 0.0
  outer loop
    vertex 45.52482955089507 35.12310809332742 6.3954879548974635
    vertex 45.52482955089507 35.08895951990165 5.654306999999986
    vertex 45.52482955089507 35.08895951990165 6.654306999999984
  endloop
endfacet
facet normal -1.0 0.0 0.0
  outer loop
    vertex 45.52482955089507 35.08895951990165 5.654306999999986
    vertex 45.52482955089507 35.12310809332742 6.3954879548974635
    vertex 45.52482955089507 35.22322664475894 6.154306999999984
  endloop
endfacet
facet normal -1.0 0.0 0.0
  outer loop
    vertex 45.52482955089507 35.08895951990165 5.654306999999986
    vertex 45.52482955089507 35.22322664475894 6.154306999999984
    vertex 45.52482955089507 35.382492260369894 5.947200218813438
  endloop
endfacet
facet normal -1.0 0.0 0.0
  outer loop
    vertex 45.52482955089507 35.08895951990165 5.654306999999986
    vertex 45.52482955089507 35.382492260369894 5.947200218813438
    vertex 45.52482955089507 35.59005125165526 5.788281596215547
  endloop
endfacet
facet normal -1.0 0.0 0.0
  outer loop
    vertex 45.52482955089507 35.08895951990165 5.654306999999986
    vertex 45.52482955089507 35.59005125165526 5.788281596215547
    vertex 45.52482955089507 35.831758816366396 5.688381173710918
  endloop
endfacet
facet normal -1.0 0.0 0.0
  outer loop
    vertex 45.52482955089507 35.08895951990165 5.654306999999986
    vertex 45.52482955089507 35.831758816366396 5.688381173710918
    vertex 45.52482955089507 36.091142983408865 5.654306999999987
  endloop
endfacet
facet normal 0.0 0.9969029716801094 -0.07864136987214379
  outer loop
    vertex 4.524829550895072 25.994450749745184 -3.2435343172379167
    vertex 53.52482955089507 25.967128120976152 -3.5898915826090896
    vertex 4.524829550895072 25.967128120976152 -3.5898915826090896
  endloop
endfacet
facet normal 0.0 0.9969029716801094 -0.07864136987214379
  outer loop
    vertex 53.52482955089507 25.967128120976152 -3.5898915826090896
    vertex 4.524829550895072 25.994450749745184 -3.2435343172379167
    vertex 53.52482955089507 25.994450749745184 -3.2435343172379167
  endloop
endfacet
facet normal 0.0 0.9565478213386629 -0.2915754884969888
  outer loop
    vertex 4.524829550895072 25.967128120976152 -3.5898915826090896
    vertex 53.52482955089507 25.837730110898228 -4.014397034914544
    vertex 4.524829550895072 25.837730110898228 -4.014397034914544
  endloop
endfacet
facet normal 0.0 0.9565478213386629 -0.2915754884969888
  outer loop
    vertex 53.52482955089507 25.837730110898228 -4.014397034914544
    vertex 4.524829550895072 25.967128120976152 -3.5898915826090896
    vertex 53.52482955089507 25.967128120976152 -3.5898915826090896
  endloop
endfacet
facet normal 0.0 0.8484889552034667 -0.5292130883658585
  outer loop
    vertex 4.524829550895072 25.837730110898228 -4.014397034914544
    vertex 53.52482955089507 25.602871135287035 -4.3909471452903714
    vertex 4.524829550895072 25.602871135287035 -4.3909471452903714
  endloop
endfacet
facet normal 0.0 0.8484889552034667 -0.5292130883658585
  outer loop
    vertex 53.52482955089507 25.602871135287035 -4.3909471452903714
    vertex 4.524829550895072 25.837730110898228 -4.014397034914544
    vertex 53.52482955089507 25.837730110898228 -4.014397034914544
  endloop
endfacet
facet normal 0.0 0.6826069689654459 -0.7307856908285812
  outer loop
    vertex 53.52482955089507 25.602871135287035 -4.3909471452903714
    vertex 4.524829550895072 25.27855644520767 -4.693880645992936
    vertex 4.524829550895072 25.602871135287035 -4.3909471452903714
  endloop
endfacet
facet normal 0.0 0.6826069689654459 -0.7307856908285812
  outer loop
    vertex 4.524829550895072 25.27855644520767 -4.693880645992936
    vertex 53.52482955089507 25.602871135287035 -4.3909471452903714
    vertex 53.52482955089507 25.27855644520767 -4.693880645992936
  endloop
endfacet
facet normal 0.0 0.4702064458537895 -0.8825564561417856
  outer loop
    vertex 53.52482955089507 25.27855644520767 -4.693880645992936
    vertex 4.524829550895072 24.886887550833677 -4.90255311957064
    vertex 4.524829550895072 25.27855644520767 -4.693880645992936
  endloop
endfacet
facet normal 0.0 0.4702064458537895 -0.8825564561417856
  outer loop
    vertex 4.524829550895072 24.886887550833677 -4.90255311957064
    vertex 53.52482955089507 25.27855644520767 -4.693880645992936
    vertex 53.52482955089507 24.886887550833677 -4.90255311957064
  endloop
endfacet
facet normal 0.0 0.22576213051008276 -0.9741824574624347
  outer loop
    vertex 53.52482955089507 24.886887550833677 -4.90255311957064
    vertex 4.524829550895072 24.454556040053188 -5.002743881796729
    vertex 4.524829550895072 24.886887550833677 -4.90255311957064
  endloop
endfacet
facet normal 0.0 0.22576213051008276 -0.9741824574624347
  outer loop
    vertex 4.524829550895072 24.454556040053188 -5.002743881796729
    vertex 53.52482955089507 24.886887550833677 -4.90255311957064
    vertex 53.52482955089507 24.454556040053188 -5.002743881796729
  endloop
endfacet
facet normal -0.0 -0.034067500938320144 -0.9994195342196477
  outer loop
    vertex 53.52482955089507 24.454556040053188 -5.002743881796729
    vertex 4.524829550895072 24.011024590864288 -4.98762509779856
    vertex 4.524829550895072 24.454556040053188 -5.002743881796729
  endloop
endfacet
facet normal -0.0 -0.034067500938320144 -0.9994195342196477
  outer loop
    vertex 4.524829550895072 24.011024590864288 -4.98762509779856
    vertex 53.52482955089507 24.454556040053188 -5.002743881796729
    vertex 53.52482955089507 24.011024590864288 -4.98762509779856
  endloop
endfacet
facet normal -0.0 -0.2915754884969868 -0.9565478213386635
  outer loop
    vertex 53.52482955089507 24.011024590864288 -4.98762509779856
    vertex 4.524829550895072 23.586519138558838 -4.8582270877206355
    vertex 4.524829550895072 24.011024590864288 -4.98762509779856
  endloop
endfacet
facet normal -0.0 -0.2915754884969868 -0.9565478213386635
  outer loop
    vertex 4.524829550895072 23.586519138558838 -4.8582270877206355
    vertex 53.52482955089507 24.011024590864288 -4.98762509779856
    vertex 53.52482955089507 23.586519138558838 -4.8582270877206355
  endloop
endfacet
facet normal -0.0 -0.5292130883658602 -0.8484889552034655
  outer loop
    vertex 53.52482955089507 23.586519138558838 -4.8582270877206355
    vertex 4.524829550895072 23.20996902818301 -4.623368112109444
    vertex 4.524829550895072 23.586519138558838 -4.8582270877206355
  endloop
endfacet
facet normal -0.0 -0.5292130883658602 -0.8484889552034655
  outer loop
    vertex 4.524829550895072 23.20996902818301 -4.623368112109444
    vertex 53.52482955089507 23.586519138558838 -4.8582270877206355
    vertex 53.52482955089507 23.20996902818301 -4.623368112109444
  endloop
endfacet
facet normal -0.0 -0.7307856908285774 -0.68260696896545
  outer loop
    vertex 53.52482955089507 22.907035527480442 -4.299053422030079
    vertex 4.524829550895072 23.20996902818301 -4.623368112109444
    vertex 53.52482955089507 23.20996902818301 -4.623368112109444
  endloop
endfacet
facet normal -0.0 -0.7307856908285774 -0.68260696896545
  outer loop
    vertex 4.524829550895072 23.20996902818301 -4.623368112109444
    vertex 53.52482955089507 22.907035527480442 -4.299053422030079
    vertex 4.524829550895072 22.907035527480442 -4.299053422030079
  endloop
endfacet
facet normal -0.0 -0.8825564561417866 -0.4702064458537875
  outer loop
    vertex 53.52482955089507 22.69836305390274 -3.9073845276560837
    vertex 4.524829550895072 22.907035527480442 -4.299053422030079
    vertex 53.52482955089507 22.907035527480442 -4.299053422030079
  endloop
endfacet
facet normal -0.0 -0.8825564561417866 -0.4702064458537875
  outer loop
    vertex 4.524829550895072 22.907035527480442 -4.299053422030079
    vertex 53.52482955089507 22.69836305390274 -3.9073845276560837
    vertex 4.524829550895072 22.69836305390274 -3.9073845276560837
  endloop
endfacet
facet normal 0.0 -0.9741824574624346 -0.2257621305100839
  outer loop
    vertex 53.52482955089507 22.59817229167665 -3.4750530168755938
    vertex 4.524829550895072 22.69836305390274 -3.9073845276560837
    vertex 53.52482955089507 22.69836305390274 -3.9073845276560837
  endloop
endfacet
facet normal 0.0 -0.9741824574624346 -0.2257621305100839
  outer loop
    vertex 4.524829550895072 22.69836305390274 -3.9073845276560837
    vertex 53.52482955089507 22.59817229167665 -3.4750530168755938
    vertex 4.524829550895072 22.59817229167665 -3.4750530168755938
  endloop
endfacet
facet normal 0.0 0.9998890210704 -0.014897836852287242
  outer loop
    vertex 4.524829550895072 29.369261688478154 -2.8458885416790913
    vertex 53.52482955089507 29.36448403182532 -3.1665476065470766
    vertex 4.524829550895072 29.36448403182532 -3.1665476065470766
  endloop
endfacet
facet normal 0.0 0.9998890210704 -0.014897836852287242
  outer loop
    vertex 53.52482955089507 29.36448403182532 -3.1665476065470766
    vertex 4.524829550895072 29.369261688478154 -2.8458885416790913
    vertex 53.52482955089507 29.369261688478154 -2.8458885416790913
  endloop
endfacet
facet normal 0.0 0.9715849289191669 -0.2366912036750359
  outer loop
    vertex 4.524829550895072 29.36448403182532 -3.1665476065470766
    vertex 53.52482955089507 29.2594430665632 -3.597726362593785
    vertex 4.524829550895072 29.2594430665632 -3.597726362593785
  endloop
endfacet
facet normal 0.0 0.9715849289191669 -0.2366912036750359
  outer loop
    vertex 53.52482955089507 29.2594430665632 -3.597726362593785
    vertex 4.524829550895072 29.36448403182532 -3.1665476065470766
    vertex 53.52482955089507 29.36448403182532 -3.1665476065470766
  endloop
endfacet
facet normal 0.0 0.877218783956916 -0.48009083002401737
  outer loop
    vertex 4.524829550895072 29.2594430665632 -3.597726362593785
    vertex 53.52482955089507 29.046384011489682 -3.9870264564807054
    vertex 4.524829550895072 29.046384011489682 -3.9870264564807054
  endloop
endfacet
facet normal 0.0 0.877218783956916 -0.48009083002401737
  outer loop
    vertex 53.52482955089507 29.046384011489682 -3.9870264564807054
    vertex 4.524829550895072 29.2594430665632 -3.597726362593785
    vertex 53.52482955089507 29.2594430665632 -3.597726362593785
  endloop
endfacet
facet normal 0.0 0.7230716285405818 -0.690773059694478
  outer loop
    vertex 4.524829550895072 29.046384011489682 -3.9870264564807054
    vertex 53.52482955089507 28.73982648911129 -4.30791773015827
    vertex 4.524829550895072 28.73982648911129 -4.30791773015827
  endloop
endfacet
facet normal 0.0 0.7230716285405818 -0.690773059694478
  outer loop
    vertex 53.52482955089507 28.73982648911129 -4.30791773015827
    vertex 4.524829550895072 29.046384011489682 -3.9870264564807054
    vertex 53.52482955089507 29.046384011489682 -3.9870264564807054
  endloop
endfacet
facet normal 0.0 0.5196483365715782 -0.8543802469032112
  outer loop
    vertex 53.52482955089507 28.73982648911129 -4.30791773015827
    vertex 4.524829550895072 28.36066188796786 -4.538531973623251
    vertex 4.524829550895072 28.73982648911129 -4.30791773015827
  endloop
endfacet
facet normal 0.0 0.5196483365715782 -0.8543802469032112
  outer loop
    vertex 4.524829550895072 28.36066188796786 -4.538531973623251
    vertex 53.52482955089507 28.73982648911129 -4.30791773015827
    vertex 53.52482955089507 28.36066188796786 -4.538531973623251
  endloop
endfacet
facet normal 0.0 0.2808118692246879 -0.9597628322156141
  outer loop
    vertex 53.52482955089507 28.36066188796786 -4.538531973623251
    vertex 4.524829550895072 27.934729649028174 -4.663153207291571
    vertex 4.524829550895072 28.36066188796786 -4.538531973623251
  endloop
endfacet
facet normal 0.0 0.2808118692246879 -0.9597628322156141
  outer loop
    vertex 4.524829550895072 27.934729649028174 -4.663153207291571
    vertex 53.52482955089507 28.36066188796786 -4.538531973623251
    vertex 53.52482955089507 27.934729649028174 -4.663153207291571
  endloop
endfacet
facet normal 0.0 0.022838537053702847 -0.9997391665955909
  outer loop
    vertex 53.52482955089507 27.934729649028174 -4.663153207291571
    vertex 4.524829550895072 27.49105635048968 -4.673288700035059
    vertex 4.524829550895072 27.934729649028174 -4.663153207291571
  endloop
endfacet
facet normal 0.0 0.022838537053702847 -0.9997391665955909
  outer loop
    vertex 4.524829550895072 27.49105635048968 -4.673288700035059
    vertex 53.52482955089507 27.934729649028174 -4.663153207291571
    vertex 53.52482955089507 27.49105635048968 -4.673288700035059
  endloop
endfacet
facet normal -0.0 -0.23669120367503016 -0.9715849289191685
  outer loop
    vertex 53.52482955089507 27.49105635048968 -4.673288700035059
    vertex 4.524829550895072 27.05987759444297 -4.568247734772938
    vertex 4.524829550895072 27.49105635048968 -4.673288700035059
  endloop
endfacet
facet normal -0.0 -0.23669120367503016 -0.9715849289191685
  outer loop
    vertex 4.524829550895072 27.05987759444297 -4.568247734772938
    vertex 53.52482955089507 27.49105635048968 -4.673288700035059
    vertex 53.52482955089507 27.05987759444297 -4.568247734772938
  endloop
endfacet
facet normal -0.0 -0.48009083002401864 -0.8772187839569151
  outer loop
    vertex 53.52482955089507 27.05987759444297 -4.568247734772938
    vertex 4.524829550895072 26.67057750055605 -4.355188679699422
    vertex 4.524829550895072 27.05987759444297 -4.568247734772938
  endloop
endfacet
facet normal -0.0 -0.48009083002401864 -0.8772187839569151
  outer loop
    vertex 4.524829550895072 26.67057750055605 -4.355188679699422
    vertex 53.52482955089507 27.05987759444297 -4.568247734772938
    vertex 53.52482955089507 26.67057750055605 -4.355188679699422
  endloop
endfacet
facet normal -0.0 -0.6907730596944756 -0.7230716285405843
  outer loop
    vertex 53.52482955089507 26.67057750055605 -4.355188679699422
    vertex 4.524829550895072 26.349686226878486 -4.048631157321033
    vertex 4.524829550895072 26.67057750055605 -4.355188679699422
  endloop
endfacet
facet normal -0.0 -0.6907730596944756 -0.7230716285405843
  outer loop
    vertex 4.524829550895072 26.349686226878486 -4.048631157321033
    vertex 53.52482955089507 26.67057750055605 -4.355188679699422
    vertex 53.52482955089507 26.349686226878486 -4.048631157321033
  endloop
endfacet
facet normal -0.0 -0.8543802469032151 -0.5196483365715716
  outer loop
    vertex 53.52482955089507 26.119071983413505 -3.6694665561775994
    vertex 4.524829550895072 26.349686226878486 -4.048631157321033
    vertex 53.52482955089507 26.349686226878486 -4.048631157321033
  endloop
endfacet
facet normal -0.0 -0.8543802469032151 -0.5196483365715716
  outer loop
    vertex 4.524829550895072 26.349686226878486 -4.048631157321033
    vertex 53.52482955089507 26.119071983413505 -3.6694665561775994
    vertex 4.524829550895072 26.119071983413505 -3.6694665561775994
  endloop
endfacet
facet normal 0.0 -0.9597628322156129 -0.2808118692246924
  outer loop
    vertex 53.52482955089507 25.994450749745184 -3.2435343172379167
    vertex 4.524829550895072 26.119071983413505 -3.6694665561775994
    vertex 53.52482955089507 26.119071983413505 -3.6694665561775994
  endloop
endfacet
facet normal 0.0 -0.9597628322156129 -0.2808118692246924
  outer loop
    vertex 4.524829550895072 26.119071983413505 -3.6694665561775994
    vertex 53.52482955089507 25.994450749745184 -3.2435343172379167
    vertex 4.524829550895072 25.994450749745184 -3.2435343172379167
  endloop
endfacet
facet normal 0.0 0.9986546630144704 -0.05185425767914315
  outer loop
    vertex 4.524829550895072 32.75797328145447 -2.554975466902986
    vertex 53.52482955089507 32.7395791228715 -2.9092262664183353
    vertex 4.524829550895072 32.7395791228715 -2.9092262664183353
  endloop
endfacet
facet normal 0.0 0.9986546630144704 -0.05185425767914315
  outer loop
    vertex 53.52482955089507 32.7395791228715 -2.9092262664183353
    vertex 4.524829550895072 32.75797328145447 -2.554975466902986
    vertex 53.52482955089507 32.75797328145447 -2.554975466902986
  endloop
endfacet
facet normal 0.0 0.9608922259735757 -0.2769226066314324
  outer loop
    vertex 4.524829550895072 32.7395791228715 -2.9092262664183353
    vertex 53.52482955089507 32.61668390136844 -3.335659717944948
    vertex 4.524829550895072 32.61668390136844 -3.335659717944948
  endloop
endfacet
facet normal 0.0 0.9608922259735757 -0.2769226066314324
  outer loop
    vertex 53.52482955089507 32.61668390136844 -3.335659717944948
    vertex 4.524829550895072 32.7395791228715 -2.9092262664183353
    vertex 53.52482955089507 32.7395791228715 -2.9092262664183353
  endloop
endfacet
facet normal 0.0 0.8564777727326259 -0.5161839060014953
  outer loop
    vertex 4.524829550895072 32.61668390136844 -3.335659717944948
    vertex 53.52482955089507 32.387607134267235 -3.715755178091009
    vertex 4.524829550895072 32.387607134267235 -3.715755178091009
  endloop
endfacet
facet normal 0.0 0.8564777727326259 -0.5161839060014953
  outer loop
    vertex 53.52482955089507 32.387607134267235 -3.715755178091009
    vertex 4.524829550895072 32.61668390136844 -3.335659717944948
    vertex 53.52482955089507 32.61668390136844 -3.335659717944948
  endloop
endfacet
facet normal 0.0 0.6936957746763853 -0.7202681252118059
  outer loop
    vertex 53.52482955089507 32.387607134267235 -3.715755178091009
    vertex 4.524829550895072 32.06796002467857 -4.023609769385011
    vertex 4.524829550895072 32.387607134267235 -3.715755178091009
  endloop
endfacet
facet normal 0.0 0.6936957746763853 -0.7202681252118059
  outer loop
    vertex 4.524829550895072 32.06796002467857 -4.023609769385011
    vertex 53.52482955089507 32.387607134267235 -3.715755178091009
    vertex 53.52482955089507 32.06796002467857 -4.023609769385011
  endloop
endfacet
facet normal 0.0 0.48363955596241665 -0.8752672619882893
  outer loop
    vertex 53.52482955089507 32.06796002467857 -4.023609769385011
    vertex 4.524829550895072 31.67952599487908 -4.238243710184033
    vertex 4.524829550895072 32.06796002467857 -4.023609769385011
  endloop
endfacet
facet normal 0.0 0.48363955596241665 -0.8752672619882893
  outer loop
    vertex 4.524829550895072 31.67952599487908 -4.238243710184033
    vertex 53.52482955089507 32.06796002467857 -4.023609769385011
    vertex 53.52482955089507 31.67952599487908 -4.238243710184033
  endloop
endfacet
facet normal 0.0 0.24062410076177124 -0.9706183813078079
  outer loop
    vertex 53.52482955089507 31.67952599487908 -4.238243710184033
    vertex 4.524829550895072 31.248776182082025 -4.34503005212198
    vertex 4.524829550895072 31.67952599487908 -4.238243710184033
  endloop
endfacet
facet normal 0.0 0.24062410076177124 -0.9706183813078079
  outer loop
    vertex 4.524829550895072 31.248776182082025 -4.34503005212198
    vertex 53.52482955089507 31.67952599487908 -4.238243710184033
    vertex 53.52482955089507 31.248776182082025 -4.34503005212198
  endloop
endfacet
facet normal -0.0 -0.018789489255662272 -0.9998234619639167
  outer loop
    vertex 53.52482955089507 31.248776182082025 -4.34503005212198
    vertex 4.524829550895072 30.8050654741818 -4.336691482468556
    vertex 4.524829550895072 31.248776182082025 -4.34503005212198
  endloop
endfacet
facet normal -0.0 -0.018789489255662272 -0.9998234619639167
  outer loop
    vertex 4.524829550895072 30.8050654741818 -4.336691482468556
    vertex 53.52482955089507 31.248776182082025 -4.34503005212198
    vertex 53.52482955089507 30.8050654741818 -4.336691482468556
  endloop
endfacet
facet normal -0.0 -0.27692260663142554 -0.9608922259735777
  outer loop
    vertex 53.52482955089507 30.8050654741818 -4.336691482468556
    vertex 4.524829550895072 30.378632022655186 -4.213796260965502
    vertex 4.524829550895072 30.8050654741818 -4.336691482468556
  endloop
endfacet
facet normal -0.0 -0.27692260663142554 -0.9608922259735777
  outer loop
    vertex 4.524829550895072 30.378632022655186 -4.213796260965502
    vertex 53.52482955089507 30.8050654741818 -4.336691482468556
    vertex 53.52482955089507 30.378632022655186 -4.213796260965502
  endloop
endfacet
facet normal -0.0 -0.5161839060014972 -0.8564777727326249
  outer loop
    vertex 53.52482955089507 30.378632022655186 -4.213796260965502
    vertex 4.524829550895072 29.998536562509123 -3.9847194938642976
    vertex 4.524829550895072 30.378632022655186 -4.213796260965502
  endloop
endfacet
facet normal -0.0 -0.5161839060014972 -0.8564777727326249
  outer loop
    vertex 4.524829550895072 29.998536562509123 -3.9847194938642976
    vertex 53.52482955089507 30.378632022655186 -4.213796260965502
    vertex 53.52482955089507 29.998536562509123 -3.9847194938642976
  endloop
endfacet
facet normal -0.0 -0.7202681252118075 -0.6936957746763837
  outer loop
    vertex 53.52482955089507 29.690681971215124 -3.6650723842756308
    vertex 4.524829550895072 29.998536562509123 -3.9847194938642976
    vertex 53.52482955089507 29.998536562509123 -3.9847194938642976
  endloop
endfacet
facet normal -0.0 -0.7202681252118075 -0.6936957746763837
  outer loop
    vertex 4.524829550895072 29.998536562509123 -3.9847194938642976
    vertex 53.52482955089507 29.690681971215124 -3.6650723842756308
    vertex 4.524829550895072 29.690681971215124 -3.6650723842756308
  endloop
endfacet
facet normal -0.0 -0.8752672619882848 -0.4836395559624247
  outer loop
    vertex 53.52482955089507 29.4760480304161 -3.276638354476145
    vertex 4.524829550895072 29.690681971215124 -3.6650723842756308
    vertex 53.52482955089507 29.690681971215124 -3.6650723842756308
  endloop
endfacet
facet normal -0.0 -0.8752672619882848 -0.4836395559624247
  outer loop
    vertex 4.524829550895072 29.690681971215124 -3.6650723842756308
    vertex 53.52482955089507 29.4760480304161 -3.276638354476145
    vertex 4.524829550895072 29.4760480304161 -3.276638354476145
  endloop
endfacet
facet normal 0.0 -0.9706183813078089 -0.2406241007617675
  outer loop
    vertex 53.52482955089507 29.369261688478154 -2.8458885416790913
    vertex 4.524829550895072 29.4760480304161 -3.276638354476145
    vertex 53.52482955089507 29.4760480304161 -3.276638354476145
  endloop
endfacet
facet normal 0.0 -0.9706183813078089 -0.2406241007617675
  outer loop
    vertex 4.524829550895072 29.4760480304161 -3.276638354476145
    vertex 53.52482955089507 29.369261688478154 -2.8458885416790913
    vertex 4.524829550895072 29.369261688478154 -2.8458885416790913
  endloop
endfacet
facet normal 0.0 0.9999958048612005 0.00289659455222884
  outer loop
    vertex 4.524829550895072 32.75778873275025 -2.4912634331067878
    vertex 53.52482955089507 32.75797328145447 -2.554975466902986
    vertex 4.524829550895072 32.75797328145447 -2.554975466902986
  endloop
endfacet
facet normal 0.0 0.9999958048612005 0.00289659455222884
  outer loop
    vertex 53.52482955089507 32.75797328145447 -2.554975466902986
    vertex 4.524829550895072 32.75778873275025 -2.4912634331067878
    vertex 53.52482955089507 32.75778873275025 -2.4912634331067878
  endloop
endfacet
facet normal 0.0 0.26161585480698213 -0.9651720802601016
  outer loop
    vertex 53.52482955089507 35.097888219928336 -3.8969039901110527
    vertex 4.524829550895072 34.66955541591859 -4.01300624270904
    vertex 4.524829550895072 35.097888219928336 -3.8969039901110527
  endloop
endfacet
facet normal 0.0 0.26161585480698213 -0.9651720802601016
  outer loop
    vertex 4.524829550895072 34.66955541591859 -4.01300624270904
    vertex 53.52482955089507 35.097888219928336 -3.8969039901110527
    vertex 53.52482955089507 34.66955541591859 -4.01300624270904
  endloop
endfacet
facet normal 0.0 0.0028965945522214996 -0.9999958048612004
  outer loop
    vertex 53.52482955089507 34.66955541591859 -4.01300624270904
    vertex 4.524829550895072 34.22576822412709 -4.014291719663883
    vertex 4.524829550895072 34.66955541591859 -4.01300624270904
  endloop
endfacet
facet normal 0.0 0.0028965945522214996 -0.9999958048612004
  outer loop
    vertex 4.524829550895072 34.22576822412709 -4.014291719663883
    vertex 53.52482955089507 34.66955541591859 -4.01300624270904
    vertex 53.52482955089507 34.22576822412709 -4.014291719663883
  endloop
endfacet
facet normal -0.0 -0.25602006383442344 -0.9666714679322121
  outer loop
    vertex 53.52482955089507 34.22576822412709 -4.014291719663883
    vertex 4.524829550895072 33.79677000828143 -3.900672817845462
    vertex 4.524829550895072 34.22576822412709 -4.014291719663883
  endloop
endfacet
facet normal -0.0 -0.25602006383442344 -0.9666714679322121
  outer loop
    vertex 4.524829550895072 33.79677000828143 -3.900672817845462
    vertex 53.52482955089507 34.22576822412709 -4.014291719663883
    vertex 53.52482955089507 33.79677000828143 -3.900672817845462
  endloop
endfacet
facet normal -0.0 -0.4974893779639094 -0.8674700679637786
  outer loop
    vertex 53.52482955089507 33.79677000828143 -3.900672817845462
    vertex 4.524829550895072 33.411796287838406 -3.679892477648587
    vertex 4.524829550895072 33.79677000828143 -3.900672817845462
  endloop
endfacet
facet normal -0.0 -0.4974893779639094 -0.8674700679637786
  outer loop
    vertex 4.524829550895072 33.411796287838406 -3.679892477648587
    vertex 53.52482955089507 33.79677000828143 -3.900672817845462
    vertex 53.52482955089507 33.411796287838406 -3.679892477648587
  endloop
endfacet
facet normal -0.0 -0.7050556131252271 -0.7091520164256817
  outer loop
    vertex 53.52482955089507 33.411796287838406 -3.679892477648587
    vertex 4.524829550895072 33.09708238564707 -3.3669965144009124
    vertex 4.524829550895072 33.411796287838406 -3.679892477648587
  endloop
endfacet
facet normal -0.0 -0.7050556131252271 -0.7091520164256817
  outer loop
    vertex 4.524829550895072 33.09708238564707 -3.3669965144009124
    vertex 53.52482955089507 33.411796287838406 -3.679892477648587
    vertex 53.52482955089507 33.09708238564707 -3.3669965144009124
  endloop
endfacet
facet normal -0.0 -0.8645734734115571 -0.5025064268972845
  outer loop
    vertex 53.52482955089507 32.87407553405245 -2.9833082709127394
    vertex 4.524829550895072 33.09708238564707 -3.3669965144009124
    vertex 53.52482955089507 33.09708238564707 -3.3669965144009124
  endloop
endfacet
facet normal -0.0 -0.8645734734115571 -0.5025064268972845
  outer loop
    vertex 4.524829550895072 33.09708238564707 -3.3669965144009124
    vertex 53.52482955089507 32.87407553405245 -2.9833082709127394
    vertex 4.524829550895072 32.87407553405245 -2.9833082709127394
  endloop
endfacet
facet normal 0.0 -0.9651720802601028 -0.26161585480697813
  outer loop
    vertex 53.52482955089507 32.75797328145447 -2.554975466902986
    vertex 4.524829550895072 32.87407553405245 -2.9833082709127394
    vertex 53.52482955089507 32.87407553405245 -2.9833082709127394
  endloop
endfacet
facet normal 0.0 -0.9651720802601028 -0.26161585480697813
  outer loop
    vertex 4.524829550895072 32.87407553405245 -2.9833082709127394
    vertex 53.52482955089507 32.75797328145447 -2.554975466902986
    vertex 4.524829550895072 32.75797328145447 -2.554975466902986
  endloop
endfacet
facet normal 0.0 0.8836992395438668 -0.46805518267570945
  outer loop
    vertex 4.524829550895072 39.420265085019274 -2.5934960401755607
    vertex 53.52482955089507 39.2125473184913 -2.9856720893139763
    vertex 4.524829550895072 39.2125473184913 -2.9856720893139763
  endloop
endfacet
facet normal 0.0 0.8836992395438668 -0.46805518267570945
  outer loop
    vertex 53.52482955089507 39.2125473184913 -2.9856720893139763
    vertex 4.524829550895072 39.420265085019274 -2.5934960401755607
    vertex 53.52482955089507 39.420265085019274 -2.5934960401755607
  endloop
endfacet
facet normal 0.0 0.7324463227120231 -0.680824782411477
  outer loop
    vertex 4.524829550895072 39.2125473184913 -2.9856720893139763
    vertex 53.52482955089507 38.910404732672774 -3.310723749645186
    vertex 4.524829550895072 38.910404732672774 -3.310723749645186
  endloop
endfacet
facet normal 0.0 0.7324463227120231 -0.680824782411477
  outer loop
    vertex 53.52482955089507 38.910404732672774 -3.310723749645186
    vertex 4.524829550895072 39.2125473184913 -2.9856720893139763
    vertex 53.52482955089507 39.2125473184913 -2.9856720893139763
  endloop
endfacet
facet normal 0.0 0.5312783994121276 -0.8471972983420615
  outer loop
    vertex 53.52482955089507 38.910404732672774 -3.310723749645186
    vertex 4.524829550895072 38.534427845472976 -3.5464992876908834
    vertex 4.524829550895072 38.910404732672774 -3.310723749645186
  endloop
endfacet
facet normal 0.0 0.5312783994121276 -0.8471972983420615
  outer loop
    vertex 4.524829550895072 38.534427845472976 -3.5464992876908834
    vertex 53.52482955089507 38.910404732672774 -3.310723749645186
    vertex 53.52482955089507 38.534427845472976 -3.5464992876908834
  endloop
endfacet
facet normal 0.0 0.2939047311713629 -0.9558347184503653
  outer loop
    vertex 53.52482955089507 38.534427845472976 -3.5464992876908834
    vertex 4.524829550895072 38.1102388604234 -3.6769309901707543
    vertex 4.524829550895072 38.534427845472976 -3.5464992876908834
  endloop
endfacet
facet normal 0.0 0.2939047311713629 -0.9558347184503653
  outer loop
    vertex 4.524829550895072 38.1102388604234 -3.6769309901707543
    vertex 53.52482955089507 38.534427845472976 -3.5464992876908834
    vertex 53.52482955089507 38.1102388604234 -3.6769309901707543
  endloop
endfacet
facet normal 0.0 0.03650194120180801 -0.9993335820878331
  outer loop
    vertex 53.52482955089507 38.1102388604234 -3.6769309901707543
    vertex 4.524829550895072 37.66674555584974 -3.693130152109376
    vertex 4.524829550895072 38.1102388604234 -3.6769309901707543
  endloop
endfacet
facet normal 0.0 0.03650194120180801 -0.9993335820878331
  outer loop
    vertex 4.524829550895072 37.66674555584974 -3.693130152109376
    vertex 53.52482955089507 38.1102388604234 -3.6769309901707543
    vertex 53.52482955089507 37.66674555584974 -3.693130152109376
  endloop
endfacet
facet normal 0.0 -0.9962371788495148 -0.08666881491032377
  outer loop
    vertex 53.52482955089507 39.53346205015591 -1.8355531120675306
    vertex 4.524829550895072 39.551276970580375 -2.0403313368933786
    vertex 53.52482955089507 39.551276970580375 -2.0403313368933786
  endloop
endfacet
facet normal 0.0 -0.9962371788495148 -0.08666881491032377
  outer loop
    vertex 4.524829550895072 39.551276970580375 -2.0403313368933786
    vertex 53.52482955089507 39.53346205015591 -1.8355531120675306
    vertex 4.524829550895072 39.53346205015591 -1.8355531120675306
  endloop
endfacet
facet normal 0.0 0.9962371788495157 0.08666881491031511
  outer loop
    vertex 4.524829550895072 42.88885760737528 -1.5108374129817856
    vertex 53.52482955089507 42.90950535829201 -1.7481783428671012
    vertex 4.524829550895072 42.90950535829201 -1.7481783428671012
  endloop
endfacet
facet normal 0.0 0.9962371788495157 0.08666881491031511
  outer loop
    vertex 53.52482955089507 42.90950535829201 -1.7481783428671012
    vertex 4.524829550895072 42.88885760737528 -1.5108374129817856
    vertex 53.52482955089507 42.88885760737528 -1.5108374129817856
  endloop
endfacet
facet normal 0.0 0.9847227600753643 -0.17412950866971605
  outer loop
    vertex 4.524829550895072 42.90950535829201 -1.7481783428671012
    vertex 53.52482955089507 42.832228588444664 -2.185187524568294
    vertex 4.524829550895072 42.832228588444664 -2.185187524568294
  endloop
endfacet
facet normal 0.0 0.9847227600753643 -0.17412950866971605
  outer loop
    vertex 53.52482955089507 42.832228588444664 -2.185187524568294
    vertex 4.524829550895072 42.90950535829201 -1.7481783428671012
    vertex 53.52482955089507 42.90950535829201 -1.7481783428671012
  endloop
endfacet
facet normal 0.0 0.9061011125333859 -0.4230611939965191
  outer loop
    vertex 4.524829550895072 42.832228588444664 -2.185187524568294
    vertex 53.52482955089507 42.644478661567994 -2.5873052797184335
    vertex 4.524829550895072 42.644478661567994 -2.5873052797184335
  endloop
endfacet
facet normal 0.0 0.9061011125333859 -0.4230611939965191
  outer loop
    vertex 53.52482955089507 42.644478661567994 -2.5873052797184335
    vertex 4.524829550895072 42.832228588444664 -2.185187524568294
    vertex 53.52482955089507 42.832228588444664 -2.185187524568294
  endloop
endfacet
facet normal 0.0 0.7657301715751397 -0.6431619580941547
  outer loop
    vertex 4.524829550895072 42.644478661567994 -2.5873052797184335
    vertex 53.52482955089507 42.359050424907196 -2.9271279478350465
    vertex 4.524829550895072 42.359050424907196 -2.9271279478350465
  endloop
endfacet
facet normal 0.0 0.7657301715751397 -0.6431619580941547
  outer loop
    vertex 53.52482955089507 42.359050424907196 -2.9271279478350465
    vertex 4.524829550895072 42.644478661567994 -2.5873052797184335
    vertex 53.52482955089507 42.644478661567994 -2.5873052797184335
  endloop
endfacet
facet normal 0.0 0.5731759848529907 -0.8194322976230581
  outer loop
    vertex 53.52482955089507 42.359050424907196 -2.9271279478350465
    vertex 4.524829550895072 41.99539534109825 -3.1814971756694983
    vertex 4.524829550895072 42.359050424907196 -2.9271279478350465
  endloop
endfacet
facet normal 0.0 0.5731759848529907 -0.8194322976230581
  outer loop
    vertex 4.524829550895072 41.99539534109825 -3.1814971756694983
    vertex 53.52482955089507 42.359050424907196 -2.9271279478350465
    vertex 53.52482955089507 41.99539534109825 -3.1814971756694983
  endloop
endfacet
facet normal 0.0 0.34156080198120936 -0.9398596802448508
  outer loop
    vertex 53.52482955089507 41.99539534109825 -3.1814971756694983
    vertex 4.524829550895072 41.5782959031343 -3.333078120709895
    vertex 4.524829550895072 41.99539534109825 -3.1814971756694983
  endloop
endfacet
facet normal 0.0 0.34156080198120936 -0.9398596802448508
  outer loop
    vertex 4.524829550895072 41.5782959031343 -3.333078120709895
    vertex 53.52482955089507 41.99539534109825 -3.1814971756694983
    vertex 53.52482955089507 41.5782959031343 -3.333078120709895
  endloop
endfacet
facet normal 0.0 0.08666881491032583 -0.9962371788495146
  outer loop
    vertex 53.52482955089507 41.5782959031343 -3.333078120709895
    vertex 4.524829550895072 41.13617674842317 -3.3715407920510905
    vertex 4.524829550895072 41.5782959031343 -3.333078120709895
  endloop
endfacet
facet normal 0.0 0.08666881491032583 -0.9962371788495146
  outer loop
    vertex 4.524829550895072 41.13617674842317 -3.3715407920510905
    vertex 53.52482955089507 41.5782959031343 -3.333078120709895
    vertex 53.52482955089507 41.13617674842317 -3.3715407920510905
  endloop
endfacet
facet normal -0.0 -0.1741295086697109 -0.9847227600753652
  outer loop
    vertex 53.52482955089507 41.13617674842317 -3.3715407920510905
    vertex 4.524829550895072 40.699167566721975 -3.2942640222037505
    vertex 4.524829550895072 41.13617674842317 -3.3715407920510905
  endloop
endfacet
facet normal -0.0 -0.1741295086697109 -0.9847227600753652
  outer loop
    vertex 4.524829550895072 40.699167566721975 -3.2942640222037505
    vertex 53.52482955089507 41.13617674842317 -3.3715407920510905
    vertex 53.52482955089507 40.699167566721975 -3.2942640222037505
  endloop
endfacet
facet normal -0.0 -0.4230611939965241 -0.9061011125333838
  outer loop
    vertex 53.52482955089507 40.699167566721975 -3.2942640222037505
    vertex 4.524829550895072 40.29704981157184 -3.1065140953270722
    vertex 4.524829550895072 40.699167566721975 -3.2942640222037505
  endloop
endfacet
facet normal -0.0 -0.4230611939965241 -0.9061011125333838
  outer loop
    vertex 4.524829550895072 40.29704981157184 -3.1065140953270722
    vertex 53.52482955089507 40.699167566721975 -3.2942640222037505
    vertex 53.52482955089507 40.29704981157184 -3.1065140953270722
  endloop
endfacet
facet normal -0.0 -0.6431619580941572 -0.7657301715751378
  outer loop
    vertex 53.52482955089507 40.29704981157184 -3.1065140953270722
    vertex 4.524829550895072 39.95722714345522 -2.821085858666276
    vertex 4.524829550895072 40.29704981157184 -3.1065140953270722
  endloop
endfacet
facet normal -0.0 -0.6431619580941572 -0.7657301715751378
  outer loop
    vertex 4.524829550895072 39.95722714345522 -2.821085858666276
    vertex 53.52482955089507 40.29704981157184 -3.1065140953270722
    vertex 53.52482955089507 39.95722714345522 -2.821085858666276
  endloop
endfacet
facet normal -0.0 -0.8194322976230574 -0.5731759848529921
  outer loop
    vertex 53.52482955089507 39.70285791562077 -2.4574307748573316
    vertex 4.524829550895072 39.95722714345522 -2.821085858666276
    vertex 53.52482955089507 39.95722714345522 -2.821085858666276
  endloop
endfacet
facet normal -0.0 -0.8194322976230574 -0.5731759848529921
  outer loop
    vertex 4.524829550895072 39.95722714345522 -2.821085858666276
    vertex 53.52482955089507 39.70285791562077 -2.4574307748573316
    vertex 4.524829550895072 39.70285791562077 -2.4574307748573316
  endloop
endfacet
facet normal -0.0 -0.9398596802448496 -0.3415608019812127
  outer loop
    vertex 53.52482955089507 39.551276970580375 -2.0403313368933786
    vertex 4.524829550895072 39.70285791562077 -2.4574307748573316
    vertex 53.52482955089507 39.70285791562077 -2.4574307748573316
  endloop
endfacet
facet normal -0.0 -0.9398596802448496 -0.3415608019812127
  outer loop
    vertex 4.524829550895072 39.70285791562077 -2.4574307748573316
    vertex 53.52482955089507 39.551276970580375 -2.0403313368933786
    vertex 4.524829550895072 39.551276970580375 -2.0403313368933786
  endloop
endfacet
facet normal -1.0 0.0 0.0
  outer loop
    vertex 4.524829550895072 42.88885760737528 -1.5108374129817856
    vertex 4.524829550895072 39.551276970580375 -2.0403313368933786
    vertex 4.524829550895072 39.53346205015591 -1.8355531120675306
  endloop
endfacet
facet normal -1.0 0.0 0.0
  outer loop
    vertex 4.524829550895072 39.551276970580375 -2.0403313368933786
    vertex 4.524829550895072 42.88885760737528 -1.5108374129817856
    vertex 4.524829550895072 39.70285791562077 -2.4574307748573316
  endloop
endfacet
facet normal -1.0 0.0 0.0
  outer loop
    vertex 4.524829550895072 39.70285791562077 -2.4574307748573316
    vertex 4.524829550895072 42.88885760737528 -1.5108374129817856
    vertex 4.524829550895072 39.95722714345522 -2.821085858666276
  endloop
endfacet
facet normal -1.0 0.0 0.0
  outer loop
    vertex 4.524829550895072 39.95722714345522 -2.821085858666276
    vertex 4.524829550895072 42.88885760737528 -1.5108374129817856
    vertex 4.524829550895072 40.29704981157184 -3.1065140953270722
  endloop
endfacet
facet normal -1.0 0.0 0.0
  outer loop
    vertex 4.524829550895072 40.29704981157184 -3.1065140953270722
    vertex 4.524829550895072 42.88885760737528 -1.5108374129817856
    vertex 4.524829550895072 40.699167566721975 -3.2942640222037505
  endloop
endfacet
facet normal -1.0 0.0 0.0
  outer loop
    vertex 4.524829550895072 40.699167566721975 -3.2942640222037505
    vertex 4.524829550895072 42.88885760737528 -1.5108374129817856
    vertex 4.524829550895072 41.13617674842317 -3.3715407920510905
  endloop
endfacet
facet normal -1.0 0.0 0.0
  outer loop
    vertex 4.524829550895072 41.13617674842317 -3.3715407920510905
    vertex 4.524829550895072 42.88885760737528 -1.5108374129817856
    vertex 4.524829550895072 41.5782959031343 -3.333078120709895
  endloop
endfacet
facet normal -1.0 0.0 0.0
  outer loop
    vertex 4.524829550895072 41.5782959031343 -3.333078120709895
    vertex 4.524829550895072 42.88885760737528 -1.5108374129817856
    vertex 4.524829550895072 41.99539534109825 -3.1814971756694983
  endloop
endfacet
facet normal -1.0 0.0 0.0
  outer loop
    vertex 4.524829550895072 41.99539534109825 -3.1814971756694983
    vertex 4.524829550895072 42.88885760737528 -1.5108374129817856
    vertex 4.524829550895072 42.359050424907196 -2.9271279478350465
  endloop
endfacet
facet normal -1.0 0.0 0.0
  outer loop
    vertex 4.524829550895072 42.359050424907196 -2.9271279478350465
    vertex 4.524829550895072 42.88885760737528 -1.5108374129817856
    vertex 4.524829550895072 42.644478661567994 -2.5873052797184335
  endloop
endfacet
facet normal -1.0 0.0 0.0
  outer loop
    vertex 4.524829550895072 42.644478661567994 -2.5873052797184335
    vertex 4.524829550895072 42.88885760737528 -1.5108374129817856
    vertex 4.524829550895072 42.832228588444664 -2.185187524568294
  endloop
endfacet
facet normal -1.0 0.0 0.0
  outer loop
    vertex 4.524829550895072 42.832228588444664 -2.185187524568294
    vertex 4.524829550895072 42.88885760737528 -1.5108374129817856
    vertex 4.524829550895072 42.90950535829201 -1.7481783428671012
  endloop
endfacet
facet normal -1.0 0.0 0.0
  outer loop
    vertex 4.524829550895072 39.507609287117624 -1.838054992361558
    vertex 4.524829550895072 32.75797328145447 -2.554975466902986
    vertex 4.524829550895072 32.75778873275025 -2.4912634331067878
  endloop
endfacet
facet normal -1.0 0.0 0.0
  outer loop
    vertex 4.524829550895072 32.75797328145447 -2.554975466902986
    vertex 4.524829550895072 39.507609287117624 -1.838054992361558
    vertex 4.524829550895072 36.15073631755614 -2.2839666027951395
  endloop
endfacet
facet normal -1.0 0.0 0.0
  outer loop
    vertex 4.524829550895072 32.75797328145447 -2.554975466902986
    vertex 4.524829550895072 36.15073631755614 -2.2839666027951395
    vertex 4.524829550895072 32.87407553405245 -2.9833082709127394
  endloop
endfacet
facet normal -1.0 0.0 0.0
  outer loop
    vertex 4.524829550895072 32.87407553405245 -2.9833082709127394
    vertex 4.524829550895072 36.15073631755614 -2.2839666027951395
    vertex 4.524829550895072 33.09708238564707 -3.3669965144009124
  endloop
endfacet
facet normal -1.0 0.0 0.0
  outer loop
    vertex 4.524829550895072 33.09708238564707 -3.3669965144009124
    vertex 4.524829550895072 36.15073631755614 -2.2839666027951395
    vertex 4.524829550895072 33.411796287838406 -3.679892477648587
  endloop
endfacet
facet normal -1.0 0.0 0.0
  outer loop
    vertex 4.524829550895072 33.411796287838406 -3.679892477648587
    vertex 4.524829550895072 36.15073631755614 -2.2839666027951395
    vertex 4.524829550895072 33.79677000828143 -3.900672817845462
  endloop
endfacet
facet normal -1.0 0.0 0.0
  outer loop
    vertex 4.524829550895072 33.79677000828143 -3.900672817845462
    vertex 4.524829550895072 36.15073631755614 -2.2839666027951395
    vertex 4.524829550895072 34.22576822412709 -4.014291719663883
  endloop
endfacet
facet normal -1.0 0.0 0.0
  outer loop
    vertex 4.524829550895072 34.22576822412709 -4.014291719663883
    vertex 4.524829550895072 36.15073631755614 -2.2839666027951395
    vertex 4.524829550895072 34.66955541591859 -4.01300624270904
  endloop
endfacet
facet normal -1.0 0.0 0.0
  outer loop
    vertex 4.524829550895072 34.66955541591859 -4.01300624270904
    vertex 4.524829550895072 36.15073631755614 -2.2839666027951395
    vertex 4.524829550895072 35.097888219928336 -3.8969039901110527
  endloop
endfacet
facet normal -1.0 0.0 0.0
  outer loop
    vertex 4.524829550895072 35.097888219928336 -3.8969039901110527
    vertex 4.524829550895072 36.15073631755614 -2.2839666027951395
    vertex 4.524829550895072 35.48157646341651 -3.67389713851643
  endloop
endfacet
facet normal -1.0 0.0 0.0
  outer loop
    vertex 4.524829550895072 35.48157646341651 -3.67389713851643
    vertex 4.524829550895072 36.15073631755614 -2.2839666027951395
    vertex 4.524829550895072 35.794472426664186 -3.359183236325096
  endloop
endfacet
facet normal -1.0 0.0 0.0
  outer loop
    vertex 4.524829550895072 35.794472426664186 -3.359183236325096
    vertex 4.524829550895072 36.15073631755614 -2.2839666027951395
    vertex 4.524829550895072 36.01525276686106 -2.9742095158820803
  endloop
endfacet
facet normal -1.0 0.0 0.0
  outer loop
    vertex 4.524829550895072 36.01525276686106 -2.9742095158820803
    vertex 4.524829550895072 36.15073631755614 -2.2839666027951395
    vertex 4.524829550895072 36.12887166867948 -2.5452113000364185
  endloop
endfacet
facet normal -1.0 0.0 0.0
  outer loop
    vertex 4.524829550895072 36.15073631755614 -2.2839666027951395
    vertex 4.524829550895072 39.507609287117624 -1.838054992361558
    vertex 4.524829550895072 36.28116802003601 -2.708155587844713
  endloop
endfacet
facet normal -1.0 0.0 0.0
  outer loop
    vertex 4.524829550895072 36.28116802003601 -2.708155587844713
    vertex 4.524829550895072 39.507609287117624 -1.838054992361558
    vertex 4.524829550895072 36.51694355808171 -3.084132475044508
  endloop
endfacet
facet normal -1.0 0.0 0.0
  outer loop
    vertex 4.524829550895072 36.51694355808171 -3.084132475044508
    vertex 4.524829550895072 39.507609287117624 -1.838054992361558
    vertex 4.524829550895072 36.84199521841292 -3.3862750608630408
  endloop
endfacet
facet normal -1.0 0.0 0.0
  outer loop
    vertex 4.524829550895072 36.84199521841292 -3.3862750608630408
    vertex 4.524829550895072 39.507609287117624 -1.838054992361558
    vertex 4.524829550895072 37.23417126755133 -3.5939928273910104
  endloop
endfacet
facet normal -1.0 0.0 0.0
  outer loop
    vertex 4.524829550895072 37.23417126755133 -3.5939928273910104
    vertex 4.524829550895072 39.507609287117624 -1.838054992361558
    vertex 4.524829550895072 37.66674555584974 -3.693130152109376
  endloop
endfacet
facet normal -1.0 0.0 0.0
  outer loop
    vertex 4.524829550895072 37.66674555584974 -3.693130152109376
    vertex 4.524829550895072 39.507609287117624 -1.838054992361558
    vertex 4.524829550895072 38.1102388604234 -3.6769309901707543
  endloop
endfacet
facet normal -1.0 0.0 0.0
  outer loop
    vertex 4.524829550895072 38.1102388604234 -3.6769309901707543
    vertex 4.524829550895072 39.507609287117624 -1.838054992361558
    vertex 4.524829550895072 38.534427845472976 -3.5464992876908834
  endloop
endfacet
facet normal -1.0 0.0 0.0
  outer loop
    vertex 4.524829550895072 38.534427845472976 -3.5464992876908834
    vertex 4.524829550895072 39.507609287117624 -1.838054992361558
    vertex 4.524829550895072 38.910404732672774 -3.310723749645186
  endloop
endfacet
facet normal -1.0 0.0 0.0
  outer loop
    vertex 4.524829550895072 38.910404732672774 -3.310723749645186
    vertex 4.524829550895072 39.507609287117624 -1.838054992361558
    vertex 4.524829550895072 39.2125473184913 -2.9856720893139763
  endloop
endfacet
facet normal -1.0 0.0 0.0
  outer loop
    vertex 4.524829550895072 39.2125473184913 -2.9856720893139763
    vertex 4.524829550895072 39.507609287117624 -1.838054992361558
    vertex 4.524829550895072 39.420265085019274 -2.5934960401755607
  endloop
endfacet
facet normal -1.0 0.0 0.0
  outer loop
    vertex 4.524829550895072 39.420265085019274 -2.5934960401755607
    vertex 4.524829550895072 39.507609287117624 -1.838054992361558
    vertex 4.524829550895072 39.51940240973764 -2.160921751877157
  endloop
endfacet
facet normal -1.0 0.0 0.0
  outer loop
    vertex 4.524829550895072 22.59817229167665 -3.4750530168755938
    vertex 4.524829550895072 25.994450749745184 -3.2435343172379167
    vertex 4.524829550895072 22.69836305390274 -3.9073845276560837
  endloop
endfacet
facet normal -1.0 0.0 0.0
  outer loop
    vertex 4.524829550895072 25.994450749745184 -3.2435343172379167
    vertex 4.524829550895072 22.59817229167665 -3.4750530168755938
    vertex 4.524829550895072 29.035879870853375 -2.8516682959584827
  endloop
endfacet
facet normal -1.0 0.0 0.0
  outer loop
    vertex 4.524829550895072 22.69836305390274 -3.9073845276560837
    vertex 4.524829550895072 25.994450749745184 -3.2435343172379167
    vertex 4.524829550895072 22.907035527480442 -4.299053422030079
  endloop
endfacet
facet normal -1.0 0.0 0.0
  outer loop
    vertex 4.524829550895072 22.907035527480442 -4.299053422030079
    vertex 4.524829550895072 25.994450749745184 -3.2435343172379167
    vertex 4.524829550895072 23.20996902818301 -4.623368112109444
  endloop
endfacet
facet normal -1.0 0.0 0.0
  outer loop
    vertex 4.524829550895072 23.20996902818301 -4.623368112109444
    vertex 4.524829550895072 25.994450749745184 -3.2435343172379167
    vertex 4.524829550895072 23.586519138558838 -4.8582270877206355
  endloop
endfacet
facet normal -1.0 0.0 0.0
  outer loop
    vertex 4.524829550895072 23.586519138558838 -4.8582270877206355
    vertex 4.524829550895072 25.994450749745184 -3.2435343172379167
    vertex 4.524829550895072 24.011024590864288 -4.98762509779856
  endloop
endfacet
facet normal -1.0 0.0 0.0
  outer loop
    vertex 4.524829550895072 24.011024590864288 -4.98762509779856
    vertex 4.524829550895072 25.994450749745184 -3.2435343172379167
    vertex 4.524829550895072 24.454556040053188 -5.002743881796729
  endloop
endfacet
facet normal -1.0 0.0 0.0
  outer loop
    vertex 4.524829550895072 24.454556040053188 -5.002743881796729
    vertex 4.524829550895072 25.994450749745184 -3.2435343172379167
    vertex 4.524829550895072 24.886887550833677 -4.90255311957064
  endloop
endfacet
facet normal -1.0 0.0 0.0
  outer loop
    vertex 4.524829550895072 24.886887550833677 -4.90255311957064
    vertex 4.524829550895072 25.994450749745184 -3.2435343172379167
    vertex 4.524829550895072 25.27855644520767 -4.693880645992936
  endloop
endfacet
facet normal -1.0 0.0 0.0
  outer loop
    vertex 4.524829550895072 25.27855644520767 -4.693880645992936
    vertex 4.524829550895072 25.994450749745184 -3.2435343172379167
    vertex 4.524829550895072 25.602871135287035 -4.3909471452903714
  endloop
endfacet
facet normal -1.0 0.0 0.0
  outer loop
    vertex 4.524829550895072 25.602871135287035 -4.3909471452903714
    vertex 4.524829550895072 25.994450749745184 -3.2435343172379167
    vertex 4.524829550895072 25.837730110898228 -4.014397034914544
  endloop
endfacet
facet normal -1.0 0.0 0.0
  outer loop
    vertex 4.524829550895072 25.837730110898228 -4.014397034914544
    vertex 4.524829550895072 25.994450749745184 -3.2435343172379167
    vertex 4.524829550895072 25.967128120976152 -3.5898915826090896
  endloop
endfacet
facet normal -1.0 0.0 0.0
  outer loop
    vertex 4.524829550895072 25.994450749745184 -3.2435343172379167
    vertex 4.524829550895072 29.035879870853375 -2.8516682959584827
    vertex 4.524829550895072 26.119071983413505 -3.6694665561775994
  endloop
endfacet
facet normal -1.0 0.0 0.0
  outer loop
    vertex 4.524829550895072 26.119071983413505 -3.6694665561775994
    vertex 4.524829550895072 29.035879870853375 -2.8516682959584827
    vertex 4.524829550895072 26.349686226878486 -4.048631157321033
  endloop
endfacet
facet normal -1.0 0.0 0.0
  outer loop
    vertex 4.524829550895072 26.349686226878486 -4.048631157321033
    vertex 4.524829550895072 29.035879870853375 -2.8516682959584827
    vertex 4.524829550895072 26.67057750055605 -4.355188679699422
  endloop
endfacet
facet normal -1.0 0.0 0.0
  outer loop
    vertex 4.524829550895072 26.67057750055605 -4.355188679699422
    vertex 4.524829550895072 29.035879870853375 -2.8516682959584827
    vertex 4.524829550895072 27.05987759444297 -4.568247734772938
  endloop
endfacet
facet normal -1.0 0.0 0.0
  outer loop
    vertex 4.524829550895072 27.05987759444297 -4.568247734772938
    vertex 4.524829550895072 29.035879870853375 -2.8516682959584827
    vertex 4.524829550895072 27.49105635048968 -4.673288700035059
  endloop
endfacet
facet normal -1.0 0.0 0.0
  outer loop
    vertex 4.524829550895072 27.49105635048968 -4.673288700035059
    vertex 4.524829550895072 29.035879870853375 -2.8516682959584827
    vertex 4.524829550895072 27.934729649028174 -4.663153207291571
  endloop
endfacet
facet normal -1.0 0.0 0.0
  outer loop
    vertex 4.524829550895072 27.934729649028174 -4.663153207291571
    vertex 4.524829550895072 29.035879870853375 -2.8516682959584827
    vertex 4.524829550895072 28.36066188796786 -4.538531973623251
  endloop
endfacet
facet normal -1.0 0.0 0.0
  outer loop
    vertex 4.524829550895072 28.36066188796786 -4.538531973623251
    vertex 4.524829550895072 29.035879870853375 -2.8516682959584827
    vertex 4.524829550895072 28.73982648911129 -4.30791773015827
  endloop
endfacet
facet normal -1.0 0.0 0.0
  outer loop
    vertex 4.524829550895072 28.73982648911129 -4.30791773015827
    vertex 4.524829550895072 29.035879870853375 -2.8516682959584827
    vertex 4.524829550895072 29.046384011489682 -3.9870264564807054
  endloop
endfacet
facet normal -1.0 0.0 0.0
  outer loop
    vertex 4.524829550895072 29.046384011489682 -3.9870264564807054
    vertex 4.524829550895072 29.035879870853375 -2.8516682959584827
    vertex 4.524829550895072 29.06584925347426 -2.848766260569114
  endloop
endfacet
facet normal -1.0 0.0 0.0
  outer loop
    vertex 4.524829550895072 29.046384011489682 -3.9870264564807054
    vertex 4.524829550895072 29.06584925347426 -2.848766260569114
    vertex 4.524829550895072 29.2594430665632 -3.597726362593785
  endloop
endfacet
facet normal -1.0 0.0 0.0
  outer loop
    vertex 4.524829550895072 29.2594430665632 -3.597726362593785
    vertex 4.524829550895072 29.06584925347426 -2.848766260569114
    vertex 4.524829550895072 29.369261688478154 -2.8458885416790913
  endloop
endfacet
facet normal -1.0 0.0 0.0
  outer loop
    vertex 4.524829550895072 29.369261688478154 -2.8458885416790913
    vertex 4.524829550895072 29.06584925347426 -2.848766260569114
    vertex 4.524829550895072 31.709819404897953 -2.5927418023769313
  endloop
endfacet
facet normal -1.0 0.0 0.0
  outer loop
    vertex 4.524829550895072 29.2594430665632 -3.597726362593785
    vertex 4.524829550895072 29.369261688478154 -2.8458885416790913
    vertex 4.524829550895072 29.36448403182532 -3.1665476065470766
  endloop
endfacet
facet normal -1.0 0.0 0.0
  outer loop
    vertex 4.524829550895072 29.369261688478154 -2.8458885416790913
    vertex 4.524829550895072 31.709819404897953 -2.5927418023769313
    vertex 4.524829550895072 29.4760480304161 -3.276638354476145
  endloop
endfacet
facet normal -1.0 0.0 0.0
  outer loop
    vertex 4.524829550895072 29.4760480304161 -3.276638354476145
    vertex 4.524829550895072 31.709819404897953 -2.5927418023769313
    vertex 4.524829550895072 29.690681971215124 -3.6650723842756308
  endloop
endfacet
facet normal -1.0 0.0 0.0
  outer loop
    vertex 4.524829550895072 29.690681971215124 -3.6650723842756308
    vertex 4.524829550895072 31.709819404897953 -2.5927418023769313
    vertex 4.524829550895072 29.998536562509123 -3.9847194938642976
  endloop
endfacet
facet normal -1.0 0.0 0.0
  outer loop
    vertex 4.524829550895072 29.998536562509123 -3.9847194938642976
    vertex 4.524829550895072 31.709819404897953 -2.5927418023769313
    vertex 4.524829550895072 30.378632022655186 -4.213796260965502
  endloop
endfacet
facet normal -1.0 0.0 0.0
  outer loop
    vertex 4.524829550895072 30.378632022655186 -4.213796260965502
    vertex 4.524829550895072 31.709819404897953 -2.5927418023769313
    vertex 4.524829550895072 30.8050654741818 -4.336691482468556
  endloop
endfacet
facet normal -1.0 0.0 0.0
  outer loop
    vertex 4.524829550895072 30.8050654741818 -4.336691482468556
    vertex 4.524829550895072 31.709819404897953 -2.5927418023769313
    vertex 4.524829550895072 31.248776182082025 -4.34503005212198
  endloop
endfacet
facet normal -1.0 0.0 0.0
  outer loop
    vertex 4.524829550895072 31.248776182082025 -4.34503005212198
    vertex 4.524829550895072 31.709819404897953 -2.5927418023769313
    vertex 4.524829550895072 31.67952599487908 -4.238243710184033
  endloop
endfacet
facet normal -1.0 0.0 0.0
  outer loop
    vertex 4.524829550895072 31.67952599487908 -4.238243710184033
    vertex 4.524829550895072 31.709819404897953 -2.5927418023769313
    vertex 4.524829550895072 32.06796002467857 -4.023609769385011
  endloop
endfacet
facet normal -1.0 0.0 0.0
  outer loop
    vertex 4.524829550895072 32.06796002467857 -4.023609769385011
    vertex 4.524829550895072 31.709819404897953 -2.5927418023769313
    vertex 4.524829550895072 32.75778873275025 -2.4912634331067878
  endloop
endfacet
facet normal -1.0 0.0 0.0
  outer loop
    vertex 4.524829550895072 32.06796002467857 -4.023609769385011
    vertex 4.524829550895072 32.75778873275025 -2.4912634331067878
    vertex 4.524829550895072 32.387607134267235 -3.715755178091009
  endloop
endfacet
facet normal -1.0 0.0 0.0
  outer loop
    vertex 4.524829550895072 32.387607134267235 -3.715755178091009
    vertex 4.524829550895072 32.75778873275025 -2.4912634331067878
    vertex 4.524829550895072 32.61668390136844 -3.335659717944948
  endloop
endfacet
facet normal -1.0 0.0 0.0
  outer loop
    vertex 4.524829550895072 32.61668390136844 -3.335659717944948
    vertex 4.524829550895072 32.75778873275025 -2.4912634331067878
    vertex 4.524829550895072 32.7395791228715 -2.9092262664183353
  endloop
endfacet
facet normal -1.0 0.0 0.0
  outer loop
    vertex 4.524829550895072 32.7395791228715 -2.9092262664183353
    vertex 4.524829550895072 32.75778873275025 -2.4912634331067878
    vertex 4.524829550895072 32.75797328145447 -2.554975466902986
  endloop
endfacet
facet normal -1.0 0.0 0.0
  outer loop
    vertex 4.524829550895072 22.59817229167665 -3.4750530168755938
    vertex 4.524829550895072 19.249711853460532 -4.021151140078891
    vertex 4.524829550895072 19.228436601178288 -3.8009315568351254
  endloop
endfacet
facet normal -1.0 0.0 0.0
  outer loop
    vertex 4.524829550895072 19.249711853460532 -4.021151140078891
    vertex 4.524829550895072 22.59817229167665 -3.4750530168755938
    vertex 4.524829550895072 19.40526193074558 -4.4367866745388325
  endloop
endfacet
facet normal -1.0 0.0 0.0
  outer loop
    vertex 4.524829550895072 19.40526193074558 -4.4367866745388325
    vertex 4.524829550895072 22.59817229167665 -3.4750530168755938
    vertex 4.524829550895072 19.663086159816068 -4.798000449128611
  endloop
endfacet
facet normal -1.0 0.0 0.0
  outer loop
    vertex 4.524829550895072 19.663086159816068 -4.798000449128611
    vertex 4.524829550895072 22.59817229167665 -3.4750530168755938
    vertex 4.524829550895072 20.005614245535522 -5.080176342043919
  endloop
endfacet
facet normal -1.0 0.0 0.0
  outer loop
    vertex 4.524829550895072 20.005614245535522 -5.080176342043919
    vertex 4.524829550895072 22.59817229167665 -3.4750530168755938
    vertex 4.524829550895072 20.40950346491659 -5.26408453250029
  endloop
endfacet
facet normal -1.0 0.0 0.0
  outer loop
    vertex 4.524829550895072 20.40950346491659 -5.26408453250029
    vertex 4.524829550895072 22.59817229167665 -3.4750530168755938
    vertex 4.524829550895072 20.847229435116947 -5.337191981240776
  endloop
endfacet
facet normal -1.0 0.0 0.0
  outer loop
    vertex 4.524829550895072 20.847229435116947 -5.337191981240776
    vertex 4.524829550895072 22.59817229167665 -3.4750530168755938
    vertex 4.524829550895072 21.2889618546438 -5.294516536449486
  endloop
endfacet
facet normal -1.0 0.0 0.0
  outer loop
    vertex 4.524829550895072 21.2889618546438 -5.294516536449486
    vertex 4.524829550895072 22.59817229167665 -3.4750530168755938
    vertex 4.524829550895072 21.704597389103746 -5.138966459164439
  endloop
endfacet
facet normal -1.0 0.0 0.0
  outer loop
    vertex 4.524829550895072 21.704597389103746 -5.138966459164439
    vertex 4.524829550895072 22.59817229167665 -3.4750530168755938
    vertex 4.524829550895072 22.06581116369352 -4.881142230093953
  endloop
endfacet
facet normal -1.0 0.0 0.0
  outer loop
    vertex 4.524829550895072 22.06581116369352 -4.881142230093953
    vertex 4.524829550895072 22.59817229167665 -3.4750530168755938
    vertex 4.524829550895072 22.34798705660883 -4.538614144374499
  endloop
endfacet
facet normal -1.0 0.0 0.0
  outer loop
    vertex 4.524829550895072 22.34798705660883 -4.538614144374499
    vertex 4.524829550895072 22.59817229167665 -3.4750530168755938
    vertex 4.524829550895072 22.5318952470652 -4.134724924993431
  endloop
endfacet
facet normal -1.0 0.0 0.0
  outer loop
    vertex 4.524829550895072 22.5318952470652 -4.134724924993431
    vertex 4.524829550895072 22.59817229167665 -3.4750530168755938
    vertex 4.524829550895072 22.605002695805688 -3.696998954793075
  endloop
endfacet
facet normal -1.0 0.0 0.0
  outer loop
    vertex 4.524829550895072 19.201554981858465 -3.803531209644808
    vertex 4.524829550895072 15.848537420736966 -4.265867054487571
    vertex 4.524829550895072 15.842128360107358 -4.128412785871793
  endloop
endfacet
facet normal -1.0 0.0 0.0
  outer loop
    vertex 4.524829550895072 15.848537420736966 -4.265867054487571
    vertex 4.524829550895072 19.201554981858465 -3.803531209644808
    vertex 4.524829550895072 15.983239543395712 -4.688719348084772
  endloop
endfacet
facet normal -1.0 0.0 0.0
  outer loop
    vertex 4.524829550895072 15.983239543395712 -4.688719348084772
    vertex 4.524829550895072 19.201554981858465 -3.803531209644808
    vertex 4.524829550895072 16.22279402937599 -5.062299824416059
  endloop
endfacet
facet normal -1.0 0.0 0.0
  outer loop
    vertex 4.524829550895072 16.22279402937599 -5.062299824416059
    vertex 4.524829550895072 19.201554981858465 -3.803531209644808
    vertex 4.524829550895072 16.55087563634075 -5.36114959139038
  endloop
endfacet
facet normal -1.0 0.0 0.0
  outer loop
    vertex 4.524829550895072 16.55087563634075 -5.36114959139038
    vertex 4.524829550895072 19.201554981858465 -3.803531209644808
    vertex 4.524829550895072 16.945126144955836 -5.564902531261027
  endloop
endfacet
facet normal -1.0 0.0 0.0
  outer loop
    vertex 4.524829550895072 16.945126144955836 -5.564902531261027
    vertex 4.524829550895072 19.201554981858465 -3.803531209644808
    vertex 4.524829550895072 17.378678034588898 -5.659673217893468
  endloop
endfacet
facet normal -1.0 0.0 0.0
  outer loop
    vertex 4.524829550895072 17.378678034588898 -5.659673217893468
    vertex 4.524829550895072 19.201554981858465 -3.803531209644808
    vertex 4.524829550895072 17.821985460439823 -5.639003185609669
  endloop
endfacet
facet normal -1.0 0.0 0.0
  outer loop
    vertex 4.524829550895072 17.821985460439823 -5.639003185609669
    vertex 4.524829550895072 19.201554981858465 -3.803531209644808
    vertex 4.524829550895072 18.244837754037025 -5.504301062950925
  endloop
endfacet
facet normal -1.0 0.0 0.0
  outer loop
    vertex 4.524829550895072 18.244837754037025 -5.504301062950925
    vertex 4.524829550895072 19.201554981858465 -3.803531209644808
    vertex 4.524829550895072 18.61841823036831 -5.264746576970649
  endloop
endfacet
facet normal -1.0 0.0 0.0
  outer loop
    vertex 4.524829550895072 18.61841823036831 -5.264746576970649
    vertex 4.524829550895072 19.201554981858465 -3.803531209644808
    vertex 4.524829550895072 18.91726799734263 -4.9366649700058876
  endloop
endfacet
facet normal -1.0 0.0 0.0
  outer loop
    vertex 4.524829550895072 18.91726799734263 -4.9366649700058876
    vertex 4.524829550895072 19.201554981858465 -3.803531209644808
    vertex 4.524829550895072 19.121020937213277 -4.542414461390803
  endloop
endfacet
facet normal -1.0 0.0 0.0
  outer loop
    vertex 4.524829550895072 19.121020937213277 -4.542414461390803
    vertex 4.524829550895072 19.201554981858465 -3.803531209644808
    vertex 4.524829550895072 19.21579162384572 -4.108862571757738
  endloop
endfacet
facet normal 1.0 0.0 0.0
  outer loop
    vertex 53.52482955089507 29.4760480304161 -3.276638354476145
    vertex 53.52482955089507 29.36976442968159 -2.819136752758593
    vertex 53.52482955089507 29.369261688478154 -2.8458885416790913
  endloop
endfacet
facet normal 1.0 0.0 0.0
  outer loop
    vertex 53.52482955089507 29.36976442968159 -2.819136752758593
    vertex 53.52482955089507 29.4760480304161 -3.276638354476145
    vertex 53.52482955089507 32.75778873275025 -2.4912634331067878
  endloop
endfacet
facet normal 1.0 0.0 0.0
  outer loop
    vertex 53.52482955089507 32.75778873275025 -2.4912634331067878
    vertex 53.52482955089507 29.4760480304161 -3.276638354476145
    vertex 53.52482955089507 29.690681971215124 -3.6650723842756308
  endloop
endfacet
facet normal 1.0 0.0 0.0
  outer loop
    vertex 53.52482955089507 32.75778873275025 -2.4912634331067878
    vertex 53.52482955089507 29.690681971215124 -3.6650723842756308
    vertex 53.52482955089507 29.998536562509123 -3.9847194938642976
  endloop
endfacet
facet normal 1.0 0.0 0.0
  outer loop
    vertex 53.52482955089507 32.75778873275025 -2.4912634331067878
    vertex 53.52482955089507 29.998536562509123 -3.9847194938642976
    vertex 53.52482955089507 30.378632022655186 -4.213796260965502
  endloop
endfacet
facet normal 1.0 0.0 0.0
  outer loop
    vertex 53.52482955089507 32.75778873275025 -2.4912634331067878
    vertex 53.52482955089507 30.378632022655186 -4.213796260965502
    vertex 53.52482955089507 30.8050654741818 -4.336691482468556
  endloop
endfacet
facet normal 1.0 0.0 0.0
  outer loop
    vertex 53.52482955089507 32.75778873275025 -2.4912634331067878
    vertex 53.52482955089507 30.8050654741818 -4.336691482468556
    vertex 53.52482955089507 31.248776182082025 -4.34503005212198
  endloop
endfacet
facet normal 1.0 0.0 0.0
  outer loop
    vertex 53.52482955089507 32.75778873275025 -2.4912634331067878
    vertex 53.52482955089507 31.248776182082025 -4.34503005212198
    vertex 53.52482955089507 31.67952599487908 -4.238243710184033
  endloop
endfacet
facet normal 1.0 0.0 0.0
  outer loop
    vertex 53.52482955089507 32.75778873275025 -2.4912634331067878
    vertex 53.52482955089507 31.67952599487908 -4.238243710184033
    vertex 53.52482955089507 32.06796002467857 -4.023609769385011
  endloop
endfacet
facet normal 1.0 0.0 0.0
  outer loop
    vertex 53.52482955089507 32.75778873275025 -2.4912634331067878
    vertex 53.52482955089507 32.06796002467857 -4.023609769385011
    vertex 53.52482955089507 32.387607134267235 -3.715755178091009
  endloop
endfacet
facet normal 1.0 0.0 0.0
  outer loop
    vertex 53.52482955089507 32.75778873275025 -2.4912634331067878
    vertex 53.52482955089507 32.387607134267235 -3.715755178091009
    vertex 53.52482955089507 32.61668390136844 -3.335659717944948
  endloop
endfacet
facet normal 1.0 0.0 0.0
  outer loop
    vertex 53.52482955089507 32.75778873275025 -2.4912634331067878
    vertex 53.52482955089507 32.61668390136844 -3.335659717944948
    vertex 53.52482955089507 32.7395791228715 -2.9092262664183353
  endloop
endfacet
facet normal 1.0 0.0 0.0
  outer loop
    vertex 53.52482955089507 32.75778873275025 -2.4912634331067878
    vertex 53.52482955089507 32.7395791228715 -2.9092262664183353
    vertex 53.52482955089507 32.75797328145447 -2.554975466902986
  endloop
endfacet
facet normal 1.0 -2.9893441183817654e-30 2.8357004901870486e-30
  outer loop
    vertex 53.52482955089507 22.59817229167665 -3.4750530168755938
    vertex 53.52482955089507 25.994450749745184 -3.2435343172379167
    vertex 53.52482955089507 29.369261688478154 -2.8458885416790913
  endloop
endfacet
facet normal 1.0 -2.9893441183817654e-30 2.8357004901870486e-30
  outer loop
    vertex 53.52482955089507 25.994450749745184 -3.2435343172379167
    vertex 53.52482955089507 22.59817229167665 -3.4750530168755938
    vertex 53.52482955089507 22.69836305390274 -3.9073845276560837
  endloop
endfacet
facet normal 1.0 -2.9893441183817654e-30 2.8357004901870486e-30
  outer loop
    vertex 53.52482955089507 25.994450749745184 -3.2435343172379167
    vertex 53.52482955089507 22.69836305390274 -3.9073845276560837
    vertex 53.52482955089507 22.907035527480442 -4.299053422030079
  endloop
endfacet
facet normal 1.0 -2.9893441183817654e-30 2.8357004901870486e-30
  outer loop
    vertex 53.52482955089507 25.994450749745184 -3.2435343172379167
    vertex 53.52482955089507 22.907035527480442 -4.299053422030079
    vertex 53.52482955089507 23.20996902818301 -4.623368112109444
  endloop
endfacet
facet normal 1.0 -2.9893441183817654e-30 2.8357004901870486e-30
  outer loop
    vertex 53.52482955089507 25.994450749745184 -3.2435343172379167
    vertex 53.52482955089507 23.20996902818301 -4.623368112109444
    vertex 53.52482955089507 23.586519138558838 -4.8582270877206355
  endloop
endfacet
facet normal 1.0 -2.9893441183817654e-30 2.8357004901870486e-30
  outer loop
    vertex 53.52482955089507 25.994450749745184 -3.2435343172379167
    vertex 53.52482955089507 23.586519138558838 -4.8582270877206355
    vertex 53.52482955089507 24.011024590864288 -4.98762509779856
  endloop
endfacet
facet normal 1.0 -2.9893441183817654e-30 2.8357004901870486e-30
  outer loop
    vertex 53.52482955089507 25.994450749745184 -3.2435343172379167
    vertex 53.52482955089507 24.011024590864288 -4.98762509779856
    vertex 53.52482955089507 24.454556040053188 -5.002743881796729
  endloop
endfacet
facet normal 1.0 -2.9893441183817654e-30 2.8357004901870486e-30
  outer loop
    vertex 53.52482955089507 25.994450749745184 -3.2435343172379167
    vertex 53.52482955089507 24.454556040053188 -5.002743881796729
    vertex 53.52482955089507 24.886887550833677 -4.90255311957064
  endloop
endfacet
facet normal 1.0 -2.9893441183817654e-30 2.8357004901870486e-30
  outer loop
    vertex 53.52482955089507 25.994450749745184 -3.2435343172379167
    vertex 53.52482955089507 24.886887550833677 -4.90255311957064
    vertex 53.52482955089507 25.27855644520767 -4.693880645992936
  endloop
endfacet
facet normal 1.0 -2.9893441183817654e-30 2.8357004901870486e-30
  outer loop
    vertex 53.52482955089507 25.994450749745184 -3.2435343172379167
    vertex 53.52482955089507 25.27855644520767 -4.693880645992936
    vertex 53.52482955089507 25.602871135287035 -4.3909471452903714
  endloop
endfacet
facet normal 1.0 -2.9893441183817654e-30 2.8357004901870486e-30
  outer loop
    vertex 53.52482955089507 25.994450749745184 -3.2435343172379167
    vertex 53.52482955089507 25.602871135287035 -4.3909471452903714
    vertex 53.52482955089507 25.837730110898228 -4.014397034914544
  endloop
endfacet
facet normal 1.0 -2.9893441183817654e-30 2.8357004901870486e-30
  outer loop
    vertex 53.52482955089507 25.994450749745184 -3.2435343172379167
    vertex 53.52482955089507 25.837730110898228 -4.014397034914544
    vertex 53.52482955089507 25.967128120976152 -3.5898915826090896
  endloop
endfacet
facet normal 1.0 -2.9893441183817654e-30 2.8357004901870486e-30
  outer loop
    vertex 53.52482955089507 29.369261688478154 -2.8458885416790913
    vertex 53.52482955089507 25.994450749745184 -3.2435343172379167
    vertex 53.52482955089507 26.119071983413505 -3.6694665561775994
  endloop
endfacet
facet normal 1.0 -2.9893441183817654e-30 2.8357004901870486e-30
  outer loop
    vertex 53.52482955089507 29.369261688478154 -2.8458885416790913
    vertex 53.52482955089507 26.119071983413505 -3.6694665561775994
    vertex 53.52482955089507 26.349686226878486 -4.048631157321033
  endloop
endfacet
facet normal 1.0 -2.9893441183817654e-30 2.8357004901870486e-30
  outer loop
    vertex 53.52482955089507 29.369261688478154 -2.8458885416790913
    vertex 53.52482955089507 26.349686226878486 -4.048631157321033
    vertex 53.52482955089507 26.67057750055605 -4.355188679699422
  endloop
endfacet
facet normal 1.0 -2.9893441183817654e-30 2.8357004901870486e-30
  outer loop
    vertex 53.52482955089507 29.369261688478154 -2.8458885416790913
    vertex 53.52482955089507 26.67057750055605 -4.355188679699422
    vertex 53.52482955089507 27.05987759444297 -4.568247734772938
  endloop
endfacet
facet normal 1.0 -2.9893441183817654e-30 2.8357004901870486e-30
  outer loop
    vertex 53.52482955089507 29.369261688478154 -2.8458885416790913
    vertex 53.52482955089507 27.05987759444297 -4.568247734772938
    vertex 53.52482955089507 27.49105635048968 -4.673288700035059
  endloop
endfacet
facet normal 1.0 -2.9893441183817654e-30 2.8357004901870486e-30
  outer loop
    vertex 53.52482955089507 29.369261688478154 -2.8458885416790913
    vertex 53.52482955089507 27.49105635048968 -4.673288700035059
    vertex 53.52482955089507 27.934729649028174 -4.663153207291571
  endloop
endfacet
facet normal 1.0 -2.9893441183817654e-30 2.8357004901870486e-30
  outer loop
    vertex 53.52482955089507 29.369261688478154 -2.8458885416790913
    vertex 53.52482955089507 27.934729649028174 -4.663153207291571
    vertex 53.52482955089507 28.36066188796786 -4.538531973623251
  endloop
endfacet
facet normal 1.0 -2.9893441183817654e-30 2.8357004901870486e-30
  outer loop
    vertex 53.52482955089507 29.369261688478154 -2.8458885416790913
    vertex 53.52482955089507 28.36066188796786 -4.538531973623251
    vertex 53.52482955089507 28.73982648911129 -4.30791773015827
  endloop
endfacet
facet normal 1.0 -2.9893441183817654e-30 2.8357004901870486e-30
  outer loop
    vertex 53.52482955089507 29.369261688478154 -2.8458885416790913
    vertex 53.52482955089507 28.73982648911129 -4.30791773015827
    vertex 53.52482955089507 29.046384011489682 -3.9870264564807054
  endloop
endfacet
facet normal 1.0 -2.9893441183817654e-30 2.8357004901870486e-30
  outer loop
    vertex 53.52482955089507 29.369261688478154 -2.8458885416790913
    vertex 53.52482955089507 29.046384011489682 -3.9870264564807054
    vertex 53.52482955089507 29.2594430665632 -3.597726362593785
  endloop
endfacet
facet normal 1.0 -2.9893441183817654e-30 2.8357004901870486e-30
  outer loop
    vertex 53.52482955089507 29.369261688478154 -2.8458885416790913
    vertex 53.52482955089507 29.2594430665632 -3.597726362593785
    vertex 53.52482955089507 29.36448403182532 -3.1665476065470766
  endloop
endfacet
facet normal 0.0 0.9100927933032589 -0.41440452166629627
  outer loop
    vertex 4.524829550895072 22.5318952470652 -4.134724924993431
    vertex 53.52482955089507 22.34798705660883 -4.538614144374499
    vertex 4.524829550895072 22.34798705660883 -4.538614144374499
  endloop
endfacet
facet normal 0.0 0.9100927933032589 -0.41440452166629627
  outer loop
    vertex 53.52482955089507 22.34798705660883 -4.538614144374499
    vertex 4.524829550895072 22.5318952470652 -4.134724924993431
    vertex 53.52482955089507 22.5318952470652 -4.134724924993431
  endloop
endfacet
facet normal 1.0 0.0 0.0
  outer loop
    vertex 53.52482955089507 19.249711853460532 -4.021151140078891
    vertex 53.52482955089507 22.59817229167665 -3.4750530168755938
    vertex 53.52482955089507 19.228436601178288 -3.8009315568351254
  endloop
endfacet
facet normal 1.0 0.0 0.0
  outer loop
    vertex 53.52482955089507 22.59817229167665 -3.4750530168755938
    vertex 53.52482955089507 19.249711853460532 -4.021151140078891
    vertex 53.52482955089507 19.40526193074558 -4.4367866745388325
  endloop
endfacet
facet normal 1.0 0.0 0.0
  outer loop
    vertex 53.52482955089507 22.59817229167665 -3.4750530168755938
    vertex 53.52482955089507 19.40526193074558 -4.4367866745388325
    vertex 53.52482955089507 19.663086159816068 -4.798000449128611
  endloop
endfacet
facet normal 1.0 0.0 0.0
  outer loop
    vertex 53.52482955089507 22.59817229167665 -3.4750530168755938
    vertex 53.52482955089507 19.663086159816068 -4.798000449128611
    vertex 53.52482955089507 20.005614245535522 -5.080176342043919
  endloop
endfacet
facet normal 1.0 0.0 0.0
  outer loop
    vertex 53.52482955089507 22.59817229167665 -3.4750530168755938
    vertex 53.52482955089507 20.005614245535522 -5.080176342043919
    vertex 53.52482955089507 20.40950346491659 -5.26408453250029
  endloop
endfacet
facet normal 1.0 0.0 0.0
  outer loop
    vertex 53.52482955089507 22.59817229167665 -3.4750530168755938
    vertex 53.52482955089507 20.40950346491659 -5.26408453250029
    vertex 53.52482955089507 20.847229435116947 -5.337191981240776
  endloop
endfacet
facet normal 1.0 0.0 0.0
  outer loop
    vertex 53.52482955089507 22.59817229167665 -3.4750530168755938
    vertex 53.52482955089507 20.847229435116947 -5.337191981240776
    vertex 53.52482955089507 21.2889618546438 -5.294516536449486
  endloop
endfacet
facet normal 1.0 0.0 0.0
  outer loop
    vertex 53.52482955089507 22.59817229167665 -3.4750530168755938
    vertex 53.52482955089507 21.2889618546438 -5.294516536449486
    vertex 53.52482955089507 21.704597389103746 -5.138966459164439
  endloop
endfacet
facet normal 1.0 0.0 0.0
  outer loop
    vertex 53.52482955089507 22.59817229167665 -3.4750530168755938
    vertex 53.52482955089507 21.704597389103746 -5.138966459164439
    vertex 53.52482955089507 22.06581116369352 -4.881142230093953
  endloop
endfacet
facet normal 1.0 0.0 0.0
  outer loop
    vertex 53.52482955089507 22.59817229167665 -3.4750530168755938
    vertex 53.52482955089507 22.06581116369352 -4.881142230093953
    vertex 53.52482955089507 22.34798705660883 -4.538614144374499
  endloop
endfacet
facet normal 1.0 0.0 0.0
  outer loop
    vertex 53.52482955089507 22.59817229167665 -3.4750530168755938
    vertex 53.52482955089507 22.34798705660883 -4.538614144374499
    vertex 53.52482955089507 22.5318952470652 -4.134724924993431
  endloop
endfacet
facet normal 1.0 0.0 0.0
  outer loop
    vertex 53.52482955089507 22.59817229167665 -3.4750530168755938
    vertex 53.52482955089507 22.5318952470652 -4.134724924993431
    vertex 53.52482955089507 22.605002695805688 -3.696998954793075
  endloop
endfacet
facet normal 0.0 0.3505045382291309 -0.9365610330783488
  outer loop
    vertex 53.52482955089507 21.704597389103746 -5.138966459164439
    vertex 4.524829550895072 21.2889618546438 -5.294516536449486
    vertex 4.524829550895072 21.704597389103746 -5.138966459164439
  endloop
endfacet
facet normal 0.0 0.3505045382291309 -0.9365610330783488
  outer loop
    vertex 4.524829550895072 21.2889618546438 -5.294516536449486
    vertex 53.52482955089507 21.704597389103746 -5.138966459164439
    vertex 53.52482955089507 21.2889618546438 -5.294516536449486
  endloop
endfacet
facet normal 0.0 0.580961217968612 -0.8139312398577825
  outer loop
    vertex 53.52482955089507 22.06581116369352 -4.881142230093953
    vertex 4.524829550895072 21.704597389103746 -5.138966459164439
    vertex 4.524829550895072 22.06581116369352 -4.881142230093953
  endloop
endfacet
facet normal 0.0 0.580961217968612 -0.8139312398577825
  outer loop
    vertex 4.524829550895072 21.704597389103746 -5.138966459164439
    vertex 53.52482955089507 22.06581116369352 -4.881142230093953
    vertex 53.52482955089507 21.704597389103746 -5.138966459164439
  endloop
endfacet
facet normal 0.0 0.09616155344547618 -0.9953657396349107
  outer loop
    vertex 53.52482955089507 21.2889618546438 -5.294516536449486
    vertex 4.524829550895072 20.847229435116947 -5.337191981240776
    vertex 4.524829550895072 21.2889618546438 -5.294516536449486
  endloop
endfacet
facet normal 0.0 0.09616155344547618 -0.9953657396349107
  outer loop
    vertex 4.524829550895072 20.847229435116947 -5.337191981240776
    vertex 53.52482955089507 21.2889618546438 -5.294516536449486
    vertex 53.52482955089507 20.847229435116947 -5.337191981240776
  endloop
endfacet
facet normal 0.0 0.7718263507873383 -0.6358333777258793
  outer loop
    vertex 4.524829550895072 22.34798705660883 -4.538614144374499
    vertex 53.52482955089507 22.06581116369352 -4.881142230093953
    vertex 4.524829550895072 22.06581116369352 -4.881142230093953
  endloop
endfacet
facet normal 0.0 0.7718263507873383 -0.6358333777258793
  outer loop
    vertex 53.52482955089507 22.06581116369352 -4.881142230093953
    vertex 4.524829550895072 22.34798705660883 -4.538614144374499
    vertex 53.52482955089507 22.34798705660883 -4.538614144374499
  endloop
endfacet
facet normal 0.0 0.9863379159550135 -0.16473468229101235
  outer loop
    vertex 4.524829550895072 22.605002695805688 -3.696998954793075
    vertex 53.52482955089507 22.5318952470652 -4.134724924993431
    vertex 4.524829550895072 22.5318952470652 -4.134724924993431
  endloop
endfacet
facet normal 0.0 0.9863379159550135 -0.16473468229101235
  outer loop
    vertex 53.52482955089507 22.5318952470652 -4.134724924993431
    vertex 4.524829550895072 22.605002695805688 -3.696998954793075
    vertex 53.52482955089507 22.605002695805688 -3.696998954793075
  endloop
endfacet
facet normal 0.0 0.998914737320803 0.04657625535947436
  outer loop
    vertex 4.524829550895072 19.201554981858465 -3.803531209644808
    vertex 53.52482955089507 19.21579162384572 -4.108862571757738
    vertex 4.524829550895072 19.21579162384572 -4.108862571757738
  endloop
endfacet
facet normal 0.0 0.998914737320803 0.04657625535947436
  outer loop
    vertex 53.52482955089507 19.21579162384572 -4.108862571757738
    vertex 4.524829550895072 19.201554981858465 -3.803531209644808
    vertex 53.52482955089507 19.201554981858465 -3.803531209644808
  endloop
endfacet
facet normal 1.0 0.0 0.0
  outer loop
    vertex 53.52482955089507 15.848537420736966 -4.265867054487571
    vertex 53.52482955089507 19.201554981858465 -3.803531209644808
    vertex 53.52482955089507 15.842128360107358 -4.128412785871793
  endloop
endfacet
facet normal 1.0 0.0 0.0
  outer loop
    vertex 53.52482955089507 19.201554981858465 -3.803531209644808
    vertex 53.52482955089507 15.848537420736966 -4.265867054487571
    vertex 53.52482955089507 15.983239543395712 -4.688719348084772
  endloop
endfacet
facet normal 1.0 0.0 0.0
  outer loop
    vertex 53.52482955089507 19.201554981858465 -3.803531209644808
    vertex 53.52482955089507 15.983239543395712 -4.688719348084772
    vertex 53.52482955089507 16.22279402937599 -5.062299824416059
  endloop
endfacet
facet normal 1.0 0.0 0.0
  outer loop
    vertex 53.52482955089507 19.201554981858465 -3.803531209644808
    vertex 53.52482955089507 16.22279402937599 -5.062299824416059
    vertex 53.52482955089507 16.55087563634075 -5.36114959139038
  endloop
endfacet
facet normal 1.0 0.0 0.0
  outer loop
    vertex 53.52482955089507 19.201554981858465 -3.803531209644808
    vertex 53.52482955089507 16.55087563634075 -5.36114959139038
    vertex 53.52482955089507 16.945126144955836 -5.564902531261027
  endloop
endfacet
facet normal 1.0 0.0 0.0
  outer loop
    vertex 53.52482955089507 19.201554981858465 -3.803531209644808
    vertex 53.52482955089507 16.945126144955836 -5.564902531261027
    vertex 53.52482955089507 17.378678034588898 -5.659673217893468
  endloop
endfacet
facet normal 1.0 0.0 0.0
  outer loop
    vertex 53.52482955089507 19.201554981858465 -3.803531209644808
    vertex 53.52482955089507 17.378678034588898 -5.659673217893468
    vertex 53.52482955089507 17.821985460439823 -5.639003185609669
  endloop
endfacet
facet normal 1.0 0.0 0.0
  outer loop
    vertex 53.52482955089507 19.201554981858465 -3.803531209644808
    vertex 53.52482955089507 17.821985460439823 -5.639003185609669
    vertex 53.52482955089507 18.244837754037025 -5.504301062950925
  endloop
endfacet
facet normal 1.0 0.0 0.0
  outer loop
    vertex 53.52482955089507 19.201554981858465 -3.803531209644808
    vertex 53.52482955089507 18.244837754037025 -5.504301062950925
    vertex 53.52482955089507 18.61841823036831 -5.264746576970649
  endloop
endfacet
facet normal 1.0 0.0 0.0
  outer loop
    vertex 53.52482955089507 19.201554981858465 -3.803531209644808
    vertex 53.52482955089507 18.61841823036831 -5.264746576970649
    vertex 53.52482955089507 18.91726799734263 -4.9366649700058876
  endloop
endfacet
facet normal 1.0 0.0 0.0
  outer loop
    vertex 53.52482955089507 19.201554981858465 -3.803531209644808
    vertex 53.52482955089507 18.91726799734263 -4.9366649700058876
    vertex 53.52482955089507 19.121020937213277 -4.542414461390803
  endloop
endfacet
facet normal 1.0 0.0 0.0
  outer loop
    vertex 53.52482955089507 19.201554981858465 -3.803531209644808
    vertex 53.52482955089507 19.121020937213277 -4.542414461390803
    vertex 53.52482955089507 19.21579162384572 -4.108862571757738
  endloop
endfacet
facet normal -0.0 -0.8417974110547369 -0.5397935890148591
  outer loop
    vertex 53.52482955089507 15.983239543395712 -4.688719348084772
    vertex 4.524829550895072 16.22279402937599 -5.062299824416059
    vertex 53.52482955089507 16.22279402937599 -5.062299824416059
  endloop
endfacet
facet normal -0.0 -0.8417974110547369 -0.5397935890148591
  outer loop
    vertex 4.524829550895072 16.22279402937599 -5.062299824416059
    vertex 53.52482955089507 15.983239543395712 -4.688719348084772
    vertex 4.524829550895072 15.983239543395712 -4.688719348084772
  endloop
endfacet
facet normal -0.0 -0.6734049985797582 -0.7392737705936792
  outer loop
    vertex 53.52482955089507 16.55087563634075 -5.36114959139038
    vertex 4.524829550895072 16.22279402937599 -5.062299824416059
    vertex 4.524829550895072 16.55087563634075 -5.36114959139038
  endloop
endfacet
facet normal -0.0 -0.6734049985797582 -0.7392737705936792
  outer loop
    vertex 4.524829550895072 16.22279402937599 -5.062299824416059
    vertex 53.52482955089507 16.55087563634075 -5.36114959139038
    vertex 53.52482955089507 16.22279402937599 -5.062299824416059
  endloop
endfacet
facet normal 0.0 -0.9989147373208033 -0.046576255359469326
  outer loop
    vertex 53.52482955089507 15.842128360107358 -4.128412785871793
    vertex 4.524829550895072 15.848537420736966 -4.265867054487571
    vertex 53.52482955089507 15.848537420736966 -4.265867054487571
  endloop
endfacet
facet normal 0.0 -0.9989147373208033 -0.046576255359469326
  outer loop
    vertex 4.524829550895072 15.848537420736966 -4.265867054487571
    vertex 53.52482955089507 15.842128360107358 -4.128412785871793
    vertex 4.524829550895072 15.842128360107358 -4.128412785871793
  endloop
endfacet
facet normal -0.0 -0.4591211483059439 -0.8883736664142132
  outer loop
    vertex 53.52482955089507 16.945126144955836 -5.564902531261027
    vertex 4.524829550895072 16.55087563634075 -5.36114959139038
    vertex 4.524829550895072 16.945126144955836 -5.564902531261027
  endloop
endfacet
facet normal -0.0 -0.4591211483059439 -0.8883736664142132
  outer loop
    vertex 4.524829550895072 16.55087563634075 -5.36114959139038
    vertex 53.52482955089507 16.945126144955836 -5.564902531261027
    vertex 53.52482955089507 16.55087563634075 -5.36114959139038
  endloop
endfacet
facet normal -0.0 -0.9528227211023326 -0.3035273663957616
  outer loop
    vertex 53.52482955089507 15.848537420736966 -4.265867054487571
    vertex 4.524829550895072 15.983239543395712 -4.688719348084772
    vertex 53.52482955089507 15.983239543395712 -4.688719348084772
  endloop
endfacet
facet normal -0.0 -0.9528227211023326 -0.3035273663957616
  outer loop
    vertex 4.524829550895072 15.983239543395712 -4.688719348084772
    vertex 53.52482955089507 15.848537420736966 -4.265867054487571
    vertex 4.524829550895072 15.848537420736966 -4.265867054487571
  endloop
endfacet
facet normal 0.0 -0.09625837571743191 0.995356380953195
  outer loop
    vertex 53.52482955089507 15.842128360107358 -4.128412785871793
    vertex 4.524829550895072 19.201554981858465 -3.803531209644808
    vertex 4.524829550895072 15.842128360107358 -4.128412785871793
  endloop
endfacet
facet normal 0.0 -0.09625837571743191 0.995356380953195
  outer loop
    vertex 4.524829550895072 19.201554981858465 -3.803531209644808
    vertex 53.52482955089507 15.842128360107358 -4.128412785871793
    vertex 53.52482955089507 19.201554981858465 -3.803531209644808
  endloop
endfacet
facet normal 0.0 -0.09625837571743182 0.995356380953195
  outer loop
    vertex 53.52482955089507 19.228436601178288 -3.8009315568351254
    vertex 4.524829550895072 22.59817229167665 -3.4750530168755938
    vertex 4.524829550895072 19.228436601178288 -3.8009315568351254
  endloop
endfacet
facet normal 0.0 -0.09625837571743182 0.995356380953195
  outer loop
    vertex 4.524829550895072 22.59817229167665 -3.4750530168755938
    vertex 53.52482955089507 19.228436601178288 -3.8009315568351254
    vertex 53.52482955089507 22.59817229167665 -3.4750530168755938
  endloop
endfacet
facet normal 0.0 -0.9953657396349115 -0.09616155344546931
  outer loop
    vertex 53.52482955089507 19.228436601178288 -3.8009315568351254
    vertex 4.524829550895072 19.249711853460532 -4.021151140078891
    vertex 53.52482955089507 19.249711853460532 -4.021151140078891
  endloop
endfacet
facet normal 0.0 -0.9953657396349115 -0.09616155344546931
  outer loop
    vertex 4.524829550895072 19.249711853460532 -4.021151140078891
    vertex 53.52482955089507 19.228436601178288 -3.8009315568351254
    vertex 4.524829550895072 19.228436601178288 -3.8009315568351254
  endloop
endfacet
facet normal 0.0 0.3035273663957559 -0.9528227211023342
  outer loop
    vertex 53.52482955089507 18.244837754037025 -5.504301062950925
    vertex 4.524829550895072 17.821985460439823 -5.639003185609669
    vertex 4.524829550895072 18.244837754037025 -5.504301062950925
  endloop
endfacet
facet normal 0.0 0.3035273663957559 -0.9528227211023342
  outer loop
    vertex 4.524829550895072 17.821985460439823 -5.639003185609669
    vertex 53.52482955089507 18.244837754037025 -5.504301062950925
    vertex 53.52482955089507 17.821985460439823 -5.639003185609669
  endloop
endfacet
facet normal 0.0 0.8883736664142111 -0.4591211483059476
  outer loop
    vertex 4.524829550895072 19.121020937213277 -4.542414461390803
    vertex 53.52482955089507 18.91726799734263 -4.9366649700058876
    vertex 4.524829550895072 18.91726799734263 -4.9366649700058876
  endloop
endfacet
facet normal 0.0 0.8883736664142111 -0.4591211483059476
  outer loop
    vertex 53.52482955089507 18.91726799734263 -4.9366649700058876
    vertex 4.524829550895072 19.121020937213277 -4.542414461390803
    vertex 53.52482955089507 19.121020937213277 -4.542414461390803
  endloop
endfacet
facet normal -0.0 -0.213548950508653 -0.9769323649755152
  outer loop
    vertex 53.52482955089507 17.378678034588898 -5.659673217893468
    vertex 4.524829550895072 16.945126144955836 -5.564902531261027
    vertex 4.524829550895072 17.378678034588898 -5.659673217893468
  endloop
endfacet
facet normal -0.0 -0.213548950508653 -0.9769323649755152
  outer loop
    vertex 4.524829550895072 16.945126144955836 -5.564902531261027
    vertex 53.52482955089507 17.378678034588898 -5.659673217893468
    vertex 53.52482955089507 16.945126144955836 -5.564902531261027
  endloop
endfacet
facet normal 0.0 0.5397935890148593 -0.8417974110547366
  outer loop
    vertex 53.52482955089507 18.61841823036831 -5.264746576970649
    vertex 4.524829550895072 18.244837754037025 -5.504301062950925
    vertex 4.524829550895072 18.61841823036831 -5.264746576970649
  endloop
endfacet
facet normal 0.0 0.5397935890148593 -0.8417974110547366
  outer loop
    vertex 4.524829550895072 18.244837754037025 -5.504301062950925
    vertex 53.52482955089507 18.61841823036831 -5.264746576970649
    vertex 53.52482955089507 18.244837754037025 -5.504301062950925
  endloop
endfacet
facet normal 0.0 0.9769323649755152 -0.21354895050865264
  outer loop
    vertex 4.524829550895072 19.21579162384572 -4.108862571757738
    vertex 53.52482955089507 19.121020937213277 -4.542414461390803
    vertex 4.524829550895072 19.121020937213277 -4.542414461390803
  endloop
endfacet
facet normal 0.0 0.9769323649755152 -0.21354895050865264
  outer loop
    vertex 53.52482955089507 19.121020937213277 -4.542414461390803
    vertex 4.524829550895072 19.21579162384572 -4.108862571757738
    vertex 53.52482955089507 19.21579162384572 -4.108862571757738
  endloop
endfacet
facet normal 0.0 0.04657625535947455 -0.998914737320803
  outer loop
    vertex 53.52482955089507 17.821985460439823 -5.639003185609669
    vertex 4.524829550895072 17.378678034588898 -5.659673217893468
    vertex 4.524829550895072 17.821985460439823 -5.639003185609669
  endloop
endfacet
facet normal 0.0 0.04657625535947455 -0.998914737320803
  outer loop
    vertex 4.524829550895072 17.378678034588898 -5.659673217893468
    vertex 53.52482955089507 17.821985460439823 -5.639003185609669
    vertex 53.52482955089507 17.378678034588898 -5.659673217893468
  endloop
endfacet
facet normal 0.0 0.7392737705936806 -0.6734049985797567
  outer loop
    vertex 4.524829550895072 18.91726799734263 -4.9366649700058876
    vertex 53.52482955089507 18.61841823036831 -5.264746576970649
    vertex 4.524829550895072 18.61841823036831 -5.264746576970649
  endloop
endfacet
facet normal 0.0 0.7392737705936806 -0.6734049985797567
  outer loop
    vertex 53.52482955089507 18.61841823036831 -5.264746576970649
    vertex 4.524829550895072 18.91726799734263 -4.9366649700058876
    vertex 53.52482955089507 18.91726799734263 -4.9366649700058876
  endloop
endfacet
facet normal -0.0 -0.813931239857781 -0.5809612179686141
  outer loop
    vertex 53.52482955089507 19.40526193074558 -4.4367866745388325
    vertex 4.524829550895072 19.663086159816068 -4.798000449128611
    vertex 53.52482955089507 19.663086159816068 -4.798000449128611
  endloop
endfacet
facet normal -0.0 -0.813931239857781 -0.5809612179686141
  outer loop
    vertex 4.524829550895072 19.663086159816068 -4.798000449128611
    vertex 53.52482955089507 19.40526193074558 -4.4367866745388325
    vertex 4.524829550895072 19.40526193074558 -4.4367866745388325
  endloop
endfacet
facet normal -0.0 -0.6358333777258819 -0.7718263507873363
  outer loop
    vertex 53.52482955089507 20.005614245535522 -5.080176342043919
    vertex 4.524829550895072 19.663086159816068 -4.798000449128611
    vertex 4.524829550895072 20.005614245535522 -5.080176342043919
  endloop
endfacet
facet normal -0.0 -0.6358333777258819 -0.7718263507873363
  outer loop
    vertex 4.524829550895072 19.663086159816068 -4.798000449128611
    vertex 53.52482955089507 20.005614245535522 -5.080176342043919
    vertex 53.52482955089507 19.663086159816068 -4.798000449128611
  endloop
endfacet
facet normal 0.0 0.9995267833200264 0.030760517322066736
  outer loop
    vertex 4.524829550895072 22.59817229167665 -3.4750530168755938
    vertex 53.52482955089507 22.605002695805688 -3.696998954793075
    vertex 4.524829550895072 22.605002695805688 -3.696998954793075
  endloop
endfacet
facet normal 0.0 0.9995267833200264 0.030760517322066736
  outer loop
    vertex 53.52482955089507 22.605002695805688 -3.696998954793075
    vertex 4.524829550895072 22.59817229167665 -3.4750530168755938
    vertex 53.52482955089507 22.59817229167665 -3.4750530168755938
  endloop
endfacet
facet normal -0.0 -0.4144045216662982 -0.9100927933032581
  outer loop
    vertex 53.52482955089507 20.40950346491659 -5.26408453250029
    vertex 4.524829550895072 20.005614245535522 -5.080176342043919
    vertex 4.524829550895072 20.40950346491659 -5.26408453250029
  endloop
endfacet
facet normal -0.0 -0.4144045216662982 -0.9100927933032581
  outer loop
    vertex 4.524829550895072 20.005614245535522 -5.080176342043919
    vertex 53.52482955089507 20.40950346491659 -5.26408453250029
    vertex 53.52482955089507 20.005614245535522 -5.080176342043919
  endloop
endfacet
facet normal -0.0 -0.16473468229100852 -0.9863379159550143
  outer loop
    vertex 53.52482955089507 20.847229435116947 -5.337191981240776
    vertex 4.524829550895072 20.40950346491659 -5.26408453250029
    vertex 4.524829550895072 20.847229435116947 -5.337191981240776
  endloop
endfacet
facet normal -0.0 -0.16473468229100852 -0.9863379159550143
  outer loop
    vertex 4.524829550895072 20.40950346491659 -5.26408453250029
    vertex 53.52482955089507 20.847229435116947 -5.337191981240776
    vertex 53.52482955089507 20.40950346491659 -5.26408453250029
  endloop
endfacet
facet normal -0.0 -0.9365610330783463 -0.35050453822913713
  outer loop
    vertex 53.52482955089507 19.249711853460532 -4.021151140078891
    vertex 4.524829550895072 19.40526193074558 -4.4367866745388325
    vertex 53.52482955089507 19.40526193074558 -4.4367866745388325
  endloop
endfacet
facet normal -0.0 -0.9365610330783463 -0.35050453822913713
  outer loop
    vertex 4.524829550895072 19.40526193074558 -4.4367866745388325
    vertex 53.52482955089507 19.249711853460532 -4.021151140078891
    vertex 4.524829550895072 19.249711853460532 -4.021151140078891
  endloop
endfacet
facet normal 0.0 0.9993335820878329 0.03650194120181824
  outer loop
    vertex 4.524829550895072 39.507609287117624 -1.838054992361558
    vertex 53.52482955089507 39.51940240973764 -2.160921751877157
    vertex 4.524829550895072 39.51940240973764 -2.160921751877157
  endloop
endfacet
facet normal 0.0 0.9993335820878329 0.03650194120181824
  outer loop
    vertex 53.52482955089507 39.51940240973764 -2.160921751877157
    vertex 4.524829550895072 39.507609287117624 -1.838054992361558
    vertex 53.52482955089507 39.507609287117624 -1.838054992361558
  endloop
endfacet
facet normal 0.0 0.974729513582845 -0.223388395738343
  outer loop
    vertex 4.524829550895072 39.51940240973764 -2.160921751877157
    vertex 53.52482955089507 39.420265085019274 -2.5934960401755607
    vertex 4.524829550895072 39.420265085019274 -2.5934960401755607
  endloop
endfacet
facet normal 0.0 0.974729513582845 -0.223388395738343
  outer loop
    vertex 53.52482955089507 39.420265085019274 -2.5934960401755607
    vertex 4.524829550895072 39.51940240973764 -2.160921751877157
    vertex 53.52482955089507 39.51940240973764 -2.160921751877157
  endloop
endfacet
facet normal 0.0 -0.09632419486019025 0.9953500135553003
  outer loop
    vertex 53.52482955089507 39.53346205015591 -1.8355531120675306
    vertex 4.524829550895072 42.88885760737528 -1.5108374129817856
    vertex 4.524829550895072 39.53346205015591 -1.8355531120675306
  endloop
endfacet
facet normal 0.0 -0.09632419486019025 0.9953500135553003
  outer loop
    vertex 4.524829550895072 42.88885760737528 -1.5108374129817856
    vertex 53.52482955089507 39.53346205015591 -1.8355531120675306
    vertex 53.52482955089507 42.88885760737528 -1.5108374129817856
  endloop
endfacet
facet normal 1.0 0.0 0.0
  outer loop
    vertex 53.52482955089507 39.551276970580375 -2.0403313368933786
    vertex 53.52482955089507 42.88885760737528 -1.5108374129817856
    vertex 53.52482955089507 39.53346205015591 -1.8355531120675306
  endloop
endfacet
facet normal 1.0 0.0 0.0
  outer loop
    vertex 53.52482955089507 42.88885760737528 -1.5108374129817856
    vertex 53.52482955089507 39.551276970580375 -2.0403313368933786
    vertex 53.52482955089507 39.70285791562077 -2.4574307748573316
  endloop
endfacet
facet normal 1.0 0.0 0.0
  outer loop
    vertex 53.52482955089507 42.88885760737528 -1.5108374129817856
    vertex 53.52482955089507 39.70285791562077 -2.4574307748573316
    vertex 53.52482955089507 39.95722714345522 -2.821085858666276
  endloop
endfacet
facet normal 1.0 0.0 0.0
  outer loop
    vertex 53.52482955089507 42.88885760737528 -1.5108374129817856
    vertex 53.52482955089507 39.95722714345522 -2.821085858666276
    vertex 53.52482955089507 40.29704981157184 -3.1065140953270722
  endloop
endfacet
facet normal 1.0 0.0 0.0
  outer loop
    vertex 53.52482955089507 42.88885760737528 -1.5108374129817856
    vertex 53.52482955089507 40.29704981157184 -3.1065140953270722
    vertex 53.52482955089507 40.699167566721975 -3.2942640222037505
  endloop
endfacet
facet normal 1.0 0.0 0.0
  outer loop
    vertex 53.52482955089507 42.88885760737528 -1.5108374129817856
    vertex 53.52482955089507 40.699167566721975 -3.2942640222037505
    vertex 53.52482955089507 41.13617674842317 -3.3715407920510905
  endloop
endfacet
facet normal 1.0 0.0 0.0
  outer loop
    vertex 53.52482955089507 42.88885760737528 -1.5108374129817856
    vertex 53.52482955089507 41.13617674842317 -3.3715407920510905
    vertex 53.52482955089507 41.5782959031343 -3.333078120709895
  endloop
endfacet
facet normal 1.0 0.0 0.0
  outer loop
    vertex 53.52482955089507 42.88885760737528 -1.5108374129817856
    vertex 53.52482955089507 41.5782959031343 -3.333078120709895
    vertex 53.52482955089507 41.99539534109825 -3.1814971756694983
  endloop
endfacet
facet normal 1.0 0.0 0.0
  outer loop
    vertex 53.52482955089507 42.88885760737528 -1.5108374129817856
    vertex 53.52482955089507 41.99539534109825 -3.1814971756694983
    vertex 53.52482955089507 42.359050424907196 -2.9271279478350465
  endloop
endfacet
facet normal 1.0 0.0 0.0
  outer loop
    vertex 53.52482955089507 42.88885760737528 -1.5108374129817856
    vertex 53.52482955089507 42.359050424907196 -2.9271279478350465
    vertex 53.52482955089507 42.644478661567994 -2.5873052797184335
  endloop
endfacet
facet normal 1.0 0.0 0.0
  outer loop
    vertex 53.52482955089507 42.88885760737528 -1.5108374129817856
    vertex 53.52482955089507 42.644478661567994 -2.5873052797184335
    vertex 53.52482955089507 42.832228588444664 -2.185187524568294
  endloop
endfacet
facet normal 1.0 0.0 0.0
  outer loop
    vertex 53.52482955089507 42.88885760737528 -1.5108374129817856
    vertex 53.52482955089507 42.832228588444664 -2.185187524568294
    vertex 53.52482955089507 42.90950535829201 -1.7481783428671012
  endloop
endfacet
facet normal 0.0 -0.09632419486019038 0.9953500135553003
  outer loop
    vertex 53.52482955089507 32.75778873275025 -2.4912634331067878
    vertex 4.524829550895072 39.507609287117624 -1.838054992361558
    vertex 4.524829550895072 32.75778873275025 -2.4912634331067878
  endloop
endfacet
facet normal 0.0 -0.09632419486019038 0.9953500135553003
  outer loop
    vertex 4.524829550895072 39.507609287117624 -1.838054992361558
    vertex 53.52482955089507 32.75778873275025 -2.4912634331067878
    vertex 53.52482955089507 39.507609287117624 -1.838054992361558
  endloop
endfacet
facet normal -1.0 -7.73941406630602e-31 -3.0097878022949313e-30
  outer loop
    vertex 53.52482955089507 39.507609287117624 -1.838054992361558
    vertex 53.52482955089507 32.75797328145447 -2.554975466902986
    vertex 53.52482955089507 32.75778873275025 -2.4912634331067878
  endloop
endfacet
facet normal -1.0 -7.73941406630602e-31 -3.0097878022949313e-30
  outer loop
    vertex 53.52482955089507 32.75797328145447 -2.554975466902986
    vertex 53.52482955089507 39.507609287117624 -1.838054992361558
    vertex 53.52482955089507 36.15073631755614 -2.2839666027951395
  endloop
endfacet
facet normal -1.0 -7.73941406630602e-31 -3.0097878022949313e-30
  outer loop
    vertex 53.52482955089507 32.75797328145447 -2.554975466902986
    vertex 53.52482955089507 36.15073631755614 -2.2839666027951395
    vertex 53.52482955089507 32.87407553405245 -2.9833082709127394
  endloop
endfacet
facet normal -1.0 -7.73941406630602e-31 -3.0097878022949313e-30
  outer loop
    vertex 53.52482955089507 32.87407553405245 -2.9833082709127394
    vertex 53.52482955089507 36.15073631755614 -2.2839666027951395
    vertex 53.52482955089507 33.09708238564707 -3.3669965144009124
  endloop
endfacet
facet normal -1.0 -7.73941406630602e-31 -3.0097878022949313e-30
  outer loop
    vertex 53.52482955089507 33.09708238564707 -3.3669965144009124
    vertex 53.52482955089507 36.15073631755614 -2.2839666027951395
    vertex 53.52482955089507 33.411796287838406 -3.679892477648587
  endloop
endfacet
facet normal -1.0 -7.73941406630602e-31 -3.0097878022949313e-30
  outer loop
    vertex 53.52482955089507 33.411796287838406 -3.679892477648587
    vertex 53.52482955089507 36.15073631755614 -2.2839666027951395
    vertex 53.52482955089507 33.79677000828143 -3.900672817845462
  endloop
endfacet
facet normal -1.0 -7.73941406630602e-31 -3.0097878022949313e-30
  outer loop
    vertex 53.52482955089507 33.79677000828143 -3.900672817845462
    vertex 53.52482955089507 36.15073631755614 -2.2839666027951395
    vertex 53.52482955089507 34.22576822412709 -4.014291719663883
  endloop
endfacet
facet normal -1.0 -7.73941406630602e-31 -3.0097878022949313e-30
  outer loop
    vertex 53.52482955089507 34.22576822412709 -4.014291719663883
    vertex 53.52482955089507 36.15073631755614 -2.2839666027951395
    vertex 53.52482955089507 34.66955541591859 -4.01300624270904
  endloop
endfacet
facet normal -1.0 -7.73941406630602e-31 -3.0097878022949313e-30
  outer loop
    vertex 53.52482955089507 34.66955541591859 -4.01300624270904
    vertex 53.52482955089507 36.15073631755614 -2.2839666027951395
    vertex 53.52482955089507 35.097888219928336 -3.8969039901110527
  endloop
endfacet
facet normal -1.0 -7.73941406630602e-31 -3.0097878022949313e-30
  outer loop
    vertex 53.52482955089507 35.097888219928336 -3.8969039901110527
    vertex 53.52482955089507 36.15073631755614 -2.2839666027951395
    vertex 53.52482955089507 35.48157646341651 -3.67389713851643
  endloop
endfacet
facet normal -1.0 -7.73941406630602e-31 -3.0097878022949313e-30
  outer loop
    vertex 53.52482955089507 35.48157646341651 -3.67389713851643
    vertex 53.52482955089507 36.15073631755614 -2.2839666027951395
    vertex 53.52482955089507 35.794472426664186 -3.359183236325096
  endloop
endfacet
facet normal -1.0 -7.73941406630602e-31 -3.0097878022949313e-30
  outer loop
    vertex 53.52482955089507 35.794472426664186 -3.359183236325096
    vertex 53.52482955089507 36.15073631755614 -2.2839666027951395
    vertex 53.52482955089507 36.01525276686106 -2.9742095158820803
  endloop
endfacet
facet normal -1.0 -7.73941406630602e-31 -3.0097878022949313e-30
  outer loop
    vertex 53.52482955089507 36.01525276686106 -2.9742095158820803
    vertex 53.52482955089507 36.15073631755614 -2.2839666027951395
    vertex 53.52482955089507 36.12887166867948 -2.5452113000364185
  endloop
endfacet
facet normal -1.0 -7.73941406630602e-31 -3.0097878022949313e-30
  outer loop
    vertex 53.52482955089507 36.15073631755614 -2.2839666027951395
    vertex 53.52482955089507 39.507609287117624 -1.838054992361558
    vertex 53.52482955089507 36.28116802003601 -2.708155587844713
  endloop
endfacet
facet normal -1.0 -7.73941406630602e-31 -3.0097878022949313e-30
  outer loop
    vertex 53.52482955089507 36.28116802003601 -2.708155587844713
    vertex 53.52482955089507 39.507609287117624 -1.838054992361558
    vertex 53.52482955089507 36.51694355808171 -3.084132475044508
  endloop
endfacet
facet normal -1.0 -7.73941406630602e-31 -3.0097878022949313e-30
  outer loop
    vertex 53.52482955089507 36.51694355808171 -3.084132475044508
    vertex 53.52482955089507 39.507609287117624 -1.838054992361558
    vertex 53.52482955089507 36.84199521841292 -3.3862750608630408
  endloop
endfacet
facet normal -1.0 -7.73941406630602e-31 -3.0097878022949313e-30
  outer loop
    vertex 53.52482955089507 36.84199521841292 -3.3862750608630408
    vertex 53.52482955089507 39.507609287117624 -1.838054992361558
    vertex 53.52482955089507 37.23417126755133 -3.5939928273910104
  endloop
endfacet
facet normal -1.0 -7.73941406630602e-31 -3.0097878022949313e-30
  outer loop
    vertex 53.52482955089507 37.23417126755133 -3.5939928273910104
    vertex 53.52482955089507 39.507609287117624 -1.838054992361558
    vertex 53.52482955089507 37.66674555584974 -3.693130152109376
  endloop
endfacet
facet normal -1.0 -7.73941406630602e-31 -3.0097878022949313e-30
  outer loop
    vertex 53.52482955089507 37.66674555584974 -3.693130152109376
    vertex 53.52482955089507 39.507609287117624 -1.838054992361558
    vertex 53.52482955089507 38.1102388604234 -3.6769309901707543
  endloop
endfacet
facet normal -1.0 -7.73941406630602e-31 -3.0097878022949313e-30
  outer loop
    vertex 53.52482955089507 38.1102388604234 -3.6769309901707543
    vertex 53.52482955089507 39.507609287117624 -1.838054992361558
    vertex 53.52482955089507 38.534427845472976 -3.5464992876908834
  endloop
endfacet
facet normal -1.0 -7.73941406630602e-31 -3.0097878022949313e-30
  outer loop
    vertex 53.52482955089507 38.534427845472976 -3.5464992876908834
    vertex 53.52482955089507 39.507609287117624 -1.838054992361558
    vertex 53.52482955089507 38.910404732672774 -3.310723749645186
  endloop
endfacet
facet normal -1.0 -7.73941406630602e-31 -3.0097878022949313e-30
  outer loop
    vertex 53.52482955089507 38.910404732672774 -3.310723749645186
    vertex 53.52482955089507 39.507609287117624 -1.838054992361558
    vertex 53.52482955089507 39.2125473184913 -2.9856720893139763
  endloop
endfacet
facet normal -1.0 -7.73941406630602e-31 -3.0097878022949313e-30
  outer loop
    vertex 53.52482955089507 39.2125473184913 -2.9856720893139763
    vertex 53.52482955089507 39.507609287117624 -1.838054992361558
    vertex 53.52482955089507 39.420265085019274 -2.5934960401755607
  endloop
endfacet
facet normal -1.0 -7.73941406630602e-31 -3.0097878022949313e-30
  outer loop
    vertex 53.52482955089507 39.420265085019274 -2.5934960401755607
    vertex 53.52482955089507 39.507609287117624 -1.838054992361558
    vertex 53.52482955089507 39.51940240973764 -2.160921751877157
  endloop
endfacet
facet normal 0.0 0.9965159388861663 -0.08340253920488779
  outer loop
    vertex 4.524829550895072 36.15073631755614 -2.2839666027951395
    vertex 53.52482955089507 36.12887166867948 -2.5452113000364185
    vertex 4.524829550895072 36.12887166867948 -2.5452113000364185
  endloop
endfacet
facet normal 0.0 0.9965159388861663 -0.08340253920488779
  outer loop
    vertex 53.52482955089507 36.12887166867948 -2.5452113000364185
    vertex 4.524829550895072 36.15073631755614 -2.2839666027951395
    vertex 53.52482955089507 36.15073631755614 -2.2839666027951395
  endloop
endfacet
facet normal 0.0 0.9666714679322106 -0.2560200638344295
  outer loop
    vertex 4.524829550895072 36.12887166867948 -2.5452113000364185
    vertex 53.52482955089507 36.01525276686106 -2.9742095158820803
    vertex 4.524829550895072 36.01525276686106 -2.9742095158820803
  endloop
endfacet
facet normal 0.0 0.9666714679322106 -0.2560200638344295
  outer loop
    vertex 53.52482955089507 36.01525276686106 -2.9742095158820803
    vertex 4.524829550895072 36.12887166867948 -2.5452113000364185
    vertex 53.52482955089507 36.12887166867948 -2.5452113000364185
  endloop
endfacet
facet normal 0.0 0.8674700679637791 -0.4974893779639086
  outer loop
    vertex 4.524829550895072 36.01525276686106 -2.9742095158820803
    vertex 53.52482955089507 35.794472426664186 -3.359183236325096
    vertex 4.524829550895072 35.794472426664186 -3.359183236325096
  endloop
endfacet
facet normal 0.0 0.8674700679637791 -0.4974893779639086
  outer loop
    vertex 53.52482955089507 35.794472426664186 -3.359183236325096
    vertex 4.524829550895072 36.01525276686106 -2.9742095158820803
    vertex 53.52482955089507 36.01525276686106 -2.9742095158820803
  endloop
endfacet
facet normal 0.0 0.7091520164256808 -0.7050556131252279
  outer loop
    vertex 4.524829550895072 35.794472426664186 -3.359183236325096
    vertex 53.52482955089507 35.48157646341651 -3.67389713851643
    vertex 4.524829550895072 35.48157646341651 -3.67389713851643
  endloop
endfacet
facet normal 0.0 0.7091520164256808 -0.7050556131252279
  outer loop
    vertex 53.52482955089507 35.48157646341651 -3.67389713851643
    vertex 4.524829550895072 35.794472426664186 -3.359183236325096
    vertex 53.52482955089507 35.794472426664186 -3.359183236325096
  endloop
endfacet
facet normal 0.0 0.5025064268972887 -0.8645734734115544
  outer loop
    vertex 53.52482955089507 35.48157646341651 -3.67389713851643
    vertex 4.524829550895072 35.097888219928336 -3.8969039901110527
    vertex 4.524829550895072 35.48157646341651 -3.67389713851643
  endloop
endfacet
facet normal 0.0 0.5025064268972887 -0.8645734734115544
  outer loop
    vertex 4.524829550895072 35.097888219928336 -3.8969039901110527
    vertex 53.52482955089507 35.48157646341651 -3.67389713851643
    vertex 53.52482955089507 35.097888219928336 -3.8969039901110527
  endloop
endfacet
facet normal -0.0 -0.6808247824114824 -0.7324463227120181
  outer loop
    vertex 53.52482955089507 36.84199521841292 -3.3862750608630408
    vertex 4.524829550895072 36.51694355808171 -3.084132475044508
    vertex 4.524829550895072 36.84199521841292 -3.3862750608630408
  endloop
endfacet
facet normal -0.0 -0.6808247824114824 -0.7324463227120181
  outer loop
    vertex 4.524829550895072 36.51694355808171 -3.084132475044508
    vertex 53.52482955089507 36.84199521841292 -3.3862750608630408
    vertex 53.52482955089507 36.51694355808171 -3.084132475044508
  endloop
endfacet
facet normal -0.0 -0.8471972983420609 -0.5312783994121284
  outer loop
    vertex 53.52482955089507 36.28116802003601 -2.708155587844713
    vertex 4.524829550895072 36.51694355808171 -3.084132475044508
    vertex 53.52482955089507 36.51694355808171 -3.084132475044508
  endloop
endfacet
facet normal -0.0 -0.8471972983420609 -0.5312783994121284
  outer loop
    vertex 4.524829550895072 36.51694355808171 -3.084132475044508
    vertex 53.52482955089507 36.28116802003601 -2.708155587844713
    vertex 4.524829550895072 36.28116802003601 -2.708155587844713
  endloop
endfacet
facet normal 0.0 -0.9558347184503624 -0.29390473117137217
  outer loop
    vertex 53.52482955089507 36.15073631755614 -2.2839666027951395
    vertex 4.524829550895072 36.28116802003601 -2.708155587844713
    vertex 53.52482955089507 36.28116802003601 -2.708155587844713
  endloop
endfacet
facet normal 0.0 -0.9558347184503624 -0.29390473117137217
  outer loop
    vertex 4.524829550895072 36.28116802003601 -2.708155587844713
    vertex 53.52482955089507 36.15073631755614 -2.2839666027951395
    vertex 4.524829550895072 36.15073631755614 -2.2839666027951395
  endloop
endfacet
facet normal -0.0 -0.46805518267570606 -0.8836992395438685
  outer loop
    vertex 53.52482955089507 37.23417126755133 -3.5939928273910104
    vertex 4.524829550895072 36.84199521841292 -3.3862750608630408
    vertex 4.524829550895072 37.23417126755133 -3.5939928273910104
  endloop
endfacet
facet normal -0.0 -0.46805518267570606 -0.8836992395438685
  outer loop
    vertex 4.524829550895072 36.84199521841292 -3.3862750608630408
    vertex 53.52482955089507 37.23417126755133 -3.5939928273910104
    vertex 53.52482955089507 36.84199521841292 -3.3862750608630408
  endloop
endfacet
facet normal -0.0 -0.22338839573834365 -0.9747295135828449
  outer loop
    vertex 53.52482955089507 37.66674555584974 -3.693130152109376
    vertex 4.524829550895072 37.23417126755133 -3.5939928273910104
    vertex 4.524829550895072 37.66674555584974 -3.693130152109376
  endloop
endfacet
facet normal -0.0 -0.22338839573834365 -0.9747295135828449
  outer loop
    vertex 4.524829550895072 37.23417126755133 -3.5939928273910104
    vertex 53.52482955089507 37.66674555584974 -3.693130152109376
    vertex 53.52482955089507 37.23417126755133 -3.5939928273910104
  endloop
endfacet
facet normal 1.0010280098044065e-20 -0.09632419486018552 0.9953500135553005
  outer loop
    vertex 53.52482955089507 39.507609287117624 -1.838054992361558
    vertex 4.524829550895072 39.53346205015591 -1.8355531120675306
    vertex 4.524829550895072 39.507609287117624 -1.838054992361558
  endloop
endfacet
facet normal 5.0051400490220326e-21 -0.09632419486018552 0.9953500135553005
  outer loop
    vertex 53.52482955089507 39.53346205015591 -1.8355531120675306
    vertex 4.524829550895072 39.53346205015591 -1.8355531120675306
    vertex 53.52482955089507 39.507609287117624 -1.838054992361558
  endloop
endfacet
facet normal 0.0 -0.09638251864923052 0.9953443675928602
  outer loop
    vertex 53.52482955089507 22.59817229167665 -3.4750530168755938
    vertex 4.524829550895072 29.035879870853375 -2.8516682959584827
    vertex 4.524829550895072 22.59817229167665 -3.4750530168755938
  endloop
endfacet
facet normal 0.0 -0.09638251864923052 0.9953443675928602
  outer loop
    vertex 4.524829550895072 29.035879870853375 -2.8516682959584827
    vertex 53.52482955089507 22.59817229167665 -3.4750530168755938
    vertex 4.524829550895072 29.06584925347426 -2.848766260569114
  endloop
endfacet
facet normal 0.0 -0.09638251864923052 0.9953443675928602
  outer loop
    vertex 4.524829550895072 29.06584925347426 -2.848766260569114
    vertex 53.52482955089507 22.59817229167665 -3.4750530168755938
    vertex 4.524829550895072 31.709819404897953 -2.5927418023769313
  endloop
endfacet
facet normal 0.0 -0.09638251864923052 0.9953443675928602
  outer loop
    vertex 4.524829550895072 31.709819404897953 -2.5927418023769313
    vertex 53.52482955089507 22.59817229167665 -3.4750530168755938
    vertex 4.524829550895072 32.75778873275025 -2.4912634331067878
  endloop
endfacet
facet normal -1.7442178488832647e-06 -0.09638668302789814 0.9953439643318472
  outer loop
    vertex 53.52482955089507 22.59817229167665 -3.4750530168755938
    vertex 53.52482955089507 32.75778873275025 -2.4912634331067878
    vertex 4.524829550895072 32.75778873275025 -2.4912634331067878
  endloop
endfacet
facet normal -1.7442178488832647e-06 -0.09638668302789814 0.9953439643318472
  outer loop
    vertex 53.52482955089507 32.75778873275025 -2.4912634331067878
    vertex 53.52482955089507 22.59817229167665 -3.4750530168755938
    vertex 53.52482955089507 29.36976442968159 -2.819136752758593
  endloop
endfacet
facet normal 0.0 -0.09625837571744009 0.9953563809531942
  outer loop
    vertex 53.52482955089507 19.201554981858465 -3.803531209644808
    vertex 4.524829550895072 19.228436601178288 -3.8009315568351254
    vertex 4.524829550895072 19.201554981858465 -3.803531209644808
  endloop
endfacet
facet normal 0.0 -0.09625837571744009 0.9953563809531942
  outer loop
    vertex 53.52482955089507 19.228436601178288 -3.8009315568351254
    vertex 4.524829550895072 19.228436601178288 -3.8009315568351254
    vertex 53.52482955089507 19.201554981858465 -3.803531209644808
  endloop
endfacet
facet normal -0.0013875828813315616 -0.09641112765219695 0.9953406296733693
  outer loop
    vertex 54.52482955089507 13.595349874853603 -4.345693000000011
    vertex 54.479557126724806 14.309495861617332 -4.276582098055134
    vertex 54.452705099361275 14.244671402878902 -4.282877102415373
  endloop
endfacet
facet normal -0.0013875828813315616 -0.09641112765219695 0.9953406296733693
  outer loop
    vertex 54.452705099361275 14.244671402878902 -4.282877102415373
    vertex 53.52482955089507 29.36976442968159 -2.819136752758593
    vertex 53.52482955089507 22.59817229167665 -3.4750530168755938
  endloop
endfacet
facet normal -0.0013875828813315616 -0.09641112765219695 0.9953406296733693
  outer loop
    vertex 53.52482955089507 29.36976442968159 -2.819136752758593
    vertex 54.452705099361275 14.244671402878902 -4.282877102415373
    vertex 54.49075537718413 14.336530829751085 -4.273965810816384
  endloop
endfacet
facet normal -0.0013875828813315616 -0.09641112765219695 0.9953406296733693
  outer loop
    vertex 54.49075537718413 14.336530829751085 -4.273965810816384
    vertex 54.452705099361275 14.244671402878902 -4.282877102415373
    vertex 54.479557126724806 14.309495861617332 -4.276582098055134
  endloop
endfacet
facet normal 0.0 -0.09632419486019048 0.9953500135553001
  outer loop
    vertex 54.49075537718413 14.336530829751085 -4.273965810816384
    vertex 53.52482955089507 32.75778873275025 -2.4912634331067878
    vertex 53.52482955089507 29.36976442968159 -2.819136752758593
  endloop
endfacet
facet normal 1.0553017139904471e-06 -0.09632531421599178 0.9953499052293505
  outer loop
    vertex 4.524829550895097 13.595349874853603 -4.345693000000011
    vertex 4.524829550895072 15.842128360107358 -4.128412785871793
    vertex 4.266010505792576 13.629424048564536 -4.342395499318308
  endloop
endfacet
facet normal 1.0553017139904471e-06 -0.09632531421599178 0.9953499052293505
  outer loop
    vertex 4.524829550895072 15.842128360107358 -4.128412785871793
    vertex 4.524829550895097 13.595349874853603 -4.345693000000011
    vertex 53.52482955089507 15.842128360107358 -4.128412785871793
  endloop
endfacet
facet normal 1.0553017139904471e-06 -0.09632531421599178 0.9953499052293505
  outer loop
    vertex 53.52482955089507 15.842128360107358 -4.128412785871793
    vertex 4.524829550895097 13.595349874853603 -4.345693000000011
    vertex 53.52482955089507 13.595349874853603 -4.345693000000011
  endloop
endfacet
facet normal 1.0553017139904471e-06 -0.09632531421599178 0.9953499052293505
  outer loop
    vertex 53.52482955089507 15.842128360107358 -4.128412785871793
    vertex 53.52482955089507 13.595349874853603 -4.345693000000011
    vertex 53.78364859599759 13.629424048564536 -4.342395499318307
  endloop
endfacet
facet normal 1.0553017139904471e-06 -0.09632531421599178 0.9953499052293505
  outer loop
    vertex 53.52482955089507 15.842128360107358 -4.128412785871793
    vertex 53.78364859599759 13.629424048564536 -4.342395499318307
    vertex 53.52482955089507 19.201554981858465 -3.803531209644808
  endloop
endfacet
facet normal 1.0553017139904471e-06 -0.09632531421599178 0.9953499052293505
  outer loop
    vertex 53.52482955089507 19.201554981858465 -3.803531209644808
    vertex 53.78364859599759 13.629424048564536 -4.342395499318307
    vertex 53.52482955089507 19.228436601178288 -3.8009315568351254
  endloop
endfacet
facet normal 1.0553017139904471e-06 -0.09632531421599178 0.9953499052293505
  outer loop
    vertex 53.52482955089507 19.228436601178288 -3.8009315568351254
    vertex 53.78364859599759 13.629424048564536 -4.342395499318307
    vertex 53.52482955089507 22.59817229167665 -3.4750530168755938
  endloop
endfacet
facet normal 1.0553017139904471e-06 -0.09632531421599178 0.9953499052293505
  outer loop
    vertex 53.52482955089507 22.59817229167665 -3.4750530168755938
    vertex 53.78364859599759 13.629424048564536 -4.342395499318307
    vertex 54.452705099361275 14.244671402878902 -4.282877102415373
  endloop
endfacet
facet normal 1.0553017139904471e-06 -0.09632531421599178 0.9953499052293505
  outer loop
    vertex 54.452705099361275 14.244671402878902 -4.282877102415373
    vertex 53.78364859599759 13.629424048564536 -4.342395499318307
    vertex 54.02482955089507 13.729324471069166 -4.332727716495279
  endloop
endfacet
facet normal 1.0553017139904471e-06 -0.09632531421599178 0.9953499052293505
  outer loop
    vertex 54.452705099361275 14.244671402878902 -4.282877102415373
    vertex 54.02482955089507 13.729324471069166 -4.332727716495279
    vertex 54.231936332081624 13.888243093667056 -4.3173484949535474
  endloop
endfacet
facet normal 1.0553017139904471e-06 -0.09632531421599178 0.9953499052293505
  outer loop
    vertex 54.452705099361275 14.244671402878902 -4.282877102415373
    vertex 54.231936332081624 13.888243093667056 -4.3173484949535474
    vertex 54.390854954679504 14.095349874853603 -4.297305903225817
  endloop
endfacet
facet normal 1.0553017139904471e-06 -0.09632531421599178 0.9953499052293505
  outer loop
    vertex 3.524829550895098 14.595349874853596 -4.248918806451625
    vertex 3.558903724606024 43.85416891995614 -1.4174201891836378
    vertex 3.524829550895091 43.59534987485362 -1.442467193548398
  endloop
endfacet
facet normal 1.0553017139904471e-06 -0.09632531421599178 0.9953499052293505
  outer loop
    vertex 3.558903724606024 43.85416891995614 -1.4174201891836378
    vertex 3.524829550895098 14.595349874853596 -4.248918806451625
    vertex 3.5589037246060293 14.336530829751077 -4.273965810816385
  endloop
endfacet
facet normal 1.0553017139904471e-06 -0.09632531421599178 0.9953499052293505
  outer loop
    vertex 3.558903724606024 43.85416891995614 -1.4174201891836378
    vertex 3.5589037246060293 14.336530829751077 -4.273965810816385
    vertex 3.658804147110655 44.09534987485362 -1.3940800967742044
  endloop
endfacet
facet normal 1.0553017139904471e-06 -0.09632531421599178 0.9953499052293505
  outer loop
    vertex 3.658804147110655 44.09534987485362 -1.3940800967742044
    vertex 3.5589037246060293 14.336530829751077 -4.273965810816385
    vertex 3.6588041471106587 14.0953498748536 -4.297305903225818
  endloop
endfacet
facet normal 1.0553017139904471e-06 -0.09632531421599178 0.9953499052293505
  outer loop
    vertex 3.658804147110655 44.09534987485362 -1.3940800967742044
    vertex 3.6588041471106587 14.0953498748536 -4.297305903225818
    vertex 3.748969876906756 44.21285614168464 -1.3827085225647509
  endloop
endfacet
facet normal 1.0553017139904471e-06 -0.09632531421599178 0.9953499052293505
  outer loop
    vertex 3.748969876906756 44.21285614168464 -1.3827085225647509
    vertex 3.6588041471106587 14.0953498748536 -4.297305903225818
    vertex 3.81772276970855 13.888243093667056 -4.317348494953548
  endloop
endfacet
facet normal 1.0553017139904471e-06 -0.09632531421599178 0.9953499052293505
  outer loop
    vertex 3.748969876906756 44.21285614168464 -1.3827085225647509
    vertex 3.81772276970855 13.888243093667056 -4.317348494953548
    vertex 4.524829550895072 42.88885760737528 -1.5108374129817856
  endloop
endfacet
facet normal 1.0553017139904471e-06 -0.09632531421599178 0.9953499052293505
  outer loop
    vertex 4.524829550895072 42.88885760737528 -1.5108374129817856
    vertex 3.81772276970855 13.888243093667056 -4.317348494953548
    vertex 4.024829550895098 13.729324471069162 -4.332727716495279
  endloop
endfacet
facet normal 1.0553017139904471e-06 -0.09632531421599178 0.9953499052293505
  outer loop
    vertex 4.524829550895072 42.88885760737528 -1.5108374129817856
    vertex 4.024829550895098 13.729324471069162 -4.332727716495279
    vertex 4.266010505792576 13.629424048564536 -4.342395499318308
  endloop
endfacet
facet normal 1.0553017139904471e-06 -0.09632531421599178 0.9953499052293505
  outer loop
    vertex 4.524829550895072 42.88885760737528 -1.5108374129817856
    vertex 4.266010505792576 13.629424048564536 -4.342395499318308
    vertex 4.524829550895072 15.842128360107358 -4.128412785871793
  endloop
endfacet
facet normal 1.0553017139904471e-06 -0.09632531421599178 0.9953499052293505
  outer loop
    vertex 4.524829550895072 42.88885760737528 -1.5108374129817856
    vertex 4.524829550895072 15.842128360107358 -4.128412785871793
    vertex 4.524829550895072 19.201554981858465 -3.803531209644808
  endloop
endfacet
facet normal 1.0553017139904471e-06 -0.09632531421599178 0.9953499052293505
  outer loop
    vertex 4.524829550895072 42.88885760737528 -1.5108374129817856
    vertex 4.524829550895072 19.201554981858465 -3.803531209644808
    vertex 4.524829550895072 19.228436601178288 -3.8009315568351254
  endloop
endfacet
facet normal 1.0553017139904471e-06 -0.09632531421599178 0.9953499052293505
  outer loop
    vertex 4.524829550895072 42.88885760737528 -1.5108374129817856
    vertex 4.524829550895072 19.228436601178288 -3.8009315568351254
    vertex 4.524829550895072 22.59817229167665 -3.4750530168755938
  endloop
endfacet
facet normal 1.0553017139904471e-06 -0.09632531421599178 0.9953499052293505
  outer loop
    vertex 4.524829550895072 42.88885760737528 -1.5108374129817856
    vertex 4.524829550895072 22.59817229167665 -3.4750530168755938
    vertex 4.524829550895072 29.035879870853375 -2.8516682959584827
  endloop
endfacet
facet normal 1.0553017139904471e-06 -0.09632531421599178 0.9953499052293505
  outer loop
    vertex 4.524829550895072 42.88885760737528 -1.5108374129817856
    vertex 4.524829550895072 29.035879870853375 -2.8516682959584827
    vertex 4.524829550895072 29.06584925347426 -2.848766260569114
  endloop
endfacet
facet normal 1.0553017139904471e-06 -0.09632531421599178 0.9953499052293505
  outer loop
    vertex 4.524829550895072 42.88885760737528 -1.5108374129817856
    vertex 4.524829550895072 29.06584925347426 -2.848766260569114
    vertex 4.524829550895072 31.709819404897953 -2.5927418023769313
  endloop
endfacet
facet normal 1.0553017139904471e-06 -0.09632531421599178 0.9953499052293505
  outer loop
    vertex 4.524829550895072 42.88885760737528 -1.5108374129817856
    vertex 4.524829550895072 31.709819404897953 -2.5927418023769313
    vertex 4.524829550895072 32.75778873275025 -2.4912634331067878
  endloop
endfacet
facet normal 1.0553017139904471e-06 -0.09632531421599178 0.9953499052293505
  outer loop
    vertex 4.524829550895072 42.88885760737528 -1.5108374129817856
    vertex 4.524829550895072 32.75778873275025 -2.4912634331067878
    vertex 4.524829550895072 39.507609287117624 -1.838054992361558
  endloop
endfacet
facet normal 1.0553017139904471e-06 -0.09632531421599178 0.9953499052293505
  outer loop
    vertex 4.524829550895072 42.88885760737528 -1.5108374129817856
    vertex 4.524829550895072 39.507609287117624 -1.838054992361558
    vertex 4.524829550895072 39.53346205015591 -1.8355531120675306
  endloop
endfacet
facet normal -7.424892573457179e-17 -0.09632419486018984 0.9953500135553003
  outer loop
    vertex 54.02482955089507 44.46137527863806 -1.3586582835047425
    vertex 54.52482955089507 44.59534987485362 -1.345693000000011
    vertex 53.78364859599759 44.561275701142684 -1.3489905006817138
  endloop
endfacet
facet normal -7.424892573457179e-17 -0.09632419486018984 0.9953500135553003
  outer loop
    vertex 54.52482955089507 44.59534987485362 -1.345693000000011
    vertex 54.02482955089507 44.46137527863806 -1.3586582835047425
    vertex 54.231936332081624 44.30245665604016 -1.374037505046474
  endloop
endfacet
facet normal -7.424892573457179e-17 -0.09632419486018984 0.9953500135553003
  outer loop
    vertex 54.52482955089507 44.59534987485362 -1.345693000000011
    vertex 54.231936332081624 44.30245665604016 -1.374037505046474
    vertex 54.30068922488341 44.21285614168464 -1.3827085225647504
  endloop
endfacet
facet normal 5.7503666807842644e-18 -0.6246950475544241 -0.7808688094430304
  outer loop
    vertex 53.19582314198851 44.99015756554148 6.3384608474496975
    vertex 11.327605188627096 39.5953498748536 10.65430699999999
    vertex 4.853835959801652 44.99015756554148 6.338460847449695
  endloop
endfacet
facet normal 5.7503666807842644e-18 -0.6246950475544241 -0.7808688094430304
  outer loop
    vertex 11.327605188627096 39.5953498748536 10.65430699999999
    vertex 53.19582314198851 44.99015756554148 6.3384608474496975
    vertex 46.72205391316308 39.59534987485361 10.65430699999999
  endloop
endfacet
facet normal 0.5547001962252295 1.8395117486663627e-17 0.8320502943378434
  outer loop
    vertex 54.8202956456614 14.949909188573207 6.457329603489101
    vertex 48.52482955089507 37.9945688154954 10.65430699999999
    vertex 48.52482955089507 20.19613093421182 10.65430699999999
  endloop
endfacet
facet normal 0.5547001962252295 1.8395117486663627e-17 0.8320502943378434
  outer loop
    vertex 48.52482955089507 37.9945688154954 10.65430699999999
    vertex 54.8202956456614 14.949909188573207 6.457329603489101
    vertex 54.8202956456614 43.24079056113401 6.457329603489101
  endloop
endfacet
facet normal -0.5547001962252293 9.1975587433318e-18 0.8320502943378435
  outer loop
    vertex 3.229363456128765 14.949909188573207 6.457329603489099
    vertex 9.524829550895099 37.994568815495406 10.65430699999999
    vertex 3.229363456128762 43.24079056113402 6.4573296034890975
  endloop
endfacet
facet normal -0.5547001962252293 9.1975587433318e-18 0.8320502943378435
  outer loop
    vertex 9.524829550895099 37.994568815495406 10.65430699999999
    vertex 3.229363456128765 14.949909188573207 6.457329603489099
    vertex 9.524829550895095 20.196130934211816 10.65430699999999
  endloop
endfacet
facet normal -0.5088334280381622 0.07544222366007171 0.8575529216323363
  outer loop
    vertex 9.524829550895099 37.994568815495406 10.65430699999999
    vertex 3.351120503876379 43.60482905508056 6.4975489084929
    vertex 3.229363456128762 43.24079056113402 6.4573296034890975
  endloop
endfacet
facet normal -0.5088334280381622 0.07544222366007171 0.8575529216323363
  outer loop
    vertex 3.351120503876379 43.60482905508056 6.4975489084929
    vertex 9.524829550895099 37.994568815495406 10.65430699999999
    vertex 9.586257641137014 38.408881440696696 10.65430699999999
  endloop
endfacet
facet normal -0.4242121316576908 0.1978869443625549 0.883676877939719
  outer loop
    vertex 9.586257641137014 38.408881440696696 10.65430699999999
    vertex 3.5551496005130785 43.97096441893652 6.513502940990379
    vertex 3.351120503876379 43.60482905508056 6.4975489084929
  endloop
endfacet
facet normal -0.4242121316576908 0.1978869443625549 0.883676877939719
  outer loop
    vertex 3.5551496005130785 43.97096441893652 6.513502940990379
    vertex 9.586257641137014 38.408881440696696 10.65430699999999
    vertex 9.766355689027494 38.794959345174505 10.65430699999999
  endloop
endfacet
facet normal 0.17571441825581421 -0.4777413448966283 -0.8607483085045138
  outer loop
    vertex 4.499796027074569 44.84181832668108 6.413496005026228
    vertex 10.426217369761096 39.380885878796576 10.65430699999999
    vertex 4.149747804606667 44.611277183091936 6.469993956563702
  endloop
endfacet
facet normal 0.17571441825581421 -0.4777413448966283 -0.8607483085045138
  outer loop
    vertex 10.426217369761096 39.380885878796576 10.65430699999999
    vertex 4.499796027074569 44.84181832668108 6.413496005026228
    vertex 10.861012519535212 39.540804582963865 10.65430699999999
  endloop
endfacet
facet normal 0.06698919165717773 -0.5730405806391916 -0.8167845132847562
  outer loop
    vertex 4.853835959801652 44.99015756554148 6.338460847449695
    vertex 10.861012519535212 39.540804582963865 10.65430699999999
    vertex 4.499796027074569 44.84181832668108 6.413496005026228
  endloop
endfacet
facet normal 0.06698919165717773 -0.5730405806391916 -0.8167845132847562
  outer loop
    vertex 10.861012519535212 39.540804582963865 10.65430699999999
    vertex 4.853835959801652 44.99015756554148 6.338460847449695
    vertex 11.327605188627096 39.5953498748536 10.65430699999999
  endloop
endfacet
facet normal 0.06698919165718918 -0.5730405806391876 0.8167845132847581
  outer loop
    vertex 53.19582314198851 13.20054218416574 6.338460847449696
    vertex 47.18864658225496 18.649895166743345 10.65430699999999
    vertex 46.72205391316308 18.595349874853603 10.65430699999999
  endloop
endfacet
facet normal 0.06698919165718918 -0.5730405806391876 0.8167845132847581
  outer loop
    vertex 47.18864658225496 18.649895166743345 10.65430699999999
    vertex 53.19582314198851 13.20054218416574 6.338460847449696
    vertex 53.549863074715596 13.348881423026146 6.41349600502623
  endloop
endfacet
facet normal 0.26406988137333365 -0.38918339653684925 -0.8824983748492203
  outer loop
    vertex 4.149747804606667 44.611277183091936 6.469993956563702
    vertex 9.517737595736193 39.586839528662935 10.292837220232254
    vertex 3.827546500277093 44.31424513272242 6.50410446003212
  endloop
endfacet
facet normal 0.26406988137333365 -0.38918339653684925 -0.8824983748492203
  outer loop
    vertex 9.517737595736193 39.586839528662935 10.292837220232254
    vertex 4.149747804606667 44.611277183091936 6.469993956563702
    vertex 10.426217369761096 39.380885878796576 10.65430699999999
  endloop
endfacet
facet normal 0.26406988137333365 -0.38918339653684925 -0.8824983748492203
  outer loop
    vertex 9.517737595736193 39.586839528662935 10.292837220232254
    vertex 10.426217369761096 39.380885878796576 10.65430699999999
    vertex 10.052850310228898 39.126491957762575 10.65430699999999
  endloop
endfacet
facet normal 0.3449905531643933 -0.29803977408841237 0.8900302305476225
  outer loop
    vertex 48.531921506053976 18.603860221044286 10.292837220232254
    vertex 48.28330341276268 19.39574040453271 10.65430699999999
    vertex 47.99680879156127 19.06420779194464 10.65430699999999
  endloop
endfacet
facet normal 0.3449905531643933 -0.29803977408841237 0.8900302305476225
  outer loop
    vertex 48.28330341276268 19.39574040453271 10.65430699999999
    vertex 48.531921506053976 18.603860221044286 10.292837220232254
    vertex 54.49450950127709 14.219735330770698 6.5135029409903815
  endloop
endfacet
facet normal 0.3449905531643933 -0.29803977408841237 0.8900302305476225
  outer loop
    vertex 54.49450950127709 14.219735330770698 6.5135029409903815
    vertex 48.531921506053976 18.603860221044286 10.292837220232254
    vertex 54.22211260151307 13.876454616984805 6.5041044600321225
  endloop
endfacet
facet normal 0.2640698813733439 -0.38918339653684547 0.8824983748492189
  outer loop
    vertex 53.89991129718349 13.579422566615284 6.469993956563704
    vertex 47.99680879156127 19.06420779194464 10.65430699999999
    vertex 47.62344173202907 18.809813870910638 10.65430699999999
  endloop
endfacet
facet normal 0.2640698813733439 -0.38918339653684547 0.8824983748492189
  outer loop
    vertex 47.99680879156127 19.06420779194464 10.65430699999999
    vertex 53.89991129718349 13.579422566615284 6.469993956563704
    vertex 48.531921506053976 18.603860221044286 10.292837220232254
  endloop
endfacet
facet normal 0.2640698813733439 -0.38918339653684547 0.8824983748492189
  outer loop
    vertex 48.531921506053976 18.603860221044286 10.292837220232254
    vertex 53.89991129718349 13.579422566615284 6.469993956563704
    vertex 54.22211260151307 13.876454616984805 6.5041044600321225
  endloop
endfacet
facet normal 0.5088334280381582 -0.07544222366008049 0.857552921632338
  outer loop
    vertex 54.69853859791378 14.585870694626662 6.497548908492902
    vertex 48.52482955089507 20.19613093421182 10.65430699999999
    vertex 48.46340146065315 19.781818309010525 10.65430699999999
  endloop
endfacet
facet normal 0.5088334280381582 -0.07544222366008049 0.857552921632338
  outer loop
    vertex 48.52482955089507 20.19613093421182 10.65430699999999
    vertex 54.69853859791378 14.585870694626662 6.497548908492902
    vertex 54.8202956456614 14.949909188573207 6.457329603489101
  endloop
endfacet
facet normal 0.17571441825580808 -0.47774134489663617 0.8607483085045109
  outer loop
    vertex 53.549863074715596 13.348881423026146 6.41349600502623
    vertex 47.62344173202907 18.809813870910638 10.65430699999999
    vertex 47.18864658225496 18.649895166743345 10.65430699999999
  endloop
endfacet
facet normal 0.17571441825580808 -0.47774134489663617 0.8607483085045109
  outer loop
    vertex 47.62344173202907 18.809813870910638 10.65430699999999
    vertex 53.549863074715596 13.348881423026146 6.41349600502623
    vertex 53.89991129718349 13.579422566615284 6.469993956563704
  endloop
endfacet
facet normal 0.42421213165767885 -0.19788694436256365 0.8836768779397228
  outer loop
    vertex 54.49450950127709 14.219735330770698 6.5135029409903815
    vertex 48.46340146065315 19.781818309010525 10.65430699999999
    vertex 48.28330341276268 19.39574040453271 10.65430699999999
  endloop
endfacet
facet normal 0.42421213165767885 -0.19788694436256365 0.8836768779397228
  outer loop
    vertex 48.46340146065315 19.781818309010525 10.65430699999999
    vertex 54.49450950127709 14.219735330770698 6.5135029409903815
    vertex 54.69853859791378 14.585870694626662 6.497548908492902
  endloop
endfacet
facet normal -0.34499055316439775 0.29803977408841753 0.8900302305476192
  outer loop
    vertex 9.766355689027494 38.794959345174505 10.65430699999999
    vertex 3.827546500277093 44.31424513272242 6.50410446003212
    vertex 3.5551496005130785 43.97096441893652 6.513502940990379
  endloop
endfacet
facet normal -0.34499055316439775 0.29803977408841753 0.8900302305476192
  outer loop
    vertex 3.827546500277093 44.31424513272242 6.50410446003212
    vertex 9.766355689027494 38.794959345174505 10.65430699999999
    vertex 9.517737595736193 39.586839528662935 10.292837220232254
  endloop
endfacet
facet normal -0.34499055316439775 0.29803977408841753 0.8900302305476192
  outer loop
    vertex 9.517737595736193 39.586839528662935 10.292837220232254
    vertex 9.766355689027494 38.794959345174505 10.65430699999999
    vertex 10.052850310228898 39.126491957762575 10.65430699999999
  endloop
endfacet
facet normal 0.3078449122560999 -0.9509527421646177 0.03033796577934278
  outer loop
    vertex 4.524829550895097 44.59534987485362 -1.345693000000011
    vertex 4.499796027074569 44.84181832668108 6.413496005026228
    vertex 4.266010505792576 44.561275701142684 -1.3489905006817138
  endloop
endfacet
facet normal 0.3078449122560999 -0.9509527421646177 0.03033796577934278
  outer loop
    vertex 4.499796027074569 44.84181832668108 6.413496005026228
    vertex 4.524829550895097 44.59534987485362 -1.345693000000011
    vertex 4.853835959801652 44.99015756554148 6.338460847449695
  endloop
endfacet
facet normal -0.4242121316576979 -0.19788694436254056 0.8836768779397188
  outer loop
    vertex 3.55514960051308 14.219735330770698 6.51350294099038
    vertex 9.586257641137012 19.78181830901052 10.65430699999999
    vertex 3.3511205038763814 14.585870694626662 6.4975489084929
  endloop
endfacet
facet normal -0.4242121316576979 -0.19788694436254056 0.8836768779397188
  outer loop
    vertex 9.586257641137012 19.78181830901052 10.65430699999999
    vertex 3.55514960051308 14.219735330770698 6.51350294099038
    vertex 9.76635568902749 19.39574040453271 10.65430699999999
  endloop
endfacet
facet normal 0.502683827839317 -0.864383044876086 0.012284989196519507
  outer loop
    vertex 4.266010505792576 44.561275701142684 -1.3489905006817138
    vertex 4.149747804606667 44.611277183091936 6.469993956563702
    vertex 4.024829550895097 44.46137527863806 -1.3586582835047425
  endloop
endfacet
facet normal 0.502683827839317 -0.864383044876086 0.012284989196519507
  outer loop
    vertex 4.149747804606667 44.611277183091936 6.469993956563702
    vertex 4.266010505792576 44.561275701142684 -1.3489905006817138
    vertex 4.499796027074569 44.84181832668108 6.413496005026228
  endloop
endfacet
facet normal 0.6593084408034593 -0.7518697082387626 0.002078874279377684
  outer loop
    vertex 4.024829550895097 44.46137527863806 -1.3586582835047425
    vertex 3.827546500277093 44.31424513272242 6.50410446003212
    vertex 3.817722769708548 44.30245665604016 -1.374037505046474
  endloop
endfacet
facet normal 0.6593084408034593 -0.7518697082387626 0.002078874279377684
  outer loop
    vertex 3.827546500277093 44.31424513272242 6.50410446003212
    vertex 4.024829550895097 44.46137527863806 -1.3586582835047425
    vertex 4.149747804606667 44.611277183091936 6.469993956563702
  endloop
endfacet
facet normal 0.34499055316441224 0.2980397740884018 0.8900302305476189
  outer loop
    vertex 48.28330341276268 38.794959345174505 10.65430699999999
    vertex 48.531921506053976 39.586839528662935 10.292837220232256
    vertex 47.99680879156127 39.126491957762575 10.65430699999999
  endloop
endfacet
facet normal 0.34499055316441224 0.2980397740884018 0.8900302305476189
  outer loop
    vertex 48.531921506053976 39.586839528662935 10.292837220232256
    vertex 48.28330341276268 38.794959345174505 10.65430699999999
    vertex 54.49450950127709 43.97096441893651 6.5135029409903815
  endloop
endfacet
facet normal 0.34499055316441224 0.2980397740884018 0.8900302305476189
  outer loop
    vertex 48.531921506053976 39.586839528662935 10.292837220232256
    vertex 54.49450950127709 43.97096441893651 6.5135029409903815
    vertex 54.22211260151308 44.31424513272241 6.5041044600321225
  endloop
endfacet
facet normal -0.2640698813733449 -0.38918339653683726 0.8824983748492222
  outer loop
    vertex 4.149747804606666 13.579422566615282 6.4699939565637035
    vertex 9.517737595736193 18.603860221044286 10.292837220232254
    vertex 3.827546500277094 13.876454616984804 6.504104460032121
  endloop
endfacet
facet normal -0.2640698813733449 -0.38918339653683726 0.8824983748492222
  outer loop
    vertex 9.517737595736193 18.603860221044286 10.292837220232254
    vertex 4.149747804606666 13.579422566615282 6.4699939565637035
    vertex 10.42621736976109 18.809813870910638 10.65430699999999
  endloop
endfacet
facet normal -0.2640698813733449 -0.38918339653683726 0.8824983748492222
  outer loop
    vertex 9.517737595736193 18.603860221044286 10.292837220232254
    vertex 10.42621736976109 18.809813870910638 10.65430699999999
    vertex 10.052850310228893 19.06420779194464 10.65430699999999
  endloop
endfacet
facet normal -0.1757144182558245 -0.47774134489662257 -0.860748308504515
  outer loop
    vertex 53.5498630747156 44.84181832668107 6.4134960050262295
    vertex 47.62344173202907 39.380885878796576 10.65430699999999
    vertex 47.18864658225496 39.540804582963865 10.65430699999999
  endloop
endfacet
facet normal -0.1757144182558245 -0.47774134489662257 -0.860748308504515
  outer loop
    vertex 47.62344173202907 39.380885878796576 10.65430699999999
    vertex 53.5498630747156 44.84181832668107 6.4134960050262295
    vertex 53.89991129718351 44.61127718309193 6.469993956563704
  endloop
endfacet
facet normal 0.424212131657685 0.19788694436255555 0.8836768779397218
  outer loop
    vertex 48.46340146065315 38.408881440696696 10.65430699999999
    vertex 54.49450950127709 43.97096441893651 6.5135029409903815
    vertex 48.28330341276268 38.794959345174505 10.65430699999999
  endloop
endfacet
facet normal 0.424212131657685 0.19788694436255555 0.8836768779397218
  outer loop
    vertex 54.49450950127709 43.97096441893651 6.5135029409903815
    vertex 48.46340146065315 38.408881440696696 10.65430699999999
    vertex 54.69853859791378 43.60482905508055 6.497548908492902
  endloop
endfacet
facet normal 0.8892343364188321 -0.4574028712869621 0.006701363458453334
  outer loop
    vertex 3.558903724606024 43.85416891995614 -1.4174201891836378
    vertex 3.5551496005130785 43.97096441893652 6.513502940990379
    vertex 3.351120503876379 43.60482905508056 6.4975489084929
  endloop
endfacet
facet normal 0.8892343364188321 -0.4574028712869621 0.006701363458453334
  outer loop
    vertex 3.5551496005130785 43.97096441893652 6.513502940990379
    vertex 3.558903724606024 43.85416891995614 -1.4174201891836378
    vertex 3.658804147110655 44.09534987485362 -1.3940800967742044
  endloop
endfacet
facet normal -0.2640698813733417 -0.38918339653684225 -0.8824983748492212
  outer loop
    vertex 53.89991129718351 44.61127718309193 6.469993956563704
    vertex 47.99680879156127 39.126491957762575 10.65430699999999
    vertex 47.62344173202907 39.380885878796576 10.65430699999999
  endloop
endfacet
facet normal -0.2640698813733417 -0.38918339653684225 -0.8824983748492212
  outer loop
    vertex 47.99680879156127 39.126491957762575 10.65430699999999
    vertex 53.89991129718351 44.61127718309193 6.469993956563704
    vertex 48.531921506053976 39.586839528662935 10.292837220232256
  endloop
endfacet
facet normal -0.2640698813733417 -0.38918339653684225 -0.8824983748492212
  outer loop
    vertex 48.531921506053976 39.586839528662935 10.292837220232256
    vertex 53.89991129718351 44.61127718309193 6.469993956563704
    vertex 54.22211260151308 44.31424513272241 6.5041044600321225
  endloop
endfacet
facet normal 0.7860222463855501 -0.6181981587748169 0.00025431169854603657
  outer loop
    vertex 3.658804147110655 44.09534987485362 -1.3940800967742044
    vertex 3.827546500277093 44.31424513272242 6.50410446003212
    vertex 3.5551496005130785 43.97096441893652 6.513502940990379
  endloop
endfacet
facet normal 0.7860222463855501 -0.6181981587748169 0.00025431169854603657
  outer loop
    vertex 3.827546500277093 44.31424513272242 6.50410446003212
    vertex 3.658804147110655 44.09534987485362 -1.3940800967742044
    vertex 3.748969876906756 44.21285614168464 -1.3827085225647509
  endloop
endfacet
facet normal 0.7860222463855501 -0.6181981587748169 0.00025431169854603657
  outer loop
    vertex 3.827546500277093 44.31424513272242 6.50410446003212
    vertex 3.748969876906756 44.21285614168464 -1.3827085225647509
    vertex 3.817722769708548 44.30245665604016 -1.374037505046474
  endloop
endfacet
facet normal 0.9655413649875978 -0.2594156561728621 0.02081801696343607
  outer loop
    vertex 3.524829550895091 43.59534987485362 -1.442467193548398
    vertex 3.351120503876379 43.60482905508056 6.4975489084929
    vertex 3.229363456128762 43.24079056113402 6.4573296034890975
  endloop
endfacet
facet normal 0.9655413649875978 -0.2594156561728621 0.02081801696343607
  outer loop
    vertex 3.351120503876379 43.60482905508056 6.4975489084929
    vertex 3.524829550895091 43.59534987485362 -1.442467193548398
    vertex 3.558903724606024 43.85416891995614 -1.4174201891836378
  endloop
endfacet
facet normal -0.06698919165717447 -0.5730405806391908 -0.816784513284757
  outer loop
    vertex 53.19582314198851 44.99015756554148 6.3384608474496975
    vertex 47.18864658225496 39.540804582963865 10.65430699999999
    vertex 46.72205391316308 39.59534987485361 10.65430699999999
  endloop
endfacet
facet normal -0.06698919165717447 -0.5730405806391908 -0.816784513284757
  outer loop
    vertex 47.18864658225496 39.540804582963865 10.65430699999999
    vertex 53.19582314198851 44.99015756554148 6.3384608474496975
    vertex 53.5498630747156 44.84181832668107 6.4134960050262295
  endloop
endfacet
facet normal 0.5088334280381681 0.07544222366007258 0.8575529216323329
  outer loop
    vertex 48.52482955089507 37.9945688154954 10.65430699999999
    vertex 54.69853859791378 43.60482905508055 6.497548908492902
    vertex 48.46340146065315 38.408881440696696 10.65430699999999
  endloop
endfacet
facet normal 0.5088334280381681 0.07544222366007258 0.8575529216323329
  outer loop
    vertex 54.69853859791378 43.60482905508055 6.497548908492902
    vertex 48.52482955089507 37.9945688154954 10.65430699999999
    vertex 54.8202956456614 43.24079056113401 6.457329603489101
  endloop
endfacet
facet normal -0.1757144182558326 -0.47774134489661096 0.8607483085045198
  outer loop
    vertex 4.499796027074568 13.348881423026146 6.4134960050262295
    vertex 10.42621736976109 18.809813870910638 10.65430699999999
    vertex 4.149747804606666 13.579422566615282 6.4699939565637035
  endloop
endfacet
facet normal -0.1757144182558326 -0.47774134489661096 0.8607483085045198
  outer loop
    vertex 10.42621736976109 18.809813870910638 10.65430699999999
    vertex 4.499796027074568 13.348881423026146 6.4134960050262295
    vertex 10.861012519535205 18.649895166743345 10.65430699999999
  endloop
endfacet
facet normal -0.5088334280381559 -0.0754422236600841 0.8575529216323391
  outer loop
    vertex 3.3511205038763814 14.585870694626662 6.4975489084929
    vertex 9.524829550895095 20.196130934211816 10.65430699999999
    vertex 3.229363456128765 14.949909188573207 6.457329603489099
  endloop
endfacet
facet normal -0.5088334280381559 -0.0754422236600841 0.8575529216323391
  outer loop
    vertex 9.524829550895095 20.196130934211816 10.65430699999999
    vertex 3.3511205038763814 14.585870694626662 6.4975489084929
    vertex 9.586257641137012 19.78181830901052 10.65430699999999
  endloop
endfacet
facet normal -0.34499055316439914 -0.2980397740884174 0.8900302305476187
  outer loop
    vertex 3.827546500277094 13.876454616984804 6.504104460032121
    vertex 9.76635568902749 19.39574040453271 10.65430699999999
    vertex 3.55514960051308 14.219735330770698 6.51350294099038
  endloop
endfacet
facet normal -0.34499055316439914 -0.2980397740884174 0.8900302305476187
  outer loop
    vertex 9.76635568902749 19.39574040453271 10.65430699999999
    vertex 3.827546500277094 13.876454616984804 6.504104460032121
    vertex 9.517737595736193 18.603860221044286 10.292837220232254
  endloop
endfacet
facet normal -0.34499055316439914 -0.2980397740884174 0.8900302305476187
  outer loop
    vertex 9.76635568902749 19.39574040453271 10.65430699999999
    vertex 9.517737595736193 18.603860221044286 10.292837220232254
    vertex 10.052850310228893 19.06420779194464 10.65430699999999
  endloop
endfacet
facet normal -0.06698919165719043 -0.5730405806391848 0.8167845132847599
  outer loop
    vertex 4.853835959801652 13.200542184165737 6.338460847449696
    vertex 10.861012519535205 18.649895166743345 10.65430699999999
    vertex 4.499796027074568 13.348881423026146 6.4134960050262295
  endloop
endfacet
facet normal -0.06698919165719043 -0.5730405806391848 0.8167845132847599
  outer loop
    vertex 10.861012519535205 18.649895166743345 10.65430699999999
    vertex 4.853835959801652 13.200542184165737 6.338460847449696
    vertex 11.327605188627087 18.595349874853603 10.65430699999999
  endloop
endfacet
facet normal -0.5025372375083778 0.8645098038452971 0.008895165699115012
  outer loop
    vertex 53.549863074715596 13.348881423026146 6.41349600502623
    vertex 54.02482955089507 13.729324471069166 -4.332727716495279
    vertex 53.78364859599759 13.629424048564536 -4.342395499318307
  endloop
endfacet
facet normal -0.5025372375083778 0.8645098038452971 0.008895165699115012
  outer loop
    vertex 54.02482955089507 13.729324471069166 -4.332727716495279
    vertex 53.549863074715596 13.348881423026146 6.41349600502623
    vertex 53.89991129718349 13.579422566615284 6.469993956563704
  endloop
endfacet
facet normal -0.8914385477568927 0.4531111482258757 0.00525384873315255
  outer loop
    vertex 54.49450950127709 14.219735330770698 6.5135029409903815
    vertex 54.452705099361275 14.244671402878902 -4.282877102415373
    vertex 54.390854954679504 14.095349874853603 -4.297305903225817
  endloop
endfacet
facet normal -0.8914385477568927 0.4531111482258757 0.00525384873315255
  outer loop
    vertex 54.452705099361275 14.244671402878902 -4.282877102415373
    vertex 54.49450950127709 14.219735330770698 6.5135029409903815
    vertex 54.69853859791378 14.585870694626662 6.497548908492902
  endloop
endfacet
facet normal -0.8914385477568927 0.4531111482258757 0.00525384873315255
  outer loop
    vertex 54.452705099361275 14.244671402878902 -4.282877102415373
    vertex 54.69853859791378 14.585870694626662 6.497548908492902
    vertex 54.479557126724806 14.309495861617332 -4.276582098055134
  endloop
endfacet
facet normal -0.8914385477568927 0.4531111482258757 0.00525384873315255
  outer loop
    vertex 54.479557126724806 14.309495861617332 -4.276582098055134
    vertex 54.69853859791378 14.585870694626662 6.497548908492902
    vertex 54.49075537718413 14.336530829751085 -4.273965810816384
  endloop
endfacet
facet normal 0.6593108612893815 0.7518689368874066 0.0015132513521483215
  outer loop
    vertex 3.81772276970855 13.888243093667056 -4.317348494953548
    vertex 4.149747804606666 13.579422566615282 6.4699939565637035
    vertex 4.024829550895098 13.729324471069162 -4.332727716495279
  endloop
endfacet
facet normal 0.6593108612893815 0.7518689368874066 0.0015132513521483215
  outer loop
    vertex 4.149747804606666 13.579422566615282 6.4699939565637035
    vertex 3.81772276970855 13.888243093667056 -4.317348494953548
    vertex 3.827546500277094 13.876454616984804 6.504104460032121
  endloop
endfacet
facet normal 0.7860128471381927 0.6182101321689422 0.00019135666050686703
  outer loop
    vertex 3.81772276970855 13.888243093667056 -4.317348494953548
    vertex 3.55514960051308 14.219735330770698 6.51350294099038
    vertex 3.827546500277094 13.876454616984804 6.504104460032121
  endloop
endfacet
facet normal 0.7860128471381927 0.6182101321689422 0.00019135666050686703
  outer loop
    vertex 3.55514960051308 14.219735330770698 6.51350294099038
    vertex 3.81772276970855 13.888243093667056 -4.317348494953548
    vertex 3.6588041471106587 14.0953498748536 -4.297305903225818
  endloop
endfacet
facet normal -0.8892343364188399 -0.45740287128694684 0.006701363458454393
  outer loop
    vertex 54.49450950127709 43.97096441893651 6.5135029409903815
    vertex 54.49075537718413 43.85416891995614 -1.4174201891836378
    vertex 54.69853859791378 43.60482905508055 6.497548908492902
  endloop
endfacet
facet normal -0.8892343364188399 -0.45740287128694684 0.006701363458454393
  outer loop
    vertex 54.49075537718413 43.85416891995614 -1.4174201891836378
    vertex 54.49450950127709 43.97096441893651 6.5135029409903815
    vertex 54.390854954679504 44.09534987485362 -1.3940800967742044
  endloop
endfacet
facet normal 0.5025372375083709 0.8645098038453009 0.00889516569911556
  outer loop
    vertex 4.024829550895098 13.729324471069162 -4.332727716495279
    vertex 4.499796027074568 13.348881423026146 6.4134960050262295
    vertex 4.266010505792576 13.629424048564536 -4.342395499318308
  endloop
endfacet
facet normal 0.5025372375083709 0.8645098038453009 0.00889516569911556
  outer loop
    vertex 4.499796027074568 13.348881423026146 6.4134960050262295
    vertex 4.024829550895098 13.729324471069162 -4.332727716495279
    vertex 4.149747804606666 13.579422566615282 6.4699939565637035
  endloop
endfacet
facet normal 0.8893636658816148 0.45717406095073054 0.004914041456233183
  outer loop
    vertex 3.5589037246060293 14.336530829751077 -4.273965810816385
    vertex 3.55514960051308 14.219735330770698 6.51350294099038
    vertex 3.6588041471106587 14.0953498748536 -4.297305903225818
  endloop
endfacet
facet normal 0.8893636658816148 0.45717406095073054 0.004914041456233183
  outer loop
    vertex 3.55514960051308 14.219735330770698 6.51350294099038
    vertex 3.5589037246060293 14.336530829751077 -4.273965810816385
    vertex 3.3511205038763814 14.585870694626662 6.4975489084929
  endloop
endfacet
facet normal 0.9659718960574393 0.2581901892316089 0.01536626863430896
  outer loop
    vertex 3.524829550895098 14.595349874853596 -4.248918806451625
    vertex 3.3511205038763814 14.585870694626662 6.4975489084929
    vertex 3.5589037246060293 14.336530829751077 -4.273965810816385
  endloop
endfacet
facet normal 0.9659718960574393 0.2581901892316089 0.01536626863430896
  outer loop
    vertex 3.3511205038763814 14.585870694626662 6.4975489084929
    vertex 3.524829550895098 14.595349874853596 -4.248918806451625
    vertex 3.229363456128765 14.949909188573207 6.457329603489099
  endloop
endfacet
facet normal -0.5026838278393183 -0.8643830448760851 0.012284989196519125
  outer loop
    vertex 53.89991129718351 44.61127718309193 6.469993956563704
    vertex 53.78364859599759 44.561275701142684 -1.3489905006817138
    vertex 54.02482955089507 44.46137527863806 -1.3586582835047425
  endloop
endfacet
facet normal -0.5026838278393183 -0.8643830448760851 0.012284989196519125
  outer loop
    vertex 53.78364859599759 44.561275701142684 -1.3489905006817138
    vertex 53.89991129718351 44.61127718309193 6.469993956563704
    vertex 53.5498630747156 44.84181832668107 6.4134960050262295
  endloop
endfacet
facet normal -0.7860222463855565 -0.6181981587748088 0.00025431169854630984
  outer loop
    vertex 54.22211260151308 44.31424513272241 6.5041044600321225
    vertex 54.390854954679504 44.09534987485362 -1.3940800967742044
    vertex 54.49450950127709 43.97096441893651 6.5135029409903815
  endloop
endfacet
facet normal -0.7860222463855565 -0.6181981587748088 0.00025431169854630984
  outer loop
    vertex 54.390854954679504 44.09534987485362 -1.3940800967742044
    vertex 54.22211260151308 44.31424513272241 6.5041044600321225
    vertex 54.30068922488341 44.21285614168464 -1.3827085225647504
  endloop
endfacet
facet normal -0.7860222463855565 -0.6181981587748088 0.00025431169854630984
  outer loop
    vertex 54.30068922488341 44.21285614168464 -1.3827085225647504
    vertex 54.22211260151308 44.31424513272241 6.5041044600321225
    vertex 54.231936332081624 44.30245665604016 -1.374037505046474
  endloop
endfacet
facet normal -0.7860128471381881 0.618210132168948 0.00019135666050679027
  outer loop
    vertex 54.49450950127709 14.219735330770698 6.5135029409903815
    vertex 54.231936332081624 13.888243093667056 -4.3173484949535474
    vertex 54.22211260151307 13.876454616984805 6.5041044600321225
  endloop
endfacet
facet normal -0.7860128471381881 0.618210132168948 0.00019135666050679027
  outer loop
    vertex 54.231936332081624 13.888243093667056 -4.3173484949535474
    vertex 54.49450950127709 14.219735330770698 6.5135029409903815
    vertex 54.390854954679504 14.095349874853603 -4.297305903225817
  endloop
endfacet
facet normal -0.3078449122560959 -0.9509527421646189 0.03033796577934227
  outer loop
    vertex 53.5498630747156 44.84181832668107 6.4134960050262295
    vertex 53.73070096485225 44.5682463890243 -1.3483159179834927
    vertex 53.78364859599759 44.561275701142684 -1.3489905006817138
  endloop
endfacet
facet normal -0.3078449122560959 -0.9509527421646189 0.03033796577934227
  outer loop
    vertex 53.73070096485225 44.5682463890243 -1.3483159179834927
    vertex 53.5498630747156 44.84181832668107 6.4134960050262295
    vertex 53.52482955089507 44.59534987485362 -1.345693000000011
  endloop
endfacet
facet normal -0.3078449122560959 -0.9509527421646189 0.03033796577934227
  outer loop
    vertex 53.52482955089507 44.59534987485362 -1.345693000000011
    vertex 53.5498630747156 44.84181832668107 6.4134960050262295
    vertex 53.19582314198851 44.99015756554148 6.3384608474496975
  endloop
endfacet
facet normal -0.6593084408034596 -0.7518697082387623 0.0020788742793776097
  outer loop
    vertex 54.22211260151308 44.31424513272241 6.5041044600321225
    vertex 54.02482955089507 44.46137527863806 -1.3586582835047425
    vertex 54.231936332081624 44.30245665604016 -1.374037505046474
  endloop
endfacet
facet normal -0.6593084408034596 -0.7518697082387623 0.0020788742793776097
  outer loop
    vertex 54.02482955089507 44.46137527863806 -1.3586582835047425
    vertex 54.22211260151308 44.31424513272241 6.5041044600321225
    vertex 53.89991129718351 44.61127718309193 6.469993956563704
  endloop
endfacet
facet normal -0.3068943562325861 0.9514914700038759 0.02190517341747768
  outer loop
    vertex 53.19582314198851 13.20054218416574 6.338460847449696
    vertex 53.78364859599759 13.629424048564536 -4.342395499318307
    vertex 53.52482955089507 13.595349874853603 -4.345693000000011
  endloop
endfacet
facet normal -0.3068943562325861 0.9514914700038759 0.02190517341747768
  outer loop
    vertex 53.78364859599759 13.629424048564536 -4.342395499318307
    vertex 53.19582314198851 13.20054218416574 6.338460847449696
    vertex 53.549863074715596 13.348881423026146 6.41349600502623
  endloop
endfacet
facet normal -0.6593108612893782 0.7518689368874097 0.0015132513521478367
  outer loop
    vertex 53.89991129718349 13.579422566615284 6.469993956563704
    vertex 54.231936332081624 13.888243093667056 -4.3173484949535474
    vertex 54.02482955089507 13.729324471069166 -4.332727716495279
  endloop
endfacet
facet normal -0.6593108612893782 0.7518689368874097 0.0015132513521478367
  outer loop
    vertex 54.231936332081624 13.888243093667056 -4.3173484949535474
    vertex 53.89991129718349 13.579422566615284 6.469993956563704
    vertex 54.22211260151307 13.876454616984805 6.5041044600321225
  endloop
endfacet
facet normal 0.3068943562325904 0.9514914700038747 0.02190517341747784
  outer loop
    vertex 4.266010505792576 13.629424048564536 -4.342395499318308
    vertex 4.853835959801652 13.200542184165737 6.338460847449696
    vertex 4.524829550895097 13.595349874853603 -4.345693000000011
  endloop
endfacet
facet normal 0.3068943562325904 0.9514914700038747 0.02190517341747784
  outer loop
    vertex 4.853835959801652 13.200542184165737 6.338460847449696
    vertex 4.266010505792576 13.629424048564536 -4.342395499318308
    vertex 4.499796027074568 13.348881423026146 6.4134960050262295
  endloop
endfacet
facet normal -0.9655413649875959 -0.25941565617286944 0.02081801696343604
  outer loop
    vertex 54.69853859791378 43.60482905508055 6.497548908492902
    vertex 54.52482955089507 43.59534987485362 -1.442467193548398
    vertex 54.8202956456614 43.24079056113401 6.457329603489101
  endloop
endfacet
facet normal -0.9655413649875959 -0.25941565617286944 0.02081801696343604
  outer loop
    vertex 54.52482955089507 43.59534987485362 -1.442467193548398
    vertex 54.69853859791378 43.60482905508055 6.497548908492902
    vertex 54.49075537718413 43.85416891995614 -1.4174201891836378
  endloop
endfacet
facet normal -0.9659718960574365 0.25819018923161896 0.015366268634308839
  outer loop
    vertex 54.69853859791378 14.585870694626662 6.497548908492902
    vertex 54.52482955089507 14.595349874853605 -4.248918806451624
    vertex 54.49075537718413 14.336530829751085 -4.273965810816384
  endloop
endfacet
facet normal -0.9659718960574365 0.25819018923161896 0.015366268634308839
  outer loop
    vertex 54.52482955089507 14.595349874853605 -4.248918806451624
    vertex 54.69853859791378 14.585870694626662 6.497548908492902
    vertex 54.8202956456614 14.949909188573207 6.457329603489101
  endloop
endfacet
facet normal 2.7481167943543622e-18 -0.09632419486019045 0.9953500135553001
  outer loop
    vertex 4.524829550895072 42.88885760737528 -1.5108374129817856
    vertex 3.817722769708548 44.30245665604016 -1.374037505046474
    vertex 3.748969876906756 44.21285614168464 -1.3827085225647509
  endloop
endfacet
facet normal 2.7481167943543622e-18 -0.09632419486019045 0.9953500135553001
  outer loop
    vertex 3.817722769708548 44.30245665604016 -1.374037505046474
    vertex 4.524829550895072 42.88885760737528 -1.5108374129817856
    vertex 4.024829550895097 44.46137527863806 -1.3586582835047425
  endloop
endfacet
facet normal 2.7481167943543622e-18 -0.09632419486019045 0.9953500135553001
  outer loop
    vertex 4.024829550895097 44.46137527863806 -1.3586582835047425
    vertex 4.524829550895072 42.88885760737528 -1.5108374129817856
    vertex 4.266010505792576 44.561275701142684 -1.3489905006817138
  endloop
endfacet
facet normal 2.7481167943543622e-18 -0.09632419486019045 0.9953500135553001
  outer loop
    vertex 4.266010505792576 44.561275701142684 -1.3489905006817138
    vertex 4.524829550895072 42.88885760737528 -1.5108374129817856
    vertex 4.524829550895097 44.59534987485362 -1.345693000000011
  endloop
endfacet
facet normal 2.7481167943543622e-18 -0.09632419486019045 0.9953500135553001
  outer loop
    vertex 4.524829550895097 44.59534987485362 -1.345693000000011
    vertex 4.524829550895072 42.88885760737528 -1.5108374129817856
    vertex 53.73070096485225 44.5682463890243 -1.3483159179834927
  endloop
endfacet
facet normal 2.7481167943543622e-18 -0.09632419486019045 0.9953500135553001
  outer loop
    vertex 4.524829550895097 44.59534987485362 -1.345693000000011
    vertex 53.73070096485225 44.5682463890243 -1.3483159179834927
    vertex 53.52482955089507 44.59534987485362 -1.345693000000011
  endloop
endfacet
facet normal -1.3194174352197056e-18 -0.09632419486019039 0.9953500135553001
  outer loop
    vertex 53.52482955089507 42.88885760737528 -1.5108374129817856
    vertex 53.73070096485225 44.5682463890243 -1.3483159179834927
    vertex 4.524829550895072 42.88885760737528 -1.5108374129817856
  endloop
endfacet
facet normal -1.3194174352197056e-18 -0.09632419486019039 0.9953500135553001
  outer loop
    vertex 53.73070096485225 44.5682463890243 -1.3483159179834927
    vertex 53.52482955089507 42.88885760737528 -1.5108374129817856
    vertex 54.30068922488341 44.21285614168464 -1.3827085225647504
  endloop
endfacet
facet normal -1.3194174352197056e-18 -0.09632419486019039 0.9953500135553001
  outer loop
    vertex 53.73070096485225 44.5682463890243 -1.3483159179834927
    vertex 54.30068922488341 44.21285614168464 -1.3827085225647504
    vertex 53.78364859599759 44.561275701142684 -1.3489905006817138
  endloop
endfacet
facet normal -1.3194174352197056e-18 -0.09632419486019039 0.9953500135553001
  outer loop
    vertex 53.78364859599759 44.561275701142684 -1.3489905006817138
    vertex 54.30068922488341 44.21285614168464 -1.3827085225647504
    vertex 54.02482955089507 44.46137527863806 -1.3586582835047425
  endloop
endfacet
facet normal -1.3194174352197056e-18 -0.09632419486019039 0.9953500135553001
  outer loop
    vertex 54.02482955089507 44.46137527863806 -1.3586582835047425
    vertex 54.30068922488341 44.21285614168464 -1.3827085225647504
    vertex 54.231936332081624 44.30245665604016 -1.374037505046474
  endloop
endfacet
facet normal 0.0 -0.09632419486019031 0.9953500135553001
  outer loop
    vertex 54.49075537718413 14.336530829751085 -4.273965810816384
    vertex 53.52482955089507 39.507609287117624 -1.838054992361558
    vertex 53.52482955089507 32.75778873275025 -2.4912634331067878
  endloop
endfacet
facet normal 0.0 -0.09632419486019031 0.9953500135553001
  outer loop
    vertex 53.52482955089507 39.507609287117624 -1.838054992361558
    vertex 54.49075537718413 14.336530829751085 -4.273965810816384
    vertex 53.52482955089507 39.53346205015591 -1.8355531120675306
  endloop
endfacet
facet normal 0.0 -0.09632419486019031 0.9953500135553001
  outer loop
    vertex 53.52482955089507 39.53346205015591 -1.8355531120675306
    vertex 54.49075537718413 14.336530829751085 -4.273965810816384
    vertex 53.52482955089507 42.88885760737528 -1.5108374129817856
  endloop
endfacet
facet normal 0.0 -0.09632419486019031 0.9953500135553001
  outer loop
    vertex 53.52482955089507 42.88885760737528 -1.5108374129817856
    vertex 54.49075537718413 14.336530829751085 -4.273965810816384
    vertex 54.30068922488341 44.21285614168464 -1.3827085225647504
  endloop
endfacet
facet normal 0.0 -0.09632419486019031 0.9953500135553001
  outer loop
    vertex 54.30068922488341 44.21285614168464 -1.3827085225647504
    vertex 54.49075537718413 14.336530829751085 -4.273965810816384
    vertex 54.390854954679504 44.09534987485362 -1.3940800967742044
  endloop
endfacet
facet normal 0.0 -0.09632419486019031 0.9953500135553001
  outer loop
    vertex 54.390854954679504 44.09534987485362 -1.3940800967742044
    vertex 54.49075537718413 14.336530829751085 -4.273965810816384
    vertex 54.49075537718413 43.85416891995614 -1.4174201891836378
  endloop
endfacet
facet normal 0.0 -0.09632419486019031 0.9953500135553001
  outer loop
    vertex 54.49075537718413 43.85416891995614 -1.4174201891836378
    vertex 54.49075537718413 14.336530829751085 -4.273965810816384
    vertex 54.52482955089507 14.595349874853605 -4.248918806451624
  endloop
endfacet
facet normal 0.0 -0.09632419486019031 0.9953500135553001
  outer loop
    vertex 54.49075537718413 43.85416891995614 -1.4174201891836378
    vertex 54.52482955089507 14.595349874853605 -4.248918806451624
    vertex 54.52482955089507 43.59534987485362 -1.442467193548398
  endloop
endfacet
facet normal -9.247285039322647e-16 -7.612624132565339e-17 1.0
  outer loop
    vertex 9.524829550895097 39.59534987485361 10.65430699999999
    vertex 10.861012519535212 39.540804582963865 10.65430699999999
    vertex 11.327605188627096 39.5953498748536 10.65430699999999
  endloop
endfacet
facet normal -9.247285039322647e-16 -7.612624132565339e-17 1.0
  outer loop
    vertex 10.861012519535212 39.540804582963865 10.65430699999999
    vertex 9.524829550895097 39.59534987485361 10.65430699999999
    vertex 10.426217369761096 39.380885878796576 10.65430699999999
  endloop
endfacet
facet normal -9.247285039322647e-16 -7.612624132565339e-17 1.0
  outer loop
    vertex 10.426217369761096 39.380885878796576 10.65430699999999
    vertex 9.524829550895097 39.59534987485361 10.65430699999999
    vertex 10.052850310228898 39.126491957762575 10.65430699999999
  endloop
endfacet
facet normal -9.247285039322647e-16 -7.612624132565339e-17 1.0
  outer loop
    vertex 10.052850310228898 39.126491957762575 10.65430699999999
    vertex 9.524829550895097 39.59534987485361 10.65430699999999
    vertex 9.766355689027494 38.794959345174505 10.65430699999999
  endloop
endfacet
facet normal -9.247285039322647e-16 -7.612624132565339e-17 1.0
  outer loop
    vertex 9.766355689027494 38.794959345174505 10.65430699999999
    vertex 9.524829550895097 39.59534987485361 10.65430699999999
    vertex 9.586257641137014 38.408881440696696 10.65430699999999
  endloop
endfacet
facet normal -9.247285039322647e-16 -7.612624132565339e-17 1.0
  outer loop
    vertex 9.586257641137014 38.408881440696696 10.65430699999999
    vertex 9.524829550895097 39.59534987485361 10.65430699999999
    vertex 9.524829550895099 37.994568815495406 10.65430699999999
  endloop
endfacet
facet normal 6.65484329203015e-17 -9.951779956546146e-16 1.0
  outer loop
    vertex 48.52482955089507 18.595349874853603 10.65430699999999
    vertex 47.18864658225496 18.649895166743345 10.65430699999999
    vertex 46.72205391316308 18.595349874853603 10.65430699999999
  endloop
endfacet
facet normal 6.65484329203015e-17 -9.951779956546146e-16 1.0
  outer loop
    vertex 47.18864658225496 18.649895166743345 10.65430699999999
    vertex 48.52482955089507 18.595349874853603 10.65430699999999
    vertex 47.62344173202907 18.809813870910638 10.65430699999999
  endloop
endfacet
facet normal 6.65484329203015e-17 -9.951779956546146e-16 1.0
  outer loop
    vertex 47.62344173202907 18.809813870910638 10.65430699999999
    vertex 48.52482955089507 18.595349874853603 10.65430699999999
    vertex 47.99680879156127 19.06420779194464 10.65430699999999
  endloop
endfacet
facet normal 6.65484329203015e-17 -9.951779956546146e-16 1.0
  outer loop
    vertex 47.99680879156127 19.06420779194464 10.65430699999999
    vertex 48.52482955089507 18.595349874853603 10.65430699999999
    vertex 48.28330341276268 19.39574040453271 10.65430699999999
  endloop
endfacet
facet normal 6.65484329203015e-17 -9.951779956546146e-16 1.0
  outer loop
    vertex 48.28330341276268 19.39574040453271 10.65430699999999
    vertex 48.52482955089507 18.595349874853603 10.65430699999999
    vertex 48.46340146065315 19.781818309010525 10.65430699999999
  endloop
endfacet
facet normal 6.65484329203015e-17 -9.951779956546146e-16 1.0
  outer loop
    vertex 48.46340146065315 19.781818309010525 10.65430699999999
    vertex 48.52482955089507 18.595349874853603 10.65430699999999
    vertex 48.52482955089507 20.19613093421182 10.65430699999999
  endloop
endfacet
facet normal 6.654843292030047e-17 9.951779956546146e-16 1.0
  outer loop
    vertex 47.18864658225496 39.540804582963865 10.65430699999999
    vertex 48.52482955089507 39.59534987485361 10.65430699999999
    vertex 46.72205391316308 39.59534987485361 10.65430699999999
  endloop
endfacet
facet normal 6.654843292030047e-17 9.951779956546146e-16 1.0
  outer loop
    vertex 48.52482955089507 39.59534987485361 10.65430699999999
    vertex 47.18864658225496 39.540804582963865 10.65430699999999
    vertex 47.62344173202907 39.380885878796576 10.65430699999999
  endloop
endfacet
facet normal 6.654843292030047e-17 9.951779956546146e-16 1.0
  outer loop
    vertex 48.52482955089507 39.59534987485361 10.65430699999999
    vertex 47.62344173202907 39.380885878796576 10.65430699999999
    vertex 47.99680879156127 39.126491957762575 10.65430699999999
  endloop
endfacet
facet normal 6.654843292030047e-17 9.951779956546146e-16 1.0
  outer loop
    vertex 48.52482955089507 39.59534987485361 10.65430699999999
    vertex 47.99680879156127 39.126491957762575 10.65430699999999
    vertex 48.28330341276268 38.794959345174505 10.65430699999999
  endloop
endfacet
facet normal 6.654843292030047e-17 9.951779956546146e-16 1.0
  outer loop
    vertex 48.52482955089507 39.59534987485361 10.65430699999999
    vertex 48.28330341276268 38.794959345174505 10.65430699999999
    vertex 48.46340146065315 38.408881440696696 10.65430699999999
  endloop
endfacet
facet normal 6.654843292030047e-17 9.951779956546146e-16 1.0
  outer loop
    vertex 48.52482955089507 39.59534987485361 10.65430699999999
    vertex 48.46340146065315 38.408881440696696 10.65430699999999
    vertex 48.52482955089507 37.9945688154954 10.65430699999999
  endloop
endfacet
facet normal 0.0 0.0 1.0
  outer loop
    vertex 9.524829550895095 18.595349874853603 10.65430699999999
    vertex 9.586257641137012 19.78181830901052 10.65430699999999
    vertex 9.524829550895095 20.196130934211816 10.65430699999999
  endloop
endfacet
facet normal 0.0 0.0 1.0
  outer loop
    vertex 9.586257641137012 19.78181830901052 10.65430699999999
    vertex 9.524829550895095 18.595349874853603 10.65430699999999
    vertex 9.76635568902749 19.39574040453271 10.65430699999999
  endloop
endfacet
facet normal 0.0 0.0 1.0
  outer loop
    vertex 9.76635568902749 19.39574040453271 10.65430699999999
    vertex 9.524829550895095 18.595349874853603 10.65430699999999
    vertex 10.052850310228893 19.06420779194464 10.65430699999999
  endloop
endfacet
facet normal 0.0 0.0 1.0
  outer loop
    vertex 10.052850310228893 19.06420779194464 10.65430699999999
    vertex 9.524829550895095 18.595349874853603 10.65430699999999
    vertex 10.42621736976109 18.809813870910638 10.65430699999999
  endloop
endfacet
facet normal 0.0 0.0 1.0
  outer loop
    vertex 10.42621736976109 18.809813870910638 10.65430699999999
    vertex 9.524829550895095 18.595349874853603 10.65430699999999
    vertex 10.861012519535205 18.649895166743345 10.65430699999999
  endloop
endfacet
facet normal 0.0 0.0 1.0
  outer loop
    vertex 10.861012519535205 18.649895166743345 10.65430699999999
    vertex 9.524829550895095 18.595349874853603 10.65430699999999
    vertex 11.327605188627087 18.595349874853603 10.65430699999999
  endloop
endfacet
facet normal -2.951832528090229e-17 0.9993179496231908 0.03692743642472346
  outer loop
    vertex 4.853835959801652 13.200542184165737 6.338460847449696
    vertex 53.52482955089507 13.595349874853603 -4.345693000000011
    vertex 4.524829550895097 13.595349874853603 -4.345693000000011
  endloop
endfacet
facet normal -2.951832528090229e-17 0.9993179496231908 0.03692743642472346
  outer loop
    vertex 53.52482955089507 13.595349874853603 -4.345693000000011
    vertex 4.853835959801652 13.200542184165737 6.338460847449696
    vertex 53.19582314198851 13.20054218416574 6.338460847449696
  endloop
endfacet
facet normal 0.999301288144571 1.0021662429075882e-16 0.037375600498200566
  outer loop
    vertex 3.524829550895091 43.59534987485362 -1.442467193548398
    vertex 3.229363456128762 43.24079056113402 6.4573296034890975
    vertex 3.229363456128765 14.949909188573207 6.457329603489099
  endloop
endfacet
facet normal 0.9996133702314389 -0.002678280432121882 0.027675564465265163
  outer loop
    vertex 3.524829550895091 43.59534987485362 -1.442467193548398
    vertex 3.229363456128765 14.949909188573207 6.457329603489099
    vertex 3.524829550895098 14.595349874853596 -4.248918806451625
  endloop
endfacet
facet normal -5.88080548139593e-17 -0.9986826830073288 0.05131177897211747
  outer loop
    vertex 53.19582314198851 44.99015756554148 6.3384608474496975
    vertex 4.524829550895097 44.59534987485362 -1.345693000000011
    vertex 53.52482955089507 44.59534987485362 -1.345693000000011
  endloop
endfacet
facet normal -5.88080548139593e-17 -0.9986826830073288 0.05131177897211747
  outer loop
    vertex 4.524829550895097 44.59534987485362 -1.345693000000011
    vertex 53.19582314198851 44.99015756554148 6.3384608474496975
    vertex 4.853835959801652 44.99015756554148 6.338460847449695
  endloop
endfacet
facet normal -0.9993008317828068 -0.0036013497446391054 0.037213947361270774
  outer loop
    vertex 54.52482955089507 43.59534987485362 -1.442467193548398
    vertex 54.52482955089507 14.595349874853605 -4.248918806451624
    vertex 54.8202956456614 43.24079056113401 6.457329603489101
  endloop
endfacet
facet normal -0.9996194053435311 -1.4751408365599964e-18 0.027587034285068566
  outer loop
    vertex 54.8202956456614 43.24079056113401 6.457329603489101
    vertex 54.52482955089507 14.595349874853605 -4.248918806451624
    vertex 54.8202956456614 14.949909188573207 6.457329603489101
  endloop
endfacet
facet normal 0.75221738747297 0.6589150187872028 -1.1265425930412316e-32
  outer loop
    vertex 46.18460594594227 34.84681185562077 6.654306999999986
    vertex 46.35661728274007 34.650443713003654 37.15430699999999
    vertex 46.35661728274007 34.650443713003654 6.654306999999986
  endloop
endfacet
facet normal 0.75221738747297 0.6589150187872028 -1.1265425930412316e-32
  outer loop
    vertex 46.35661728274007 34.650443713003654 37.15430699999999
    vertex 46.18460594594227 34.84681185562077 6.654306999999986
    vertex 46.18460594594227 34.84681185562077 37.15430699999999
  endloop
endfacet
facet normal 0.5560464455776191 0.831151219911573 3.3223514374018165e-32
  outer loop
    vertex 45.96763193815406 34.99196910609825 37.15430699999999
    vertex 46.18460594594227 34.84681185562077 6.654306999999986
    vertex 45.96763193815406 34.99196910609825 6.654306999999986
  endloop
endfacet
facet normal 0.5560464455776191 0.831151219911573 3.3223514374018165e-32
  outer loop
    vertex 46.18460594594227 34.84681185562077 6.654306999999986
    vertex 45.96763193815406 34.99196910609825 37.15430699999999
    vertex 46.18460594594227 34.84681185562077 37.15430699999999
  endloop
endfacet
facet normal 0.8971259575100333 0.44177484804106465 1.3287369286414652e-19
  outer loop
    vertex 46.35661728274007 34.650443713003654 6.654306999999986
    vertex 46.471943660206854 34.41624684265254 37.15430699999999
    vertex 46.471943660206854 34.41624684265254 6.654306999999986
  endloop
endfacet
facet normal 0.8971259575100333 0.44177484804106465 1.3287369286414652e-19
  outer loop
    vertex 46.471943660206854 34.41624684265254 37.15430699999999
    vertex 46.35661728274007 34.650443713003654 6.654306999999986
    vertex 46.35661728274007 34.650443713003654 37.15430699999999
  endloop
endfacet
facet normal 0.3219818573263624 0.9467458389413 0.0
  outer loop
    vertex 45.720481679439686 35.07602323769975 37.15430699999999
    vertex 45.96763193815406 34.99196910609825 6.654306999999986
    vertex 45.720481679439686 35.07602323769975 6.654306999999986
  endloop
endfacet
facet normal 0.3219818573263624 0.9467458389413 0.0
  outer loop
    vertex 45.96763193815406 34.99196910609825 6.654306999999986
    vertex 45.720481679439686 35.07602323769975 37.15430699999999
    vertex 45.96763193815406 34.99196910609825 37.15430699999999
  endloop
endfacet
facet normal -0.06597473759847969 -0.9978212936186579 2.715152957695327e-22
  outer loop
    vertex 45.58966105029469 33.09745364944458 6.654306999999986
    vertex 45.52482955089507 33.10174022980557 37.15430699999999
    vertex 45.52482955089507 33.10174022980557 6.654306999999984
  endloop
endfacet
facet normal -0.06597473759847969 -0.9978212936186579 2.715152957695327e-22
  outer loop
    vertex 45.52482955089507 33.10174022980557 37.15430699999999
    vertex 45.58966105029469 33.09745364944458 6.654306999999986
    vertex 45.58966105029469 33.09745364944458 37.15430699999999
  endloop
endfacet
facet normal 0.9808968761135606 0.1945284514683087 1.677032817307632e-32
  outer loop
    vertex 46.471943660206854 34.41624684265254 6.654306999999986
    vertex 46.5227257763041 34.16018137425323 37.15430699999999
    vertex 46.5227257763041 34.16018137425323 6.654306999999986
  endloop
endfacet
facet normal 0.9808968761135606 0.1945284514683087 1.677032817307632e-32
  outer loop
    vertex 46.5227257763041 34.16018137425323 37.15430699999999
    vertex 46.471943660206854 34.41624684265254 6.654306999999986
    vertex 46.471943660206854 34.41624684265254 37.15430699999999
  endloop
endfacet
facet normal 0.9978212936186597 -0.0659747375984512 0.0
  outer loop
    vertex 46.5227257763041 34.16018137425323 6.654306999999986
    vertex 46.50550291374122 33.899697746309 37.15430699999999
    vertex 46.50550291374122 33.899697746309 6.654306999999986
  endloop
endfacet
facet normal 0.9978212936186597 -0.0659747375984512 0.0
  outer loop
    vertex 46.50550291374122 33.899697746309 37.15430699999999
    vertex 46.5227257763041 34.16018137425323 6.654306999999986
    vertex 46.5227257763041 34.16018137425323 37.15430699999999
  endloop
endfacet
facet normal 0.946745838941298 -0.32198185732636864 1.423775214701691e-19
  outer loop
    vertex 46.50550291374122 33.899697746309 6.654306999999986
    vertex 46.42144878213971 33.65254748759462 37.15430699999999
    vertex 46.42144878213971 33.65254748759462 6.654306999999986
  endloop
endfacet
facet normal 0.946745838941298 -0.32198185732636864 1.423775214701691e-19
  outer loop
    vertex 46.42144878213971 33.65254748759462 37.15430699999999
    vertex 46.50550291374122 33.899697746309 6.654306999999986
    vertex 46.50550291374122 33.899697746309 37.15430699999999
  endloop
endfacet
facet normal 0.831151219911573 -0.5560464455776191 1.4210136721605884e-32
  outer loop
    vertex 46.42144878213971 33.65254748759462 6.654306999999986
    vertex 46.27629153166223 33.43557347980641 37.15430699999999
    vertex 46.27629153166223 33.43557347980641 6.654306999999986
  endloop
endfacet
facet normal 0.831151219911573 -0.5560464455776191 1.4210136721605884e-32
  outer loop
    vertex 46.27629153166223 33.43557347980641 37.15430699999999
    vertex 46.42144878213971 33.65254748759462 6.654306999999986
    vertex 46.42144878213971 33.65254748759462 37.15430699999999
  endloop
endfacet
facet normal 0.06597473759846662 0.9978212936186588 -1.0860611830417522e-21
  outer loop
    vertex 45.52482955089507 35.08895951990165 37.15430699999999
    vertex 45.720481679439686 35.07602323769975 6.654306999999986
    vertex 45.52482955089507 35.08895951990165 6.654306999999984
  endloop
endfacet
facet normal 0.06597473759846662 0.9978212936186588 -1.0860611830417522e-21
  outer loop
    vertex 45.720481679439686 35.07602323769975 6.654306999999986
    vertex 45.52482955089507 35.08895951990165 37.15430699999999
    vertex 45.720481679439686 35.07602323769975 37.15430699999999
  endloop
endfacet
facet normal 0.1945284514683087 -0.9808968761135606 1.677032817307632e-32
  outer loop
    vertex 45.845726518694 33.14823576554183 37.15430699999999
    vertex 45.58966105029469 33.09745364944458 6.654306999999986
    vertex 45.845726518694 33.14823576554183 6.654306999999986
  endloop
endfacet
facet normal 0.1945284514683087 -0.9808968761135606 1.677032817307632e-32
  outer loop
    vertex 45.58966105029469 33.09745364944458 6.654306999999986
    vertex 45.845726518694 33.14823576554183 37.15430699999999
    vertex 45.58966105029469 33.09745364944458 37.15430699999999
  endloop
endfacet
facet normal 0.44177484804106476 -0.8971259575100333 -1.3287369286414654e-19
  outer loop
    vertex 46.079923389045106 33.26356214300861 37.15430699999999
    vertex 45.845726518694 33.14823576554183 6.654306999999986
    vertex 46.079923389045106 33.26356214300861 6.654306999999986
  endloop
endfacet
facet normal 0.44177484804106476 -0.8971259575100333 -1.3287369286414654e-19
  outer loop
    vertex 45.845726518694 33.14823576554183 6.654306999999986
    vertex 46.079923389045106 33.26356214300861 37.15430699999999
    vertex 45.845726518694 33.14823576554183 37.15430699999999
  endloop
endfacet
facet normal 0.6589150187872028 -0.75221738747297 -1.1265425930412316e-32
  outer loop
    vertex 46.27629153166223 33.43557347980641 37.15430699999999
    vertex 46.079923389045106 33.26356214300861 6.654306999999986
    vertex 46.27629153166223 33.43557347980641 6.654306999999986
  endloop
endfacet
facet normal 0.6589150187872028 -0.75221738747297 -1.1265425930412316e-32
  outer loop
    vertex 46.079923389045106 33.26356214300861 6.654306999999986
    vertex 46.27629153166223 33.43557347980641 37.15430699999999
    vertex 46.079923389045106 33.26356214300861 37.15430699999999
  endloop
endfacet
facet normal 0.45792093172326676 0.40112204843220134 0.7933533402912287
  outer loop
    vertex 45.93713468504299 34.370501852504795 38.02033240378443
    vertex 45.98969441876492 34.62481451927083 37.861413781186535
    vertex 45.85187115616638 34.467838697332425 38.02033240378443
  endloop
endfacet
facet normal 0.45792093172326676 0.40112204843220134 0.7933533402912287
  outer loop
    vertex 45.98969441876492 34.62481451927083 37.861413781186535
    vertex 45.93713468504299 34.370501852504795 38.02033240378443
    vertex 46.11089006618862 34.48645756779938 37.861413781186535
  endloop
endfacet
facet normal 0.21278976234805885 0.3180678016501847 0.9238795325112876
  outer loop
    vertex 45.69137256751486 34.28503648093944 38.120232826289055
    vertex 45.74432028235234 34.539791044475024 38.02033240378443
    vertex 45.636603245580346 34.32167757110306 38.120232826289055
  endloop
endfacet
facet normal 0.21278976234805885 0.3180678016501847 0.9238795325112876
  outer loop
    vertex 45.74432028235234 34.539791044475024 38.02033240378443
    vertex 45.69137256751486 34.28503648093944 38.120232826289055
    vertex 45.85187115616638 34.467838697332425 38.02033240378443
  endloop
endfacet
facet normal 0.07717213311065395 0.11535315635632576 0.9903222259395095
  outer loop
    vertex 45.69137256751486 34.28503648093944 38.120232826289055
    vertex 45.636603245580346 34.32167757110306 38.120232826289055
    vertex 45.52482955089507 34.10392369331279 38.15430699999999
  endloop
endfacet
facet normal 0.10377993739829855 0.09090744316646486 0.990437055733751
  outer loop
    vertex 45.73479225809208 34.23546856204301 38.120232826289055
    vertex 45.69137256751486 34.28503648093944 38.120232826289055
    vertex 45.52482955089507 34.10392369331279 38.15430699999999
  endloop
endfacet
facet normal 0.5512893911530978 0.8240406060059056 0.1305261922200545
  outer loop
    vertex 45.95241361785113 34.96115391845821 37.413126045102516
    vertex 46.18460594594227 34.84681185562077 37.15430699999999
    vertex 45.96763193815406 34.99196910609825 37.15430699999999
  endloop
endfacet
facet normal 0.5512893911530978 0.8240406060059056 0.1305261922200545
  outer loop
    vertex 46.18460594594227 34.84681185562077 37.15430699999999
    vertex 45.95241361785113 34.96115391845821 37.413126045102516
    vertex 46.16193061988929 34.82098546116618 37.413126045102516
  endloop
endfacet
facet normal 0.3384996288050544 0.5059728043557171 0.7933533402912296
  outer loop
    vertex 45.85187115616638 34.467838697332425 38.02033240378443
    vertex 45.8368189988214 34.727089330206944 37.861413781186535
    vertex 45.74432028235234 34.539791044475024 38.02033240378443
  endloop
endfacet
facet normal 0.3384996288050544 0.5059728043557171 0.7933533402912296
  outer loop
    vertex 45.8368189988214 34.727089330206944 37.861413781186535
    vertex 45.85187115616638 34.467838697332425 38.02033240378443
    vertex 45.98969441876492 34.62481451927083 37.861413781186535
  endloop
endfacet
facet normal 0.5967741769768261 0.5227524311228894 0.6087614290087218
  outer loop
    vertex 46.11089006618862 34.48645756779938 37.861413781186535
    vertex 46.09544992772808 34.74526630390434 37.65430699999999
    vertex 45.98969441876492 34.62481451927083 37.861413781186535
  endloop
endfacet
facet normal 0.5967741769768261 0.5227524311228894 0.6087614290087218
  outer loop
    vertex 46.09544992772808 34.74526630390434 37.65430699999999
    vertex 46.11089006618862 34.48645756779938 37.861413781186535
    vertex 46.24421725944823 34.57543351755532 37.65430699999999
  endloop
endfacet
facet normal 0.2878611317228569 0.2521558610263876 0.9238795325112886
  outer loop
    vertex 45.73479225809208 34.23546856204301 38.120232826289055
    vertex 45.85187115616638 34.467838697332425 38.02033240378443
    vertex 45.69137256751486 34.28503648093944 38.120232826289055
  endloop
endfacet
facet normal 0.2878611317228569 0.2521558610263876 0.9238795325112886
  outer loop
    vertex 45.85187115616638 34.467838697332425 38.02033240378443
    vertex 45.73479225809208 34.23546856204301 38.120232826289055
    vertex 45.93713468504299 34.370501852504795 38.02033240378443
  endloop
endfacet
facet normal 0.4411413049560748 0.6593965966039834 0.6087614290087168
  outer loop
    vertex 45.8368189988214 34.727089330206944 37.861413781186535
    vertex 46.09544992772808 34.74526630390434 37.65430699999999
    vertex 45.907795760321534 34.870808359651235 37.65430699999999
  endloop
endfacet
facet normal 0.4411413049560748 0.6593965966039834 0.6087614290087168
  outer loop
    vertex 46.09544992772808 34.74526630390434 37.65430699999999
    vertex 45.8368189988214 34.727089330206944 37.861413781186535
    vertex 45.98969441876492 34.62481451927083 37.861413781186535
  endloop
endfacet
facet normal 0.5137199301948115 0.767883600498089 0.3826834323650939
  outer loop
    vertex 45.907795760321534 34.870808359651235 37.65430699999999
    vertex 46.16193061988929 34.82098546116618 37.413126045102516
    vertex 45.95241361785113 34.96115391845821 37.413126045102516
  endloop
endfacet
facet normal 0.5137199301948115 0.767883600498089 0.3826834323650939
  outer loop
    vertex 46.16193061988929 34.82098546116618 37.413126045102516
    vertex 45.907795760321534 34.870808359651235 37.65430699999999
    vertex 46.09544992772808 34.74526630390434 37.65430699999999
  endloop
endfacet
facet normal 0.7457820634461079 0.6532779094586022 0.1305261922200438
  outer loop
    vertex 46.35661728274007 34.650443713003654 37.15430699999999
    vertex 46.16193061988929 34.82098546116618 37.413126045102516
    vertex 46.32803023693478 34.63136613783645 37.413126045102516
  endloop
endfacet
facet normal 0.7457820634461079 0.6532779094586022 0.1305261922200438
  outer loop
    vertex 46.16193061988929 34.82098546116618 37.413126045102516
    vertex 46.35661728274007 34.650443713003654 37.15430699999999
    vertex 46.18460594594227 34.84681185562077 37.15430699999999
  endloop
endfacet
facet normal 0.694958248285379 0.6087580995217933 0.38268343236509716
  outer loop
    vertex 46.32803023693478 34.63136613783645 37.413126045102516
    vertex 46.09544992772808 34.74526630390434 37.65430699999999
    vertex 46.24421725944823 34.57543351755532 37.65430699999999
  endloop
endfacet
facet normal 0.694958248285379 0.6087580995217933 0.38268343236509716
  outer loop
    vertex 46.09544992772808 34.74526630390434 37.65430699999999
    vertex 46.32803023693478 34.63136613783645 37.413126045102516
    vertex 46.16193061988929 34.82098546116618 37.413126045102516
  endloop
endfacet
facet normal 0.8288363102281127 0.408146740083422 0.38268343236508606
  outer loop
    vertex 46.59992781273883 34.45960986097319 6.154306999999986
    vertex 46.385204328545356 34.66952128817085 6.395487954897464
    vertex 46.504494265835135 34.42727549331188 6.395487954897464
  endloop
endfacet
facet normal 0.8288363102281127 0.408146740083422 0.38268343236508606
  outer loop
    vertex 46.385204328545356 34.66952128817085 6.395487954897464
    vertex 46.59992781273883 34.45960986097319 6.154306999999986
    vertex 46.46901730603191 34.72545390845198 6.154306999999986
  endloop
endfacet
facet normal 0.3433152406837477 0.16905991518092353 0.9238795325112897
  outer loop
    vertex 45.763903337153614 34.17635178617169 38.120232826289055
    vertex 45.93713468504299 34.370501852504795 38.02033240378443
    vertex 45.73479225809208 34.23546856204301 38.120232826289055
  endloop
endfacet
facet normal 0.3433152406837477 0.16905991518092353 0.9238795325112897
  outer loop
    vertex 45.93713468504299 34.370501852504795 38.02033240378443
    vertex 45.763903337153614 34.17635178617169 38.120232826289055
    vertex 45.99430030039388 34.254413855110364 38.02033240378443
  endloop
endfacet
facet normal 0.2554453820230441 0.751103973730903 0.6087614290087277
  outer loop
    vertex 45.66268201358865 34.786312141259536 37.861413781186535
    vertex 45.907795760321534 34.870808359651235 37.65430699999999
    vertex 45.69404307862415 34.94350420116492 37.65430699999999
  endloop
endfacet
facet normal 0.2554453820230441 0.751103973730903 0.6087614290087277
  outer loop
    vertex 45.907795760321534 34.870808359651235 37.65430699999999
    vertex 45.66268201358865 34.786312141259536 37.861413781186535
    vertex 45.8368189988214 34.727089330206944 37.861413781186535
  endloop
endfacet
facet normal 0.8288363102281104 0.40814674008341656 0.3826834323650972
  outer loop
    vertex 46.439393054578574 34.4052181919932 37.413126045102516
    vertex 46.24421725944823 34.57543351755532 37.65430699999999
    vertex 46.343959507674874 34.3728838243319 37.65430699999999
  endloop
endfacet
facet normal 0.8288363102281104 0.40814674008341656 0.3826834323650972
  outer loop
    vertex 46.24421725944823 34.57543351755532 37.65430699999999
    vertex 46.439393054578574 34.4052181919932 37.413126045102516
    vertex 46.32803023693478 34.63136613783645 37.413126045102516
  endloop
endfacet
facet normal 0.1960101355808732 0.5763423498219792 0.7933533402912267
  outer loop
    vertex 45.74432028235234 34.539791044475024 38.02033240378443
    vertex 45.66268201358865 34.786312141259536 37.861413781186535
    vertex 45.62181147791507 34.581455460381676 38.02033240378443
  endloop
endfacet
facet normal 0.1960101355808732 0.5763423498219792 0.7933533402912267
  outer loop
    vertex 45.66268201358865 34.786312141259536 37.861413781186535
    vertex 45.74432028235234 34.539791044475024 38.02033240378443
    vertex 45.8368189988214 34.727089330206944 37.861413781186535
  endloop
endfacet
facet normal 0.29747244782380305 0.8746791030880928 0.3826834323650876
  outer loop
    vertex 45.69404307862415 34.94350420116492 37.65430699999999
    vertex 45.95241361785113 34.96115391845821 37.413126045102516
    vertex 45.713757468266 35.04231926098742 37.413126045102516
  endloop
endfacet
facet normal 0.29747244782380305 0.8746791030880928 0.3826834323650876
  outer loop
    vertex 45.95241361785113 34.96115391845821 37.413126045102516
    vertex 45.69404307862415 34.94350420116492 37.65430699999999
    vertex 45.907795760321534 34.870808359651235 37.65430699999999
  endloop
endfacet
facet normal -0.34331524068376174 -0.16905991518091432 -0.9238795325112864
  outer loop
    vertex 46.97844230738806 35.0654188639643 5.688381173710918
    vertex 46.94958702001983 34.57807983019472 5.788281596215548
    vertex 46.77609988043715 34.93038557350251 5.788281596215548
  endloop
endfacet
facet normal -0.34331524068376174 -0.16905991518091432 -0.9238795325112864
  outer loop
    vertex 46.94958702001983 34.57807983019472 5.788281596215548
    vertex 46.97844230738806 35.0654188639643 5.688381173710918
    vertex 47.17998398326009 34.65614189913339 5.688381173710918
  endloop
endfacet
facet normal 0.12285500212850206 0.060497914971768915 0.9905789472505836
  outer loop
    vertex 45.763903337153614 34.17635178617169 38.120232826289055
    vertex 45.73479225809208 34.23546856204301 38.120232826289055
    vertex 45.52482955089507 34.10392369331279 38.15430699999999
  endloop
endfacet
facet normal 0.7117378750525587 0.3504835513500215 0.6087614290087252
  outer loop
    vertex 46.75174066240784 34.511046411915395 5.947200218813439
    vertex 46.46901730603191 34.72545390845198 6.154306999999986
    vertex 46.59992781273883 34.45960986097319 6.154306999999986
  endloop
endfacet
facet normal 0.7117378750525587 0.3504835513500215 0.6087614290087252
  outer loop
    vertex 46.46901730603191 34.72545390845198 6.154306999999986
    vertex 46.75174066240784 34.511046411915395 5.947200218813439
    vertex 46.60234449929152 34.81442985820793 5.947200218813439
  endloop
endfacet
facet normal -0.5461356798946312 -0.268935487793581 -0.7933533402912334
  outer loop
    vertex 46.77609988043715 34.93038557350251 5.788281596215548
    vertex 46.75174066240784 34.511046411915395 5.947200218813439
    vertex 46.60234449929152 34.81442985820793 5.947200218813439
  endloop
endfacet
facet normal -0.5461356798946312 -0.268935487793581 -0.7933533402912334
  outer loop
    vertex 46.75174066240784 34.511046411915395 5.947200218813439
    vertex 46.77609988043715 34.93038557350251 5.788281596215548
    vertex 46.94958702001983 34.57807983019472 5.788281596215548
  endloop
endfacet
facet normal 0.88945092057838 0.4379954029745098 0.13052619222006348
  outer loop
    vertex 46.504494265835135 34.42727549331188 6.395487954897464
    vertex 46.35661728274007 34.650443713003654 6.654306999999986
    vertex 46.471943660206854 34.41624684265254 6.654306999999986
  endloop
endfacet
facet normal 0.88945092057838 0.4379954029745098 0.13052619222006348
  outer loop
    vertex 46.35661728274007 34.650443713003654 6.654306999999986
    vertex 46.504494265835135 34.42727549331188 6.395487954897464
    vertex 46.385204328545356 34.66952128817085 6.395487954897464
  endloop
endfacet
facet normal 0.044866318638345434 0.13192358362112772 0.990244001010055
  outer loop
    vertex 45.636603245580346 34.32167757110306 38.120232826289055
    vertex 45.57421673106779 34.342894802791484 38.120232826289055
    vertex 45.52482955089507 34.10392369331279 38.15430699999999
  endloop
endfacet
facet normal 0.31922725790182027 0.9386462970453875 0.1305261922200564
  outer loop
    vertex 45.713757468266 35.04231926098742 37.413126045102516
    vertex 45.96763193815406 34.99196910609825 37.15430699999999
    vertex 45.720481679439686 35.07602323769975 37.15430699999999
  endloop
endfacet
facet normal 0.31922725790182027 0.9386462970453875 0.1305261922200564
  outer loop
    vertex 45.96763193815406 34.99196910609825 37.15430699999999
    vertex 45.713757468266 35.04231926098742 37.413126045102516
    vertex 45.95241361785113 34.96115391845821 37.413126045102516
  endloop
endfacet
facet normal 0.7117378750525536 0.3504835513500229 0.6087614290087305
  outer loop
    vertex 46.343959507674874 34.3728838243319 37.65430699999999
    vertex 46.11089006618862 34.48645756779938 37.861413781186535
    vertex 46.19214665800586 34.321447273389694 37.861413781186535
  endloop
endfacet
facet normal 0.7117378750525536 0.3504835513500229 0.6087614290087305
  outer loop
    vertex 46.11089006618862 34.48645756779938 37.861413781186535
    vertex 46.343959507674874 34.3728838243319 37.65430699999999
    vertex 46.24421725944823 34.57543351755532 37.65430699999999
  endloop
endfacet
facet normal 0.5461356798946345 0.2689354877935974 0.7933533402912256
  outer loop
    vertex 45.99430030039388 34.254413855110364 38.02033240378443
    vertex 46.11089006618862 34.48645756779938 37.861413781186535
    vertex 45.93713468504299 34.370501852504795 38.02033240378443
  endloop
endfacet
facet normal 0.5461356798946345 0.2689354877935974 0.7933533402912256
  outer loop
    vertex 46.11089006618862 34.48645756779938 37.861413781186535
    vertex 45.99430030039388 34.254413855110364 38.02033240378443
    vertex 46.19214665800586 34.321447273389694 37.861413781186535
  endloop
endfacet
facet normal 0.8894509205783834 0.4379954029745093 0.13052619222004372
  outer loop
    vertex 46.471943660206854 34.41624684265254 37.15430699999999
    vertex 46.32803023693478 34.63136613783645 37.413126045102516
    vertex 46.439393054578574 34.4052181919932 37.413126045102516
  endloop
endfacet
facet normal 0.8894509205783834 0.4379954029745093 0.13052619222004372
  outer loop
    vertex 46.32803023693478 34.63136613783645 37.413126045102516
    vertex 46.471943660206854 34.41624684265254 37.15430699999999
    vertex 46.35661728274007 34.650443713003654 37.15430699999999
  endloop
endfacet
facet normal -0.11709843517555438 -0.05766318873338954 -0.9914448613738103
  outer loop
    vertex 47.19558247813422 35.21032743400137 5.654306999999986
    vertex 47.17998398326009 34.65614189913339 5.688381173710918
    vertex 46.97844230738806 35.0654188639643 5.688381173710918
  endloop
endfacet
facet normal -0.11709843517555438 -0.05766318873338954 -0.9914448613738103
  outer loop
    vertex 47.17998398326009 34.65614189913339 5.688381173710918
    vertex 47.19558247813422 35.21032743400137 5.654306999999986
    vertex 47.42723037983279 34.7399128177369 5.654306999999986
  endloop
endfacet
facet normal 0.12321712232092515 0.3623039472234216 0.9238795325112894
  outer loop
    vertex 45.636603245580346 34.32167757110306 38.120232826289055
    vertex 45.62181147791507 34.581455460381676 38.02033240378443
    vertex 45.57421673106779 34.342894802791484 38.120232826289055
  endloop
endfacet
facet normal 0.12321712232092515 0.3623039472234216 0.9238795325112894
  outer loop
    vertex 45.62181147791507 34.581455460381676 38.02033240378443
    vertex 45.636603245580346 34.32167757110306 38.120232826289055
    vertex 45.74432028235234 34.539791044475024 38.02033240378443
  endloop
endfacet
facet normal 0.31922725790182405 0.9386462970453875 0.13052619222004705
  outer loop
    vertex 45.720481679439686 35.07602323769975 6.654306999999986
    vertex 45.98285025845699 35.0227842937383 6.395487954897464
    vertex 45.72720589061337 35.10972721441208 6.395487954897464
  endloop
endfacet
facet normal 0.31922725790182405 0.9386462970453875 0.13052619222004705
  outer loop
    vertex 45.98285025845699 35.0227842937383 6.395487954897464
    vertex 45.720481679439686 35.07602323769975 6.654306999999986
    vertex 45.96763193815406 34.99196910609825 6.654306999999986
  endloop
endfacet
facet normal 0.02524743903355181 0.3818496775289598 -0.9238795325112884
  outer loop
    vertex 45.62235651422085 32.59420013314399 5.788281596215548
    vertex 45.52482955089507 32.358940933340826 5.688381173710918
    vertex 45.52482955089507 32.60064849805196 5.788281596215548
  endloop
endfacet
facet normal 0.02524743903355181 0.3818496775289598 -0.9238795325112884
  outer loop
    vertex 45.52482955089507 32.358940933340826 5.688381173710918
    vertex 45.62235651422085 32.59420013314399 5.788281596215548
    vertex 45.6381275606419 32.35144980591022 5.688381173710918
  endloop
endfacet
facet normal -0.060952709730013765 -0.9218666702782138 0.38268343236509184
  outer loop
    vertex 45.58090032713952 33.23230002272545 37.65430699999999
    vertex 45.52482955089507 33.13588880323134 37.413126045102516
    vertex 45.58743290845993 33.131749544914705 37.413126045102516
  endloop
endfacet
facet normal -0.060952709730013765 -0.9218666702782138 0.38268343236509184
  outer loop
    vertex 45.52482955089507 33.13588880323134 37.413126045102516
    vertex 45.58090032713952 33.23230002272545 37.65430699999999
    vertex 45.52482955089507 33.23600735466286 37.65430699999999
  endloop
endfacet
facet normal -0.06095270973001126 -0.9218666702782117 0.3826834323650972
  outer loop
    vertex 45.598421773449864 32.962607276163716 6.154306999999986
    vertex 45.52482955089507 33.067591656379804 6.395487954897464
    vertex 45.52482955089507 32.967473104948276 6.154306999999985
  endloop
endfacet
facet normal -0.06095270973001126 -0.9218666702782117 0.3826834323650972
  outer loop
    vertex 45.52482955089507 33.067591656379804 6.395487954897464
    vertex 45.598421773449864 32.962607276163716 6.154306999999986
    vertex 45.59188919212945 33.06315775397445 6.395487954897464
  endloop
endfacet
facet normal -0.052341278448582294 -0.7916248563060875 0.6087614290087163
  outer loop
    vertex 45.60881360963456 32.80265456490765 5.947200218813439
    vertex 45.52482955089507 32.967473104948276 6.154306999999985
    vertex 45.52482955089507 32.80820748933733 5.947200218813438
  endloop
endfacet
facet normal -0.052341278448582294 -0.7916248563060875 0.6087614290087163
  outer loop
    vertex 45.52482955089507 32.967473104948276 6.154306999999985
    vertex 45.60881360963456 32.80265456490765 5.947200218813439
    vertex 45.598421773449864 32.962607276163716 6.154306999999986
  endloop
endfacet
facet normal -0.06541031457249873 -0.9892847941275866 0.13052619222004944
  outer loop
    vertex 45.58966105029469 33.09745364944458 6.654306999999986
    vertex 45.52482955089507 33.067591656379804 6.395487954897464
    vertex 45.59188919212945 33.06315775397445 6.395487954897464
  endloop
endfacet
facet normal -0.06541031457249873 -0.9892847941275866 0.13052619222004944
  outer loop
    vertex 45.52482955089507 33.067591656379804 6.395487954897464
    vertex 45.58966105029469 33.09745364944458 6.654306999999986
    vertex 45.52482955089507 33.10174022980557 6.654306999999984
  endloop
endfacet
facet normal 0.1332026027893457 0.02641633048605934 0.9907367178487911
  outer loop
    vertex 45.77672193276974 34.11171486390603 38.120232826289055
    vertex 45.763903337153614 34.17635178617169 38.120232826289055
    vertex 45.52482955089507 34.10392369331279 38.15430699999999
  endloop
endfacet
facet normal -0.04202706580074893 -0.12357512935718591 -0.9914448613738105
  outer loop
    vertex 45.91782208248894 36.0651587923359 5.654306999999986
    vertex 46.29866063072777 35.66226064109345 5.688381173710918
    vertex 45.86674662781159 35.80915167260802 5.688381173710918
  endloop
endfacet
facet normal -0.04202706580074893 -0.12357512935718591 -0.9914448613738105
  outer loop
    vertex 46.29866063072777 35.66226064109345 5.688381173710918
    vertex 45.91782208248894 36.0651587923359 5.654306999999986
    vertex 46.414255249757495 35.89632522934472 5.654306999999986
  endloop
endfacet
facet normal -0.052341278448553095 -0.7916248563060788 0.6087614290087301
  outer loop
    vertex 45.570508490954836 33.392252733981515 37.861413781186535
    vertex 45.52482955089507 33.23600735466286 37.65430699999999
    vertex 45.58090032713952 33.23230002272545 37.65430699999999
  endloop
endfacet
facet normal -0.052341278448553095 -0.7916248563060788 0.6087614290087301
  outer loop
    vertex 45.52482955089507 33.23600735466286 37.65430699999999
    vertex 45.570508490954836 33.392252733981515 37.861413781186535
    vertex 45.52482955089507 33.395272970273815 37.861413781186535
  endloop
endfacet
facet normal 0.2974724478238066 0.8746791030880928 0.38268343236508484
  outer loop
    vertex 45.72720589061337 35.10972721441208 6.395487954897464
    vertex 46.027468115986586 35.11312985254526 6.154306999999986
    vertex 45.746920280255225 35.20854227423459 6.154306999999986
  endloop
endfacet
facet normal 0.2974724478238066 0.8746791030880928 0.38268343236508484
  outer loop
    vertex 46.027468115986586 35.11312985254526 6.154306999999986
    vertex 45.72720589061337 35.10972721441208 6.395487954897464
    vertex 45.98285025845699 35.0227842937383 6.395487954897464
  endloop
endfacet
facet normal -0.12321712232093954 -0.36230394722342385 -0.9238795325112865
  outer loop
    vertex 45.86674662781159 35.80915167260802 5.688381173710918
    vertex 46.19094359395577 35.44414716772148 5.788281596215548
    vertex 45.81915188096431 35.57059101501783 5.788281596215548
  endloop
endfacet
facet normal -0.12321712232093954 -0.36230394722342385 -0.9238795325112865
  outer loop
    vertex 46.19094359395577 35.44414716772148 5.788281596215548
    vertex 45.86674662781159 35.80915167260802 5.688381173710918
    vertex 46.29866063072777 35.66226064109345 5.688381173710918
  endloop
endfacet
facet normal -0.06541031457249342 -0.9892847941275871 0.1305261922200499
  outer loop
    vertex 45.58743290845993 33.131749544914705 37.413126045102516
    vertex 45.52482955089507 33.10174022980557 37.15430699999999
    vertex 45.58966105029469 33.09745364944458 37.15430699999999
  endloop
endfacet
facet normal -0.06541031457249342 -0.9892847941275871 0.1305261922200499
  outer loop
    vertex 45.52482955089507 33.10174022980557 37.15430699999999
    vertex 45.58743290845993 33.131749544914705 37.413126045102516
    vertex 45.52482955089507 33.13588880323134 37.413126045102516
  endloop
endfacet
facet normal -0.0401628755388851 -0.6074351165986382 0.7933533402912266
  outer loop
    vertex 45.570508490954836 33.392252733981515 37.861413781186535
    vertex 45.52482955089507 33.602831961559176 38.02033240378443
    vertex 45.52482955089507 33.395272970273815 37.861413781186535
  endloop
endfacet
facet normal -0.0401628755388851 -0.6074351165986382 0.7933533402912266
  outer loop
    vertex 45.52482955089507 33.602831961559176 38.02033240378443
    vertex 45.570508490954836 33.392252733981515 37.861413781186535
    vertex 45.55696558636854 33.60070716574516 38.02033240378443
  endloop
endfacet
facet normal 0.008611431281439444 0.13024181397212942 -0.9914448613738105
  outer loop
    vertex 45.6381275606419 32.35144980591022 5.688381173710918
    vertex 45.52482955089507 32.09955676629835 5.654306999999986
    vertex 45.52482955089507 32.358940933340826 5.688381173710918
  endloop
endfacet
facet normal 0.008611431281439444 0.13024181397212942 -0.9914448613738105
  outer loop
    vertex 45.52482955089507 32.09955676629835 5.654306999999986
    vertex 45.6381275606419 32.35144980591022 5.688381173710918
    vertex 45.65505197814699 32.09094661684341 5.654306999999986
  endloop
endfacet
facet normal 0.04016287553891894 0.6074351165986216 -0.7933533402912377
  outer loop
    vertex 45.60881360963456 32.80265456490765 5.947200218813439
    vertex 45.52482955089507 32.60064849805196 5.788281596215548
    vertex 45.52482955089507 32.80820748933733 5.947200218813438
  endloop
endfacet
facet normal 0.04016287553891894 0.6074351165986216 -0.7933533402912377
  outer loop
    vertex 45.52482955089507 32.60064849805196 5.788281596215548
    vertex 45.60881360963456 32.80265456490765 5.947200218813439
    vertex 45.62235651422085 32.59420013314399 5.788281596215548
  endloop
endfacet
facet normal 0.255445382023053 0.7511039737309009 0.6087614290087268
  outer loop
    vertex 45.746920280255225 35.20854227423459 6.154306999999986
    vertex 46.09844487748671 35.25684888198956 5.947200218813439
    vertex 45.77828134529073 35.365734334139965 5.947200218813439
  endloop
endfacet
facet normal 0.255445382023053 0.7511039737309009 0.6087614290087268
  outer loop
    vertex 46.09844487748671 35.25684888198956 5.947200218813439
    vertex 45.746920280255225 35.20854227423459 6.154306999999986
    vertex 46.027468115986586 35.11312985254526 6.154306999999986
  endloop
endfacet
facet normal -0.19601013558088526 -0.5763423498219642 -0.7933533402912347
  outer loop
    vertex 45.81915188096431 35.57059101501783 5.788281596215548
    vertex 46.09844487748671 35.25684888198956 5.947200218813439
    vertex 45.77828134529073 35.365734334139965 5.947200218813439
  endloop
endfacet
facet normal -0.19601013558088526 -0.5763423498219642 -0.7933533402912347
  outer loop
    vertex 46.09844487748671 35.25684888198956 5.947200218813439
    vertex 45.81915188096431 35.57059101501783 5.788281596215548
    vertex 46.19094359395577 35.44414716772148 5.788281596215548
  endloop
endfacet
facet normal -0.37537298334733255 -0.07444281550056617 -0.923879532511286
  outer loop
    vertex 47.17998398326009 34.65614189913339 5.688381173710918
    vertex 47.02597929260469 34.19287683817939 5.788281596215548
    vertex 46.94958702001983 34.57807983019472 5.788281596215548
  endloop
endfacet
facet normal -0.37537298334733255 -0.07444281550056617 -0.923879532511286
  outer loop
    vertex 47.02597929260469 34.19287683817939 5.788281596215548
    vertex 47.17998398326009 34.65614189913339 5.688381173710918
    vertex 47.26872961983847 34.20864788460043 5.688381173710918
  endloop
endfacet
facet normal 0.37537298334732544 0.07444281550055867 0.9238795325112894
  outer loop
    vertex 45.77672193276974 34.11171486390603 38.120232826289055
    vertex 45.99430030039388 34.254413855110364 38.02033240378443
    vertex 45.763903337153614 34.17635178617169 38.120232826289055
  endloop
endfacet
facet normal 0.37537298334732544 0.07444281550055867 0.9238795325112894
  outer loop
    vertex 45.99430030039388 34.254413855110364 38.02033240378443
    vertex 45.77672193276974 34.11171486390603 38.120232826289055
    vertex 46.01947226000352 34.12748591032708 38.02033240378443
  endloop
endfacet
facet normal 0.7781978131459243 0.1543297967540723 0.6087614290087272
  outer loop
    vertex 46.387879403023234 34.151420651098064 37.65430699999999
    vertex 46.19214665800586 34.321447273389694 37.861413781186535
    vertex 46.227926691767166 34.141028814913376 37.861413781186535
  endloop
endfacet
facet normal 0.7781978131459243 0.1543297967540723 0.6087614290087272
  outer loop
    vertex 46.19214665800586 34.321447273389694 37.861413781186535
    vertex 46.387879403023234 34.151420651098064 37.65430699999999
    vertex 46.343959507674874 34.3728838243319 37.65430699999999
  endloop
endfacet
facet normal -0.38184967752896076 0.025247439033569817 -0.9238795325112875
  outer loop
    vertex 47.02597929260469 34.19287683817939 5.788281596215548
    vertex 47.238631348649484 33.7534327979371 5.688381173710918
    vertex 47.000070691059285 33.801027544784375 5.788281596215548
  endloop
endfacet
facet normal -0.38184967752896076 0.025247439033569817 -0.9238795325112875
  outer loop
    vertex 47.238631348649484 33.7534327979371 5.688381173710918
    vertex 47.02597929260469 34.19287683817939 5.788281596215548
    vertex 47.26872961983847 34.20864788460043 5.688381173710918
  endloop
endfacet
facet normal 0.7916248563060803 -0.05234127844858117 0.6087614290087259
  outer loop
    vertex 46.81752486084104 34.1793339335931 5.947200218813439
    vertex 46.63802195027605 33.873259145493456 6.154306999999986
    vertex 46.79521401018143 33.84189808045796 5.947200218813439
  endloop
endfacet
facet normal 0.7916248563060803 -0.05234127844858117 0.6087614290087259
  outer loop
    vertex 46.63802195027605 33.873259145493456 6.154306999999986
    vertex 46.81752486084104 34.1793339335931 5.947200218813439
    vertex 46.65757214958497 34.16894209740841 6.154306999999986
  endloop
endfacet
facet normal -0.13024181397212922 0.008611431281445493 -0.9914448613738105
  outer loop
    vertex 47.26872961983847 34.20864788460043 5.688381173710918
    vertex 47.49463846837736 33.702357343259756 5.654306999999986
    vertex 47.238631348649484 33.7534327979371 5.688381173710918
  endloop
endfacet
facet normal -0.13024181397212922 0.008611431281445493 -0.9914448613738105
  outer loop
    vertex 47.49463846837736 33.702357343259756 5.654306999999986
    vertex 47.26872961983847 34.20864788460043 5.688381173710918
    vertex 47.52923280890528 34.22557230210553 5.654306999999986
  endloop
endfacet
facet normal -0.5971321840130817 -0.1184214180987142 -0.7933533402912328
  outer loop
    vertex 46.94958702001983 34.57807983019472 5.788281596215548
    vertex 46.81752486084104 34.1793339335931 5.947200218813439
    vertex 46.75174066240784 34.511046411915395 5.947200218813439
  endloop
endfacet
facet normal -0.5971321840130817 -0.1184214180987142 -0.7933533402912328
  outer loop
    vertex 46.81752486084104 34.1793339335931 5.947200218813439
    vertex 46.94958702001983 34.57807983019472 5.788281596215548
    vertex 47.02597929260469 34.19287683817939 5.788281596215548
  endloop
endfacet
facet normal -0.12803273419964678 -0.025391058048624404 -0.9914448613738103
  outer loop
    vertex 47.42723037983279 34.7399128177369 5.654306999999986
    vertex 47.26872961983847 34.20864788460043 5.688381173710918
    vertex 47.17998398326009 34.65614189913339 5.688381173710918
  endloop
endfacet
facet normal -0.12803273419964678 -0.025391058048624404 -0.9914448613738103
  outer loop
    vertex 47.26872961983847 34.20864788460043 5.688381173710918
    vertex 47.42723037983279 34.7399128177369 5.654306999999986
    vertex 47.52923280890528 34.22557230210553 5.654306999999986
  endloop
endfacet
facet normal 0.906230547345576 0.1797208548026993 0.38268343236508817
  outer loop
    vertex 46.65757214958497 34.16894209740841 6.154306999999986
    vertex 46.504494265835135 34.42727549331188 6.395487954897464
    vertex 46.55702167177423 34.16240951608799 6.395487954897464
  endloop
endfacet
facet normal 0.906230547345576 0.1797208548026993 0.38268343236508817
  outer loop
    vertex 46.504494265835135 34.42727549331188 6.395487954897464
    vertex 46.65757214958497 34.16894209740841 6.154306999999986
    vertex 46.59992781273883 34.45960986097319 6.154306999999986
  endloop
endfacet
facet normal 0.9725051673604098 0.1928642335992623 0.13052619222007045
  outer loop
    vertex 46.55702167177423 34.16240951608799 6.395487954897464
    vertex 46.471943660206854 34.41624684265254 6.654306999999986
    vertex 46.5227257763041 34.16018137425323 6.654306999999986
  endloop
endfacet
facet normal 0.9725051673604098 0.1928642335992623 0.13052619222007045
  outer loop
    vertex 46.471943660206854 34.41624684265254 6.654306999999986
    vertex 46.55702167177423 34.16240951608799 6.395487954897464
    vertex 46.504494265835135 34.42727549331188 6.395487954897464
  endloop
endfacet
facet normal 0.38184967752895443 -0.025247439033560738 0.9238795325112903
  outer loop
    vertex 46.01093513642314 33.99836794783362 38.02033240378443
    vertex 45.77672193276974 34.11171486390603 38.120232826289055
    vertex 45.772374478832944 34.045962694680895 38.120232826289055
  endloop
endfacet
facet normal 0.38184967752895443 -0.025247439033560738 0.9238795325112903
  outer loop
    vertex 45.77672193276974 34.11171486390603 38.120232826289055
    vertex 46.01093513642314 33.99836794783362 38.02033240378443
    vertex 46.01947226000352 34.12748591032708 38.02033240378443
  endloop
endfacet
facet normal 0.9218666702782106 -0.06095270973001977 0.38268343236509905
  outer loop
    vertex 46.488429880833976 34.15795323241848 37.413126045102516
    vertex 46.37298387720638 33.92613634712453 37.65430699999999
    vertex 46.471798937028886 33.906421957482685 37.413126045102516
  endloop
endfacet
facet normal 0.9218666702782106 -0.06095270973001977 0.38268343236509905
  outer loop
    vertex 46.37298387720638 33.92613634712453 37.65430699999999
    vertex 46.488429880833976 34.15795323241848 37.413126045102516
    vertex 46.387879403023234 34.151420651098064 37.65430699999999
  endloop
endfacet
facet normal 0.9062305473455735 0.1797208548026898 0.3826834323650982
  outer loop
    vertex 46.488429880833976 34.15795323241848 37.413126045102516
    vertex 46.343959507674874 34.3728838243319 37.65430699999999
    vertex 46.387879403023234 34.151420651098064 37.65430699999999
  endloop
endfacet
facet normal 0.9062305473455735 0.1797208548026898 0.3826834323650982
  outer loop
    vertex 46.343959507674874 34.3728838243319 37.65430699999999
    vertex 46.488429880833976 34.15795323241848 37.413126045102516
    vertex 46.439393054578574 34.4052181919932 37.413126045102516
  endloop
endfacet
facet normal 0.5971321840130919 0.11842141809871046 0.793353340291226
  outer loop
    vertex 46.01947226000352 34.12748591032708 38.02033240378443
    vertex 46.19214665800586 34.321447273389694 37.861413781186535
    vertex 45.99430030039388 34.254413855110364 38.02033240378443
  endloop
endfacet
facet normal 0.5971321840130919 0.11842141809871046 0.793353340291226
  outer loop
    vertex 46.19214665800586 34.321447273389694 37.861413781186535
    vertex 46.01947226000352 34.12748591032708 38.02033240378443
    vertex 46.227926691767166 34.141028814913376 37.861413781186535
  endloop
endfacet
facet normal 0.13431627761190812 -0.008880829891404698 0.990898717543282
  outer loop
    vertex 45.77672193276974 34.11171486390603 38.120232826289055
    vertex 45.52482955089507 34.10392369331279 38.15430699999999
    vertex 45.772374478832944 34.045962694680895 38.120232826289055
  endloop
endfacet
facet normal 0.989284794127588 -0.06541031457247204 0.13052619222005357
  outer loop
    vertex 46.5227257763041 34.16018137425323 37.15430699999999
    vertex 46.471798937028886 33.906421957482685 37.413126045102516
    vertex 46.50550291374122 33.899697746309 37.15430699999999
  endloop
endfacet
facet normal 0.989284794127588 -0.06541031457247204 0.13052619222005357
  outer loop
    vertex 46.471798937028886 33.906421957482685 37.413126045102516
    vertex 46.5227257763041 34.16018137425323 37.15430699999999
    vertex 46.488429880833976 34.15795323241848 37.413126045102516
  endloop
endfacet
facet normal 0.7781978131459257 0.1543297967540807 0.6087614290087234
  outer loop
    vertex 46.81752486084104 34.1793339335931 5.947200218813439
    vertex 46.59992781273883 34.45960986097319 6.154306999999986
    vertex 46.65757214958497 34.16894209740841 6.154306999999986
  endloop
endfacet
facet normal 0.7781978131459257 0.1543297967540807 0.6087614290087234
  outer loop
    vertex 46.59992781273883 34.45960986097319 6.154306999999986
    vertex 46.81752486084104 34.1793339335931 5.947200218813439
    vertex 46.75174066240784 34.511046411915395 5.947200218813439
  endloop
endfacet
facet normal 0.9725051673604136 0.19286423359926022 0.1305261922200448
  outer loop
    vertex 46.5227257763041 34.16018137425323 37.15430699999999
    vertex 46.439393054578574 34.4052181919932 37.413126045102516
    vertex 46.488429880833976 34.15795323241848 37.413126045102516
  endloop
endfacet
facet normal 0.9725051673604136 0.19286423359926022 0.1305261922200448
  outer loop
    vertex 46.439393054578574 34.4052181919932 37.413126045102516
    vertex 46.5227257763041 34.16018137425323 37.15430699999999
    vertex 46.471943660206854 34.41624684265254 37.15430699999999
  endloop
endfacet
facet normal 0.6074351165986369 -0.040162875538907045 0.7933533402912266
  outer loop
    vertex 46.215791817301 33.95749741216004 37.861413781186535
    vertex 46.01947226000352 34.12748591032708 38.02033240378443
    vertex 46.01093513642314 33.99836794783362 38.02033240378443
  endloop
endfacet
facet normal 0.6074351165986369 -0.040162875538907045 0.7933533402912266
  outer loop
    vertex 46.01947226000352 34.12748591032708 38.02033240378443
    vertex 46.215791817301 33.95749741216004 37.861413781186535
    vertex 46.227926691767166 34.141028814913376 37.861413781186535
  endloop
endfacet
facet normal 0.7916248563060817 -0.05234127844857461 0.6087614290087247
  outer loop
    vertex 46.387879403023234 34.151420651098064 37.65430699999999
    vertex 46.215791817301 33.95749741216004 37.861413781186535
    vertex 46.37298387720638 33.92613634712453 37.65430699999999
  endloop
endfacet
facet normal 0.7916248563060817 -0.05234127844857461 0.6087614290087247
  outer loop
    vertex 46.215791817301 33.95749741216004 37.861413781186535
    vertex 46.387879403023234 34.151420651098064 37.65430699999999
    vertex 46.227926691767166 34.141028814913376 37.861413781186535
  endloop
endfacet
facet normal -0.12357512935718616 0.04202706580074971 -0.9914448613738105
  outer loop
    vertex 47.238631348649484 33.7534327979371 5.688381173710918
    vertex 47.32580490538618 33.205924175991186 5.654306999999986
    vertex 47.09174031713491 33.321518795020914 5.688381173710918
  endloop
endfacet
facet normal -0.12357512935718616 0.04202706580074971 -0.9914448613738105
  outer loop
    vertex 47.32580490538618 33.205924175991186 5.654306999999986
    vertex 47.238631348649484 33.7534327979371 5.688381173710918
    vertex 47.49463846837736 33.702357343259756 5.654306999999986
  endloop
endfacet
facet normal 0.9386462970453854 -0.3192272579018267 0.1305261922200564
  outer loop
    vertex 46.50550291374122 33.899697746309 37.15430699999999
    vertex 46.39063359449966 33.66776580789755 37.413126045102516
    vertex 46.42144878213971 33.65254748759462 37.15430699999999
  endloop
endfacet
facet normal 0.9386462970453854 -0.3192272579018267 0.1305261922200564
  outer loop
    vertex 46.39063359449966 33.66776580789755 37.413126045102516
    vertex 46.50550291374122 33.899697746309 37.15430699999999
    vertex 46.471798937028886 33.906421957482685 37.413126045102516
  endloop
endfacet
facet normal 0.9386462970453859 -0.31922725790182316 0.1305261922200605
  outer loop
    vertex 46.53920689045355 33.89297353513531 6.395487954897464
    vertex 46.42144878213971 33.65254748759462 6.654306999999986
    vertex 46.45226396977976 33.63732916729169 6.395487954897464
  endloop
endfacet
facet normal 0.9386462970453859 -0.31922725790182316 0.1305261922200605
  outer loop
    vertex 46.42144878213971 33.65254748759462 6.654306999999986
    vertex 46.53920689045355 33.89297353513531 6.395487954897464
    vertex 46.50550291374122 33.899697746309 6.654306999999986
  endloop
endfacet
facet normal 0.7511039737309013 -0.2554453820230459 0.608761429008729
  outer loop
    vertex 46.79521401018143 33.84189808045796 5.947200218813439
    vertex 46.54260952858673 33.592711309762095 6.154306999999986
    vertex 46.68632855803103 33.52173454826196 5.947200218813439
  endloop
endfacet
facet normal 0.7511039737309013 -0.2554453820230459 0.608761429008729
  outer loop
    vertex 46.54260952858673 33.592711309762095 6.154306999999986
    vertex 46.79521401018143 33.84189808045796 5.947200218813439
    vertex 46.63802195027605 33.873259145493456 6.154306999999986
  endloop
endfacet
facet normal -0.6074351165986307 0.04016287553892085 -0.7933533402912306
  outer loop
    vertex 46.81752486084104 34.1793339335931 5.947200218813439
    vertex 47.000070691059285 33.801027544784375 5.788281596215548
    vertex 46.79521401018143 33.84189808045796 5.947200218813439
  endloop
endfacet
facet normal -0.6074351165986307 0.04016287553892085 -0.7933533402912306
  outer loop
    vertex 47.000070691059285 33.801027544784375 5.788281596215548
    vertex 46.81752486084104 34.1793339335931 5.947200218813439
    vertex 47.02597929260469 34.19287683817939 5.788281596215548
  endloop
endfacet
facet normal 0.6949582482853944 0.6087580995217777 0.3826834323650944
  outer loop
    vertex 46.46901730603191 34.72545390845198 6.154306999999986
    vertex 46.207281271995264 34.87263825007537 6.395487954897464
    vertex 46.385204328545356 34.66952128817085 6.395487954897464
  endloop
endfacet
facet normal 0.6949582482853944 0.6087580995217777 0.3826834323650944
  outer loop
    vertex 46.207281271995264 34.87263825007537 6.395487954897464
    vertex 46.46901730603191 34.72545390845198 6.154306999999986
    vertex 46.27376196415647 34.94835740733721 6.154306999999986
  endloop
endfacet
facet normal -0.09818407130856265 -0.08600566839889878 -0.9914448613738103
  outer loop
    vertex 46.850075525494056 35.604758172197464 5.654306999999986
    vertex 46.97844230738806 35.0654188639643 5.688381173710918
    vertex 46.677839324369685 35.40858723030212 5.688381173710918
  endloop
endfacet
facet normal -0.09818407130856265 -0.08600566839889878 -0.9914448613738103
  outer loop
    vertex 46.97844230738806 35.0654188639643 5.688381173710918
    vertex 46.850075525494056 35.604758172197464 5.654306999999986
    vertex 47.19558247813422 35.21032743400137 5.654306999999986
  endloop
endfacet
facet normal 0.7511039737309069 -0.25544538202304784 0.6087614290087212
  outer loop
    vertex 46.37298387720638 33.92613634712453 37.65430699999999
    vertex 46.156569006248404 33.78336042692728 37.861413781186535
    vertex 46.300288035692695 33.71238366542715 37.65430699999999
  endloop
endfacet
facet normal 0.7511039737309069 -0.25544538202304784 0.6087614290087212
  outer loop
    vertex 46.156569006248404 33.78336042692728 37.861413781186535
    vertex 46.37298387720638 33.92613634712453 37.65430699999999
    vertex 46.215791817301 33.95749741216004 37.861413781186535
  endloop
endfacet
facet normal 0.5967741769768296 0.5227524311228802 0.6087614290087261
  outer loop
    vertex 46.46901730603191 34.72545390845198 6.154306999999986
    vertex 46.379517473119634 35.06880919197072 5.947200218813439
    vertex 46.27376196415647 34.94835740733721 6.154306999999986
  endloop
endfacet
facet normal 0.5967741769768296 0.5227524311228802 0.6087614290087261
  outer loop
    vertex 46.379517473119634 35.06880919197072 5.947200218813439
    vertex 46.46901730603191 34.72545390845198 6.154306999999986
    vertex 46.60234449929152 34.81442985820793 5.947200218813439
  endloop
endfacet
facet normal 0.7457820634461091 0.6532779094585976 0.13052619222006046
  outer loop
    vertex 46.385204328545356 34.66952128817085 6.395487954897464
    vertex 46.18460594594227 34.84681185562077 6.654306999999986
    vertex 46.35661728274007 34.650443713003654 6.654306999999986
  endloop
endfacet
facet normal 0.7457820634461091 0.6532779094585976 0.13052619222006046
  outer loop
    vertex 46.18460594594227 34.84681185562077 6.654306999999986
    vertex 46.385204328545356 34.66952128817085 6.395487954897464
    vertex 46.207281271995264 34.87263825007537 6.395487954897464
  endloop
endfacet
facet normal 0.576342349821975 -0.19601013558088576 0.7933533402912267
  outer loop
    vertex 46.156569006248404 33.78336042692728 37.861413781186535
    vertex 46.01093513642314 33.99836794783362 38.02033240378443
    vertex 45.969270720516484 33.87585914339634 38.02033240378443
  endloop
endfacet
facet normal 0.576342349821975 -0.19601013558088576 0.7933533402912267
  outer loop
    vertex 46.01093513642314 33.99836794783362 38.02033240378443
    vertex 46.156569006248404 33.78336042692728 37.861413781186535
    vertex 46.215791817301 33.95749741216004 37.861413781186535
  endloop
endfacet
facet normal 0.9218666702782149 -0.06095270973002777 0.38268343236508684
  outer loop
    vertex 46.65757214958497 34.16894209740841 6.154306999999986
    vertex 46.53920689045355 33.89297353513531 6.395487954897464
    vertex 46.63802195027605 33.873259145493456 6.154306999999986
  endloop
endfacet
facet normal 0.9218666702782149 -0.06095270973002777 0.38268343236508684
  outer loop
    vertex 46.53920689045355 33.89297353513531 6.395487954897464
    vertex 46.65757214958497 34.16894209740841 6.154306999999986
    vertex 46.55702167177423 34.16240951608799 6.395487954897464
  endloop
endfacet
facet normal -0.2878611317228566 -0.2521558610263946 -0.9238795325112867
  outer loop
    vertex 46.677839324369685 35.40858723030212 5.688381173710918
    vertex 46.77609988043715 34.93038557350251 5.788281596215548
    vertex 46.517340735718165 35.225785013909125 5.788281596215548
  endloop
endfacet
facet normal -0.2878611317228566 -0.2521558610263946 -0.9238795325112867
  outer loop
    vertex 46.77609988043715 34.93038557350251 5.788281596215548
    vertex 46.677839324369685 35.40858723030212 5.688381173710918
    vertex 46.97844230738806 35.0654188639643 5.688381173710918
  endloop
endfacet
facet normal 0.8746791030880905 -0.29747244782380244 0.38268343236509333
  outer loop
    vertex 46.471798937028886 33.906421957482685 37.413126045102516
    vertex 46.300288035692695 33.71238366542715 37.65430699999999
    vertex 46.39063359449966 33.66776580789755 37.413126045102516
  endloop
endfacet
facet normal 0.8746791030880905 -0.29747244782380244 0.38268343236509333
  outer loop
    vertex 46.300288035692695 33.71238366542715 37.65430699999999
    vertex 46.471798937028886 33.906421957482685 37.413126045102516
    vertex 46.37298387720638 33.92613634712453 37.65430699999999
  endloop
endfacet
facet normal 0.36230394722341697 -0.12321712232093456 0.92387953251129
  outer loop
    vertex 45.969270720516484 33.87585914339634 38.02033240378443
    vertex 45.772374478832944 34.045962694680895 38.120232826289055
    vertex 45.75115724714452 33.983576180168335 38.120232826289055
  endloop
endfacet
facet normal 0.36230394722341697 -0.12321712232093456 0.92387953251129
  outer loop
    vertex 45.772374478832944 34.045962694680895 38.120232826289055
    vertex 45.969270720516484 33.87585914339634 38.02033240378443
    vertex 46.01093513642314 33.99836794783362 38.02033240378443
  endloop
endfacet
facet normal 0.12635527399256657 -0.04297257419012758 0.9910538343610491
  outer loop
    vertex 45.772374478832944 34.045962694680895 38.120232826289055
    vertex 45.52482955089507 34.10392369331279 38.15430699999999
    vertex 45.75115724714452 33.983576180168335 38.120232826289055
  endloop
endfacet
facet normal -0.45792093172325693 -0.4011220484322081 -0.7933533402912307
  outer loop
    vertex 46.517340735718165 35.225785013909125 5.788281596215548
    vertex 46.60234449929152 34.81442985820793 5.947200218813439
    vertex 46.379517473119634 35.06880919197072 5.947200218813439
  endloop
endfacet
facet normal -0.45792093172325693 -0.4011220484322081 -0.7933533402912307
  outer loop
    vertex 46.60234449929152 34.81442985820793 5.947200218813439
    vertex 46.517340735718165 35.225785013909125 5.788281596215548
    vertex 46.77609988043715 34.93038557350251 5.788281596215548
  endloop
endfacet
facet normal -0.3623039472234258 0.12321712232093804 -0.923879532511286
  outer loop
    vertex 47.000070691059285 33.801027544784375 5.788281596215548
    vertex 47.09174031713491 33.321518795020914 5.688381173710918
    vertex 46.87362684376295 33.4292358317929 5.788281596215548
  endloop
endfacet
facet normal -0.3623039472234258 0.12321712232093804 -0.923879532511286
  outer loop
    vertex 47.09174031713491 33.321518795020914 5.688381173710918
    vertex 47.000070691059285 33.801027544784375 5.788281596215548
    vertex 47.238631348649484 33.7534327979371 5.688381173710918
  endloop
endfacet
facet normal 0.8746791030880947 -0.2974724478238011 0.38268343236508473
  outer loop
    vertex 46.63802195027605 33.873259145493456 6.154306999999986
    vertex 46.45226396977976 33.63732916729169 6.395487954897464
    vertex 46.54260952858673 33.592711309762095 6.154306999999986
  endloop
endfacet
facet normal 0.8746791030880947 -0.2974724478238011 0.38268343236508473
  outer loop
    vertex 46.45226396977976 33.63732916729169 6.395487954897464
    vertex 46.63802195027605 33.873259145493456 6.154306999999986
    vertex 46.53920689045355 33.89297353513531 6.395487954897464
  endloop
endfacet
facet normal 0.9892847941275862 -0.06541031457247634 0.13052619222006415
  outer loop
    vertex 46.55702167177423 34.16240951608799 6.395487954897464
    vertex 46.50550291374122 33.899697746309 6.654306999999986
    vertex 46.53920689045355 33.89297353513531 6.395487954897464
  endloop
endfacet
facet normal 0.9892847941275862 -0.06541031457247634 0.13052619222006415
  outer loop
    vertex 46.50550291374122 33.899697746309 6.654306999999986
    vertex 46.55702167177423 34.16240951608799 6.395487954897464
    vertex 46.5227257763041 34.16018137425323 6.654306999999986
  endloop
endfacet
facet normal 0.8240406060059056 -0.5512893911530978 0.1305261922200545
  outer loop
    vertex 46.42144878213971 33.65254748759462 37.15430699999999
    vertex 46.250465137207634 33.45824880585939 37.413126045102516
    vertex 46.27629153166223 33.43557347980641 37.15430699999999
  endloop
endfacet
facet normal 0.8240406060059056 -0.5512893911530978 0.1305261922200545
  outer loop
    vertex 46.250465137207634 33.45824880585939 37.413126045102516
    vertex 46.42144878213971 33.65254748759462 37.15430699999999
    vertex 46.39063359449966 33.66776580789755 37.413126045102516
  endloop
endfacet
facet normal -0.5763423498219724 0.1960101355808767 -0.793353340291231
  outer loop
    vertex 46.79521401018143 33.84189808045796 5.947200218813439
    vertex 46.87362684376295 33.4292358317929 5.788281596215548
    vertex 46.68632855803103 33.52173454826196 5.947200218813439
  endloop
endfacet
facet normal -0.5763423498219724 0.1960101355808767 -0.793353340291231
  outer loop
    vertex 46.87362684376295 33.4292358317929 5.788281596215548
    vertex 46.79521401018143 33.84189808045796 5.947200218813439
    vertex 47.000070691059285 33.801027544784375 5.788281596215548
  endloop
endfacet
facet normal -0.07257862523873997 -0.10848700389410992 -0.9914448613738103
  outer loop
    vertex 46.414255249757495 35.89632522934472 5.654306999999986
    vertex 46.677839324369685 35.40858723030212 5.688381173710918
    vertex 46.29866063072777 35.66226064109345 5.688381173710918
  endloop
endfacet
facet normal -0.07257862523873997 -0.10848700389410992 -0.9914448613738103
  outer loop
    vertex 46.677839324369685 35.40858723030212 5.688381173710918
    vertex 46.414255249757495 35.89632522934472 5.654306999999986
    vertex 46.850075525494056 35.604758172197464 5.654306999999986
  endloop
endfacet
facet normal -0.2127897623480439 -0.31806780165019544 -0.9238795325112875
  outer loop
    vertex 46.29866063072777 35.66226064109345 5.688381173710918
    vertex 46.517340735718165 35.225785013909125 5.788281596215548
    vertex 46.19094359395577 35.44414716772148 5.788281596215548
  endloop
endfacet
facet normal -0.2127897623480439 -0.31806780165019544 -0.9238795325112875
  outer loop
    vertex 46.517340735718165 35.225785013909125 5.788281596215548
    vertex 46.29866063072777 35.66226064109345 5.688381173710918
    vertex 46.677839324369685 35.40858723030212 5.688381173710918
  endloop
endfacet
facet normal -0.31806780165019805 0.21278976234804953 -0.9238795325112854
  outer loop
    vertex 46.87362684376295 33.4292358317929 5.788281596215548
    vertex 46.83806690634357 32.94234010137899 5.688381173710918
    vertex 46.65526468995058 33.10283869003052 5.788281596215548
  endloop
endfacet
facet normal -0.31806780165019805 0.21278976234804953 -0.9238795325112854
  outer loop
    vertex 46.83806690634357 32.94234010137899 5.688381173710918
    vertex 46.87362684376295 33.4292358317929 5.788281596215548
    vertex 47.09174031713491 33.321518795020914 5.688381173710918
  endloop
endfacet
facet normal 0.7678836004980889 -0.5137199301948117 0.38268343236509395
  outer loop
    vertex 46.39063359449966 33.66776580789755 37.413126045102516
    vertex 46.1747459799458 33.5247294980206 37.65430699999999
    vertex 46.250465137207634 33.45824880585939 37.413126045102516
  endloop
endfacet
facet normal 0.7678836004980889 -0.5137199301948117 0.38268343236509395
  outer loop
    vertex 46.1747459799458 33.5247294980206 37.65430699999999
    vertex 46.39063359449966 33.66776580789755 37.413126045102516
    vertex 46.300288035692695 33.71238366542715 37.65430699999999
  endloop
endfacet
facet normal 0.6593965966039834 -0.4411413049560748 0.6087614290087168
  outer loop
    vertex 46.300288035692695 33.71238366542715 37.65430699999999
    vertex 46.05429419531229 33.63048500698376 37.861413781186535
    vertex 46.1747459799458 33.5247294980206 37.65430699999999
  endloop
endfacet
facet normal 0.6593965966039834 -0.4411413049560748 0.6087614290087168
  outer loop
    vertex 46.05429419531229 33.63048500698376 37.861413781186535
    vertex 46.300288035692695 33.71238366542715 37.65430699999999
    vertex 46.156569006248404 33.78336042692728 37.861413781186535
  endloop
endfacet
facet normal 0.05234127844859225 0.791624856306075 0.608761429008732
  outer loop
    vertex 45.52482955089507 34.795426779433406 37.861413781186535
    vertex 45.69404307862415 34.94350420116492 37.65430699999999
    vertex 45.52482955089507 34.95469239504436 37.65430699999999
  endloop
endfacet
facet normal 0.05234127844859225 0.791624856306075 0.608761429008732
  outer loop
    vertex 45.69404307862415 34.94350420116492 37.65430699999999
    vertex 45.52482955089507 34.795426779433406 37.861413781186535
    vertex 45.66268201358865 34.786312141259536 37.861413781186535
  endloop
endfacet
facet normal 0.1100701862382322 -0.07363778618811513 0.9911922268393726
  outer loop
    vertex 45.75115724714452 33.983576180168335 38.120232826289055
    vertex 45.52482955089507 34.10392369331279 38.15430699999999
    vertex 45.7145161569809 33.92880685823382 38.120232826289055
  endloop
endfacet
facet normal 0.6593965966039838 -0.44114130495606063 0.6087614290087268
  outer loop
    vertex 46.68632855803103 33.52173454826196 5.947200218813439
    vertex 46.377837083378665 33.34641746159221 6.154306999999986
    vertex 46.49828886801218 33.24066195262905 5.947200218813439
  endloop
endfacet
facet normal 0.6593965966039838 -0.44114130495606063 0.6087614290087268
  outer loop
    vertex 46.377837083378665 33.34641746159221 6.154306999999986
    vertex 46.68632855803103 33.52173454826196 5.947200218813439
    vertex 46.54260952858673 33.592711309762095 6.154306999999986
  endloop
endfacet
facet normal 0.5059728043557172 -0.3384996288050545 0.7933533402912297
  outer loop
    vertex 46.05429419531229 33.63048500698376 37.861413781186535
    vertex 45.969270720516484 33.87585914339634 38.02033240378443
    vertex 45.897318373373885 33.76830826958229 38.02033240378443
  endloop
endfacet
facet normal 0.5059728043557172 -0.3384996288050545 0.7933533402912297
  outer loop
    vertex 45.969270720516484 33.87585914339634 38.02033240378443
    vertex 46.05429419531229 33.63048500698376 37.861413781186535
    vertex 46.156569006248404 33.78336042692728 37.861413781186535
  endloop
endfacet
facet normal 0.5512893911530946 0.824040606005908 0.1305261922200522
  outer loop
    vertex 45.96763193815406 34.99196910609825 6.654306999999986
    vertex 46.207281271995264 34.87263825007537 6.395487954897464
    vertex 45.98285025845699 35.0227842937383 6.395487954897464
  endloop
endfacet
facet normal 0.5512893911530946 0.824040606005908 0.1305261922200522
  outer loop
    vertex 46.207281271995264 34.87263825007537 6.395487954897464
    vertex 45.96763193815406 34.99196910609825 6.654306999999986
    vertex 46.18460594594227 34.84681185562077 6.654306999999986
  endloop
endfacet
facet normal -0.10848700389410994 0.07257862523873998 -0.9914448613738103
  outer loop
    vertex 47.09174031713491 33.321518795020914 5.688381173710918
    vertex 47.034237848238924 32.770103900254625 5.654306999999986
    vertex 46.83806690634357 32.94234010137899 5.688381173710918
  endloop
endfacet
facet normal -0.10848700389410994 0.07257862523873998 -0.9914448613738103
  outer loop
    vertex 47.034237848238924 32.770103900254625 5.654306999999986
    vertex 47.09174031713491 33.321518795020914 5.688381173710918
    vertex 47.32580490538618 33.205924175991186 5.654306999999986
  endloop
endfacet
facet normal 0.7678836004980951 -0.5137199301948047 0.38268343236509117
  outer loop
    vertex 46.54260952858673 33.592711309762095 6.154306999999986
    vertex 46.30211792611683 33.41289815375342 6.395487954897464
    vertex 46.377837083378665 33.34641746159221 6.154306999999986
  endloop
endfacet
facet normal 0.7678836004980951 -0.5137199301948047 0.38268343236509117
  outer loop
    vertex 46.30211792611683 33.41289815375342 6.395487954897464
    vertex 46.54260952858673 33.592711309762095 6.154306999999986
    vertex 46.45226396977976 33.63732916729169 6.395487954897464
  endloop
endfacet
facet normal 0.4411413049560491 0.659396596603995 0.608761429008723
  outer loop
    vertex 46.027468115986586 35.11312985254526 6.154306999999986
    vertex 46.379517473119634 35.06880919197072 5.947200218813439
    vertex 46.09844487748671 35.25684888198956 5.947200218813439
  endloop
endfacet
facet normal 0.4411413049560491 0.659396596603995 0.608761429008723
  outer loop
    vertex 46.379517473119634 35.06880919197072 5.947200218813439
    vertex 46.027468115986586 35.11312985254526 6.154306999999986
    vertex 46.27376196415647 34.94835740733721 6.154306999999986
  endloop
endfacet
facet normal 0.8240406060059021 -0.5512893911531014 0.13052619222006104
  outer loop
    vertex 46.45226396977976 33.63732916729169 6.395487954897464
    vertex 46.27629153166223 33.43557347980641 6.654306999999986
    vertex 46.30211792611683 33.41289815375342 6.395487954897464
  endloop
endfacet
facet normal 0.8240406060059021 -0.5512893911531014 0.13052619222006104
  outer loop
    vertex 46.27629153166223 33.43557347980641 6.654306999999986
    vertex 46.45226396977976 33.63732916729169 6.395487954897464
    vertex 46.42144878213971 33.65254748759462 6.654306999999986
  endloop
endfacet
facet normal 0.5137199301947919 0.7678836004981037 0.3826834323650911
  outer loop
    vertex 45.98285025845699 35.0227842937383 6.395487954897464
    vertex 46.27376196415647 34.94835740733721 6.154306999999986
    vertex 46.027468115986586 35.11312985254526 6.154306999999986
  endloop
endfacet
facet normal 0.5137199301947919 0.7678836004981037 0.3826834323650911
  outer loop
    vertex 46.27376196415647 34.94835740733721 6.154306999999986
    vertex 45.98285025845699 35.0227842937383 6.395487954897464
    vertex 46.207281271995264 34.87263825007537 6.395487954897464
  endloop
endfacet
facet normal 0.06541031457249002 0.9892847941275869 0.13052619222005235
  outer loop
    vertex 45.52482955089507 35.05481094647588 37.413126045102516
    vertex 45.720481679439686 35.07602323769975 37.15430699999999
    vertex 45.52482955089507 35.08895951990165 37.15430699999999
  endloop
endfacet
facet normal 0.06541031457249002 0.9892847941275869 0.13052619222005235
  outer loop
    vertex 45.720481679439686 35.07602323769975 37.15430699999999
    vertex 45.52482955089507 35.05481094647588 37.413126045102516
    vertex 45.713757468266 35.04231926098742 37.413126045102516
  endloop
endfacet
facet normal 0.31806780165018483 -0.2127897623480586 0.9238795325112876
  outer loop
    vertex 45.897318373373885 33.76830826958229 38.02033240378443
    vertex 45.75115724714452 33.983576180168335 38.120232826289055
    vertex 45.7145161569809 33.92880685823382 38.120232826289055
  endloop
endfacet
facet normal 0.31806780165018483 -0.2127897623480586 0.9238795325112876
  outer loop
    vertex 45.75115724714452 33.983576180168335 38.120232826289055
    vertex 45.897318373373885 33.76830826958229 38.02033240378443
    vertex 45.969270720516484 33.87585914339634 38.02033240378443
  endloop
endfacet
facet normal 0.06095270973003441 0.9218666702782146 0.3826834323650871
  outer loop
    vertex 45.52482955089507 34.95469239504436 37.65430699999999
    vertex 45.713757468266 35.04231926098742 37.413126045102516
    vertex 45.52482955089507 35.05481094647588 37.413126045102516
  endloop
endfacet
facet normal 0.06095270973003441 0.9218666702782146 0.3826834323650871
  outer loop
    vertex 45.713757468266 35.04231926098742 37.413126045102516
    vertex 45.52482955089507 34.95469239504436 37.65430699999999
    vertex 45.69404307862415 34.94350420116492 37.65430699999999
  endloop
endfacet
facet normal -0.5059728043557167 0.33849962880505013 -0.793353340291232
  outer loop
    vertex 46.68632855803103 33.52173454826196 5.947200218813439
    vertex 46.65526468995058 33.10283869003052 5.788281596215548
    vertex 46.49828886801218 33.24066195262905 5.947200218813439
  endloop
endfacet
facet normal -0.5059728043557167 0.33849962880505013 -0.793353340291232
  outer loop
    vertex 46.65526468995058 33.10283869003052 5.788281596215548
    vertex 46.68632855803103 33.52173454826196 5.947200218813439
    vertex 46.87362684376295 33.4292358317929 5.788281596215548
  endloop
endfacet
facet normal -0.3384996288050394 -0.5059728043557239 -0.793353340291232
  outer loop
    vertex 46.19094359395577 35.44414716772148 5.788281596215548
    vertex 46.379517473119634 35.06880919197072 5.947200218813439
    vertex 46.09844487748671 35.25684888198956 5.947200218813439
  endloop
endfacet
facet normal -0.3384996288050394 -0.5059728043557239 -0.793353340291232
  outer loop
    vertex 46.379517473119634 35.06880919197072 5.947200218813439
    vertex 46.19094359395577 35.44414716772148 5.788281596215548
    vertex 46.517340735718165 35.225785013909125 5.788281596215548
  endloop
endfacet
facet normal 0.07444281550055727 -0.375372983347325 0.9238795325112897
  outer loop
    vertex 45.55696558636854 33.60070716574516 38.02033240378443
    vertex 45.60583146221315 33.85627608859506 38.120232826289055
    vertex 45.54119453994748 33.84345749297894 38.120232826289055
  endloop
endfacet
facet normal 0.07444281550055727 -0.375372983347325 0.9238795325112897
  outer loop
    vertex 45.60583146221315 33.85627608859506 38.120232826289055
    vertex 45.55696558636854 33.60070716574516 38.02033240378443
    vertex 45.683893531151824 33.6258791253548 38.02033240378443
  endloop
endfacet
facet normal -0.11842141809870521 0.5971321840130834 -0.7933533402912328
  outer loop
    vertex 45.940526087956854 32.86843876334084 5.947200218813439
    vertex 45.62235651422085 32.59420013314399 5.788281596215548
    vertex 45.60881360963456 32.80265456490765 5.947200218813439
  endloop
endfacet
facet normal -0.11842141809870521 0.5971321840130834 -0.7933533402912328
  outer loop
    vertex 45.62235651422085 32.59420013314399 5.788281596215548
    vertex 45.940526087956854 32.86843876334084 5.947200218813439
    vertex 46.00755950623618 32.670592405728854 5.788281596215548
  endloop
endfacet
facet normal 0.025405058661337753 -0.12810333136513172 0.9914353834151621
  outer loop
    vertex 45.60583146221315 33.85627608859506 38.120232826289055
    vertex 45.52482955089507 34.10392369331279 38.15430699999999
    vertex 45.54119453994748 33.84345749297894 38.120232826289055
  endloop
endfacet
facet normal 0.00920953132343206 0.13928765453682918 0.9902091364082801
  outer loop
    vertex 45.57421673106779 34.342894802791484 38.120232826289055
    vertex 45.52482955089507 34.346160223436904 38.120232826289055
    vertex 45.52482955089507 34.10392369331279 38.15430699999999
  endloop
endfacet
facet normal 0.04016287553892864 0.6074351165986313 0.7933533402912298
  outer loop
    vertex 45.62181147791507 34.581455460381676 38.02033240378443
    vertex 45.52482955089507 34.795426779433406 37.861413781186535
    vertex 45.52482955089507 34.58786778814804 38.02033240378443
  endloop
endfacet
facet normal 0.04016287553892864 0.6074351165986313 0.7933533402912298
  outer loop
    vertex 45.52482955089507 34.795426779433406 37.861413781186535
    vertex 45.62181147791507 34.581455460381676 38.02033240378443
    vertex 45.66268201358865 34.786312141259536 37.861413781186535
  endloop
endfacet
facet normal -0.008611431281446135 -0.1302418139721282 -0.9914448613738107
  outer loop
    vertex 45.91782208248894 36.0651587923359 5.654306999999986
    vertex 45.52482955089507 35.831758816366396 5.688381173710918
    vertex 45.52482955089507 36.091142983408865 5.654306999999987
  endloop
endfacet
facet normal -0.008611431281446135 -0.1302418139721282 -0.9914448613738107
  outer loop
    vertex 45.52482955089507 35.831758816366396 5.688381173710918
    vertex 45.91782208248894 36.0651587923359 5.654306999999986
    vertex 45.86674662781159 35.80915167260802 5.688381173710918
  endloop
endfacet
facet normal 0.11842141809871046 -0.5971321840130919 0.793353340291226
  outer loop
    vertex 45.570508490954836 33.392252733981515 37.861413781186535
    vertex 45.683893531151824 33.6258791253548 38.02033240378443
    vertex 45.55696558636854 33.60070716574516 38.02033240378443
  endloop
endfacet
facet normal 0.11842141809871046 -0.5971321840130919 0.793353340291226
  outer loop
    vertex 45.683893531151824 33.6258791253548 38.02033240378443
    vertex 45.570508490954836 33.392252733981515 37.861413781186535
    vertex 45.75092694943115 33.42803276774281 37.861413781186535
  endloop
endfacet
facet normal 0.19286423359926022 -0.9725051673604136 0.1305261922200448
  outer loop
    vertex 45.83469786803466 33.18078637117011 37.413126045102516
    vertex 45.58966105029469 33.09745364944458 37.15430699999999
    vertex 45.845726518694 33.14823576554183 37.15430699999999
  endloop
endfacet
facet normal 0.19286423359926022 -0.9725051673604136 0.1305261922200448
  outer loop
    vertex 45.58966105029469 33.09745364944458 37.15430699999999
    vertex 45.83469786803466 33.18078637117011 37.413126045102516
    vertex 45.58743290845993 33.131749544914705 37.413126045102516
  endloop
endfacet
facet normal 0.15432979675407232 -0.7781978131459243 0.6087614290087272
  outer loop
    vertex 45.75092694943115 33.42803276774281 37.861413781186535
    vertex 45.58090032713952 33.23230002272545 37.65430699999999
    vertex 45.80236350037336 33.2762199180738 37.65430699999999
  endloop
endfacet
facet normal 0.15432979675407232 -0.7781978131459243 0.6087614290087272
  outer loop
    vertex 45.58090032713952 33.23230002272545 37.65430699999999
    vertex 45.75092694943115 33.42803276774281 37.861413781186535
    vertex 45.570508490954836 33.392252733981515 37.861413781186535
  endloop
endfacet
facet normal 0.06541031457247957 0.9892847941275875 0.130526192220053
  outer loop
    vertex 45.52482955089507 35.08895951990165 6.654306999999984
    vertex 45.72720589061337 35.10972721441208 6.395487954897464
    vertex 45.52482955089507 35.12310809332742 6.3954879548974635
  endloop
endfacet
facet normal 0.06541031457247957 0.9892847941275875 0.130526192220053
  outer loop
    vertex 45.72720589061337 35.10972721441208 6.395487954897464
    vertex 45.52482955089507 35.08895951990165 6.654306999999984
    vertex 45.720481679439686 35.07602323769975 6.654306999999986
  endloop
endfacet
facet normal 0.060952709730017034 0.921866670278217 0.38268343236508395
  outer loop
    vertex 45.52482955089507 35.12310809332742 6.3954879548974635
    vertex 45.746920280255225 35.20854227423459 6.154306999999986
    vertex 45.52482955089507 35.22322664475894 6.154306999999984
  endloop
endfacet
facet normal 0.060952709730017034 0.921866670278217 0.38268343236508395
  outer loop
    vertex 45.746920280255225 35.20854227423459 6.154306999999986
    vertex 45.52482955089507 35.12310809332742 6.3954879548974635
    vertex 45.72720589061337 35.10972721441208 6.395487954897464
  endloop
endfacet
facet normal -0.02524743903356768 -0.38184967752896487 -0.9238795325112857
  outer loop
    vertex 45.86674662781159 35.80915167260802 5.688381173710918
    vertex 45.52482955089507 35.59005125165526 5.788281596215547
    vertex 45.52482955089507 35.831758816366396 5.688381173710918
  endloop
endfacet
facet normal -0.02524743903356768 -0.38184967752896487 -0.9238795325112857
  outer loop
    vertex 45.52482955089507 35.59005125165526 5.788281596215547
    vertex 45.86674662781159 35.80915167260802 5.688381173710918
    vertex 45.81915188096431 35.57059101501783 5.788281596215548
  endloop
endfacet
facet normal 0.17972085480268984 -0.9062305473455735 0.3826834323650982
  outer loop
    vertex 45.80236350037336 33.2762199180738 37.65430699999999
    vertex 45.58743290845993 33.131749544914705 37.413126045102516
    vertex 45.83469786803466 33.18078637117011 37.413126045102516
  endloop
endfacet
facet normal 0.17972085480268984 -0.9062305473455735 0.3826834323650982
  outer loop
    vertex 45.58743290845993 33.131749544914705 37.413126045102516
    vertex 45.80236350037336 33.2762199180738 37.65430699999999
    vertex 45.58090032713952 33.23230002272545 37.65430699999999
  endloop
endfacet
facet normal 0.1797208548026893 -0.9062305473455741 0.38268343236509716
  outer loop
    vertex 45.85675516935334 33.115685159913546 6.395487954897464
    vertex 45.598421773449864 32.962607276163716 6.154306999999986
    vertex 45.88908953701464 33.020251613009854 6.154306999999986
  endloop
endfacet
facet normal 0.1797208548026893 -0.9062305473455741 0.38268343236509716
  outer loop
    vertex 45.598421773449864 32.962607276163716 6.154306999999986
    vertex 45.85675516935334 33.115685159913546 6.395487954897464
    vertex 45.59188919212945 33.06315775397445 6.395487954897464
  endloop
endfacet
facet normal 0.025247439033563898 0.38184967752895177 0.9238795325112913
  outer loop
    vertex 45.57421673106779 34.342894802791484 38.120232826289055
    vertex 45.52482955089507 34.58786778814804 38.02033240378443
    vertex 45.52482955089507 34.346160223436904 38.120232826289055
  endloop
endfacet
facet normal 0.025247439033563898 0.38184967752895177 0.9238795325112913
  outer loop
    vertex 45.52482955089507 34.58786778814804 38.02033240378443
    vertex 45.57421673106779 34.342894802791484 38.120232826289055
    vertex 45.62181147791507 34.581455460381676 38.02033240378443
  endloop
endfacet
facet normal -0.04016287553891214 -0.6074351165986224 -0.7933533402912376
  outer loop
    vertex 45.81915188096431 35.57059101501783 5.788281596215548
    vertex 45.52482955089507 35.382492260369894 5.947200218813438
    vertex 45.52482955089507 35.59005125165526 5.788281596215547
  endloop
endfacet
facet normal -0.04016287553891214 -0.6074351165986224 -0.7933533402912376
  outer loop
    vertex 45.52482955089507 35.382492260369894 5.947200218813438
    vertex 45.81915188096431 35.57059101501783 5.788281596215548
    vertex 45.77828134529073 35.365734334139965 5.947200218813439
  endloop
endfacet
facet normal 0.1928642335992628 -0.9725051673604124 0.1305261922200496
  outer loop
    vertex 45.845726518694 33.14823576554183 6.654306999999986
    vertex 45.59188919212945 33.06315775397445 6.395487954897464
    vertex 45.85675516935334 33.115685159913546 6.395487954897464
  endloop
endfacet
facet normal 0.1928642335992628 -0.9725051673604124 0.1305261922200496
  outer loop
    vertex 45.59188919212945 33.06315775397445 6.395487954897464
    vertex 45.845726518694 33.14823576554183 6.654306999999986
    vertex 45.58966105029469 33.09745364944458 6.654306999999986
  endloop
endfacet
facet normal 0.052341278448570165 0.7916248563060801 0.6087614290087269
  outer loop
    vertex 45.52482955089507 35.22322664475894 6.154306999999984
    vertex 45.77828134529073 35.365734334139965 5.947200218813439
    vertex 45.52482955089507 35.382492260369894 5.947200218813438
  endloop
endfacet
facet normal 0.052341278448570165 0.7916248563060801 0.6087614290087269
  outer loop
    vertex 45.77828134529073 35.365734334139965 5.947200218813439
    vertex 45.52482955089507 35.22322664475894 6.154306999999984
    vertex 45.746920280255225 35.20854227423459 6.154306999999986
  endloop
endfacet
facet normal -0.02539105804862325 0.128032734199647 -0.9914448613738103
  outer loop
    vertex 46.08562157517485 32.440195442488594 5.688381173710918
    vertex 45.65505197814699 32.09094661684341 5.654306999999986
    vertex 45.6381275606419 32.35144980591022 5.688381173710918
  endloop
endfacet
facet normal -0.02539105804862325 0.128032734199647 -0.9914448613738103
  outer loop
    vertex 45.65505197814699 32.09094661684341 5.654306999999986
    vertex 46.08562157517485 32.440195442488594 5.688381173710918
    vertex 46.16939249377835 32.19294904591589 5.654306999999986
  endloop
endfacet
facet normal -0.07444281550056164 0.3753729833473325 -0.9238795325112862
  outer loop
    vertex 46.00755950623618 32.670592405728854 5.788281596215548
    vertex 45.6381275606419 32.35144980591022 5.688381173710918
    vertex 45.62235651422085 32.59420013314399 5.788281596215548
  endloop
endfacet
facet normal -0.07444281550056164 0.3753729833473325 -0.9238795325112862
  outer loop
    vertex 45.6381275606419 32.35144980591022 5.688381173710918
    vertex 46.00755950623618 32.670592405728854 5.788281596215548
    vertex 46.08562157517485 32.440195442488594 5.688381173710918
  endloop
endfacet
facet normal 0.1543297967540672 -0.7781978131459284 0.6087614290087234
  outer loop
    vertex 45.88908953701464 33.020251613009854 6.154306999999986
    vertex 45.60881360963456 32.80265456490765 5.947200218813439
    vertex 45.940526087956854 32.86843876334084 5.947200218813439
  endloop
endfacet
facet normal 0.1543297967540672 -0.7781978131459284 0.6087614290087234
  outer loop
    vertex 45.60881360963456 32.80265456490765 5.947200218813439
    vertex 45.88908953701464 33.020251613009854 6.154306999999986
    vertex 45.598421773449864 32.962607276163716 6.154306999999986
  endloop
endfacet
facet normal 0.4379954029745064 -0.8894509205783839 0.1305261922200491
  outer loop
    vertex 46.079923389045106 33.26356214300861 6.654306999999986
    vertex 45.85675516935334 33.115685159913546 6.395487954897464
    vertex 46.09900096421231 33.23497509720333 6.395487954897464
  endloop
endfacet
facet normal 0.4379954029745064 -0.8894509205783839 0.1305261922200491
  outer loop
    vertex 45.85675516935334 33.115685159913546 6.395487954897464
    vertex 46.079923389045106 33.26356214300861 6.654306999999986
    vertex 45.845726518694 33.14823576554183 6.654306999999986
  endloop
endfacet
facet normal -0.268935487793581 0.5461356798946312 -0.7933533402912334
  outer loop
    vertex 46.24390953424938 33.017834926457155 5.947200218813439
    vertex 46.00755950623618 32.670592405728854 5.788281596215548
    vertex 45.940526087956854 32.86843876334084 5.947200218813439
  endloop
endfacet
facet normal -0.268935487793581 0.5461356798946312 -0.7933533402912334
  outer loop
    vertex 46.00755950623618 32.670592405728854 5.788281596215548
    vertex 46.24390953424938 33.017834926457155 5.947200218813439
    vertex 46.359865249543965 32.84407954531153 5.788281596215548
  endloop
endfacet
facet normal 0.16905991518092353 -0.3433152406837477 0.9238795325112897
  outer loop
    vertex 45.683893531151824 33.6258791253548 38.02033240378443
    vertex 45.66494823808446 33.885387167656596 38.120232826289055
    vertex 45.60583146221315 33.85627608859506 38.120232826289055
  endloop
endfacet
facet normal 0.16905991518092353 -0.3433152406837477 0.9238795325112897
  outer loop
    vertex 45.66494823808446 33.885387167656596 38.120232826289055
    vertex 45.683893531151824 33.6258791253548 38.02033240378443
    vertex 45.79998152854625 33.68304474070569 38.02033240378443
  endloop
endfacet
facet normal 0.6087580995217933 -0.694958248285379 0.38268343236509716
  outer loop
    vertex 46.1747459799458 33.5247294980206 37.65430699999999
    vertex 46.06084581387791 33.292149188813895 37.413126045102516
    vertex 46.250465137207634 33.45824880585939 37.413126045102516
  endloop
endfacet
facet normal 0.6087580995217933 -0.694958248285379 0.38268343236509716
  outer loop
    vertex 46.06084581387791 33.292149188813895 37.413126045102516
    vertex 46.1747459799458 33.5247294980206 37.65430699999999
    vertex 46.00491319359678 33.375962166300454 37.65430699999999
  endloop
endfacet
facet normal 0.2689354877935974 -0.5461356798946345 0.7933533402912256
  outer loop
    vertex 45.75092694943115 33.42803276774281 37.861413781186535
    vertex 45.79998152854625 33.68304474070569 38.02033240378443
    vertex 45.683893531151824 33.6258791253548 38.02033240378443
  endloop
endfacet
facet normal 0.2689354877935974 -0.5461356798946345 0.7933533402912256
  outer loop
    vertex 45.79998152854625 33.68304474070569 38.02033240378443
    vertex 45.75092694943115 33.42803276774281 37.861413781186535
    vertex 45.91593724384083 33.509289359560064 37.861413781186535
  endloop
endfacet
facet normal 0.08669898906414183 -0.09897556618214948 0.9913057664485659
  outer loop
    vertex 45.7145161569809 33.92880685823382 38.120232826289055
    vertex 45.52482955089507 34.10392369331279 38.15430699999999
    vertex 45.66494823808446 33.885387167656596 38.120232826289055
  endloop
endfacet
facet normal 0.6532779094586023 -0.7457820634461079 0.1305261922200438
  outer loop
    vertex 46.250465137207634 33.45824880585939 37.413126045102516
    vertex 46.079923389045106 33.26356214300861 37.15430699999999
    vertex 46.27629153166223 33.43557347980641 37.15430699999999
  endloop
endfacet
facet normal 0.6532779094586023 -0.7457820634461079 0.1305261922200438
  outer loop
    vertex 46.079923389045106 33.26356214300861 37.15430699999999
    vertex 46.250465137207634 33.45824880585939 37.413126045102516
    vertex 46.06084581387791 33.292149188813895 37.413126045102516
  endloop
endfacet
facet normal 0.3504835513500229 -0.7117378750525536 0.6087614290087305
  outer loop
    vertex 45.91593724384083 33.509289359560064 37.861413781186535
    vertex 45.80236350037336 33.2762199180738 37.65430699999999
    vertex 46.00491319359678 33.375962166300454 37.65430699999999
  endloop
endfacet
facet normal 0.3504835513500229 -0.7117378750525536 0.6087614290087305
  outer loop
    vertex 45.80236350037336 33.2762199180738 37.65430699999999
    vertex 45.91593724384083 33.509289359560064 37.861413781186535
    vertex 45.75092694943115 33.42803276774281 37.861413781186535
  endloop
endfacet
facet normal -0.16905991518091432 0.34331524068376174 -0.9238795325112864
  outer loop
    vertex 46.359865249543965 32.84407954531153 5.788281596215548
    vertex 46.08562157517485 32.440195442488594 5.688381173710918
    vertex 46.00755950623618 32.670592405728854 5.788281596215548
  endloop
endfacet
facet normal -0.16905991518091432 0.34331524068376174 -0.9238795325112864
  outer loop
    vertex 46.08562157517485 32.440195442488594 5.688381173710918
    vertex 46.359865249543965 32.84407954531153 5.788281596215548
    vertex 46.49489854000575 32.64173711836062 5.688381173710918
  endloop
endfacet
facet normal -0.2521558610263946 0.2878611317228566 -0.9238795325112867
  outer loop
    vertex 46.65526468995058 33.10283869003052 5.788281596215548
    vertex 46.49489854000575 32.64173711836062 5.688381173710918
    vertex 46.359865249543965 32.84407954531153 5.788281596215548
  endloop
endfacet
facet normal -0.2521558610263946 0.2878611317228566 -0.9238795325112867
  outer loop
    vertex 46.49489854000575 32.64173711836062 5.688381173710918
    vertex 46.65526468995058 33.10283869003052 5.788281596215548
    vertex 46.83806690634357 32.94234010137899 5.688381173710918
  endloop
endfacet
facet normal 0.40814674008341656 -0.8288363102281104 0.3826834323650972
  outer loop
    vertex 46.00491319359678 33.375962166300454 37.65430699999999
    vertex 45.83469786803466 33.18078637117011 37.413126045102516
    vertex 46.06084581387791 33.292149188813895 37.413126045102516
  endloop
endfacet
facet normal 0.40814674008341656 -0.8288363102281104 0.3826834323650972
  outer loop
    vertex 45.83469786803466 33.18078637117011 37.413126045102516
    vertex 46.00491319359678 33.375962166300454 37.65430699999999
    vertex 45.80236350037336 33.2762199180738 37.65430699999999
  endloop
endfacet
facet normal 0.05785287553333577 -0.11748363807421452 0.9913882385712327
  outer loop
    vertex 45.66494823808446 33.885387167656596 38.120232826289055
    vertex 45.52482955089507 34.10392369331279 38.15430699999999
    vertex 45.60583146221315 33.85627608859506 38.120232826289055
  endloop
endfacet
facet normal 0.40112204843220134 -0.45792093172326676 0.7933533402912287
  outer loop
    vertex 45.91593724384083 33.509289359560064 37.861413781186535
    vertex 45.897318373373885 33.76830826958229 38.02033240378443
    vertex 45.79998152854625 33.68304474070569 38.02033240378443
  endloop
endfacet
facet normal 0.40112204843220134 -0.45792093172326676 0.7933533402912287
  outer loop
    vertex 45.897318373373885 33.76830826958229 38.02033240378443
    vertex 45.91593724384083 33.509289359560064 37.861413781186535
    vertex 46.05429419531229 33.63048500698376 37.861413781186535
  endloop
endfacet
facet normal 0.5227524311228894 -0.5967741769768261 0.6087614290087218
  outer loop
    vertex 46.00491319359678 33.375962166300454 37.65430699999999
    vertex 46.05429419531229 33.63048500698376 37.861413781186535
    vertex 45.91593724384083 33.509289359560064 37.861413781186535
  endloop
endfacet
facet normal 0.5227524311228894 -0.5967741769768261 0.6087614290087218
  outer loop
    vertex 46.05429419531229 33.63048500698376 37.861413781186535
    vertex 46.00491319359678 33.375962166300454 37.65430699999999
    vertex 46.1747459799458 33.5247294980206 37.65430699999999
  endloop
endfacet
facet normal 0.2521558610263876 -0.2878611317228569 0.9238795325112886
  outer loop
    vertex 45.79998152854625 33.68304474070569 38.02033240378443
    vertex 45.7145161569809 33.92880685823382 38.120232826289055
    vertex 45.66494823808446 33.885387167656596 38.120232826289055
  endloop
endfacet
facet normal 0.2521558610263876 -0.2878611317228569 0.9238795325112886
  outer loop
    vertex 45.7145161569809 33.92880685823382 38.120232826289055
    vertex 45.79998152854625 33.68304474070569 38.02033240378443
    vertex 45.897318373373885 33.76830826958229 38.02033240378443
  endloop
endfacet
facet normal -0.057663188733389555 0.11709843517555438 -0.9914448613738103
  outer loop
    vertex 46.49489854000575 32.64173711836062 5.688381173710918
    vertex 46.16939249377835 32.19294904591589 5.654306999999986
    vertex 46.08562157517485 32.440195442488594 5.688381173710918
  endloop
endfacet
facet normal -0.057663188733389555 0.11709843517555438 -0.9914448613738103
  outer loop
    vertex 46.16939249377835 32.19294904591589 5.654306999999986
    vertex 46.49489854000575 32.64173711836062 5.688381173710918
    vertex 46.639807110042824 32.424596947614454 5.654306999999986
  endloop
endfacet
facet normal -0.08600566839889878 0.09818407130856265 -0.9914448613738103
  outer loop
    vertex 46.83806690634357 32.94234010137899 5.688381173710918
    vertex 46.639807110042824 32.424596947614454 5.654306999999986
    vertex 46.49489854000575 32.64173711836062 5.688381173710918
  endloop
endfacet
facet normal -0.08600566839889878 0.09818407130856265 -0.9914448613738103
  outer loop
    vertex 46.639807110042824 32.424596947614454 5.654306999999986
    vertex 46.83806690634357 32.94234010137899 5.688381173710918
    vertex 47.034237848238924 32.770103900254625 5.654306999999986
  endloop
endfacet
facet normal 0.5227524311228856 -0.5967741769768293 0.6087614290087217
  outer loop
    vertex 46.24390953424938 33.017834926457155 5.947200218813439
    vertex 46.377837083378665 33.34641746159221 6.154306999999986
    vertex 46.15493358449345 33.151162119716766 6.154306999999986
  endloop
endfacet
facet normal 0.5227524311228856 -0.5967741769768293 0.6087614290087217
  outer loop
    vertex 46.377837083378665 33.34641746159221 6.154306999999986
    vertex 46.24390953424938 33.017834926457155 5.947200218813439
    vertex 46.49828886801218 33.24066195262905 5.947200218813439
  endloop
endfacet
facet normal 0.6087580995217798 -0.6949582482853885 0.3826834323651013
  outer loop
    vertex 46.30211792611683 33.41289815375342 6.395487954897464
    vertex 46.15493358449345 33.151162119716766 6.154306999999986
    vertex 46.377837083378665 33.34641746159221 6.154306999999986
  endloop
endfacet
facet normal 0.6087580995217798 -0.6949582482853885 0.3826834323651013
  outer loop
    vertex 46.15493358449345 33.151162119716766 6.154306999999986
    vertex 46.30211792611683 33.41289815375342 6.395487954897464
    vertex 46.09900096421231 33.23497509720333 6.395487954897464
  endloop
endfacet
facet normal 0.4379954029745092 -0.8894509205783834 0.13052619222004372
  outer loop
    vertex 46.06084581387791 33.292149188813895 37.413126045102516
    vertex 45.845726518694 33.14823576554183 37.15430699999999
    vertex 46.079923389045106 33.26356214300861 37.15430699999999
  endloop
endfacet
facet normal 0.4379954029745092 -0.8894509205783834 0.13052619222004372
  outer loop
    vertex 45.845726518694 33.14823576554183 37.15430699999999
    vertex 46.06084581387791 33.292149188813895 37.413126045102516
    vertex 45.83469786803466 33.18078637117011 37.413126045102516
  endloop
endfacet
facet normal -0.4011220484322081 0.45792093172325693 -0.7933533402912307
  outer loop
    vertex 46.49828886801218 33.24066195262905 5.947200218813439
    vertex 46.359865249543965 32.84407954531153 5.788281596215548
    vertex 46.24390953424938 33.017834926457155 5.947200218813439
  endloop
endfacet
facet normal -0.4011220484322081 0.45792093172325693 -0.7933533402912307
  outer loop
    vertex 46.359865249543965 32.84407954531153 5.788281596215548
    vertex 46.49828886801218 33.24066195262905 5.947200218813439
    vertex 46.65526468995058 33.10283869003052 5.788281596215548
  endloop
endfacet
facet normal 0.653277909458597 -0.7457820634461099 0.13052619222005948
  outer loop
    vertex 46.27629153166223 33.43557347980641 6.654306999999986
    vertex 46.09900096421231 33.23497509720333 6.395487954897464
    vertex 46.30211792611683 33.41289815375342 6.395487954897464
  endloop
endfacet
facet normal 0.653277909458597 -0.7457820634461099 0.13052619222005948
  outer loop
    vertex 46.09900096421231 33.23497509720333 6.395487954897464
    vertex 46.27629153166223 33.43557347980641 6.654306999999986
    vertex 46.079923389045106 33.26356214300861 6.654306999999986
  endloop
endfacet
facet normal 0.3504835513500199 -0.7117378750525619 0.6087614290087223
  outer loop
    vertex 46.15493358449345 33.151162119716766 6.154306999999986
    vertex 45.940526087956854 32.86843876334084 5.947200218813439
    vertex 46.24390953424938 33.017834926457155 5.947200218813439
  endloop
endfacet
facet normal 0.3504835513500199 -0.7117378750525619 0.6087614290087223
  outer loop
    vertex 45.940526087956854 32.86843876334084 5.947200218813439
    vertex 46.15493358449345 33.151162119716766 6.154306999999986
    vertex 45.88908953701464 33.020251613009854 6.154306999999986
  endloop
endfacet
facet normal 0.4081467400834117 -0.8288363102281101 0.3826834323651025
  outer loop
    vertex 46.09900096421231 33.23497509720333 6.395487954897464
    vertex 45.88908953701464 33.020251613009854 6.154306999999986
    vertex 46.15493358449345 33.151162119716766 6.154306999999986
  endloop
endfacet
facet normal 0.4081467400834117 -0.8288363102281101 0.3826834323651025
  outer loop
    vertex 45.88908953701464 33.020251613009854 6.154306999999986
    vertex 46.09900096421231 33.23497509720333 6.395487954897464
    vertex 45.85675516935334 33.115685159913546 6.395487954897464
  endloop
endfacet
facet normal -1.0 0.0 0.0
  outer loop
    vertex 45.52482955089507 32.358940933340826 5.688381173710918
    vertex 45.52482955089507 33.10174022980557 5.654306999999986
    vertex 45.52482955089507 32.09955676629835 5.654306999999986
  endloop
endfacet
facet normal -1.0 0.0 0.0
  outer loop
    vertex 45.52482955089507 33.10174022980557 5.654306999999986
    vertex 45.52482955089507 32.358940933340826 5.688381173710918
    vertex 45.52482955089507 32.60064849805196 5.788281596215548
  endloop
endfacet
facet normal -1.0 0.0 0.0
  outer loop
    vertex 45.52482955089507 33.10174022980557 5.654306999999986
    vertex 45.52482955089507 32.60064849805196 5.788281596215548
    vertex 45.52482955089507 32.80820748933733 5.947200218813438
  endloop
endfacet
facet normal -1.0 0.0 0.0
  outer loop
    vertex 45.52482955089507 33.10174022980557 5.654306999999986
    vertex 45.52482955089507 32.80820748933733 5.947200218813438
    vertex 45.52482955089507 32.967473104948276 6.154306999999985
  endloop
endfacet
facet normal -1.0 0.0 0.0
  outer loop
    vertex 45.52482955089507 33.10174022980557 5.654306999999986
    vertex 45.52482955089507 32.967473104948276 6.154306999999985
    vertex 45.52482955089507 33.067591656379804 6.395487954897464
  endloop
endfacet
facet normal -1.0 0.0 0.0
  outer loop
    vertex 45.52482955089507 33.10174022980557 5.654306999999986
    vertex 45.52482955089507 33.067591656379804 6.395487954897464
    vertex 45.52482955089507 33.10174022980557 6.654306999999984
  endloop
endfacet
facet normal -1.0 0.0 0.0
  outer loop
    vertex 45.52482955089507 35.08895951990165 38.15430699999999
    vertex 45.52482955089507 34.346160223436904 38.120232826289055
    vertex 45.52482955089507 34.10392369331279 38.15430699999999
  endloop
endfacet
facet normal -1.0 0.0 0.0
  outer loop
    vertex 45.52482955089507 34.346160223436904 38.120232826289055
    vertex 45.52482955089507 35.08895951990165 38.15430699999999
    vertex 45.52482955089507 34.58786778814804 38.02033240378443
  endloop
endfacet
facet normal -1.0 0.0 0.0
  outer loop
    vertex 45.52482955089507 34.58786778814804 38.02033240378443
    vertex 45.52482955089507 35.08895951990165 38.15430699999999
    vertex 45.52482955089507 34.795426779433406 37.861413781186535
  endloop
endfacet
facet normal -1.0 0.0 0.0
  outer loop
    vertex 45.52482955089507 34.795426779433406 37.861413781186535
    vertex 45.52482955089507 35.08895951990165 38.15430699999999
    vertex 45.52482955089507 34.95469239504436 37.65430699999999
  endloop
endfacet
facet normal -1.0 0.0 0.0
  outer loop
    vertex 45.52482955089507 34.95469239504436 37.65430699999999
    vertex 45.52482955089507 35.08895951990165 38.15430699999999
    vertex 45.52482955089507 35.05481094647588 37.413126045102516
  endloop
endfacet
facet normal -1.0 0.0 0.0
  outer loop
    vertex 45.52482955089507 35.05481094647588 37.413126045102516
    vertex 45.52482955089507 35.08895951990165 38.15430699999999
    vertex 45.52482955089507 35.08895951990165 37.15430699999999
  endloop
endfacet
facet normal -7.604085257834851e-17 4.4767089792714186e-17 -1.0
  outer loop
    vertex 45.91782208248894 36.0651587923359 5.654306999999986
    vertex 45.52482955089507 35.08895951990165 5.654306999999986
    vertex 45.52482955089507 36.091142983408865 5.654306999999987
  endloop
endfacet
facet normal -7.604085257834851e-17 4.4767089792714186e-17 -1.0
  outer loop
    vertex 45.52482955089507 35.08895951990165 5.654306999999986
    vertex 45.91782208248894 36.0651587923359 5.654306999999986
    vertex 45.52482955089507 33.10174022980557 5.654306999999986
  endloop
endfacet
facet normal -7.604085257834851e-17 4.4767089792714186e-17 -1.0
  outer loop
    vertex 45.52482955089507 33.10174022980557 5.654306999999986
    vertex 45.91782208248894 36.0651587923359 5.654306999999986
    vertex 45.52482955089507 32.09955676629835 5.654306999999986
  endloop
endfacet
facet normal -7.604085257834851e-17 4.4767089792714186e-17 -1.0
  outer loop
    vertex 45.52482955089507 32.09955676629835 5.654306999999986
    vertex 45.91782208248894 36.0651587923359 5.654306999999986
    vertex 45.65505197814699 32.09094661684341 5.654306999999986
  endloop
endfacet
facet normal -7.604085257834851e-17 4.4767089792714186e-17 -1.0
  outer loop
    vertex 45.65505197814699 32.09094661684341 5.654306999999986
    vertex 45.91782208248894 36.0651587923359 5.654306999999986
    vertex 46.16939249377835 32.19294904591589 5.654306999999986
  endloop
endfacet
facet normal -7.604085257834851e-17 4.4767089792714186e-17 -1.0
  outer loop
    vertex 46.16939249377835 32.19294904591589 5.654306999999986
    vertex 45.91782208248894 36.0651587923359 5.654306999999986
    vertex 46.414255249757495 35.89632522934472 5.654306999999986
  endloop
endfacet
facet normal -7.604085257834851e-17 4.4767089792714186e-17 -1.0
  outer loop
    vertex 46.16939249377835 32.19294904591589 5.654306999999986
    vertex 46.414255249757495 35.89632522934472 5.654306999999986
    vertex 46.639807110042824 32.424596947614454 5.654306999999986
  endloop
endfacet
facet normal -7.604085257834851e-17 4.4767089792714186e-17 -1.0
  outer loop
    vertex 46.639807110042824 32.424596947614454 5.654306999999986
    vertex 46.414255249757495 35.89632522934472 5.654306999999986
    vertex 46.850075525494056 35.604758172197464 5.654306999999986
  endloop
endfacet
facet normal -7.604085257834851e-17 4.4767089792714186e-17 -1.0
  outer loop
    vertex 46.639807110042824 32.424596947614454 5.654306999999986
    vertex 46.850075525494056 35.604758172197464 5.654306999999986
    vertex 47.034237848238924 32.770103900254625 5.654306999999986
  endloop
endfacet
facet normal -7.604085257834851e-17 4.4767089792714186e-17 -1.0
  outer loop
    vertex 47.034237848238924 32.770103900254625 5.654306999999986
    vertex 46.850075525494056 35.604758172197464 5.654306999999986
    vertex 47.19558247813422 35.21032743400137 5.654306999999986
  endloop
endfacet
facet normal -7.604085257834851e-17 4.4767089792714186e-17 -1.0
  outer loop
    vertex 47.034237848238924 32.770103900254625 5.654306999999986
    vertex 47.19558247813422 35.21032743400137 5.654306999999986
    vertex 47.32580490538618 33.205924175991186 5.654306999999986
  endloop
endfacet
facet normal -7.604085257834851e-17 4.4767089792714186e-17 -1.0
  outer loop
    vertex 47.32580490538618 33.205924175991186 5.654306999999986
    vertex 47.19558247813422 35.21032743400137 5.654306999999986
    vertex 47.42723037983279 34.7399128177369 5.654306999999986
  endloop
endfacet
facet normal -7.604085257834851e-17 4.4767089792714186e-17 -1.0
  outer loop
    vertex 47.32580490538618 33.205924175991186 5.654306999999986
    vertex 47.42723037983279 34.7399128177369 5.654306999999986
    vertex 47.49463846837736 33.702357343259756 5.654306999999986
  endloop
endfacet
facet normal -7.604085257834851e-17 4.4767089792714186e-17 -1.0
  outer loop
    vertex 47.49463846837736 33.702357343259756 5.654306999999986
    vertex 47.42723037983279 34.7399128177369 5.654306999999986
    vertex 47.52923280890528 34.22557230210553 5.654306999999986
  endloop
endfacet
facet normal 6.820040613230831e-16 6.820040130513674e-16 -1.0
  outer loop
    vertex 45.52482955089507 38.09534987485361 5.6543069999999895
    vertex 44.78364859599759 38.06127575360288 5.654306999999989
    vertex 44.52482955089507 38.09534994563282 5.654306999999989
  endloop
endfacet
facet normal 6.820040613230831e-16 6.820040130513674e-16 -1.0
  outer loop
    vertex 44.78364859599759 38.06127575360288 5.654306999999989
    vertex 45.52482955089507 38.09534987485361 5.6543069999999895
    vertex 45.02482955089507 37.961375314027656 5.654306999999989
  endloop
endfacet
facet normal 6.820040613230831e-16 6.820040130513674e-16 -1.0
  outer loop
    vertex 45.02482955089507 37.961375314027656 5.654306999999989
    vertex 45.52482955089507 38.09534987485361 5.6543069999999895
    vertex 45.23193633208162 37.80245667677091 5.654306999999989
  endloop
endfacet
facet normal 6.820040613230831e-16 6.820040130513674e-16 -1.0
  outer loop
    vertex 45.23193633208162 37.80245667677091 5.654306999999989
    vertex 45.52482955089507 38.09534987485361 5.6543069999999895
    vertex 45.39085495467951 37.59534988433622 5.654306999999989
  endloop
endfacet
facet normal 6.820040613230831e-16 6.820040130513674e-16 -1.0
  outer loop
    vertex 45.39085495467951 37.59534988433622 5.654306999999989
    vertex 45.52482955089507 38.09534987485361 5.6543069999999895
    vertex 45.490755377184136 37.35416892236786 5.654306999999989
  endloop
endfacet
facet normal 6.820040613230831e-16 6.820040130513674e-16 -1.0
  outer loop
    vertex 45.490755377184136 37.35416892236786 5.654306999999989
    vertex 45.52482955089507 38.09534987485361 5.6543069999999895
    vertex 45.52482955089507 37.0953498748536 5.654306999999989
  endloop
endfacet
facet normal 0.13052619222004935 0.9914448613738107 -1.1704190419696117e-17
  outer loop
    vertex 45.52482955089507 25.0953498748536 37.15430699999999
    vertex 45.78364859599759 25.061275701142666 5.654306999999986
    vertex 45.52482955089507 25.0953498748536 5.654306999999986
  endloop
endfacet
facet normal 0.13052619222004935 0.9914448613738107 -1.1704190419696117e-17
  outer loop
    vertex 45.78364859599759 25.061275701142666 5.654306999999986
    vertex 45.52482955089507 25.0953498748536 37.15430699999999
    vertex 45.7836485959976 25.061275701142666 37.15430699999999
  endloop
endfacet
facet normal 0.13052619222005216 -0.9914448613738103 -1.1704190419696348e-17
  outer loop
    vertex 45.78364859599759 23.129424048564534 37.15430699999999
    vertex 45.52482955089507 23.095349874853603 5.654306999999986
    vertex 45.78364859599758 23.129424048564534 5.654306999999986
  endloop
endfacet
facet normal 0.13052619222005216 -0.9914448613738103 -1.1704190419696348e-17
  outer loop
    vertex 45.52482955089507 23.095349874853603 5.654306999999986
    vertex 45.78364859599759 23.129424048564534 37.15430699999999
    vertex 45.52482955089507 23.095349874853603 37.15430699999999
  endloop
endfacet
facet normal 0.38268343236508506 -0.9238795325112886 -8.992812797361945e-17
  outer loop
    vertex 46.024829550895056 23.229324471069155 37.15430699999999
    vertex 45.78364859599758 23.129424048564534 5.654306999999986
    vertex 46.02482955089507 23.229324471069166 5.654306999999986
  endloop
endfacet
facet normal 0.38268343236508506 -0.9238795325112886 -8.992812797361945e-17
  outer loop
    vertex 45.78364859599758 23.129424048564534 5.654306999999986
    vertex 46.024829550895056 23.229324471069155 37.15430699999999
    vertex 45.78364859599759 23.129424048564534 37.15430699999999
  endloop
endfacet
facet normal 0.6087614290087245 -0.7933533402912324 1.8957685408159423e-17
  outer loop
    vertex 46.23193633208162 23.38824309366706 37.15430699999999
    vertex 46.02482955089507 23.229324471069166 5.654306999999986
    vertex 46.23193633208161 23.388243093667054 5.654306999999986
  endloop
endfacet
facet normal 0.6087614290087245 -0.7933533402912324 1.8957685408159423e-17
  outer loop
    vertex 46.02482955089507 23.229324471069166 5.654306999999986
    vertex 46.23193633208162 23.38824309366706 37.15430699999999
    vertex 46.024829550895056 23.229324471069155 37.15430699999999
  endloop
endfacet
facet normal 0.7933533402912261 -0.6087614290087325 -4.3733971628883123e-17
  outer loop
    vertex 46.390854954679504 23.595349874853603 5.654306999999986
    vertex 46.23193633208162 23.38824309366706 37.15430699999999
    vertex 46.23193633208161 23.388243093667054 5.654306999999986
  endloop
endfacet
facet normal 0.7933533402912261 -0.6087614290087325 -4.3733971628883123e-17
  outer loop
    vertex 46.23193633208162 23.38824309366706 37.15430699999999
    vertex 46.390854954679504 23.595349874853603 5.654306999999986
    vertex 46.390854954679504 23.5953498748536 37.15430699999999
  endloop
endfacet
facet normal 0.9238795325112894 -0.3826834323650838 -4.839841045560579e-17
  outer loop
    vertex 46.390854954679504 23.595349874853603 5.654306999999986
    vertex 46.49075537718414 23.83653082975109 37.15430699999999
    vertex 46.390854954679504 23.5953498748536 37.15430699999999
  endloop
endfacet
facet normal 0.9238795325112894 -0.3826834323650838 -4.839841045560579e-17
  outer loop
    vertex 46.49075537718414 23.83653082975109 37.15430699999999
    vertex 46.390854954679504 23.595349874853603 5.654306999999986
    vertex 46.490755377184136 23.83653082975108 5.654306999999986
  endloop
endfacet
facet normal 0.99144486137381 -0.13052619222005427 -1.6004206414666165e-16
  outer loop
    vertex 46.52482955089507 24.0953498748536 5.654306999999986
    vertex 46.49075537718414 23.83653082975109 37.15430699999999
    vertex 46.490755377184136 23.83653082975108 5.654306999999986
  endloop
endfacet
facet normal 0.99144486137381 -0.13052619222005427 -1.6004206414666165e-16
  outer loop
    vertex 46.49075537718414 23.83653082975109 37.15430699999999
    vertex 46.52482955089507 24.0953498748536 5.654306999999986
    vertex 46.52482955089507 24.0953498748536 37.15430699999999
  endloop
endfacet
facet normal 0.99144486137381 0.13052619222005424 -1.600420641466617e-16
  outer loop
    vertex 46.490755377184136 24.35416891995612 5.654306999999986
    vertex 46.52482955089507 24.0953498748536 37.15430699999999
    vertex 46.52482955089507 24.0953498748536 5.654306999999986
  endloop
endfacet
facet normal 0.99144486137381 0.13052619222005424 -1.600420641466617e-16
  outer loop
    vertex 46.52482955089507 24.0953498748536 37.15430699999999
    vertex 46.490755377184136 24.35416891995612 5.654306999999986
    vertex 46.49075537718414 24.354168919956113 37.15430699999999
  endloop
endfacet
facet normal 0.9238795325112894 0.3826834323650838 -4.839841045560579e-17
  outer loop
    vertex 46.490755377184136 24.35416891995612 5.654306999999986
    vertex 46.390854954679504 24.595349874853603 37.15430699999999
    vertex 46.49075537718414 24.354168919956113 37.15430699999999
  endloop
endfacet
facet normal 0.9238795325112894 0.3826834323650838 -4.839841045560579e-17
  outer loop
    vertex 46.390854954679504 24.595349874853603 37.15430699999999
    vertex 46.490755377184136 24.35416891995612 5.654306999999986
    vertex 46.390854954679504 24.5953498748536 5.654306999999986
  endloop
endfacet
facet normal 0.7933533402912261 0.6087614290087325 -4.373397162888307e-17
  outer loop
    vertex 46.23193633208161 24.802456656040146 5.654306999999986
    vertex 46.390854954679504 24.595349874853603 37.15430699999999
    vertex 46.390854954679504 24.5953498748536 5.654306999999986
  endloop
endfacet
facet normal 0.7933533402912261 0.6087614290087325 -4.373397162888307e-17
  outer loop
    vertex 46.390854954679504 24.595349874853603 37.15430699999999
    vertex 46.23193633208161 24.802456656040146 5.654306999999986
    vertex 46.23193633208162 24.802456656040142 37.15430699999999
  endloop
endfacet
facet normal 0.6087614290087211 0.7933533402912348 5.441554462297757e-17
  outer loop
    vertex 46.024829550895056 24.961375278638045 37.15430699999999
    vertex 46.23193633208161 24.802456656040146 5.654306999999986
    vertex 46.02482955089507 24.961375278638037 5.654306999999986
  endloop
endfacet
facet normal 0.6087614290087211 0.7933533402912348 5.441554462297757e-17
  outer loop
    vertex 46.23193633208161 24.802456656040146 5.654306999999986
    vertex 46.024829550895056 24.961375278638045 37.15430699999999
    vertex 46.23193633208162 24.802456656040142 37.15430699999999
  endloop
endfacet
facet normal 0.3826834323650974 0.9238795325112836 -4.839841045560403e-17
  outer loop
    vertex 45.7836485959976 25.061275701142666 37.15430699999999
    vertex 46.02482955089507 24.961375278638037 5.654306999999986
    vertex 45.78364859599759 25.061275701142666 5.654306999999986
  endloop
endfacet
facet normal 0.3826834323650974 0.9238795325112836 -4.839841045560403e-17
  outer loop
    vertex 46.02482955089507 24.961375278638037 5.654306999999986
    vertex 45.7836485959976 25.061275701142666 37.15430699999999
    vertex 46.024829550895056 24.961375278638045 37.15430699999999
  endloop
endfacet
facet normal -0.9914448613738092 -0.13052619222006207 8.294707967825447e-17
  outer loop
    vertex 38.52482955089506 20.095349874853603 37.15430699999999
    vertex 38.558903724606 19.836530829751084 5.654306999999975
    vertex 38.558903724606004 19.83653082975108 37.15430699999999
  endloop
endfacet
facet normal -0.9914448613738092 -0.13052619222006207 8.294707967825447e-17
  outer loop
    vertex 38.558903724606 19.836530829751084 5.654306999999975
    vertex 38.52482955089506 20.095349874853603 37.15430699999999
    vertex 38.52482955089506 20.095349874853603 5.654306999999975
  endloop
endfacet
facet normal -0.9238795325112854 -0.38268343236509295 6.269768818288193e-17
  outer loop
    vertex 38.558903724606004 19.83653082975108 37.15430699999999
    vertex 38.65880414711063 19.595349874853603 5.654306999999975
    vertex 38.65880414711064 19.59534987485359 37.15430699999999
  endloop
endfacet
facet normal -0.9238795325112854 -0.38268343236509295 6.269768818288193e-17
  outer loop
    vertex 38.65880414711063 19.595349874853603 5.654306999999975
    vertex 38.558903724606004 19.83653082975108 37.15430699999999
    vertex 38.558903724606 19.836530829751084 5.654306999999975
  endloop
endfacet
facet normal -0.7933533402912377 -0.6087614290087173 -8.170914586920236e-17
  outer loop
    vertex 38.81772276970851 19.38824309366706 37.15430699999999
    vertex 38.65880414711063 19.595349874853603 5.654306999999975
    vertex 38.81772276970852 19.388243093667054 5.654306999999975
  endloop
endfacet
facet normal -0.7933533402912377 -0.6087614290087173 -8.170914586920236e-17
  outer loop
    vertex 38.65880414711063 19.595349874853603 5.654306999999975
    vertex 38.81772276970851 19.38824309366706 37.15430699999999
    vertex 38.65880414711064 19.59534987485359 37.15430699999999
  endloop
endfacet
facet normal -0.6087614290087161 -0.7933533402912387 -2.40546058002589e-18
  outer loop
    vertex 39.02482955089506 19.229324471069166 37.15430699999999
    vertex 38.81772276970852 19.388243093667054 5.654306999999975
    vertex 39.02482955089507 19.229324471069162 5.654306999999975
  endloop
endfacet
facet normal -0.6087614290087161 -0.7933533402912387 -2.40546058002589e-18
  outer loop
    vertex 38.81772276970852 19.388243093667054 5.654306999999975
    vertex 39.02482955089506 19.229324471069166 37.15430699999999
    vertex 38.81772276970851 19.38824309366706 37.15430699999999
  endloop
endfacet
facet normal -0.3826834323650921 -0.9238795325112857 4.142180887013928e-17
  outer loop
    vertex 39.26601050579255 19.129424048564534 37.15430699999999
    vertex 39.02482955089507 19.229324471069162 5.654306999999975
    vertex 39.26601050579254 19.129424048564534 5.654306999999975
  endloop
endfacet
facet normal -0.3826834323650921 -0.9238795325112857 4.142180887013928e-17
  outer loop
    vertex 39.02482955089507 19.229324471069162 5.654306999999975
    vertex 39.26601050579255 19.129424048564534 37.15430699999999
    vertex 39.02482955089506 19.229324471069166 37.15430699999999
  endloop
endfacet
facet normal -0.13052619222005216 -0.9914448613738105 1.166738478944572e-17
  outer loop
    vertex 39.52482955089507 19.095349874853603 37.15430699999999
    vertex 39.26601050579254 19.129424048564534 5.654306999999975
    vertex 39.52482955089507 19.095349874853603 5.654306999999975
  endloop
endfacet
facet normal -0.13052619222005216 -0.9914448613738105 1.166738478944572e-17
  outer loop
    vertex 39.26601050579254 19.129424048564534 5.654306999999975
    vertex 39.52482955089507 19.095349874853603 37.15430699999999
    vertex 39.26601050579255 19.129424048564534 37.15430699999999
  endloop
endfacet
facet normal 0.13052619222005216 -0.9914448613738105 1.166738478944572e-17
  outer loop
    vertex 39.78364859599758 19.129424048564534 37.15430699999999
    vertex 39.52482955089507 19.095349874853603 5.654306999999975
    vertex 39.78364859599759 19.129424048564534 5.654306999999975
  endloop
endfacet
facet normal 0.13052619222005216 -0.9914448613738105 1.166738478944572e-17
  outer loop
    vertex 39.52482955089507 19.095349874853603 5.654306999999975
    vertex 39.78364859599758 19.129424048564534 37.15430699999999
    vertex 39.52482955089507 19.095349874853603 37.15430699999999
  endloop
endfacet
facet normal 0.3826834323650922 -0.9238795325112857 4.142180887013928e-17
  outer loop
    vertex 40.02482955089507 19.229324471069166 37.15430699999999
    vertex 39.78364859599759 19.129424048564534 5.654306999999975
    vertex 40.02482955089507 19.229324471069162 5.654306999999975
  endloop
endfacet
facet normal 0.3826834323650922 -0.9238795325112857 4.142180887013928e-17
  outer loop
    vertex 39.78364859599759 19.129424048564534 5.654306999999975
    vertex 40.02482955089507 19.229324471069166 37.15430699999999
    vertex 39.78364859599758 19.129424048564534 37.15430699999999
  endloop
endfacet
facet normal 0.6087614290087127 -0.7933533402912413 -3.797517424031644e-17
  outer loop
    vertex 40.231936332081624 19.388243093667057 37.15430699999999
    vertex 40.02482955089507 19.229324471069162 5.654306999999975
    vertex 40.23193633208162 19.388243093667054 5.654306999999975
  endloop
endfacet
facet normal 0.6087614290087127 -0.7933533402912413 -3.797517424031644e-17
  outer loop
    vertex 40.02482955089507 19.229324471069162 5.654306999999975
    vertex 40.231936332081624 19.388243093667057 37.15430699999999
    vertex 40.02482955089507 19.229324471069166 37.15430699999999
  endloop
endfacet
facet normal 0.7933533402912365 -0.608761429008719 -9.832117412133508e-17
  outer loop
    vertex 40.390854954679504 19.5953498748536 5.654306999999975
    vertex 40.231936332081624 19.388243093667057 37.15430699999999
    vertex 40.23193633208162 19.388243093667054 5.654306999999975
  endloop
endfacet
facet normal 0.7933533402912365 -0.608761429008719 -9.832117412133508e-17
  outer loop
    vertex 40.231936332081624 19.388243093667057 37.15430699999999
    vertex 40.390854954679504 19.5953498748536 5.654306999999975
    vertex 40.390854954679504 19.595349874853596 37.15430699999999
  endloop
endfacet
facet normal 0.9238795325112932 -0.3826834323650745 -3.431495002407438e-17
  outer loop
    vertex 40.390854954679504 19.5953498748536 5.654306999999975
    vertex 40.490755377184136 19.836530829751084 37.15430699999999
    vertex 40.390854954679504 19.595349874853596 37.15430699999999
  endloop
endfacet
facet normal 0.9238795325112932 -0.3826834323650745 -3.431495002407438e-17
  outer loop
    vertex 40.490755377184136 19.836530829751084 37.15430699999999
    vertex 40.390854954679504 19.5953498748536 5.654306999999975
    vertex 40.490755377184136 19.836530829751084 5.654306999999975
  endloop
endfacet
facet normal 0.9914448613738077 -0.1305261922200734 -3.68056302506213e-20
  outer loop
    vertex 40.52482955089507 20.095349874853603 5.654306999999975
    vertex 40.490755377184136 19.836530829751084 37.15430699999999
    vertex 40.490755377184136 19.836530829751084 5.654306999999975
  endloop
endfacet
facet normal 0.9914448613738077 -0.1305261922200734 -3.68056302506213e-20
  outer loop
    vertex 40.490755377184136 19.836530829751084 37.15430699999999
    vertex 40.52482955089507 20.095349874853603 5.654306999999975
    vertex 40.52482955089507 20.095349874853603 37.15430699999999
  endloop
endfacet
facet normal 0.13052619222005216 -0.9914448613738103 1.170419041969635e-17
  outer loop
    vertex 29.2836485959976 19.129424048564534 37.15430699999999
    vertex 29.02482955089508 19.095349874853603 5.6543069999999975
    vertex 29.283648595997605 19.129424048564534 5.6543069999999975
  endloop
endfacet
facet normal 0.13052619222005216 -0.9914448613738103 1.170419041969635e-17
  outer loop
    vertex 29.02482955089508 19.095349874853603 5.6543069999999975
    vertex 29.2836485959976 19.129424048564534 37.15430699999999
    vertex 29.02482955089508 19.095349874853603 37.15430699999999
  endloop
endfacet
facet normal -0.13052619222005216 -0.9914448613738103 1.170419041969635e-17
  outer loop
    vertex 29.02482955089508 19.095349874853603 37.15430699999999
    vertex 28.766010505792558 19.129424048564534 5.6543069999999975
    vertex 29.02482955089508 19.095349874853603 5.6543069999999975
  endloop
endfacet
facet normal -0.13052619222005216 -0.9914448613738103 1.170419041969635e-17
  outer loop
    vertex 28.766010505792558 19.129424048564534 5.6543069999999975
    vertex 29.02482955089508 19.095349874853603 37.15430699999999
    vertex 28.766010505792565 19.129424048564534 37.15430699999999
  endloop
endfacet
facet normal 0.7933533402912364 -0.608761429008719 1.0917440498490113e-16
  outer loop
    vertex 29.73193633208163 19.388243093667054 5.6543069999999975
    vertex 29.890854954679533 19.59534987485362 37.15430699999999
    vertex 29.73193633208162 19.388243093667047 37.15430699999999
  endloop
endfacet
facet normal 0.7933533402912364 -0.608761429008719 1.0917440498490113e-16
  outer loop
    vertex 29.890854954679533 19.59534987485362 37.15430699999999
    vertex 29.73193633208163 19.388243093667054 5.6543069999999975
    vertex 29.890854954679522 19.5953498748536 5.6543069999999975
  endloop
endfacet
facet normal 0.6087614290087148 -0.7933533402912397 -1.64403703826601e-17
  outer loop
    vertex 29.73193633208162 19.388243093667047 37.15430699999999
    vertex 29.52482955089508 19.229324471069162 5.6543069999999975
    vertex 29.73193633208163 19.388243093667054 5.6543069999999975
  endloop
endfacet
facet normal 0.6087614290087148 -0.7933533402912397 -1.64403703826601e-17
  outer loop
    vertex 29.52482955089508 19.229324471069162 5.6543069999999975
    vertex 29.73193633208162 19.388243093667047 37.15430699999999
    vertex 29.524829550895088 19.229324471069166 37.15430699999999
  endloop
endfacet
facet normal 0.9914448613738134 -0.1305261922200288 -1.7519479999290777e-17
  outer loop
    vertex 29.990755377184154 19.836530829751084 5.6543069999999975
    vertex 30.02482955089508 20.095349874853603 37.15430699999999
    vertex 29.990755377184154 19.836530829751073 37.15430699999999
  endloop
endfacet
facet normal 0.9914448613738134 -0.1305261922200288 -1.7519479999290777e-17
  outer loop
    vertex 30.02482955089508 20.095349874853603 37.15430699999999
    vertex 29.990755377184154 19.836530829751084 5.6543069999999975
    vertex 30.02482955089508 20.095349874853603 5.6543069999999975
  endloop
endfacet
facet normal -0.9914448613738136 -0.13052619222002812 -2.3371575209137785e-17
  outer loop
    vertex 28.024829550895085 20.095349874853603 37.15430699999999
    vertex 28.05890372460601 19.836530829751084 5.6543069999999975
    vertex 28.05890372460601 19.836530829751073 37.15430699999999
  endloop
endfacet
facet normal -0.9914448613738136 -0.13052619222002812 -2.3371575209137785e-17
  outer loop
    vertex 28.05890372460601 19.836530829751084 5.6543069999999975
    vertex 28.024829550895085 20.095349874853603 37.15430699999999
    vertex 28.024829550895085 20.095349874853603 5.6543069999999975
  endloop
endfacet
facet normal -0.923879532511282 -0.38268343236510116 -1.3121967958315843e-16
  outer loop
    vertex 28.158804147110633 19.59534987485362 37.15430699999999
    vertex 28.05890372460601 19.836530829751084 5.6543069999999975
    vertex 28.158804147110644 19.595349874853603 5.6543069999999975
  endloop
endfacet
facet normal -0.923879532511282 -0.38268343236510116 -1.3121967958315843e-16
  outer loop
    vertex 28.05890372460601 19.836530829751084 5.6543069999999975
    vertex 28.158804147110633 19.59534987485362 37.15430699999999
    vertex 28.05890372460601 19.836530829751073 37.15430699999999
  endloop
endfacet
facet normal -0.7933533402912415 -0.6087614290087122 3.797517424031635e-17
  outer loop
    vertex 28.158804147110633 19.59534987485362 37.15430699999999
    vertex 28.31772276970853 19.388243093667054 5.6543069999999975
    vertex 28.31772276970854 19.388243093667047 37.15430699999999
  endloop
endfacet
facet normal -0.7933533402912415 -0.6087614290087122 3.797517424031635e-17
  outer loop
    vertex 28.31772276970853 19.388243093667054 5.6543069999999975
    vertex 28.158804147110633 19.59534987485362 37.15430699999999
    vertex 28.158804147110644 19.595349874853603 5.6543069999999975
  endloop
endfacet
facet normal -0.608761429008713 -0.7933533402912412 -3.5569713660291515e-17
  outer loop
    vertex 28.524829550895078 19.229324471069166 37.15430699999999
    vertex 28.31772276970853 19.388243093667054 5.6543069999999975
    vertex 28.524829550895085 19.229324471069162 5.6543069999999975
  endloop
endfacet
facet normal -0.608761429008713 -0.7933533402912412 -3.5569713660291515e-17
  outer loop
    vertex 28.31772276970853 19.388243093667054 5.6543069999999975
    vertex 28.524829550895078 19.229324471069166 37.15430699999999
    vertex 28.31772276970854 19.388243093667047 37.15430699999999
  endloop
endfacet
facet normal -0.3826834323650921 -0.9238795325112857 4.1421808870139317e-17
  outer loop
    vertex 28.766010505792565 19.129424048564534 37.15430699999999
    vertex 28.524829550895085 19.229324471069162 5.6543069999999975
    vertex 28.766010505792558 19.129424048564534 5.6543069999999975
  endloop
endfacet
facet normal -0.3826834323650921 -0.9238795325112857 4.1421808870139317e-17
  outer loop
    vertex 28.524829550895085 19.229324471069162 5.6543069999999975
    vertex 28.766010505792565 19.129424048564534 37.15430699999999
    vertex 28.524829550895078 19.229324471069166 37.15430699999999
  endloop
endfacet
facet normal 0.3826834323650922 -0.9238795325112857 4.1421808870139335e-17
  outer loop
    vertex 29.524829550895088 19.229324471069166 37.15430699999999
    vertex 29.283648595997605 19.129424048564534 5.6543069999999975
    vertex 29.52482955089508 19.229324471069162 5.6543069999999975
  endloop
endfacet
facet normal 0.3826834323650922 -0.9238795325112857 4.1421808870139335e-17
  outer loop
    vertex 29.283648595997605 19.129424048564534 5.6543069999999975
    vertex 29.524829550895088 19.229324471069166 37.15430699999999
    vertex 29.2836485959976 19.129424048564534 37.15430699999999
  endloop
endfacet
facet normal 0.9238795325112836 -0.38268343236509744 -9.69047295590826e-17
  outer loop
    vertex 29.990755377184154 19.836530829751084 5.6543069999999975
    vertex 29.890854954679533 19.59534987485362 37.15430699999999
    vertex 29.890854954679522 19.5953498748536 5.6543069999999975
  endloop
endfacet
facet normal 0.9238795325112836 -0.38268343236509744 -9.69047295590826e-17
  outer loop
    vertex 29.890854954679533 19.59534987485362 37.15430699999999
    vertex 29.990755377184154 19.836530829751084 5.6543069999999975
    vertex 29.990755377184154 19.836530829751073 37.15430699999999
  endloop
endfacet
facet normal 0.12940952255125432 0.9829629131445352 0.1305261922200497
  outer loop
    vertex 45.52482955089507 25.060981676440914 37.413126045102516
    vertex 45.7836485959976 25.061275701142666 37.15430699999999
    vertex 45.52482955089507 25.0953498748536 37.15430699999999
  endloop
endfacet
facet normal 0.12940952255125432 0.9829629131445352 0.1305261922200497
  outer loop
    vertex 45.7836485959976 25.061275701142666 37.15430699999999
    vertex 45.52482955089507 25.060981676440914 37.413126045102516
    vertex 45.77475345170253 25.02807857069283 37.413126045102516
  endloop
endfacet
facet normal 0.12059047744873796 -0.9159756150367526 0.38268343236509245
  outer loop
    vertex 45.748674208201116 23.259950240784587 37.65430699999999
    vertex 45.52482955089507 23.12971807326629 37.413126045102516
    vertex 45.77475345170252 23.162621179014373 37.413126045102516
  endloop
endfacet
facet normal 0.12059047744873796 -0.9159756150367526 0.38268343236509245
  outer loop
    vertex 45.52482955089507 23.12971807326629 37.413126045102516
    vertex 45.748674208201116 23.259950240784587 37.65430699999999
    vertex 45.52482955089507 23.23048053257865 37.65430699999999
  endloop
endfacet
facet normal 0.04995021125231139 -0.37940952255125165 0.9238795325112905
  outer loop
    vertex 45.653122403777544 23.616554429648268 38.02033240378443
    vertex 45.52482955089507 23.84292645099365 38.120232826289055
    vertex 45.52482955089507 23.59966435514368 38.02033240378443
  endloop
endfacet
facet normal 0.04995021125231139 -0.37940952255125165 0.9238795325112905
  outer loop
    vertex 45.52482955089507 23.84292645099365 38.120232826289055
    vertex 45.653122403777544 23.616554429648268 38.02033240378443
    vertex 45.59016154042001 23.851527570586967 38.120232826289055
  endloop
endfacet
facet normal 0.12059047744873513 0.915975615036753 0.38268343236509245
  outer loop
    vertex 45.52482955089507 24.960219217128554 37.65430699999999
    vertex 45.77475345170253 25.02807857069283 37.413126045102516
    vertex 45.52482955089507 25.060981676440914 37.413126045102516
  endloop
endfacet
facet normal 0.12059047744873513 0.915975615036753 0.38268343236509245
  outer loop
    vertex 45.77475345170253 25.02807857069283 37.413126045102516
    vertex 45.52482955089507 24.960219217128554 37.65430699999999
    vertex 45.74867420820112 24.930749508922617 37.65430699999999
  endloop
endfacet
facet normal 0.23296291314453244 -0.5624222244434953 0.7933533402912248
  outer loop
    vertex 45.70718812284 23.41477841915941 37.861413781186535
    vertex 45.77267231075002 23.66607362249671 38.02033240378443
    vertex 45.653122403777544 23.616554429648268 38.02033240378443
  endloop
endfacet
facet normal 0.23296291314453244 -0.5624222244434953 0.7933533402912248
  outer loop
    vertex 45.77267231075002 23.66607362249671 38.02033240378443
    vertex 45.70718812284 23.41477841915941 37.861413781186535
    vertex 45.877119259468664 23.485166200620476 37.861413781186535
  endloop
endfacet
facet normal 0.07945931129894583 0.6035533905932848 0.7933533402912267
  outer loop
    vertex 45.653122403777544 24.574145320058935 38.02033240378443
    vertex 45.52482955089507 24.79992929200081 37.861413781186535
    vertex 45.52482955089507 24.591035394563523 38.02033240378443
  endloop
endfacet
facet normal 0.07945931129894583 0.6035533905932848 0.7933533402912267
  outer loop
    vertex 45.52482955089507 24.79992929200081 37.861413781186535
    vertex 45.653122403777544 24.574145320058935 38.02033240378443
    vertex 45.70718812284001 24.77592133054779 37.861413781186535
  endloop
endfacet
facet normal 0.07945931129894752 -0.6035533905932854 0.7933533402912262
  outer loop
    vertex 45.70718812284 23.41477841915941 37.861413781186535
    vertex 45.52482955089507 23.59966435514368 38.02033240378443
    vertex 45.52482955089507 23.39077045770639 37.861413781186535
  endloop
endfacet
facet normal 0.07945931129894752 -0.6035533905932854 0.7933533402912262
  outer loop
    vertex 45.52482955089507 23.59966435514368 38.02033240378443
    vertex 45.70718812284 23.41477841915941 37.861413781186535
    vertex 45.653122403777544 23.616554429648268 38.02033240378443
  endloop
endfacet
facet normal 0.10355339059327337 0.7865660924854873 0.6087614290087282
  outer loop
    vertex 45.52482955089507 24.79992929200081 37.861413781186535
    vertex 45.74867420820112 24.930749508922617 37.65430699999999
    vertex 45.52482955089507 24.960219217128554 37.65430699999999
  endloop
endfacet
facet normal 0.10355339059327337 0.7865660924854873 0.6087614290087282
  outer loop
    vertex 45.74867420820112 24.930749508922617 37.65430699999999
    vertex 45.52482955089507 24.79992929200081 37.861413781186535
    vertex 45.70718812284001 24.77592133054779 37.861413781186535
  endloop
endfacet
facet normal 0.1294095225512571 -0.9829629131445348 0.13052619222004969
  outer loop
    vertex 45.77475345170252 23.162621179014373 37.413126045102516
    vertex 45.52482955089507 23.095349874853603 37.15430699999999
    vertex 45.78364859599759 23.129424048564534 37.15430699999999
  endloop
endfacet
facet normal 0.1294095225512571 -0.9829629131445348 0.13052619222004969
  outer loop
    vertex 45.52482955089507 23.095349874853603 37.15430699999999
    vertex 45.77475345170252 23.162621179014373 37.413126045102516
    vertex 45.52482955089507 23.12971807326629 37.413126045102516
  endloop
endfacet
facet normal 0.018220384036925413 -0.1383975569839121 0.9902091364082801
  outer loop
    vertex 45.59016154042001 23.851527570586967 38.120232826289055
    vertex 45.52482955089507 24.086720914273446 38.15430699999999
    vertex 45.52482955089507 23.84292645099365 38.120232826289055
  endloop
endfacet
facet normal 0.017037086855459783 0.12940952255126087 0.9914448613738105
  outer loop
    vertex 45.59016154042001 24.33917217912024 38.120232826289055
    vertex 45.52482955089507 24.34777329871355 38.120232826289055
    vertex 45.52482955089507 24.086720914273446 38.15430699999999
  endloop
endfacet
facet normal 0.10355339059327617 -0.786566092485487 0.6087614290087282
  outer loop
    vertex 45.70718812284 23.41477841915941 37.861413781186535
    vertex 45.52482955089507 23.23048053257865 37.65430699999999
    vertex 45.748674208201116 23.259950240784587 37.65430699999999
  endloop
endfacet
facet normal 0.10355339059327617 -0.786566092485487 0.6087614290087282
  outer loop
    vertex 45.52482955089507 23.23048053257865 37.65430699999999
    vertex 45.70718812284 23.41477841915941 37.861413781186535
    vertex 45.52482955089507 23.39077045770639 37.861413781186535
  endloop
endfacet
facet normal 0.14644660940671986 -0.3535533905932666 0.9238795325112905
  outer loop
    vertex 45.653122403777544 23.616554429648268 38.02033240378443
    vertex 45.651041262825025 23.876744777280628 38.120232826289055
    vertex 45.59016154042001 23.851527570586967 38.120232826289055
  endloop
endfacet
facet normal 0.14644660940671986 -0.3535533905932666 0.9238795325112905
  outer loop
    vertex 45.651041262825025 23.876744777280628 38.120232826289055
    vertex 45.653122403777544 23.616554429648268 38.02033240378443
    vertex 45.77267231075002 23.66607362249671 38.02033240378443
  endloop
endfacet
facet normal 0.04995021125230833 0.37940952255125404 0.9238795325112897
  outer loop
    vertex 45.59016154042001 24.33917217912024 38.120232826289055
    vertex 45.52482955089507 24.591035394563523 38.02033240378443
    vertex 45.52482955089507 24.34777329871355 38.120232826289055
  endloop
endfacet
facet normal 0.04995021125230833 0.37940952255125404 0.9238795325112897
  outer loop
    vertex 45.52482955089507 24.591035394563523 38.02033240378443
    vertex 45.59016154042001 24.33917217912024 38.120232826289055
    vertex 45.653122403777544 24.574145320058935 38.02033240378443
  endloop
endfacet
facet normal 0.603553390593276 -0.7865660924854914 0.1305261922200513
  outer loop
    vertex 46.20763434592684 23.412545079821832 37.413126045102516
    vertex 46.024829550895056 23.229324471069155 37.15430699999999
    vertex 46.23193633208162 23.38824309366706 37.15430699999999
  endloop
endfacet
facet normal 0.603553390593276 -0.7865660924854914 0.1305261922200513
  outer loop
    vertex 46.024829550895056 23.229324471069155 37.15430699999999
    vertex 46.20763434592684 23.412545079821832 37.413126045102516
    vertex 46.00764545168872 23.259088203976848 37.413126045102516
  endloop
endfacet
facet normal 0.3705904774487551 -0.48296291314453516 0.7933533402912274
  outer loop
    vertex 45.877119259468664 23.485166200620476 37.861413781186535
    vertex 45.87533214321794 23.74484728253075 38.02033240378443
    vertex 45.77267231075002 23.66607362249671 38.02033240378443
  endloop
endfacet
facet normal 0.3705904774487551 -0.48296291314453516 0.7933533402912274
  outer loop
    vertex 45.87533214321794 23.74484728253075 38.02033240378443
    vertex 45.877119259468664 23.485166200620476 37.861413781186535
    vertex 46.02304243464433 23.597136991104353 37.861413781186535
  endloop
endfacet
facet normal 0.30360317934094994 -0.7329629131445329 0.6087614290087268
  outer loop
    vertex 45.877119259468664 23.485166200620476 37.861413781186535
    vertex 45.748674208201116 23.259950240784587 37.65430699999999
    vertex 45.957264222032535 23.34635105348915 37.65430699999999
  endloop
endfacet
facet normal 0.30360317934094994 -0.7329629131445329 0.6087614290087268
  outer loop
    vertex 45.748674208201116 23.259950240784587 37.65430699999999
    vertex 45.877119259468664 23.485166200620476 37.861413781186535
    vertex 45.70718812284 23.41477841915941 37.861413781186535
  endloop
endfacet
facet normal 0.30360317934094877 -0.23296291314454168 0.9238795325112882
  outer loop
    vertex 45.87533214321794 23.74484728253075 38.02033240378443
    vertex 45.74343464846803 23.96913816292362 38.120232826289055
    vertex 45.70331986563678 23.91685956011192 38.120232826289055
  endloop
endfacet
facet normal 0.30360317934094877 -0.23296291314454168 0.9238795325112882
  outer loop
    vertex 45.74343464846803 23.96913816292362 38.120232826289055
    vertex 45.87533214321794 23.74484728253075 38.02033240378443
    vertex 45.954105803251956 23.847507114998635 38.02033240378443
  endloop
endfacet
facet normal 0.2329629131445344 -0.30360317934094816 0.9238795325112903
  outer loop
    vertex 45.77267231075002 23.66607362249671 38.02033240378443
    vertex 45.70331986563678 23.91685956011192 38.120232826289055
    vertex 45.651041262825025 23.876744777280628 38.120232826289055
  endloop
endfacet
facet normal 0.2329629131445344 -0.30360317934094816 0.9238795325112903
  outer loop
    vertex 45.70331986563678 23.91685956011192 38.120232826289055
    vertex 45.77267231075002 23.66607362249671 38.02033240378443
    vertex 45.87533214321794 23.74484728253075 38.02033240378443
  endloop
endfacet
facet normal 0.7865660924854825 -0.6035533905932883 0.13052619222004808
  outer loop
    vertex 46.390854954679504 23.5953498748536 37.15430699999999
    vertex 46.20763434592684 23.412545079821832 37.413126045102516
    vertex 46.23193633208162 23.38824309366706 37.15430699999999
  endloop
endfacet
facet normal 0.7865660924854825 -0.6035533905932883 0.13052619222004808
  outer loop
    vertex 46.20763434592684 23.412545079821832 37.413126045102516
    vertex 46.390854954679504 23.5953498748536 37.15430699999999
    vertex 46.36109122177182 23.612533974059943 37.413126045102516
  endloop
endfacet
facet normal 0.3794095225512567 -0.9159756150367551 0.13052619222005182
  outer loop
    vertex 46.00764545168872 23.259088203976848 37.413126045102516
    vertex 45.78364859599759 23.129424048564534 37.15430699999999
    vertex 46.024829550895056 23.229324471069155 37.15430699999999
  endloop
endfacet
facet normal 0.3794095225512567 -0.9159756150367551 0.13052619222005182
  outer loop
    vertex 45.78364859599759 23.129424048564534 37.15430699999999
    vertex 46.00764545168872 23.259088203976848 37.413126045102516
    vertex 45.77475345170252 23.162621179014373 37.413126045102516
  endloop
endfacet
facet normal 0.08439287104606008 -0.10998293083414391 0.9903441817074179
  outer loop
    vertex 45.70331986563678 23.91685956011192 38.120232826289055
    vertex 45.52482955089507 24.086720914273446 38.15430699999999
    vertex 45.651041262825025 23.876744777280628 38.120232826289055
  endloop
endfacet
facet normal 0.6294095225512462 -0.4829629131445448 0.6087614290087269
  outer loop
    vertex 46.273828372259516 23.66291520371612 37.65430699999999
    vertex 46.02304243464433 23.597136991104353 37.861413781186535
    vertex 46.13638452765804 23.48379489809064 37.65430699999999
  endloop
endfacet
facet normal 0.6294095225512462 -0.4829629131445448 0.6087614290087269
  outer loop
    vertex 46.02304243464433 23.597136991104353 37.861413781186535
    vertex 46.273828372259516 23.66291520371612 37.65430699999999
    vertex 46.13501322512818 23.743060166279992 37.861413781186535
  endloop
endfacet
facet normal 0.7329629131445191 -0.5624222244434947 0.38268343236509683
  outer loop
    vertex 46.36109122177182 23.612533974059943 37.413126045102516
    vertex 46.13638452765804 23.48379489809064 37.65430699999999
    vertex 46.20763434592684 23.412545079821832 37.413126045102516
  endloop
endfacet
facet normal 0.7329629131445191 -0.5624222244434947 0.38268343236509683
  outer loop
    vertex 46.13638452765804 23.48379489809064 37.65430699999999
    vertex 46.36109122177182 23.612533974059943 37.413126045102516
    vertex 46.273828372259516 23.66291520371612 37.65430699999999
  endloop
endfacet
facet normal 0.053293417479331175 -0.12866169126382096 0.9902555129129588
  outer loop
    vertex 45.651041262825025 23.876744777280628 38.120232826289055
    vertex 45.52482955089507 24.086720914273446 38.15430699999999
    vertex 45.59016154042001 23.851527570586967 38.120232826289055
  endloop
endfacet
facet normal 0.1092815328426316 -0.08385466943786765 0.9904675365669643
  outer loop
    vertex 45.74343464846803 23.96913816292362 38.120232826289055
    vertex 45.52482955089507 24.086720914273446 38.15430699999999
    vertex 45.70331986563678 23.91685956011192 38.120232826289055
  endloop
endfacet
facet normal 0.48296291314453704 -0.370590477448757 0.7933533402912253
  outer loop
    vertex 46.02304243464433 23.597136991104353 37.861413781186535
    vertex 45.954105803251956 23.847507114998635 38.02033240378443
    vertex 45.87533214321794 23.74484728253075 38.02033240378443
  endloop
endfacet
facet normal 0.48296291314453704 -0.370590477448757 0.7933533402912253
  outer loop
    vertex 45.954105803251956 23.847507114998635 38.02033240378443
    vertex 46.02304243464433 23.597136991104353 37.861413781186535
    vertex 46.13501322512818 23.743060166279992 37.861413781186535
  endloop
endfacet
facet normal 0.3535533905932718 -0.14644660940671816 0.9238795325112888
  outer loop
    vertex 45.954105803251956 23.847507114998635 38.02033240378443
    vertex 45.76865185516171 24.030017885328665 38.120232826289055
    vertex 45.74343464846803 23.96913816292362 38.120232826289055
  endloop
endfacet
facet normal 0.3535533905932718 -0.14644660940671816 0.9238795325112888
  outer loop
    vertex 45.76865185516171 24.030017885328665 38.120232826289055
    vertex 45.954105803251956 23.847507114998635 38.02033240378443
    vertex 46.003624996100406 23.967057021971137 38.02033240378443
  endloop
endfacet
facet normal 0.3535533905932707 -0.8535533905932728 0.38268343236509517
  outer loop
    vertex 45.957264222032535 23.34635105348915 37.65430699999999
    vertex 45.77475345170252 23.162621179014373 37.413126045102516
    vertex 46.00764545168872 23.259088203976848 37.413126045102516
  endloop
endfacet
facet normal 0.3535533905932707 -0.8535533905932728 0.38268343236509517
  outer loop
    vertex 45.77475345170252 23.162621179014373 37.413126045102516
    vertex 45.957264222032535 23.34635105348915 37.65430699999999
    vertex 45.748674208201116 23.259950240784587 37.65430699999999
  endloop
endfacet
facet normal 0.9159756150367573 -0.37940952255125204 0.1305261922200497
  outer loop
    vertex 46.49075537718414 23.83653082975109 37.15430699999999
    vertex 46.36109122177182 23.612533974059943 37.413126045102516
    vertex 46.390854954679504 23.5953498748536 37.15430699999999
  endloop
endfacet
facet normal 0.9159756150367573 -0.37940952255125204 0.1305261922200497
  outer loop
    vertex 46.36109122177182 23.612533974059943 37.413126045102516
    vertex 46.49075537718414 23.83653082975109 37.15430699999999
    vertex 46.4575582467343 23.84542597404615 37.413126045102516
  endloop
endfacet
facet normal 0.7329629131445315 -0.30360317934095576 0.6087614290087254
  outer loop
    vertex 46.36022918496408 23.871505217547558 37.65430699999999
    vertex 46.13501322512818 23.743060166279992 37.861413781186535
    vertex 46.273828372259516 23.66291520371612 37.65430699999999
  endloop
endfacet
facet normal 0.7329629131445315 -0.30360317934095576 0.6087614290087254
  outer loop
    vertex 46.13501322512818 23.743060166279992 37.861413781186535
    vertex 46.36022918496408 23.871505217547558 37.65430699999999
    vertex 46.20540100658926 23.912991302908672 37.861413781186535
  endloop
endfacet
facet normal 0.5624222244434884 -0.23296291314454015 0.7933533402912275
  outer loop
    vertex 46.13501322512818 23.743060166279992 37.861413781186535
    vertex 46.003624996100406 23.967057021971137 38.02033240378443
    vertex 45.954105803251956 23.847507114998635 38.02033240378443
  endloop
endfacet
facet normal 0.5624222244434884 -0.23296291314454015 0.7933533402912275
  outer loop
    vertex 46.003624996100406 23.967057021971137 38.02033240378443
    vertex 46.13501322512818 23.743060166279992 37.861413781186535
    vertex 46.20540100658926 23.912991302908672 37.861413781186535
  endloop
endfacet
facet normal 0.5624222244434822 -0.7329629131445297 0.3826834323650948
  outer loop
    vertex 46.13638452765804 23.48379489809064 37.65430699999999
    vertex 46.00764545168872 23.259088203976848 37.413126045102516
    vertex 46.20763434592684 23.412545079821832 37.413126045102516
  endloop
endfacet
facet normal 0.5624222244434822 -0.7329629131445297 0.3826834323650948
  outer loop
    vertex 46.00764545168872 23.259088203976848 37.413126045102516
    vertex 46.13638452765804 23.48379489809064 37.65430699999999
    vertex 45.957264222032535 23.34635105348915 37.65430699999999
  endloop
endfacet
facet normal 0.48296291314454065 -0.6294095225512509 0.6087614290087254
  outer loop
    vertex 46.02304243464433 23.597136991104353 37.861413781186535
    vertex 45.957264222032535 23.34635105348915 37.65430699999999
    vertex 46.13638452765804 23.48379489809064 37.65430699999999
  endloop
endfacet
facet normal 0.48296291314454065 -0.6294095225512509 0.6087614290087254
  outer loop
    vertex 45.957264222032535 23.34635105348915 37.65430699999999
    vertex 46.02304243464433 23.597136991104353 37.861413781186535
    vertex 45.877119259468664 23.485166200620476 37.861413781186535
  endloop
endfacet
facet normal 0.12627462360439534 -0.05230466168049188 0.9906154358781504
  outer loop
    vertex 45.76865185516171 24.030017885328665 38.120232826289055
    vertex 45.52482955089507 24.086720914273446 38.15430699999999
    vertex 45.74343464846803 23.96913816292362 38.120232826289055
  endloop
endfacet
facet normal 0.9159756150367485 0.12059047744874161 0.38268343236510105
  outer loop
    vertex 46.4575582467343 24.34527377566105 37.413126045102516
    vertex 46.38969889317002 24.0953498748536 37.65430699999999
    vertex 46.490461352482384 24.0953498748536 37.413126045102516
  endloop
endfacet
facet normal 0.9159756150367485 0.12059047744874161 0.38268343236510105
  outer loop
    vertex 46.38969889317002 24.0953498748536 37.65430699999999
    vertex 46.4575582467343 24.34527377566105 37.413126045102516
    vertex 46.36022918496408 24.319194532159646 37.65430699999999
  endloop
endfacet
facet normal 0.8535533905932762 -0.35355339059326213 0.38268343236509517
  outer loop
    vertex 46.4575582467343 23.84542597404615 37.413126045102516
    vertex 46.273828372259516 23.66291520371612 37.65430699999999
    vertex 46.36109122177182 23.612533974059943 37.413126045102516
  endloop
endfacet
facet normal 0.8535533905932762 -0.35355339059326213 0.38268343236509517
  outer loop
    vertex 46.273828372259516 23.66291520371612 37.65430699999999
    vertex 46.4575582467343 23.84542597404615 37.413126045102516
    vertex 46.36022918496408 23.871505217547558 37.65430699999999
  endloop
endfacet
facet normal 0.9829629131445329 -0.12940952255126723 0.13052619222005424
  outer loop
    vertex 46.52482955089507 24.0953498748536 37.15430699999999
    vertex 46.4575582467343 23.84542597404615 37.413126045102516
    vertex 46.49075537718414 23.83653082975109 37.15430699999999
  endloop
endfacet
facet normal 0.9829629131445329 -0.12940952255126723 0.13052619222005424
  outer loop
    vertex 46.4575582467343 23.84542597404615 37.413126045102516
    vertex 46.52482955089507 24.0953498748536 37.15430699999999
    vertex 46.490461352482384 24.0953498748536 37.413126045102516
  endloop
endfacet
facet normal 0.1331656866847921 0.01753159524499531 0.9909387181142605
  outer loop
    vertex 45.77725297475502 24.0953498748536 38.120232826289055
    vertex 45.76865185516171 24.16068186437854 38.120232826289055
    vertex 45.52482955089507 24.086720914273446 38.15430699999999
  endloop
endfacet
facet normal 0.6035533905932792 0.0794593112989493 0.7933533402912307
  outer loop
    vertex 46.02051507060499 24.0953498748536 38.02033240378443
    vertex 46.20540100658926 24.27770844679853 37.861413781186535
    vertex 46.003624996100406 24.223642727736067 38.02033240378443
  endloop
endfacet
facet normal 0.6035533905932792 0.0794593112989493 0.7933533402912307
  outer loop
    vertex 46.20540100658926 24.27770844679853 37.861413781186535
    vertex 46.02051507060499 24.0953498748536 38.02033240378443
    vertex 46.229408968042286 24.0953498748536 37.861413781186535
  endloop
endfacet
facet normal 0.13434771052181635 -0.017687211635347335 0.9907763901214606
  outer loop
    vertex 45.77725297475502 24.0953498748536 38.120232826289055
    vertex 45.52482955089507 24.086720914273446 38.15430699999999
    vertex 45.76865185516171 24.030017885328665 38.120232826289055
  endloop
endfacet
facet normal 0.3535533905932718 0.14644660940671816 0.9238795325112888
  outer loop
    vertex 45.76865185516171 24.16068186437854 38.120232826289055
    vertex 45.954105803251956 24.343192634708565 38.02033240378443
    vertex 45.74343464846803 24.22156158678358 38.120232826289055
  endloop
endfacet
facet normal 0.3535533905932718 0.14644660940671816 0.9238795325112888
  outer loop
    vertex 45.954105803251956 24.343192634708565 38.02033240378443
    vertex 45.76865185516171 24.16068186437854 38.120232826289055
    vertex 46.003624996100406 24.223642727736067 38.02033240378443
  endloop
endfacet
facet normal 0.9829629131445329 0.1294095225512672 0.13052619222005424
  outer loop
    vertex 46.49075537718414 24.354168919956113 37.15430699999999
    vertex 46.490461352482384 24.0953498748536 37.413126045102516
    vertex 46.52482955089507 24.0953498748536 37.15430699999999
  endloop
endfacet
facet normal 0.9829629131445329 0.1294095225512672 0.13052619222005424
  outer loop
    vertex 46.490461352482384 24.0953498748536 37.413126045102516
    vertex 46.49075537718414 24.354168919956113 37.15430699999999
    vertex 46.4575582467343 24.34527377566105 37.413126045102516
  endloop
endfacet
facet normal 0.6035533905932792 -0.0794593112989493 0.7933533402912307
  outer loop
    vertex 46.20540100658926 23.912991302908672 37.861413781186535
    vertex 46.02051507060499 24.0953498748536 38.02033240378443
    vertex 46.003624996100406 23.967057021971137 38.02033240378443
  endloop
endfacet
facet normal 0.6035533905932792 -0.0794593112989493 0.7933533402912307
  outer loop
    vertex 46.02051507060499 24.0953498748536 38.02033240378443
    vertex 46.20540100658926 23.912991302908672 37.861413781186535
    vertex 46.229408968042286 24.0953498748536 37.861413781186535
  endloop
endfacet
facet normal 0.379409522551255 -0.049950211252315725 0.923879532511289
  outer loop
    vertex 46.003624996100406 23.967057021971137 38.02033240378443
    vertex 45.77725297475502 24.0953498748536 38.120232826289055
    vertex 45.76865185516171 24.030017885328665 38.120232826289055
  endloop
endfacet
facet normal 0.379409522551255 -0.049950211252315725 0.923879532511289
  outer loop
    vertex 45.77725297475502 24.0953498748536 38.120232826289055
    vertex 46.003624996100406 23.967057021971137 38.02033240378443
    vertex 46.02051507060499 24.0953498748536 38.02033240378443
  endloop
endfacet
facet normal 0.7865660924854954 0.1035533905932735 0.6087614290087178
  outer loop
    vertex 46.36022918496408 24.319194532159646 37.65430699999999
    vertex 46.229408968042286 24.0953498748536 37.861413781186535
    vertex 46.38969889317002 24.0953498748536 37.65430699999999
  endloop
endfacet
facet normal 0.7865660924854954 0.1035533905932735 0.6087614290087178
  outer loop
    vertex 46.229408968042286 24.0953498748536 37.861413781186535
    vertex 46.36022918496408 24.319194532159646 37.65430699999999
    vertex 46.20540100658926 24.27770844679853 37.861413781186535
  endloop
endfacet
facet normal 0.8535533905932762 0.35355339059326213 0.38268343236509517
  outer loop
    vertex 46.4575582467343 24.34527377566105 37.413126045102516
    vertex 46.273828372259516 24.52778454599108 37.65430699999999
    vertex 46.36022918496408 24.319194532159646 37.65430699999999
  endloop
endfacet
facet normal 0.8535533905932762 0.35355339059326213 0.38268343236509517
  outer loop
    vertex 46.273828372259516 24.52778454599108 37.65430699999999
    vertex 46.4575582467343 24.34527377566105 37.413126045102516
    vertex 46.36109122177182 24.57816577564726 37.413126045102516
  endloop
endfacet
facet normal 0.30360317934094877 0.23296291314454168 0.9238795325112882
  outer loop
    vertex 45.74343464846803 24.22156158678358 38.120232826289055
    vertex 45.87533214321794 24.445852467176454 38.02033240378443
    vertex 45.70331986563678 24.273840189595283 38.120232826289055
  endloop
endfacet
facet normal 0.30360317934094877 0.23296291314454168 0.9238795325112882
  outer loop
    vertex 45.87533214321794 24.445852467176454 38.02033240378443
    vertex 45.74343464846803 24.22156158678358 38.120232826289055
    vertex 45.954105803251956 24.343192634708565 38.02033240378443
  endloop
endfacet
facet normal 0.6294095225512463 0.4829629131445449 0.6087614290087269
  outer loop
    vertex 46.273828372259516 24.52778454599108 37.65430699999999
    vertex 46.02304243464433 24.59356275860285 37.861413781186535
    vertex 46.13501322512818 24.44763958342721 37.861413781186535
  endloop
endfacet
facet normal 0.6294095225512463 0.4829629131445449 0.6087614290087269
  outer loop
    vertex 46.02304243464433 24.59356275860285 37.861413781186535
    vertex 46.273828372259516 24.52778454599108 37.65430699999999
    vertex 46.13638452765804 24.706904851616564 37.65430699999999
  endloop
endfacet
facet normal 0.12304480876678232 0.050966828570798796 0.9910914980066072
  outer loop
    vertex 45.76865185516171 24.16068186437854 38.120232826289055
    vertex 45.74343464846803 24.22156158678358 38.120232826289055
    vertex 45.52482955089507 24.086720914273446 38.15430699999999
  endloop
endfacet
facet normal 0.5624222244434884 0.23296291314454007 0.7933533402912275
  outer loop
    vertex 46.003624996100406 24.223642727736067 38.02033240378443
    vertex 46.13501322512818 24.44763958342721 37.861413781186535
    vertex 45.954105803251956 24.343192634708565 38.02033240378443
  endloop
endfacet
facet normal 0.5624222244434884 0.23296291314454007 0.7933533402912275
  outer loop
    vertex 46.13501322512818 24.44763958342721 37.861413781186535
    vertex 46.003624996100406 24.223642727736067 38.02033240378443
    vertex 46.20540100658926 24.27770844679853 37.861413781186535
  endloop
endfacet
facet normal 0.379409522551255 0.049950211252315725 0.923879532511289
  outer loop
    vertex 45.77725297475502 24.0953498748536 38.120232826289055
    vertex 46.003624996100406 24.223642727736067 38.02033240378443
    vertex 45.76865185516171 24.16068186437854 38.120232826289055
  endloop
endfacet
facet normal 0.379409522551255 0.049950211252315725 0.923879532511289
  outer loop
    vertex 46.003624996100406 24.223642727736067 38.02033240378443
    vertex 45.77725297475502 24.0953498748536 38.120232826289055
    vertex 46.02051507060499 24.0953498748536 38.02033240378443
  endloop
endfacet
facet normal 0.9159756150367573 0.37940952255125204 0.1305261922200497
  outer loop
    vertex 46.49075537718414 24.354168919956113 37.15430699999999
    vertex 46.36109122177182 24.57816577564726 37.413126045102516
    vertex 46.4575582467343 24.34527377566105 37.413126045102516
  endloop
endfacet
facet normal 0.9159756150367573 0.37940952255125204 0.1305261922200497
  outer loop
    vertex 46.36109122177182 24.57816577564726 37.413126045102516
    vertex 46.49075537718414 24.354168919956113 37.15430699999999
    vertex 46.390854954679504 24.595349874853603 37.15430699999999
  endloop
endfacet
facet normal 0.9159756150367485 -0.12059047744874161 0.382683432365101
  outer loop
    vertex 46.490461352482384 24.0953498748536 37.413126045102516
    vertex 46.36022918496408 23.871505217547558 37.65430699999999
    vertex 46.4575582467343 23.84542597404615 37.413126045102516
  endloop
endfacet
facet normal 0.9159756150367485 -0.12059047744874161 0.382683432365101
  outer loop
    vertex 46.36022918496408 23.871505217547558 37.65430699999999
    vertex 46.490461352482384 24.0953498748536 37.413126045102516
    vertex 46.38969889317002 24.0953498748536 37.65430699999999
  endloop
endfacet
facet normal 0.7329629131445315 0.30360317934095576 0.6087614290087254
  outer loop
    vertex 46.36022918496408 24.319194532159646 37.65430699999999
    vertex 46.13501322512818 24.44763958342721 37.861413781186535
    vertex 46.20540100658926 24.27770844679853 37.861413781186535
  endloop
endfacet
facet normal 0.7329629131445315 0.30360317934095576 0.6087614290087254
  outer loop
    vertex 46.13501322512818 24.44763958342721 37.861413781186535
    vertex 46.36022918496408 24.319194532159646 37.65430699999999
    vertex 46.273828372259516 24.52778454599108 37.65430699999999
  endloop
endfacet
facet normal 0.7865660924854954 -0.10355339059327352 0.6087614290087178
  outer loop
    vertex 46.38969889317002 24.0953498748536 37.65430699999999
    vertex 46.20540100658926 23.912991302908672 37.861413781186535
    vertex 46.36022918496408 23.871505217547558 37.65430699999999
  endloop
endfacet
facet normal 0.7865660924854954 -0.10355339059327352 0.6087614290087178
  outer loop
    vertex 46.20540100658926 23.912991302908672 37.861413781186535
    vertex 46.38969889317002 24.0953498748536 37.65430699999999
    vertex 46.229408968042286 24.0953498748536 37.861413781186535
  endloop
endfacet
facet normal -0.12940952255126087 -0.017037086855469005 0.9914448613738103
  outer loop
    vertex 39.53345851147522 20.095349874853603 38.15430699999999
    vertex 39.27240612703511 20.095349874853603 38.120232826289055
    vertex 39.28100724662843 20.03001788532867 38.120232826289055
  endloop
endfacet
facet normal -0.37940952255124893 -0.049950211252330026 0.9238795325112907
  outer loop
    vertex 39.046034105689735 19.96705702197114 38.02033240378443
    vertex 39.27240612703511 20.095349874853603 38.120232826289055
    vertex 39.02914403118514 20.095349874853603 38.02033240378443
  endloop
endfacet
facet normal -0.37940952255124893 -0.049950211252330026 0.9238795325112907
  outer loop
    vertex 39.27240612703511 20.095349874853603 38.120232826289055
    vertex 39.046034105689735 19.96705702197114 38.02033240378443
    vertex 39.28100724662843 20.03001788532867 38.120232826289055
  endloop
endfacet
facet normal 0.7865660924854825 0.6035533905932884 0.13052619222004805
  outer loop
    vertex 46.390854954679504 24.595349874853603 37.15430699999999
    vertex 46.20763434592684 24.77815466988537 37.413126045102516
    vertex 46.36109122177182 24.57816577564726 37.413126045102516
  endloop
endfacet
facet normal 0.7865660924854825 0.6035533905932884 0.13052619222004805
  outer loop
    vertex 46.20763434592684 24.77815466988537 37.413126045102516
    vertex 46.390854954679504 24.595349874853603 37.15430699999999
    vertex 46.23193633208162 24.802456656040142 37.15430699999999
  endloop
endfacet
facet normal 0.07997848640590692 0.10422999276561863 0.991332209867257
  outer loop
    vertex 45.70331986563678 24.273840189595283 38.120232826289055
    vertex 45.65104126282503 24.31395497242657 38.120232826289055
    vertex 45.52482955089507 24.086720914273446 38.15430699999999
  endloop
endfacet
facet normal 0.3794095225512736 0.915975615036748 0.1305261922200518
  outer loop
    vertex 45.77475345170253 25.02807857069283 37.413126045102516
    vertex 46.024829550895056 24.961375278638045 37.15430699999999
    vertex 45.7836485959976 25.061275701142666 37.15430699999999
  endloop
endfacet
facet normal 0.3794095225512736 0.915975615036748 0.1305261922200518
  outer loop
    vertex 46.024829550895056 24.961375278638045 37.15430699999999
    vertex 45.77475345170253 25.02807857069283 37.413126045102516
    vertex 46.00764545168872 24.93161154573035 37.413126045102516
  endloop
endfacet
facet normal 0.482962913144534 0.629409522551256 0.6087614290087254
  outer loop
    vertex 45.877119259468664 24.70553354908672 37.861413781186535
    vertex 46.13638452765804 24.706904851616564 37.65430699999999
    vertex 45.957264222032535 24.84434869621805 37.65430699999999
  endloop
endfacet
facet normal 0.482962913144534 0.629409522551256 0.6087614290087254
  outer loop
    vertex 46.13638452765804 24.706904851616564 37.65430699999999
    vertex 45.877119259468664 24.70553354908672 37.861413781186535
    vertex 46.02304243464433 24.59356275860285 37.861413781186535
  endloop
endfacet
facet normal -0.6035533905932827 -0.07945931129895908 0.793353340291227
  outer loop
    vertex 38.84425809520087 19.912991302908676 37.861413781186535
    vertex 39.02914403118514 20.095349874853603 38.02033240378443
    vertex 38.820250133747855 20.095349874853603 37.861413781186535
  endloop
endfacet
facet normal -0.6035533905932827 -0.07945931129895908 0.793353340291227
  outer loop
    vertex 39.02914403118514 20.095349874853603 38.02033240378443
    vertex 38.84425809520087 19.912991302908676 37.861413781186535
    vertex 39.046034105689735 19.96705702197114 38.02033240378443
  endloop
endfacet
facet normal 0.7329629131445191 0.5624222244434947 0.3826834323650969
  outer loop
    vertex 46.36109122177182 24.57816577564726 37.413126045102516
    vertex 46.13638452765804 24.706904851616564 37.65430699999999
    vertex 46.273828372259516 24.52778454599108 37.65430699999999
  endloop
endfacet
facet normal 0.7329629131445191 0.5624222244434947 0.3826834323650969
  outer loop
    vertex 46.13638452765804 24.706904851616564 37.65430699999999
    vertex 46.36109122177182 24.57816577564726 37.413126045102516
    vertex 46.20763434592684 24.77815466988537 37.413126045102516
  endloop
endfacet
facet normal 0.3705904774487485 0.4829629131445402 0.7933533402912274
  outer loop
    vertex 45.87533214321794 24.445852467176454 38.02033240378443
    vertex 45.877119259468664 24.70553354908672 37.861413781186535
    vertex 45.77267231075002 24.52462612721049 38.02033240378443
  endloop
endfacet
facet normal 0.3705904774487485 0.4829629131445402 0.7933533402912274
  outer loop
    vertex 45.877119259468664 24.70553354908672 37.861413781186535
    vertex 45.87533214321794 24.445852467176454 38.02033240378443
    vertex 46.02304243464433 24.59356275860285 37.861413781186535
  endloop
endfacet
facet normal 0.14644660940673215 0.3535533905932633 0.92387953251129
  outer loop
    vertex 45.65104126282503 24.31395497242657 38.120232826289055
    vertex 45.653122403777544 24.574145320058935 38.02033240378443
    vertex 45.59016154042001 24.33917217912024 38.120232826289055
  endloop
endfacet
facet normal 0.14644660940673215 0.3535533905932633 0.92387953251129
  outer loop
    vertex 45.653122403777544 24.574145320058935 38.02033240378443
    vertex 45.65104126282503 24.31395497242657 38.120232826289055
    vertex 45.77267231075002 24.52462612721049 38.02033240378443
  endloop
endfacet
facet normal -0.9159756150367513 -0.12059047744874868 0.3826834323650926
  outer loop
    vertex 38.68942991682605 19.871505217547554 37.65430699999999
    vertex 38.55919774930775 20.095349874853603 37.413126045102516
    vertex 38.59210085505584 19.845425974046147 37.413126045102516
  endloop
endfacet
facet normal -0.9159756150367513 -0.12059047744874868 0.3826834323650926
  outer loop
    vertex 38.55919774930775 20.095349874853603 37.413126045102516
    vertex 38.68942991682605 19.871505217547554 37.65430699999999
    vertex 38.65996020862011 20.095349874853603 37.65430699999999
  endloop
endfacet
facet normal 0.23296291314452994 0.30360317934095266 0.92387953251129
  outer loop
    vertex 45.70331986563678 24.273840189595283 38.120232826289055
    vertex 45.77267231075002 24.52462612721049 38.02033240378443
    vertex 45.65104126282503 24.31395497242657 38.120232826289055
  endloop
endfacet
facet normal 0.23296291314452994 0.30360317934095266 0.92387953251129
  outer loop
    vertex 45.77267231075002 24.52462612721049 38.02033240378443
    vertex 45.70331986563678 24.273840189595283 38.120232826289055
    vertex 45.87533214321794 24.445852467176454 38.02033240378443
  endloop
endfacet
facet normal 0.050061055953158684 0.12085808022881231 0.9914066850290354
  outer loop
    vertex 45.65104126282503 24.31395497242657 38.120232826289055
    vertex 45.59016154042001 24.33917217912024 38.120232826289055
    vertex 45.52482955089507 24.086720914273446 38.15430699999999
  endloop
endfacet
facet normal 0.5624222244434752 0.732962913144535 0.38268343236509483
  outer loop
    vertex 45.957264222032535 24.84434869621805 37.65430699999999
    vertex 46.20763434592684 24.77815466988537 37.413126045102516
    vertex 46.00764545168872 24.93161154573035 37.413126045102516
  endloop
endfacet
facet normal 0.5624222244434752 0.732962913144535 0.38268343236509483
  outer loop
    vertex 46.20763434592684 24.77815466988537 37.413126045102516
    vertex 45.957264222032535 24.84434869621805 37.65430699999999
    vertex 46.13638452765804 24.706904851616564 37.65430699999999
  endloop
endfacet
facet normal -0.7865660924854883 -0.10355339059328295 0.6087614290087254
  outer loop
    vertex 38.84425809520087 19.912991302908676 37.861413781186535
    vertex 38.65996020862011 20.095349874853603 37.65430699999999
    vertex 38.68942991682605 19.871505217547554 37.65430699999999
  endloop
endfacet
facet normal -0.7865660924854883 -0.10355339059328295 0.6087614290087254
  outer loop
    vertex 38.65996020862011 20.095349874853603 37.65430699999999
    vertex 38.84425809520087 19.912991302908676 37.861413781186535
    vertex 38.820250133747855 20.095349874853603 37.861413781186535
  endloop
endfacet
facet normal -0.9829629131445335 -0.12940952255127336 0.13052619222004444
  outer loop
    vertex 38.59210085505584 19.845425974046147 37.413126045102516
    vertex 38.52482955089506 20.095349874853603 37.15430699999999
    vertex 38.558903724606004 19.83653082975108 37.15430699999999
  endloop
endfacet
facet normal -0.9829629131445335 -0.12940952255127336 0.13052619222004444
  outer loop
    vertex 38.52482955089506 20.095349874853603 37.15430699999999
    vertex 38.59210085505584 19.845425974046147 37.413126045102516
    vertex 38.55919774930775 20.095349874853603 37.413126045102516
  endloop
endfacet
facet normal 0.6035533905932692 0.7865660924854966 0.1305261922200513
  outer loop
    vertex 46.00764545168872 24.93161154573035 37.413126045102516
    vertex 46.23193633208162 24.802456656040142 37.15430699999999
    vertex 46.024829550895056 24.961375278638045 37.15430699999999
  endloop
endfacet
facet normal 0.6035533905932692 0.7865660924854966 0.1305261922200513
  outer loop
    vertex 46.23193633208162 24.802456656040142 37.15430699999999
    vertex 46.00764545168872 24.93161154573035 37.413126045102516
    vertex 46.20763434592684 24.77815466988537 37.413126045102516
  endloop
endfacet
facet normal 0.10486842154661377 0.08046837003947811 0.9912252294940396
  outer loop
    vertex 45.74343464846803 24.22156158678358 38.120232826289055
    vertex 45.70331986563678 24.273840189595283 38.120232826289055
    vertex 45.52482955089507 24.086720914273446 38.15430699999999
  endloop
endfacet
facet normal 0.35355339059328766 0.8535533905932656 0.3826834323650951
  outer loop
    vertex 45.74867420820112 24.930749508922617 37.65430699999999
    vertex 46.00764545168872 24.93161154573035 37.413126045102516
    vertex 45.77475345170253 25.02807857069283 37.413126045102516
  endloop
endfacet
facet normal 0.35355339059328766 0.8535533905932656 0.3826834323650951
  outer loop
    vertex 46.00764545168872 24.93161154573035 37.413126045102516
    vertex 45.74867420820112 24.930749508922617 37.65430699999999
    vertex 45.957264222032535 24.84434869621805 37.65430699999999
  endloop
endfacet
facet normal 0.48296291314453715 0.37059047744875695 0.7933533402912253
  outer loop
    vertex 45.954105803251956 24.343192634708565 38.02033240378443
    vertex 46.02304243464433 24.59356275860285 37.861413781186535
    vertex 45.87533214321794 24.445852467176454 38.02033240378443
  endloop
endfacet
facet normal 0.48296291314453715 0.37059047744875695 0.7933533402912253
  outer loop
    vertex 46.02304243464433 24.59356275860285 37.861413781186535
    vertex 45.954105803251956 24.343192634708565 38.02033240378443
    vertex 46.13501322512818 24.44763958342721 37.861413781186535
  endloop
endfacet
facet normal 0.30360317934096664 0.7329629131445259 0.6087614290087268
  outer loop
    vertex 45.70718812284001 24.77592133054779 37.861413781186535
    vertex 45.957264222032535 24.84434869621805 37.65430699999999
    vertex 45.74867420820112 24.930749508922617 37.65430699999999
  endloop
endfacet
facet normal 0.30360317934096664 0.7329629131445259 0.6087614290087268
  outer loop
    vertex 45.957264222032535 24.84434869621805 37.65430699999999
    vertex 45.70718812284001 24.77592133054779 37.861413781186535
    vertex 45.877119259468664 24.70553354908672 37.861413781186535
  endloop
endfacet
facet normal 0.232962913144545 0.5624222244434879 0.7933533402912262
  outer loop
    vertex 45.77267231075002 24.52462612721049 38.02033240378443
    vertex 45.70718812284001 24.77592133054779 37.861413781186535
    vertex 45.653122403777544 24.574145320058935 38.02033240378443
  endloop
endfacet
facet normal 0.232962913144545 0.5624222244434879 0.7933533402912262
  outer loop
    vertex 45.70718812284001 24.77592133054779 37.861413781186535
    vertex 45.77267231075002 24.52462612721049 38.02033240378443
    vertex 45.877119259468664 24.70553354908672 37.861413781186535
  endloop
endfacet
facet normal -0.3036031793409563 -0.2329629131445258 0.9238795325112897
  outer loop
    vertex 39.174326958572195 19.74484728253074 38.02033240378443
    vertex 39.30622445332211 19.969138162923613 38.120232826289055
    vertex 39.095553298538185 19.84750711499863 38.02033240378443
  endloop
endfacet
facet normal -0.3036031793409563 -0.2329629131445258 0.9238795325112897
  outer loop
    vertex 39.30622445332211 19.969138162923613 38.120232826289055
    vertex 39.174326958572195 19.74484728253074 38.02033240378443
    vertex 39.34633923615337 19.91685956011191 38.120232826289055
  endloop
endfacet
facet normal -0.562422224443474 -0.732962913144535 0.3826834323650969
  outer loop
    vertex 39.09239487975759 19.34635105348916 37.65430699999999
    vertex 38.842024755863285 19.412545079821832 37.413126045102516
    vertex 39.0420136501014 19.259088203976855 37.413126045102516
  endloop
endfacet
facet normal -0.562422224443474 -0.732962913144535 0.3826834323650969
  outer loop
    vertex 38.842024755863285 19.412545079821832 37.413126045102516
    vertex 39.09239487975759 19.34635105348916 37.65430699999999
    vertex 38.913274574132096 19.483794898090636 37.65430699999999
  endloop
endfacet
facet normal -0.5624222244434836 -0.23296291314453635 0.793353340291232
  outer loop
    vertex 38.91464587666195 19.74306016627999 37.861413781186535
    vertex 39.046034105689735 19.96705702197114 38.02033240378443
    vertex 38.84425809520087 19.912991302908676 37.861413781186535
  endloop
endfacet
facet normal -0.5624222244434836 -0.23296291314453635 0.793353340291232
  outer loop
    vertex 39.046034105689735 19.96705702197114 38.02033240378443
    vertex 38.91464587666195 19.74306016627999 37.861413781186535
    vertex 39.095553298538185 19.84750711499863 38.02033240378443
  endloop
endfacet
facet normal -0.732962913144536 -0.5624222244434727 0.3826834323650968
  outer loop
    vertex 38.913274574132096 19.483794898090636 37.65430699999999
    vertex 38.688567880018326 19.612533974059936 37.413126045102516
    vertex 38.842024755863285 19.412545079821832 37.413126045102516
  endloop
endfacet
facet normal -0.732962913144536 -0.5624222244434727 0.3826834323650968
  outer loop
    vertex 38.688567880018326 19.612533974059936 37.413126045102516
    vertex 38.913274574132096 19.483794898090636 37.65430699999999
    vertex 38.775830729530625 19.662915203716118 37.65430699999999
  endloop
endfacet
facet normal -0.6035533905932734 -0.7865660924854941 0.13052619222004708
  outer loop
    vertex 39.0420136501014 19.259088203976855 37.413126045102516
    vertex 38.81772276970851 19.38824309366706 37.15430699999999
    vertex 39.02482955089506 19.229324471069166 37.15430699999999
  endloop
endfacet
facet normal -0.6035533905932734 -0.7865660924854941 0.13052619222004708
  outer loop
    vertex 38.81772276970851 19.38824309366706 37.15430699999999
    vertex 39.0420136501014 19.259088203976855 37.413126045102516
    vertex 38.842024755863285 19.412545079821832 37.413126045102516
  endloop
endfacet
facet normal -0.10422999276561062 -0.0799784864059147 0.9913322098672572
  outer loop
    vertex 39.53345851147522 20.095349874853603 38.15430699999999
    vertex 39.30622445332211 19.969138162923613 38.120232826289055
    vertex 39.34633923615337 19.91685956011191 38.120232826289055
  endloop
endfacet
facet normal -0.8535533905932671 -0.35355339059328006 0.38268343236509855
  outer loop
    vertex 38.775830729530625 19.662915203716118 37.65430699999999
    vertex 38.59210085505584 19.845425974046147 37.413126045102516
    vertex 38.688567880018326 19.612533974059936 37.413126045102516
  endloop
endfacet
facet normal -0.8535533905932671 -0.35355339059328006 0.38268343236509855
  outer loop
    vertex 38.59210085505584 19.845425974046147 37.413126045102516
    vertex 38.775830729530625 19.662915203716118 37.65430699999999
    vertex 38.68942991682605 19.871505217547554 37.65430699999999
  endloop
endfacet
facet normal -0.37059047744873674 -0.48296291314454937 0.7933533402912275
  outer loop
    vertex 39.17253984232146 19.485166200620487 37.861413781186535
    vertex 39.174326958572195 19.74484728253074 38.02033240378443
    vertex 39.0266166671458 19.597136991104346 37.861413781186535
  endloop
endfacet
facet normal -0.37059047744873674 -0.48296291314454937 0.7933533402912275
  outer loop
    vertex 39.174326958572195 19.74484728253074 38.02033240378443
    vertex 39.17253984232146 19.485166200620487 37.861413781186535
    vertex 39.27698679104011 19.66607362249672 38.02033240378443
  endloop
endfacet
facet normal -0.9159756150367543 -0.3794095225512614 0.130526192220044
  outer loop
    vertex 38.688567880018326 19.612533974059936 37.413126045102516
    vertex 38.558903724606004 19.83653082975108 37.15430699999999
    vertex 38.65880414711064 19.59534987485359 37.15430699999999
  endloop
endfacet
facet normal -0.9159756150367543 -0.3794095225512614 0.130526192220044
  outer loop
    vertex 38.558903724606004 19.83653082975108 37.15430699999999
    vertex 38.688567880018326 19.612533974059936 37.413126045102516
    vertex 38.59210085505584 19.845425974046147 37.413126045102516
  endloop
endfacet
facet normal -0.3794095225512587 -0.9159756150367548 0.13052619222004685
  outer loop
    vertex 39.27490565008762 19.162621179014373 37.413126045102516
    vertex 39.02482955089506 19.229324471069166 37.15430699999999
    vertex 39.26601050579255 19.129424048564534 37.15430699999999
  endloop
endfacet
facet normal -0.3794095225512587 -0.9159756150367548 0.13052619222004685
  outer loop
    vertex 39.02482955089506 19.229324471069166 37.15430699999999
    vertex 39.27490565008762 19.162621179014373 37.413126045102516
    vertex 39.0420136501014 19.259088203976855 37.413126045102516
  endloop
endfacet
facet normal -0.35355339059327007 -0.14644660940672224 0.9238795325112888
  outer loop
    vertex 39.095553298538185 19.84750711499863 38.02033240378443
    vertex 39.28100724662843 20.03001788532867 38.120232826289055
    vertex 39.046034105689735 19.96705702197114 38.02033240378443
  endloop
endfacet
facet normal -0.35355339059327007 -0.14644660940672224 0.9238795325112888
  outer loop
    vertex 39.28100724662843 20.03001788532867 38.120232826289055
    vertex 39.095553298538185 19.84750711499863 38.02033240378443
    vertex 39.30622445332211 19.969138162923613 38.120232826289055
  endloop
endfacet
facet normal -0.7329629131445314 -0.30360317934096365 0.6087614290087218
  outer loop
    vertex 38.91464587666195 19.74306016627999 37.861413781186535
    vertex 38.68942991682605 19.871505217547554 37.65430699999999
    vertex 38.775830729530625 19.662915203716118 37.65430699999999
  endloop
endfacet
facet normal -0.7329629131445314 -0.30360317934096365 0.6087614290087218
  outer loop
    vertex 38.68942991682605 19.871505217547554 37.65430699999999
    vertex 38.91464587666195 19.74306016627999 37.861413781186535
    vertex 38.84425809520087 19.912991302908676 37.861413781186535
  endloop
endfacet
facet normal -0.4829629131445448 -0.37059047744874263 0.7933533402912275
  outer loop
    vertex 39.0266166671458 19.597136991104346 37.861413781186535
    vertex 39.095553298538185 19.84750711499863 38.02033240378443
    vertex 38.91464587666195 19.74306016627999 37.861413781186535
  endloop
endfacet
facet normal -0.4829629131445448 -0.37059047744874263 0.7933533402912275
  outer loop
    vertex 39.095553298538185 19.84750711499863 38.02033240378443
    vertex 39.0266166671458 19.597136991104346 37.861413781186535
    vertex 39.174326958572195 19.74484728253074 38.02033240378443
  endloop
endfacet
facet normal -0.786566092485493 -0.6035533905932738 0.1305261922200513
  outer loop
    vertex 38.842024755863285 19.412545079821832 37.413126045102516
    vertex 38.65880414711064 19.59534987485359 37.15430699999999
    vertex 38.81772276970851 19.38824309366706 37.15430699999999
  endloop
endfacet
facet normal -0.786566092485493 -0.6035533905932738 0.1305261922200513
  outer loop
    vertex 38.65880414711064 19.59534987485359 37.15430699999999
    vertex 38.842024755863285 19.412545079821832 37.413126045102516
    vertex 38.688567880018326 19.612533974059936 37.413126045102516
  endloop
endfacet
facet normal -0.23296291314451392 -0.3036031793409611 0.9238795325112913
  outer loop
    vertex 39.27698679104011 19.66607362249672 38.02033240378443
    vertex 39.34633923615337 19.91685956011191 38.120232826289055
    vertex 39.174326958572195 19.74484728253074 38.02033240378443
  endloop
endfacet
facet normal -0.23296291314451392 -0.3036031793409611 0.9238795325112913
  outer loop
    vertex 39.34633923615337 19.91685956011191 38.120232826289055
    vertex 39.27698679104011 19.66607362249672 38.02033240378443
    vertex 39.398617838965095 19.876744777280642 38.120232826289055
  endloop
endfacet
facet normal -0.6294095225512608 -0.48296291314452855 0.6087614290087249
  outer loop
    vertex 39.0266166671458 19.597136991104346 37.861413781186535
    vertex 38.775830729530625 19.662915203716118 37.65430699999999
    vertex 38.913274574132096 19.483794898090636 37.65430699999999
  endloop
endfacet
facet normal -0.6294095225512608 -0.48296291314452855 0.6087614290087249
  outer loop
    vertex 38.775830729530625 19.662915203716118 37.65430699999999
    vertex 39.0266166671458 19.597136991104346 37.861413781186535
    vertex 38.91464587666195 19.74306016627999 37.861413781186535
  endloop
endfacet
facet normal -0.4829629131445249 -0.6294095225512617 0.6087614290087269
  outer loop
    vertex 39.17253984232146 19.485166200620487 37.861413781186535
    vertex 38.913274574132096 19.483794898090636 37.65430699999999
    vertex 39.09239487975759 19.34635105348916 37.65430699999999
  endloop
endfacet
facet normal -0.4829629131445249 -0.6294095225512617 0.6087614290087269
  outer loop
    vertex 38.913274574132096 19.483794898090636 37.65430699999999
    vertex 39.17253984232146 19.485166200620487 37.861413781186535
    vertex 39.0266166671458 19.597136991104346 37.861413781186535
  endloop
endfacet
facet normal -0.08046837003947074 -0.10486842154662518 0.9912252294940389
  outer loop
    vertex 39.53345851147522 20.095349874853603 38.15430699999999
    vertex 39.34633923615337 19.91685956011191 38.120232826289055
    vertex 39.398617838965095 19.876744777280642 38.120232826289055
  endloop
endfacet
facet normal -0.05096682857081177 -0.12304480876678008 0.991091498006607
  outer loop
    vertex 39.53345851147522 20.095349874853603 38.15430699999999
    vertex 39.398617838965095 19.876744777280642 38.120232826289055
    vertex 39.459497561370135 19.851527570586963 38.120232826289055
  endloop
endfacet
facet normal -0.12085808022881966 -0.05006105595314617 0.991406685029035
  outer loop
    vertex 39.53345851147522 20.095349874853603 38.15430699999999
    vertex 39.28100724662843 20.03001788532867 38.120232826289055
    vertex 39.30622445332211 19.969138162923613 38.120232826289055
  endloop
endfacet
facet normal 0.07945931129894966 -0.6035533905932836 0.7933533402912273
  outer loop
    vertex 39.70718812284 19.41477841915941 37.861413781186535
    vertex 39.52482955089507 19.599664355143677 38.02033240378443
    vertex 39.52482955089507 19.390770457706388 37.861413781186535
  endloop
endfacet
facet normal 0.07945931129894966 -0.6035533905932836 0.7933533402912273
  outer loop
    vertex 39.52482955089507 19.599664355143677 38.02033240378443
    vertex 39.70718812284 19.41477841915941 37.861413781186535
    vertex 39.65312240377753 19.616554429648268 38.02033240378443
  endloop
endfacet
facet normal 0.3794095225512587 -0.9159756150367548 0.13052619222004685
  outer loop
    vertex 40.00764545168873 19.259088203976855 37.413126045102516
    vertex 39.78364859599758 19.129424048564534 37.15430699999999
    vertex 40.02482955089507 19.229324471069166 37.15430699999999
  endloop
endfacet
facet normal 0.3794095225512587 -0.9159756150367548 0.13052619222004685
  outer loop
    vertex 39.78364859599758 19.129424048564534 37.15430699999999
    vertex 40.00764545168873 19.259088203976855 37.413126045102516
    vertex 39.77475345170252 19.162621179014373 37.413126045102516
  endloop
endfacet
facet normal -0.1464466094067298 -0.3535533905932643 0.92387953251129
  outer loop
    vertex 39.3965366980126 19.616554429648268 38.02033240378443
    vertex 39.398617838965095 19.876744777280642 38.120232826289055
    vertex 39.27698679104011 19.66607362249672 38.02033240378443
  endloop
endfacet
facet normal -0.1464466094067298 -0.3535533905932643 0.92387953251129
  outer loop
    vertex 39.398617838965095 19.876744777280642 38.120232826289055
    vertex 39.3965366980126 19.616554429648268 38.02033240378443
    vertex 39.459497561370135 19.851527570586963 38.120232826289055
  endloop
endfacet
facet normal 0.04995021125231342 -0.3794095225512534 0.9238795325112897
  outer loop
    vertex 39.65312240377753 19.616554429648268 38.02033240378443
    vertex 39.52482955089507 19.84292645099365 38.120232826289055
    vertex 39.52482955089507 19.599664355143677 38.02033240378443
  endloop
endfacet
facet normal 0.04995021125231342 -0.3794095225512534 0.9238795325112897
  outer loop
    vertex 39.52482955089507 19.84292645099365 38.120232826289055
    vertex 39.65312240377753 19.616554429648268 38.02033240378443
    vertex 39.590161540420006 19.851527570586963 38.120232826289055
  endloop
endfacet
facet normal 0.12059047744873953 -0.915975615036753 0.3826834323650912
  outer loop
    vertex 39.748674208201116 19.259950240784583 37.65430699999999
    vertex 39.52482955089507 19.129718073266286 37.413126045102516
    vertex 39.77475345170252 19.162621179014373 37.413126045102516
  endloop
endfacet
facet normal 0.12059047744873953 -0.915975615036753 0.3826834323650912
  outer loop
    vertex 39.52482955089507 19.129718073266286 37.413126045102516
    vertex 39.748674208201116 19.259950240784583 37.65430699999999
    vertex 39.52482955089507 19.23048053257865 37.65430699999999
  endloop
endfacet
facet normal 0.12940952255125993 -0.9829629131445344 0.13052619222004969
  outer loop
    vertex 39.77475345170252 19.162621179014373 37.413126045102516
    vertex 39.52482955089507 19.095349874853603 37.15430699999999
    vertex 39.78364859599758 19.129424048564534 37.15430699999999
  endloop
endfacet
facet normal 0.12940952255125993 -0.9829629131445344 0.13052619222004969
  outer loop
    vertex 39.52482955089507 19.095349874853603 37.15430699999999
    vertex 39.77475345170252 19.162621179014373 37.413126045102516
    vertex 39.52482955089507 19.129718073266286 37.413126045102516
  endloop
endfacet
facet normal 0.35355339059327506 -0.8535533905932708 0.3826834323650951
  outer loop
    vertex 39.95726422203255 19.34635105348916 37.65430699999999
    vertex 39.77475345170252 19.162621179014373 37.413126045102516
    vertex 40.00764545168873 19.259088203976855 37.413126045102516
  endloop
endfacet
facet normal 0.35355339059327506 -0.8535533905932708 0.3826834323650951
  outer loop
    vertex 39.77475345170252 19.162621179014373 37.413126045102516
    vertex 39.95726422203255 19.34635105348916 37.65430699999999
    vertex 39.748674208201116 19.259950240784583 37.65430699999999
  endloop
endfacet
facet normal -0.10355339059327617 -0.786566092485487 0.6087614290087282
  outer loop
    vertex 39.52482955089507 19.390770457706388 37.861413781186535
    vertex 39.30098489358902 19.259950240784583 37.65430699999999
    vertex 39.52482955089507 19.23048053257865 37.65430699999999
  endloop
endfacet
facet normal -0.10355339059327617 -0.786566092485487 0.6087614290087282
  outer loop
    vertex 39.30098489358902 19.259950240784583 37.65430699999999
    vertex 39.52482955089507 19.390770457706388 37.861413781186535
    vertex 39.34247097895014 19.41477841915941 37.861413781186535
  endloop
endfacet
facet normal -0.017531595244990483 -0.13316568668479406 0.9909387181142603
  outer loop
    vertex 39.53345851147522 20.095349874853603 38.15430699999999
    vertex 39.459497561370135 19.851527570586963 38.120232826289055
    vertex 39.52482955089507 19.84292645099365 38.120232826289055
  endloop
endfacet
facet normal 0.14644660940672977 -0.35355339059326424 0.92387953251129
  outer loop
    vertex 39.65312240377753 19.616554429648268 38.02033240378443
    vertex 39.65104126282504 19.876744777280642 38.120232826289055
    vertex 39.590161540420006 19.851527570586963 38.120232826289055
  endloop
endfacet
facet normal 0.14644660940672977 -0.35355339059326424 0.92387953251129
  outer loop
    vertex 39.65104126282504 19.876744777280642 38.120232826289055
    vertex 39.65312240377753 19.616554429648268 38.02033240378443
    vertex 39.77267231075003 19.66607362249672 38.02033240378443
  endloop
endfacet
facet normal -0.30360317934096226 -0.7329629131445277 0.6087614290087268
  outer loop
    vertex 39.34247097895014 19.41477841915941 37.861413781186535
    vertex 39.09239487975759 19.34635105348916 37.65430699999999
    vertex 39.30098489358902 19.259950240784583 37.65430699999999
  endloop
endfacet
facet normal -0.30360317934096226 -0.7329629131445277 0.6087614290087268
  outer loop
    vertex 39.09239487975759 19.34635105348916 37.65430699999999
    vertex 39.34247097895014 19.41477841915941 37.861413781186535
    vertex 39.17253984232146 19.485166200620487 37.861413781186535
  endloop
endfacet
facet normal -0.07945931129894966 -0.6035533905932836 0.7933533402912275
  outer loop
    vertex 39.52482955089507 19.390770457706388 37.861413781186535
    vertex 39.3965366980126 19.616554429648268 38.02033240378443
    vertex 39.34247097895014 19.41477841915941 37.861413781186535
  endloop
endfacet
facet normal -0.07945931129894966 -0.6035533905932836 0.7933533402912275
  outer loop
    vertex 39.3965366980126 19.616554429648268 38.02033240378443
    vertex 39.52482955089507 19.390770457706388 37.861413781186535
    vertex 39.52482955089507 19.599664355143677 38.02033240378443
  endloop
endfacet
facet normal 0.30360317934096226 -0.7329629131445277 0.6087614290087268
  outer loop
    vertex 39.87711925946868 19.485166200620487 37.861413781186535
    vertex 39.748674208201116 19.259950240784583 37.65430699999999
    vertex 39.95726422203255 19.34635105348916 37.65430699999999
  endloop
endfacet
facet normal 0.30360317934096226 -0.7329629131445277 0.6087614290087268
  outer loop
    vertex 39.748674208201116 19.259950240784583 37.65430699999999
    vertex 39.87711925946868 19.485166200620487 37.861413781186535
    vertex 39.70718812284 19.41477841915941 37.861413781186535
  endloop
endfacet
facet normal -0.04995021125231342 -0.3794095225512534 0.9238795325112897
  outer loop
    vertex 39.52482955089507 19.599664355143677 38.02033240378443
    vertex 39.459497561370135 19.851527570586963 38.120232826289055
    vertex 39.3965366980126 19.616554429648268 38.02033240378443
  endloop
endfacet
facet normal -0.04995021125231342 -0.3794095225512534 0.9238795325112897
  outer loop
    vertex 39.459497561370135 19.851527570586963 38.120232826289055
    vertex 39.52482955089507 19.599664355143677 38.02033240378443
    vertex 39.52482955089507 19.84292645099365 38.120232826289055
  endloop
endfacet
facet normal 0.10355339059327617 -0.786566092485487 0.6087614290087282
  outer loop
    vertex 39.70718812284 19.41477841915941 37.861413781186535
    vertex 39.52482955089507 19.23048053257865 37.65430699999999
    vertex 39.748674208201116 19.259950240784583 37.65430699999999
  endloop
endfacet
facet normal 0.10355339059327617 -0.786566092485487 0.6087614290087282
  outer loop
    vertex 39.52482955089507 19.23048053257865 37.65430699999999
    vertex 39.70718812284 19.41477841915941 37.861413781186535
    vertex 39.52482955089507 19.390770457706388 37.861413781186535
  endloop
endfacet
facet normal -0.12059047744873953 -0.915975615036753 0.38268343236509134
  outer loop
    vertex 39.52482955089507 19.23048053257865 37.65430699999999
    vertex 39.27490565008762 19.162621179014373 37.413126045102516
    vertex 39.52482955089507 19.129718073266286 37.413126045102516
  endloop
endfacet
facet normal -0.12059047744873953 -0.915975615036753 0.38268343236509134
  outer loop
    vertex 39.27490565008762 19.162621179014373 37.413126045102516
    vertex 39.52482955089507 19.23048053257865 37.65430699999999
    vertex 39.30098489358902 19.259950240784583 37.65430699999999
  endloop
endfacet
facet normal -0.23296291314453965 -0.5624222244434854 0.7933533402912295
  outer loop
    vertex 39.34247097895014 19.41477841915941 37.861413781186535
    vertex 39.27698679104011 19.66607362249672 38.02033240378443
    vertex 39.17253984232146 19.485166200620487 37.861413781186535
  endloop
endfacet
facet normal -0.23296291314453965 -0.5624222244434854 0.7933533402912295
  outer loop
    vertex 39.27698679104011 19.66607362249672 38.02033240378443
    vertex 39.34247097895014 19.41477841915941 37.861413781186535
    vertex 39.3965366980126 19.616554429648268 38.02033240378443
  endloop
endfacet
facet normal 0.01768721163534249 -0.1343477105218173 0.9907763901214606
  outer loop
    vertex 39.590161540420006 19.851527570586963 38.120232826289055
    vertex 39.53345851147522 20.095349874853603 38.15430699999999
    vertex 39.52482955089507 19.84292645099365 38.120232826289055
  endloop
endfacet
facet normal -0.35355339059327506 -0.8535533905932708 0.3826834323650951
  outer loop
    vertex 39.30098489358902 19.259950240784583 37.65430699999999
    vertex 39.0420136501014 19.259088203976855 37.413126045102516
    vertex 39.27490565008762 19.162621179014373 37.413126045102516
  endloop
endfacet
facet normal -0.35355339059327506 -0.8535533905932708 0.3826834323650951
  outer loop
    vertex 39.0420136501014 19.259088203976855 37.413126045102516
    vertex 39.30098489358902 19.259950240784583 37.65430699999999
    vertex 39.09239487975759 19.34635105348916 37.65430699999999
  endloop
endfacet
facet normal 0.0523046616805045 -0.12627462360439176 0.9906154358781502
  outer loop
    vertex 39.65104126282504 19.876744777280642 38.120232826289055
    vertex 39.53345851147522 20.095349874853603 38.15430699999999
    vertex 39.590161540420006 19.851527570586963 38.120232826289055
  endloop
endfacet
facet normal -0.12940952255125993 -0.9829629131445344 0.13052619222004969
  outer loop
    vertex 39.52482955089507 19.129718073266286 37.413126045102516
    vertex 39.26601050579255 19.129424048564534 37.15430699999999
    vertex 39.52482955089507 19.095349874853603 37.15430699999999
  endloop
endfacet
facet normal -0.12940952255125993 -0.9829629131445344 0.13052619222004969
  outer loop
    vertex 39.26601050579255 19.129424048564534 37.15430699999999
    vertex 39.52482955089507 19.129718073266286 37.413126045102516
    vertex 39.27490565008762 19.162621179014373 37.413126045102516
  endloop
endfacet
facet normal 0.08385466943785908 -0.10928153284263897 0.9904675365669643
  outer loop
    vertex 39.70331986563677 19.916859560111913 38.120232826289055
    vertex 39.53345851147522 20.095349874853603 38.15430699999999
    vertex 39.65104126282504 19.876744777280642 38.120232826289055
  endloop
endfacet
facet normal 0.10998293083413067 -0.08439287104606426 0.990344181707419
  outer loop
    vertex 39.74343464846803 19.969138162923613 38.120232826289055
    vertex 39.53345851147522 20.095349874853603 38.15430699999999
    vertex 39.70331986563677 19.916859560111913 38.120232826289055
  endloop
endfacet
facet normal 0.23296291314452475 -0.3036031793409556 0.9238795325112903
  outer loop
    vertex 39.77267231075003 19.66607362249672 38.02033240378443
    vertex 39.70331986563677 19.916859560111913 38.120232826289055
    vertex 39.65104126282504 19.876744777280642 38.120232826289055
  endloop
endfacet
facet normal 0.23296291314452475 -0.3036031793409556 0.9238795325112903
  outer loop
    vertex 39.70331986563677 19.916859560111913 38.120232826289055
    vertex 39.77267231075003 19.66607362249672 38.02033240378443
    vertex 39.87533214321794 19.744847282530746 38.02033240378443
  endloop
endfacet
facet normal 0.37059047744874485 -0.48296291314454043 0.7933533402912288
  outer loop
    vertex 39.87711925946868 19.485166200620487 37.861413781186535
    vertex 39.87533214321794 19.744847282530746 38.02033240378443
    vertex 39.77267231075003 19.66607362249672 38.02033240378443
  endloop
endfacet
facet normal 0.37059047744874485 -0.48296291314454043 0.7933533402912288
  outer loop
    vertex 39.87533214321794 19.744847282530746 38.02033240378443
    vertex 39.87711925946868 19.485166200620487 37.861413781186535
    vertex 40.02304243464433 19.59713699110435 37.861413781186535
  endloop
endfacet
facet normal 0.853553390593284 -0.3535533905932436 0.3826834323650952
  outer loop
    vertex 40.457558246734294 19.845425974046147 37.413126045102516
    vertex 40.273828372259516 19.662915203716118 37.65430699999999
    vertex 40.36109122177182 19.61253397405994 37.413126045102516
  endloop
endfacet
facet normal 0.853553390593284 -0.3535533905932436 0.3826834323650952
  outer loop
    vertex 40.273828372259516 19.662915203716118 37.65430699999999
    vertex 40.457558246734294 19.845425974046147 37.413126045102516
    vertex 40.36022918496408 19.871505217547554 37.65430699999999
  endloop
endfacet
facet normal 0.4829629131445267 -0.6294095225512576 0.6087614290087295
  outer loop
    vertex 40.02304243464433 19.59713699110435 37.861413781186535
    vertex 39.95726422203255 19.34635105348916 37.65430699999999
    vertex 40.136384527658045 19.483794898090636 37.65430699999999
  endloop
endfacet
facet normal 0.4829629131445267 -0.6294095225512576 0.6087614290087295
  outer loop
    vertex 39.95726422203255 19.34635105348916 37.65430699999999
    vertex 40.02304243464433 19.59713699110435 37.861413781186535
    vertex 39.87711925946868 19.485166200620487 37.861413781186535
  endloop
endfacet
facet normal 0.7865660924854907 -0.603553390593277 0.1305261922200513
  outer loop
    vertex 40.390854954679504 19.595349874853596 37.15430699999999
    vertex 40.20763434592685 19.412545079821832 37.413126045102516
    vertex 40.231936332081624 19.388243093667057 37.15430699999999
  endloop
endfacet
facet normal 0.7865660924854907 -0.603553390593277 0.1305261922200513
  outer loop
    vertex 40.20763434592685 19.412545079821832 37.413126045102516
    vertex 40.390854954679504 19.595349874853596 37.15430699999999
    vertex 40.36109122177182 19.61253397405994 37.413126045102516
  endloop
endfacet
facet normal 0.7329629131445392 -0.30360317934093733 0.6087614290087254
  outer loop
    vertex 40.36022918496408 19.871505217547554 37.65430699999999
    vertex 40.13501322512818 19.74306016627999 37.861413781186535
    vertex 40.273828372259516 19.662915203716118 37.65430699999999
  endloop
endfacet
facet normal 0.7329629131445392 -0.30360317934093733 0.6087614290087254
  outer loop
    vertex 40.13501322512818 19.74306016627999 37.861413781186535
    vertex 40.36022918496408 19.871505217547554 37.65430699999999
    vertex 40.205401006589256 19.91299130290867 37.861413781186535
  endloop
endfacet
facet normal 0.12866169126381968 -0.05329341747932493 0.9902555129129592
  outer loop
    vertex 39.76865185516171 20.030017885328657 38.120232826289055
    vertex 39.53345851147522 20.095349874853603 38.15430699999999
    vertex 39.74343464846803 19.969138162923613 38.120232826289055
  endloop
endfacet
facet normal 0.6294095225512487 -0.48296291314453493 0.6087614290087323
  outer loop
    vertex 40.273828372259516 19.662915203716118 37.65430699999999
    vertex 40.02304243464433 19.59713699110435 37.861413781186535
    vertex 40.136384527658045 19.483794898090636 37.65430699999999
  endloop
endfacet
facet normal 0.6294095225512487 -0.48296291314453493 0.6087614290087323
  outer loop
    vertex 40.02304243464433 19.59713699110435 37.861413781186535
    vertex 40.273828372259516 19.662915203716118 37.65430699999999
    vertex 40.13501322512818 19.74306016627999 37.861413781186535
  endloop
endfacet
facet normal 0.915975615036764 -0.37940952255123533 0.13052619222005182
  outer loop
    vertex 40.490755377184136 19.836530829751084 37.15430699999999
    vertex 40.36109122177182 19.61253397405994 37.413126045102516
    vertex 40.390854954679504 19.595349874853596 37.15430699999999
  endloop
endfacet
facet normal 0.915975615036764 -0.37940952255123533 0.13052619222005182
  outer loop
    vertex 40.36109122177182 19.61253397405994 37.413126045102516
    vertex 40.490755377184136 19.836530829751084 37.15430699999999
    vertex 40.457558246734294 19.845425974046147 37.413126045102516
  endloop
endfacet
facet normal 0.9829629131445305 -0.12940952255128513 0.13052619222005496
  outer loop
    vertex 40.52482955089507 20.095349874853603 37.15430699999999
    vertex 40.457558246734294 19.845425974046147 37.413126045102516
    vertex 40.490755377184136 19.836530829751084 37.15430699999999
  endloop
endfacet
facet normal 0.9829629131445305 -0.12940952255128513 0.13052619222005496
  outer loop
    vertex 40.457558246734294 19.845425974046147 37.413126045102516
    vertex 40.52482955089507 20.095349874853603 37.15430699999999
    vertex 40.490461352482384 20.095349874853603 37.413126045102516
  endloop
endfacet
facet normal 0.48296291314453665 -0.37059047744876 0.7933533402912242
  outer loop
    vertex 40.02304243464433 19.59713699110435 37.861413781186535
    vertex 39.954105803251956 19.847507114998628 38.02033240378443
    vertex 39.87533214321794 19.744847282530746 38.02033240378443
  endloop
endfacet
facet normal 0.48296291314453665 -0.37059047744876 0.7933533402912242
  outer loop
    vertex 39.954105803251956 19.847507114998628 38.02033240378443
    vertex 40.02304243464433 19.59713699110435 37.861413781186535
    vertex 40.13501322512818 19.74306016627999 37.861413781186535
  endloop
endfacet
facet normal 0.6035533905932696 -0.7865660924854964 0.1305261922200513
  outer loop
    vertex 40.20763434592685 19.412545079821832 37.413126045102516
    vertex 40.02482955089507 19.229324471069166 37.15430699999999
    vertex 40.231936332081624 19.388243093667057 37.15430699999999
  endloop
endfacet
facet normal 0.6035533905932696 -0.7865660924854964 0.1305261922200513
  outer loop
    vertex 40.02482955089507 19.229324471069166 37.15430699999999
    vertex 40.20763434592685 19.412545079821832 37.413126045102516
    vertex 40.00764545168873 19.259088203976855 37.413126045102516
  endloop
endfacet
facet normal 0.5624222244434739 -0.732962913144535 0.3826834323650968
  outer loop
    vertex 40.136384527658045 19.483794898090636 37.65430699999999
    vertex 40.00764545168873 19.259088203976855 37.413126045102516
    vertex 40.20763434592685 19.412545079821832 37.413126045102516
  endloop
endfacet
facet normal 0.5624222244434739 -0.732962913144535 0.3826834323650968
  outer loop
    vertex 40.00764545168873 19.259088203976855 37.413126045102516
    vertex 40.136384527658045 19.483794898090636 37.65430699999999
    vertex 39.95726422203255 19.34635105348916 37.65430699999999
  endloop
endfacet
facet normal 0.3036031793409422 -0.23296291314454437 0.9238795325112897
  outer loop
    vertex 39.87533214321794 19.744847282530746 38.02033240378443
    vertex 39.74343464846803 19.969138162923613 38.120232826289055
    vertex 39.70331986563677 19.916859560111913 38.120232826289055
  endloop
endfacet
facet normal 0.3036031793409422 -0.23296291314454437 0.9238795325112897
  outer loop
    vertex 39.74343464846803 19.969138162923613 38.120232826289055
    vertex 39.87533214321794 19.744847282530746 38.02033240378443
    vertex 39.954105803251956 19.847507114998628 38.02033240378443
  endloop
endfacet
facet normal 0.3535533905932745 -0.14644660940670437 0.92387953251129
  outer loop
    vertex 39.954105803251956 19.847507114998628 38.02033240378443
    vertex 39.76865185516171 20.030017885328657 38.120232826289055
    vertex 39.74343464846803 19.969138162923613 38.120232826289055
  endloop
endfacet
facet normal 0.3535533905932745 -0.14644660940670437 0.92387953251129
  outer loop
    vertex 39.76865185516171 20.030017885328657 38.120232826289055
    vertex 39.954105803251956 19.847507114998628 38.02033240378443
    vertex 40.0036249961004 19.96705702197113 38.02033240378443
  endloop
endfacet
facet normal 0.2329629131445397 -0.5624222244434854 0.7933533402912297
  outer loop
    vertex 39.70718812284 19.41477841915941 37.861413781186535
    vertex 39.77267231075003 19.66607362249672 38.02033240378443
    vertex 39.65312240377753 19.616554429648268 38.02033240378443
  endloop
endfacet
facet normal 0.2329629131445397 -0.5624222244434854 0.7933533402912297
  outer loop
    vertex 39.77267231075003 19.66607362249672 38.02033240378443
    vertex 39.70718812284 19.41477841915941 37.861413781186535
    vertex 39.87711925946868 19.485166200620487 37.861413781186535
  endloop
endfacet
facet normal 0.5624222244434979 -0.23296291314452275 0.7933533402912257
  outer loop
    vertex 40.13501322512818 19.74306016627999 37.861413781186535
    vertex 40.0036249961004 19.96705702197113 38.02033240378443
    vertex 39.954105803251956 19.847507114998628 38.02033240378443
  endloop
endfacet
facet normal 0.5624222244434979 -0.23296291314452275 0.7933533402912257
  outer loop
    vertex 40.0036249961004 19.96705702197113 38.02033240378443
    vertex 40.13501322512818 19.74306016627999 37.861413781186535
    vertex 40.205401006589256 19.91299130290867 37.861413781186535
  endloop
endfacet
facet normal 0.9159756150367485 -0.12059047744877077 0.3826834323650919
  outer loop
    vertex 40.490461352482384 20.095349874853603 37.413126045102516
    vertex 40.36022918496408 19.871505217547554 37.65430699999999
    vertex 40.457558246734294 19.845425974046147 37.413126045102516
  endloop
endfacet
facet normal 0.9159756150367485 -0.12059047744877077 0.3826834323650919
  outer loop
    vertex 40.36022918496408 19.871505217547554 37.65430699999999
    vertex 40.490461352482384 20.095349874853603 37.413126045102516
    vertex 40.38969889317003 20.095349874853603 37.65430699999999
  endloop
endfacet
facet normal 0.7329629131445284 -0.5624222244434844 0.38268343236509406
  outer loop
    vertex 40.36109122177182 19.61253397405994 37.413126045102516
    vertex 40.136384527658045 19.483794898090636 37.65430699999999
    vertex 40.20763434592685 19.412545079821832 37.413126045102516
  endloop
endfacet
facet normal 0.7329629131445284 -0.5624222244434844 0.38268343236509406
  outer loop
    vertex 40.136384527658045 19.483794898090636 37.65430699999999
    vertex 40.36109122177182 19.61253397405994 37.413126045102516
    vertex 40.273828372259516 19.662915203716118 37.65430699999999
  endloop
endfacet
facet normal 0.12059047744873953 -0.915975615036753 0.3826834323650912
  outer loop
    vertex 29.24867420820113 19.259950240784583 37.65430699999999
    vertex 29.02482955089508 19.129718073266286 37.413126045102516
    vertex 29.274753451702534 19.162621179014373 37.413126045102516
  endloop
endfacet
facet normal 0.12059047744873953 -0.915975615036753 0.3826834323650912
  outer loop
    vertex 29.02482955089508 19.129718073266286 37.413126045102516
    vertex 29.24867420820113 19.259950240784583 37.65430699999999
    vertex 29.02482955089508 19.23048053257865 37.65430699999999
  endloop
endfacet
facet normal 0.37940952255125 -0.04995021125232447 0.9238795325112905
  outer loop
    vertex 40.0036249961004 19.96705702197113 38.02033240378443
    vertex 39.777252974755015 20.095349874853603 38.120232826289055
    vertex 39.76865185516171 20.030017885328657 38.120232826289055
  endloop
endfacet
facet normal 0.37940952255125 -0.04995021125232447 0.9238795325112905
  outer loop
    vertex 39.777252974755015 20.095349874853603 38.120232826289055
    vertex 40.0036249961004 19.96705702197113 38.02033240378443
    vertex 40.02051507060499 20.095349874853603 38.02033240378443
  endloop
endfacet
facet normal 0.07945931129894965 -0.6035533905932836 0.7933533402912273
  outer loop
    vertex 29.207188122840012 19.41477841915941 37.861413781186535
    vertex 29.02482955089508 19.599664355143677 38.02033240378443
    vertex 29.02482955089508 19.390770457706388 37.861413781186535
  endloop
endfacet
facet normal 0.07945931129894965 -0.6035533905932836 0.7933533402912273
  outer loop
    vertex 29.02482955089508 19.599664355143677 38.02033240378443
    vertex 29.207188122840012 19.41477841915941 37.861413781186535
    vertex 29.153122403777544 19.616554429648268 38.02033240378443
  endloop
endfacet
facet normal 0.12940952255125993 -0.9829629131445344 0.13052619222004969
  outer loop
    vertex 29.274753451702534 19.162621179014373 37.413126045102516
    vertex 29.02482955089508 19.095349874853603 37.15430699999999
    vertex 29.2836485959976 19.129424048564534 37.15430699999999
  endloop
endfacet
facet normal 0.12940952255125993 -0.9829629131445344 0.13052619222004969
  outer loop
    vertex 29.02482955089508 19.095349874853603 37.15430699999999
    vertex 29.274753451702534 19.162621179014373 37.413126045102516
    vertex 29.02482955089508 19.129718073266286 37.413126045102516
  endloop
endfacet
facet normal 0.6035533905932771 -0.07945931129896693 0.7933533402912305
  outer loop
    vertex 40.205401006589256 19.91299130290867 37.861413781186535
    vertex 40.02051507060499 20.095349874853603 38.02033240378443
    vertex 40.0036249961004 19.96705702197113 38.02033240378443
  endloop
endfacet
facet normal 0.6035533905932771 -0.07945931129896693 0.7933533402912305
  outer loop
    vertex 40.02051507060499 20.095349874853603 38.02033240378443
    vertex 40.205401006589256 19.91299130290867 37.861413781186535
    vertex 40.229408968042286 20.095349874853603 37.861413781186535
  endloop
endfacet
facet normal 0.017531595244990497 -0.13316568668479373 0.9909387181142603
  outer loop
    vertex 29.090161540420016 19.851527570586963 38.120232826289055
    vertex 29.016200590314927 20.095349874853603 38.15430699999999
    vertex 29.02482955089508 19.84292645099365 38.120232826289055
  endloop
endfacet
facet normal -0.07945931129894966 -0.6035533905932836 0.7933533402912275
  outer loop
    vertex 29.02482955089508 19.390770457706388 37.861413781186535
    vertex 28.896536698012618 19.616554429648268 38.02033240378443
    vertex 28.84247097895015 19.41477841915941 37.861413781186535
  endloop
endfacet
facet normal -0.07945931129894966 -0.6035533905932836 0.7933533402912275
  outer loop
    vertex 28.896536698012618 19.616554429648268 38.02033240378443
    vertex 29.02482955089508 19.390770457706388 37.861413781186535
    vertex 29.02482955089508 19.599664355143677 38.02033240378443
  endloop
endfacet
facet normal -0.12940952255125993 -0.9829629131445344 0.13052619222004969
  outer loop
    vertex 29.02482955089508 19.129718073266286 37.413126045102516
    vertex 28.766010505792565 19.129424048564534 37.15430699999999
    vertex 29.02482955089508 19.095349874853603 37.15430699999999
  endloop
endfacet
facet normal -0.12940952255125993 -0.9829629131445344 0.13052619222004969
  outer loop
    vertex 28.766010505792565 19.129424048564534 37.15430699999999
    vertex 29.02482955089508 19.129718073266286 37.413126045102516
    vertex 28.774905650087632 19.162621179014373 37.413126045102516
  endloop
endfacet
facet normal 0.1383975569839089 -0.01822038403692508 0.9902091364082806
  outer loop
    vertex 39.777252974755015 20.095349874853603 38.120232826289055
    vertex 39.53345851147522 20.095349874853603 38.15430699999999
    vertex 39.76865185516171 20.030017885328657 38.120232826289055
  endloop
endfacet
facet normal -0.017687211635342568 -0.13434771052181768 0.9907763901214606
  outer loop
    vertex 29.02482955089508 19.84292645099365 38.120232826289055
    vertex 29.016200590314927 20.095349874853603 38.15430699999999
    vertex 28.959497561370146 19.851527570586963 38.120232826289055
  endloop
endfacet
facet normal 0.10355339059327617 -0.786566092485487 0.6087614290087282
  outer loop
    vertex 29.207188122840012 19.41477841915941 37.861413781186535
    vertex 29.02482955089508 19.23048053257865 37.65430699999999
    vertex 29.24867420820113 19.259950240784583 37.65430699999999
  endloop
endfacet
facet normal 0.10355339059327617 -0.786566092485487 0.6087614290087282
  outer loop
    vertex 29.02482955089508 19.23048053257865 37.65430699999999
    vertex 29.207188122840012 19.41477841915941 37.861413781186535
    vertex 29.02482955089508 19.390770457706388 37.861413781186535
  endloop
endfacet
facet normal -0.12059047744873953 -0.915975615036753 0.3826834323650912
  outer loop
    vertex 29.02482955089508 19.23048053257865 37.65430699999999
    vertex 28.774905650087632 19.162621179014373 37.413126045102516
    vertex 29.02482955089508 19.129718073266286 37.413126045102516
  endloop
endfacet
facet normal -0.12059047744873953 -0.915975615036753 0.3826834323650912
  outer loop
    vertex 28.774905650087632 19.162621179014373 37.413126045102516
    vertex 29.02482955089508 19.23048053257865 37.65430699999999
    vertex 28.800984893589032 19.259950240784583 37.65430699999999
  endloop
endfacet
facet normal 0.6294095225512609 -0.4829629131445284 0.6087614290087249
  outer loop
    vertex 29.773828372259537 19.662915203716135 37.65430699999999
    vertex 29.52304243464434 19.59713699110434 37.861413781186535
    vertex 29.636384527658045 19.48379489809063 37.65430699999999
  endloop
endfacet
facet normal 0.6294095225512609 -0.4829629131445284 0.6087614290087249
  outer loop
    vertex 29.52304243464434 19.59713699110434 37.861413781186535
    vertex 29.773828372259537 19.662915203716135 37.65430699999999
    vertex 29.635013225128205 19.743060166280003 37.861413781186535
  endloop
endfacet
facet normal 0.7865660924854977 -0.6035533905932693 0.13052619222004488
  outer loop
    vertex 29.890854954679533 19.59534987485362 37.15430699999999
    vertex 29.707634345926852 19.41254507982182 37.413126045102516
    vertex 29.73193633208162 19.388243093667047 37.15430699999999
  endloop
endfacet
facet normal 0.7865660924854977 -0.6035533905932693 0.13052619222004488
  outer loop
    vertex 29.707634345926852 19.41254507982182 37.413126045102516
    vertex 29.890854954679533 19.59534987485362 37.15430699999999
    vertex 29.86109122177184 19.612533974059957 37.413126045102516
  endloop
endfacet
facet normal 0.7865660924854864 -0.10355339059330308 0.6087614290087245
  outer loop
    vertex 40.38969889317003 20.095349874853603 37.65430699999999
    vertex 40.205401006589256 19.91299130290867 37.861413781186535
    vertex 40.36022918496408 19.871505217547554 37.65430699999999
  endloop
endfacet
facet normal 0.7865660924854864 -0.10355339059330308 0.6087614290087245
  outer loop
    vertex 40.205401006589256 19.91299130290867 37.861413781186535
    vertex 40.38969889317003 20.095349874853603 37.65430699999999
    vertex 40.229408968042286 20.095349874853603 37.861413781186535
  endloop
endfacet
facet normal 0.04995021125231342 -0.3794095225512534 0.9238795325112897
  outer loop
    vertex 29.153122403777544 19.616554429648268 38.02033240378443
    vertex 29.02482955089508 19.84292645099365 38.120232826289055
    vertex 29.02482955089508 19.599664355143677 38.02033240378443
  endloop
endfacet
facet normal 0.04995021125231342 -0.3794095225512534 0.9238795325112897
  outer loop
    vertex 29.02482955089508 19.84292645099365 38.120232826289055
    vertex 29.153122403777544 19.616554429648268 38.02033240378443
    vertex 29.090161540420016 19.851527570586963 38.120232826289055
  endloop
endfacet
facet normal -0.04995021125231342 -0.3794095225512534 0.9238795325112897
  outer loop
    vertex 29.02482955089508 19.599664355143677 38.02033240378443
    vertex 28.959497561370146 19.851527570586963 38.120232826289055
    vertex 28.896536698012618 19.616554429648268 38.02033240378443
  endloop
endfacet
facet normal -0.04995021125231342 -0.3794095225512534 0.9238795325112897
  outer loop
    vertex 28.959497561370146 19.851527570586963 38.120232826289055
    vertex 29.02482955089508 19.599664355143677 38.02033240378443
    vertex 29.02482955089508 19.84292645099365 38.120232826289055
  endloop
endfacet
facet normal 0.7329629131445374 -0.5624222244434727 0.38268343236509395
  outer loop
    vertex 29.86109122177184 19.612533974059957 37.413126045102516
    vertex 29.636384527658045 19.48379489809063 37.65430699999999
    vertex 29.707634345926852 19.41254507982182 37.413126045102516
  endloop
endfacet
facet normal 0.7329629131445374 -0.5624222244434727 0.38268343236509395
  outer loop
    vertex 29.636384527658045 19.48379489809063 37.65430699999999
    vertex 29.86109122177184 19.612533974059957 37.413126045102516
    vertex 29.773828372259537 19.662915203716135 37.65430699999999
  endloop
endfacet
facet normal -0.10355339059327617 -0.786566092485487 0.6087614290087282
  outer loop
    vertex 29.02482955089508 19.390770457706388 37.861413781186535
    vertex 28.800984893589032 19.259950240784583 37.65430699999999
    vertex 29.02482955089508 19.23048053257865 37.65430699999999
  endloop
endfacet
facet normal -0.10355339059327617 -0.786566092485487 0.6087614290087282
  outer loop
    vertex 28.800984893589032 19.259950240784583 37.65430699999999
    vertex 29.02482955089508 19.390770457706388 37.861413781186535
    vertex 28.84247097895015 19.41477841915941 37.861413781186535
  endloop
endfacet
facet normal 0.1036908755218383 -0.07956480719507125 0.9914220311197074
  outer loop
    vertex 29.243434648468053 19.969138162923635 38.120232826289055
    vertex 29.051103918441104 20.08631355659709 38.14975202040948
    vertex 29.203319865636782 19.916859560111906 38.120232826289055
  endloop
endfacet
facet normal 0.6035533905932692 -0.7865660924854978 0.13052619222004483
  outer loop
    vertex 29.707634345926852 19.41254507982182 37.413126045102516
    vertex 29.524829550895088 19.229324471069166 37.15430699999999
    vertex 29.73193633208162 19.388243093667047 37.15430699999999
  endloop
endfacet
facet normal 0.6035533905932692 -0.7865660924854978 0.13052619222004483
  outer loop
    vertex 29.524829550895088 19.229324471069166 37.15430699999999
    vertex 29.707634345926852 19.41254507982182 37.413126045102516
    vertex 29.507645451688745 19.259088203976855 37.413126045102516
  endloop
endfacet
facet normal 0.7865660924854923 -0.10355339059325772 0.6087614290087245
  outer loop
    vertex 29.889698893170035 20.095349874853603 37.65430699999999
    vertex 29.705401006589277 19.91299130290866 37.861413781186535
    vertex 29.8602291849641 19.871505217547547 37.65430699999999
  endloop
endfacet
facet normal 0.7865660924854923 -0.10355339059325772 0.6087614290087245
  outer loop
    vertex 29.705401006589277 19.91299130290866 37.861413781186535
    vertex 29.889698893170035 20.095349874853603 37.65430699999999
    vertex 29.729408968042293 20.095349874853603 37.861413781186535
  endloop
endfacet
facet normal 0.3794095225512489 -0.04995021125230747 0.9238795325112918
  outer loop
    vertex 29.503624996100417 19.967057021971122 38.02033240378443
    vertex 29.27725297475503 20.095349874853603 38.120232826289055
    vertex 29.268651855161718 20.030017885328647 38.120232826289055
  endloop
endfacet
facet normal 0.3794095225512489 -0.04995021125230747 0.9238795325112918
  outer loop
    vertex 29.27725297475503 20.095349874853603 38.120232826289055
    vertex 29.503624996100417 19.967057021971122 38.02033240378443
    vertex 29.520515070605008 20.095349874853603 38.02033240378443
  endloop
endfacet
facet normal 0.13008567575947852 -0.017126104114076033 0.9913548373413394
  outer loop
    vertex 29.27725297475503 20.095349874853603 38.120232826289055
    vertex 29.051103918441104 20.08631355659709 38.14975202040948
    vertex 29.268651855161718 20.030017885328647 38.120232826289055
  endloop
endfacet
facet normal -0.603553390593287 -0.07945931129893168 0.7933533402912266
  outer loop
    vertex 28.34425809520089 19.91299130290866 37.861413781186535
    vertex 28.529144031185158 20.095349874853603 38.02033240378443
    vertex 28.320250133747873 20.095349874853603 37.861413781186535
  endloop
endfacet
facet normal -0.603553390593287 -0.07945931129893168 0.7933533402912266
  outer loop
    vertex 28.529144031185158 20.095349874853603 38.02033240378443
    vertex 28.34425809520089 19.91299130290866 37.861413781186535
    vertex 28.546034105689746 19.967057021971122 38.02033240378443
  endloop
endfacet
facet normal 0.2329629131445156 -0.3036031793409628 0.9238795325112903
  outer loop
    vertex 29.272672310750043 19.66607362249672 38.02033240378443
    vertex 29.203319865636782 19.916859560111906 38.120232826289055
    vertex 29.151041262825057 19.876744777280642 38.120232826289055
  endloop
endfacet
facet normal 0.2329629131445156 -0.3036031793409628 0.9238795325112903
  outer loop
    vertex 29.203319865636782 19.916859560111906 38.120232826289055
    vertex 29.272672310750043 19.66607362249672 38.02033240378443
    vertex 29.37533214321795 19.744847282530735 38.02033240378443
  endloop
endfacet
facet normal 0.07846863988036704 -0.1022623224644524 0.9916577483988624
  outer loop
    vertex 29.203319865636782 19.916859560111906 38.120232826289055
    vertex 29.051103918441104 20.08631355659709 38.14975202040948
    vertex 29.151041262825057 19.876744777280642 38.120232826289055
  endloop
endfacet
facet normal 0.303603179340956 -0.23296291314452744 0.9238795325112895
  outer loop
    vertex 29.37533214321795 19.744847282530735 38.02033240378443
    vertex 29.243434648468053 19.969138162923635 38.120232826289055
    vertex 29.203319865636782 19.916859560111906 38.120232826289055
  endloop
endfacet
facet normal 0.303603179340956 -0.23296291314452744 0.9238795325112895
  outer loop
    vertex 29.243434648468053 19.969138162923635 38.120232826289055
    vertex 29.37533214321795 19.744847282530735 38.02033240378443
    vertex 29.454105803251974 19.847507114998646 38.02033240378443
  endloop
endfacet
facet normal 0.370590477448735 -0.482962913144548 0.793353340291229
  outer loop
    vertex 29.37711925946869 19.485166200620487 37.861413781186535
    vertex 29.37533214321795 19.744847282530735 38.02033240378443
    vertex 29.272672310750043 19.66607362249672 38.02033240378443
  endloop
endfacet
facet normal 0.370590477448735 -0.482962913144548 0.793353340291229
  outer loop
    vertex 29.37533214321795 19.744847282530735 38.02033240378443
    vertex 29.37711925946869 19.485166200620487 37.861413781186535
    vertex 29.52304243464434 19.59713699110434 37.861413781186535
  endloop
endfacet
facet normal 0.9159756150367543 -0.12059047744872442 0.38268343236509245
  outer loop
    vertex 29.990461352482395 20.095349874853603 37.413126045102516
    vertex 29.8602291849641 19.871505217547547 37.65430699999999
    vertex 29.957558246734312 19.84542597404614 37.413126045102516
  endloop
endfacet
facet normal 0.9159756150367543 -0.12059047744872442 0.38268343236509245
  outer loop
    vertex 29.8602291849641 19.871505217547547 37.65430699999999
    vertex 29.990461352482395 20.095349874853603 37.413126045102516
    vertex 29.889698893170035 20.095349874853603 37.65430699999999
  endloop
endfacet
facet normal -0.786566092485492 -0.10355339059325688 0.6087614290087249
  outer loop
    vertex 28.34425809520089 19.91299130290866 37.861413781186535
    vertex 28.15996020862013 20.095349874853603 37.65430699999999
    vertex 28.189429916826064 19.871505217547547 37.65430699999999
  endloop
endfacet
facet normal -0.786566092485492 -0.10355339059325688 0.6087614290087249
  outer loop
    vertex 28.15996020862013 20.095349874853603 37.65430699999999
    vertex 28.34425809520089 19.91299130290866 37.861413781186535
    vertex 28.320250133747873 20.095349874853603 37.861413781186535
  endloop
endfacet
facet normal 0.5624222244434698 -0.7329629131445362 0.3826834323651004
  outer loop
    vertex 29.636384527658045 19.48379489809063 37.65430699999999
    vertex 29.507645451688745 19.259088203976855 37.413126045102516
    vertex 29.707634345926852 19.41254507982182 37.413126045102516
  endloop
endfacet
facet normal 0.5624222244434698 -0.7329629131445362 0.3826834323651004
  outer loop
    vertex 29.507645451688745 19.259088203976855 37.413126045102516
    vertex 29.636384527658045 19.48379489809063 37.65430699999999
    vertex 29.45726422203256 19.34635105348916 37.65430699999999
  endloop
endfacet
facet normal 0.603553390593287 -0.07945931129893168 0.7933533402912266
  outer loop
    vertex 29.705401006589277 19.91299130290866 37.861413781186535
    vertex 29.520515070605008 20.095349874853603 38.02033240378443
    vertex 29.503624996100417 19.967057021971122 38.02033240378443
  endloop
endfacet
facet normal 0.603553390593287 -0.07945931129893168 0.7933533402912266
  outer loop
    vertex 29.520515070605008 20.095349874853603 38.02033240378443
    vertex 29.705401006589277 19.91299130290866 37.861413781186535
    vertex 29.729408968042293 20.095349874853603 37.861413781186535
  endloop
endfacet
facet normal 0.48296291314454803 -0.37059047744874274 0.7933533402912255
  outer loop
    vertex 29.52304243464434 19.59713699110434 37.861413781186535
    vertex 29.454105803251974 19.847507114998646 38.02033240378443
    vertex 29.37533214321795 19.744847282530735 38.02033240378443
  endloop
endfacet
facet normal 0.48296291314454803 -0.37059047744874274 0.7933533402912255
  outer loop
    vertex 29.454105803251974 19.847507114998646 38.02033240378443
    vertex 29.52304243464434 19.59713699110434 37.861413781186535
    vertex 29.635013225128205 19.743060166280003 37.861413781186535
  endloop
endfacet
facet normal 0.48296291314452444 -0.6294095225512635 0.6087614290087254
  outer loop
    vertex 29.52304243464434 19.59713699110434 37.861413781186535
    vertex 29.45726422203256 19.34635105348916 37.65430699999999
    vertex 29.636384527658045 19.48379489809063 37.65430699999999
  endloop
endfacet
facet normal 0.48296291314452444 -0.6294095225512635 0.6087614290087254
  outer loop
    vertex 29.45726422203256 19.34635105348916 37.65430699999999
    vertex 29.52304243464434 19.59713699110434 37.861413781186535
    vertex 29.37711925946869 19.485166200620487 37.861413781186535
  endloop
endfacet
facet normal 0.9829629131445368 -0.12940952255123808 0.130526192220055
  outer loop
    vertex 30.02482955089508 20.095349874853603 37.15430699999999
    vertex 29.957558246734312 19.84542597404614 37.413126045102516
    vertex 29.990755377184154 19.836530829751073 37.15430699999999
  endloop
endfacet
facet normal 0.9829629131445368 -0.12940952255123808 0.130526192220055
  outer loop
    vertex 29.957558246734312 19.84542597404614 37.413126045102516
    vertex 30.02482955089508 20.095349874853603 37.15430699999999
    vertex 29.990461352482395 20.095349874853603 37.413126045102516
  endloop
endfacet
facet normal -0.10998293083414579 -0.08439287104605502 0.9903441817074181
  outer loop
    vertex 29.016200590314927 20.095349874853603 38.15430699999999
    vertex 28.80622445332211 19.96913816292364 38.120232826289055
    vertex 28.846339236153387 19.916859560111902 38.120232826289055
  endloop
endfacet
facet normal -0.5624222244434732 -0.7329629131445365 0.38268343236509494
  outer loop
    vertex 28.592394879757602 19.34635105348916 37.65430699999999
    vertex 28.342024755863314 19.41254507982182 37.413126045102516
    vertex 28.54201365010142 19.259088203976855 37.413126045102516
  endloop
endfacet
facet normal -0.5624222244434732 -0.7329629131445365 0.38268343236509494
  outer loop
    vertex 28.342024755863314 19.41254507982182 37.413126045102516
    vertex 28.592394879757602 19.34635105348916 37.65430699999999
    vertex 28.413274574132114 19.483794898090633 37.65430699999999
  endloop
endfacet
facet normal -0.9159756150367548 -0.12059047744872387 0.38268343236509195
  outer loop
    vertex 28.189429916826064 19.871505217547547 37.65430699999999
    vertex 28.05919774930777 20.095349874853603 37.413126045102516
    vertex 28.09210085505585 19.84542597404614 37.413126045102516
  endloop
endfacet
facet normal -0.9159756150367548 -0.12059047744872387 0.38268343236509195
  outer loop
    vertex 28.05919774930777 20.095349874853603 37.413126045102516
    vertex 28.189429916826064 19.871505217547547 37.65430699999999
    vertex 28.15996020862013 20.095349874853603 37.65430699999999
  endloop
endfacet
facet normal -0.13839755698391212 -0.018220384036911123 0.9902091364082803
  outer loop
    vertex 29.016200590314927 20.095349874853603 38.15430699999999
    vertex 28.772406127035133 20.095349874853603 38.120232826289055
    vertex 28.78100724662844 20.030017885328647 38.120232826289055
  endloop
endfacet
facet normal -0.35355339059326213 -0.14644660940673943 0.9238795325112892
  outer loop
    vertex 28.595553298538192 19.847507114998653 38.02033240378443
    vertex 28.78100724662844 20.030017885328647 38.120232826289055
    vertex 28.546034105689746 19.967057021971122 38.02033240378443
  endloop
endfacet
facet normal -0.35355339059326213 -0.14644660940673943 0.9238795325112892
  outer loop
    vertex 28.78100724662844 20.030017885328647 38.120232826289055
    vertex 28.595553298538192 19.847507114998653 38.02033240378443
    vertex 28.80622445332211 19.96913816292364 38.120232826289055
  endloop
endfacet
facet normal -0.9829629131445368 -0.12940952255123736 0.13052619222005565
  outer loop
    vertex 28.09210085505585 19.84542597404614 37.413126045102516
    vertex 28.024829550895085 20.095349874853603 37.15430699999999
    vertex 28.05890372460601 19.836530829751073 37.15430699999999
  endloop
endfacet
facet normal -0.9829629131445368 -0.12940952255123736 0.13052619222005565
  outer loop
    vertex 28.024829550895085 20.095349874853603 37.15430699999999
    vertex 28.09210085505585 19.84542597404614 37.413126045102516
    vertex 28.05919774930777 20.095349874853603 37.413126045102516
  endloop
endfacet
facet normal -0.629409522551267 -0.4829629131445136 0.6087614290087301
  outer loop
    vertex 28.526616667145824 19.59713699110434 37.861413781186535
    vertex 28.27583072953063 19.66291520371614 37.65430699999999
    vertex 28.413274574132114 19.483794898090633 37.65430699999999
  endloop
endfacet
facet normal -0.629409522551267 -0.4829629131445136 0.6087614290087301
  outer loop
    vertex 28.27583072953063 19.66291520371614 37.65430699999999
    vertex 28.526616667145824 19.59713699110434 37.861413781186535
    vertex 28.414645876661957 19.74306016628001 37.861413781186535
  endloop
endfacet
facet normal -0.6035533905932701 -0.786566092485496 0.1305261922200513
  outer loop
    vertex 28.54201365010142 19.259088203976855 37.413126045102516
    vertex 28.31772276970854 19.388243093667047 37.15430699999999
    vertex 28.524829550895078 19.229324471069166 37.15430699999999
  endloop
endfacet
facet normal -0.6035533905932701 -0.786566092485496 0.1305261922200513
  outer loop
    vertex 28.31772276970854 19.388243093667047 37.15430699999999
    vertex 28.54201365010142 19.259088203976855 37.413126045102516
    vertex 28.342024755863314 19.41254507982182 37.413126045102516
  endloop
endfacet
facet normal -0.08385466943785645 -0.10928153284264251 0.9904675365669641
  outer loop
    vertex 29.016200590314927 20.095349874853603 38.15430699999999
    vertex 28.846339236153387 19.916859560111902 38.120232826289055
    vertex 28.89861783896511 19.876744777280642 38.120232826289055
  endloop
endfacet
facet normal -0.9159756150367474 -0.3794095225512716 0.13052619222006162
  outer loop
    vertex 28.188567880018326 19.61253397405996 37.413126045102516
    vertex 28.05890372460601 19.836530829751073 37.15430699999999
    vertex 28.158804147110633 19.59534987485362 37.15430699999999
  endloop
endfacet
facet normal -0.9159756150367474 -0.3794095225512716 0.13052619222006162
  outer loop
    vertex 28.05890372460601 19.836530829751073 37.15430699999999
    vertex 28.188567880018326 19.61253397405996 37.413126045102516
    vertex 28.09210085505585 19.84542597404614 37.413126045102516
  endloop
endfacet
facet normal -0.37059047744873597 -0.482962913144546 0.7933533402912298
  outer loop
    vertex 28.672539842321473 19.485166200620487 37.861413781186535
    vertex 28.67432695857222 19.744847282530735 38.02033240378443
    vertex 28.526616667145824 19.59713699110434 37.861413781186535
  endloop
endfacet
facet normal -0.37059047744873597 -0.482962913144546 0.7933533402912298
  outer loop
    vertex 28.67432695857222 19.744847282530735 38.02033240378443
    vertex 28.672539842321473 19.485166200620487 37.861413781186535
    vertex 28.77698679104012 19.66607362249672 38.02033240378443
  endloop
endfacet
facet normal -0.7329629131445231 -0.3036031793409734 0.6087614290087267
  outer loop
    vertex 28.414645876661957 19.74306016628001 37.861413781186535
    vertex 28.189429916826064 19.871505217547547 37.65430699999999
    vertex 28.27583072953063 19.66291520371614 37.65430699999999
  endloop
endfacet
facet normal -0.7329629131445231 -0.3036031793409734 0.6087614290087267
  outer loop
    vertex 28.189429916826064 19.871505217547547 37.65430699999999
    vertex 28.414645876661957 19.74306016628001 37.861413781186535
    vertex 28.34425809520089 19.91299130290866 37.861413781186535
  endloop
endfacet
facet normal -0.37940952255125326 -0.0499502112523018 0.9238795325112905
  outer loop
    vertex 28.546034105689746 19.967057021971122 38.02033240378443
    vertex 28.772406127035133 20.095349874853603 38.120232826289055
    vertex 28.529144031185158 20.095349874853603 38.02033240378443
  endloop
endfacet
facet normal -0.37940952255125326 -0.0499502112523018 0.9238795325112905
  outer loop
    vertex 28.772406127035133 20.095349874853603 38.120232826289055
    vertex 28.546034105689746 19.967057021971122 38.02033240378443
    vertex 28.78100724662844 20.030017885328647 38.120232826289055
  endloop
endfacet
facet normal -0.4829629131445513 -0.37059047744873397 0.7933533402912274
  outer loop
    vertex 28.526616667145824 19.59713699110434 37.861413781186535
    vertex 28.595553298538192 19.847507114998653 38.02033240378443
    vertex 28.414645876661957 19.74306016628001 37.861413781186535
  endloop
endfacet
facet normal -0.4829629131445513 -0.37059047744873397 0.7933533402912274
  outer loop
    vertex 28.595553298538192 19.847507114998653 38.02033240378443
    vertex 28.526616667145824 19.59713699110434 37.861413781186535
    vertex 28.67432695857222 19.744847282530735 38.02033240378443
  endloop
endfacet
facet normal -0.5624222244434822 -0.23296291314455778 0.7933533402912264
  outer loop
    vertex 28.414645876661957 19.74306016628001 37.861413781186535
    vertex 28.546034105689746 19.967057021971122 38.02033240378443
    vertex 28.34425809520089 19.91299130290866 37.861413781186535
  endloop
endfacet
facet normal -0.5624222244434822 -0.23296291314455778 0.7933533402912264
  outer loop
    vertex 28.546034105689746 19.967057021971122 38.02033240378443
    vertex 28.414645876661957 19.74306016628001 37.861413781186535
    vertex 28.595553298538192 19.847507114998653 38.02033240378443
  endloop
endfacet
facet normal -0.8535533905932677 -0.3535533905932843 0.3826834323650934
  outer loop
    vertex 28.27583072953063 19.66291520371614 37.65430699999999
    vertex 28.09210085505585 19.84542597404614 37.413126045102516
    vertex 28.188567880018326 19.61253397405996 37.413126045102516
  endloop
endfacet
facet normal -0.8535533905932677 -0.3535533905932843 0.3826834323650934
  outer loop
    vertex 28.09210085505585 19.84542597404614 37.413126045102516
    vertex 28.27583072953063 19.66291520371614 37.65430699999999
    vertex 28.189429916826064 19.871505217547547 37.65430699999999
  endloop
endfacet
facet normal -0.7329629131445448 -0.562422224443468 0.38268343236508673
  outer loop
    vertex 28.413274574132114 19.483794898090633 37.65430699999999
    vertex 28.188567880018326 19.61253397405996 37.413126045102516
    vertex 28.342024755863314 19.41254507982182 37.413126045102516
  endloop
endfacet
facet normal -0.7329629131445448 -0.562422224443468 0.38268343236508673
  outer loop
    vertex 28.188567880018326 19.61253397405996 37.413126045102516
    vertex 28.413274574132114 19.483794898090633 37.65430699999999
    vertex 28.27583072953063 19.66291520371614 37.65430699999999
  endloop
endfacet
facet normal -0.3036031793409577 -0.2329629131445231 0.92387953251129
  outer loop
    vertex 28.67432695857222 19.744847282530735 38.02033240378443
    vertex 28.80622445332211 19.96913816292364 38.120232826289055
    vertex 28.595553298538192 19.847507114998653 38.02033240378443
  endloop
endfacet
facet normal -0.3036031793409577 -0.2329629131445231 0.92387953251129
  outer loop
    vertex 28.80622445332211 19.96913816292364 38.120232826289055
    vertex 28.67432695857222 19.744847282530735 38.02033240378443
    vertex 28.846339236153387 19.916859560111902 38.120232826289055
  endloop
endfacet
facet normal -0.7865660924854998 -0.6035533905932642 0.13052619222005651
  outer loop
    vertex 28.342024755863314 19.41254507982182 37.413126045102516
    vertex 28.158804147110633 19.59534987485362 37.15430699999999
    vertex 28.31772276970854 19.388243093667047 37.15430699999999
  endloop
endfacet
facet normal -0.7865660924854998 -0.6035533905932642 0.13052619222005651
  outer loop
    vertex 28.158804147110633 19.59534987485362 37.15430699999999
    vertex 28.342024755863314 19.41254507982182 37.413126045102516
    vertex 28.188567880018326 19.61253397405996 37.413126045102516
  endloop
endfacet
facet normal -0.48296291314452167 -0.6294095225512639 0.6087614290087269
  outer loop
    vertex 28.672539842321473 19.485166200620487 37.861413781186535
    vertex 28.413274574132114 19.483794898090633 37.65430699999999
    vertex 28.592394879757602 19.34635105348916 37.65430699999999
  endloop
endfacet
facet normal -0.48296291314452167 -0.6294095225512639 0.6087614290087269
  outer loop
    vertex 28.413274574132114 19.483794898090633 37.65430699999999
    vertex 28.672539842321473 19.485166200620487 37.861413781186535
    vertex 28.526616667145824 19.59713699110434 37.861413781186535
  endloop
endfacet
facet normal -0.12866169126381227 -0.053293417479344574 0.9902555129129592
  outer loop
    vertex 29.016200590314927 20.095349874853603 38.15430699999999
    vertex 28.78100724662844 20.030017885328647 38.120232826289055
    vertex 28.80622445332211 19.96913816292364 38.120232826289055
  endloop
endfacet
facet normal 0.05871412192071207 -0.11681616588118253 0.9914164792234895
  outer loop
    vertex 29.090161540420016 19.851527570586963 38.120232826289055
    vertex 29.051103918441104 20.08631355659709 38.14975202040948
    vertex 29.016200590314927 20.095349874853603 38.15430699999999
  endloop
endfacet
facet normal 0.05871412192071207 -0.11681616588118253 0.9914164792234895
  outer loop
    vertex 29.051103918441104 20.08631355659709 38.14975202040948
    vertex 29.090161540420016 19.851527570586963 38.120232826289055
    vertex 29.151041262825057 19.876744777280642 38.120232826289055
  endloop
endfacet
facet normal -0.052304661680505043 -0.1262746236043928 0.9906154358781499
  outer loop
    vertex 29.016200590314927 20.095349874853603 38.15430699999999
    vertex 28.89861783896511 19.876744777280642 38.120232826289055
    vertex 28.959497561370146 19.851527570586963 38.120232826289055
  endloop
endfacet
facet normal 0.3794095225512587 -0.9159756150367548 0.13052619222004688
  outer loop
    vertex 29.507645451688745 19.259088203976855 37.413126045102516
    vertex 29.2836485959976 19.129424048564534 37.15430699999999
    vertex 29.524829550895088 19.229324471069166 37.15430699999999
  endloop
endfacet
facet normal 0.3794095225512587 -0.9159756150367548 0.13052619222004688
  outer loop
    vertex 29.2836485959976 19.129424048564534 37.15430699999999
    vertex 29.507645451688745 19.259088203976855 37.413126045102516
    vertex 29.274753451702534 19.162621179014373 37.413126045102516
  endloop
endfacet
facet normal -0.353553390593275 -0.8535533905932708 0.38268343236509517
  outer loop
    vertex 28.800984893589032 19.259950240784583 37.65430699999999
    vertex 28.54201365010142 19.259088203976855 37.413126045102516
    vertex 28.774905650087632 19.162621179014373 37.413126045102516
  endloop
endfacet
facet normal -0.353553390593275 -0.8535533905932708 0.38268343236509517
  outer loop
    vertex 28.54201365010142 19.259088203976855 37.413126045102516
    vertex 28.800984893589032 19.259950240784583 37.65430699999999
    vertex 28.592394879757602 19.34635105348916 37.65430699999999
  endloop
endfacet
facet normal 0.8535533905932695 -0.3535533905932783 0.38268343236509517
  outer loop
    vertex 29.957558246734312 19.84542597404614 37.413126045102516
    vertex 29.773828372259537 19.662915203716135 37.65430699999999
    vertex 29.86109122177184 19.612533974059957 37.413126045102516
  endloop
endfacet
facet normal 0.8535533905932695 -0.3535533905932783 0.38268343236509517
  outer loop
    vertex 29.773828372259537 19.662915203716135 37.65430699999999
    vertex 29.957558246734312 19.84542597404614 37.413126045102516
    vertex 29.8602291849641 19.871505217547547 37.65430699999999
  endloop
endfacet
facet normal 0.35355339059326557 -0.14644660940672594 0.92387953251129
  outer loop
    vertex 29.454105803251974 19.847507114998646 38.02033240378443
    vertex 29.268651855161718 20.030017885328647 38.120232826289055
    vertex 29.243434648468053 19.969138162923635 38.120232826289055
  endloop
endfacet
facet normal 0.35355339059326557 -0.14644660940672594 0.92387953251129
  outer loop
    vertex 29.268651855161718 20.030017885328647 38.120232826289055
    vertex 29.454105803251974 19.847507114998646 38.02033240378443
    vertex 29.503624996100417 19.967057021971122 38.02033240378443
  endloop
endfacet
facet normal -0.2329629131445187 -0.3036031793409602 0.9238795325112903
  outer loop
    vertex 28.77698679104012 19.66607362249672 38.02033240378443
    vertex 28.846339236153387 19.916859560111902 38.120232826289055
    vertex 28.67432695857222 19.744847282530735 38.02033240378443
  endloop
endfacet
facet normal -0.2329629131445187 -0.3036031793409602 0.9238795325112903
  outer loop
    vertex 28.846339236153387 19.916859560111902 38.120232826289055
    vertex 28.77698679104012 19.66607362249672 38.02033240378443
    vertex 28.89861783896511 19.876744777280642 38.120232826289055
  endloop
endfacet
facet normal 0.35355339059327506 -0.8535533905932708 0.3826834323650951
  outer loop
    vertex 29.45726422203256 19.34635105348916 37.65430699999999
    vertex 29.274753451702534 19.162621179014373 37.413126045102516
    vertex 29.507645451688745 19.259088203976855 37.413126045102516
  endloop
endfacet
facet normal 0.35355339059327506 -0.8535533905932708 0.3826834323650951
  outer loop
    vertex 29.274753451702534 19.162621179014373 37.413126045102516
    vertex 29.45726422203256 19.34635105348916 37.65430699999999
    vertex 29.24867420820113 19.259950240784583 37.65430699999999
  endloop
endfacet
facet normal -0.3794095225512587 -0.9159756150367548 0.13052619222004685
  outer loop
    vertex 28.774905650087632 19.162621179014373 37.413126045102516
    vertex 28.524829550895078 19.229324471069166 37.15430699999999
    vertex 28.766010505792565 19.129424048564534 37.15430699999999
  endloop
endfacet
facet normal -0.3794095225512587 -0.9159756150367548 0.13052619222004685
  outer loop
    vertex 28.524829550895078 19.229324471069166 37.15430699999999
    vertex 28.774905650087632 19.162621179014373 37.413126045102516
    vertex 28.54201365010142 19.259088203976855 37.413126045102516
  endloop
endfacet
facet normal 0.12149000076045847 -0.05032280600769627 0.9913161932051425
  outer loop
    vertex 29.268651855161718 20.030017885328647 38.120232826289055
    vertex 29.051103918441104 20.08631355659709 38.14975202040948
    vertex 29.243434648468053 19.969138162923635 38.120232826289055
  endloop
endfacet
facet normal 0.7329629131445281 -0.30360317934096653 0.6087614290087241
  outer loop
    vertex 29.8602291849641 19.871505217547547 37.65430699999999
    vertex 29.635013225128205 19.743060166280003 37.861413781186535
    vertex 29.773828372259537 19.662915203716135 37.65430699999999
  endloop
endfacet
facet normal 0.7329629131445281 -0.30360317934096653 0.6087614290087241
  outer loop
    vertex 29.635013225128205 19.743060166280003 37.861413781186535
    vertex 29.8602291849641 19.871505217547547 37.65430699999999
    vertex 29.705401006589277 19.91299130290866 37.861413781186535
  endloop
endfacet
facet normal 0.5624222244434853 -0.2329629131445502 0.7933533402912264
  outer loop
    vertex 29.635013225128205 19.743060166280003 37.861413781186535
    vertex 29.503624996100417 19.967057021971122 38.02033240378443
    vertex 29.454105803251974 19.847507114998646 38.02033240378443
  endloop
endfacet
facet normal 0.5624222244434853 -0.2329629131445502 0.7933533402912264
  outer loop
    vertex 29.503624996100417 19.967057021971122 38.02033240378443
    vertex 29.635013225128205 19.743060166280003 37.861413781186535
    vertex 29.705401006589277 19.91299130290866 37.861413781186535
  endloop
endfacet
facet normal -0.3036031793409622 -0.7329629131445278 0.6087614290087269
  outer loop
    vertex 28.84247097895015 19.41477841915941 37.861413781186535
    vertex 28.592394879757602 19.34635105348916 37.65430699999999
    vertex 28.800984893589032 19.259950240784583 37.65430699999999
  endloop
endfacet
facet normal -0.3036031793409622 -0.7329629131445278 0.6087614290087269
  outer loop
    vertex 28.592394879757602 19.34635105348916 37.65430699999999
    vertex 28.84247097895015 19.41477841915941 37.861413781186535
    vertex 28.672539842321473 19.485166200620487 37.861413781186535
  endloop
endfacet
facet normal 0.9159756150367494 -0.379409522551268 0.13052619222005754
  outer loop
    vertex 29.990755377184154 19.836530829751073 37.15430699999999
    vertex 29.86109122177184 19.612533974059957 37.413126045102516
    vertex 29.890854954679533 19.59534987485362 37.15430699999999
  endloop
endfacet
facet normal 0.9159756150367494 -0.379409522551268 0.13052619222005754
  outer loop
    vertex 29.86109122177184 19.612533974059957 37.413126045102516
    vertex 29.990755377184154 19.836530829751073 37.15430699999999
    vertex 29.957558246734312 19.84542597404614 37.413126045102516
  endloop
endfacet
facet normal -0.2329629131445397 -0.5624222244434854 0.7933533402912295
  outer loop
    vertex 28.84247097895015 19.41477841915941 37.861413781186535
    vertex 28.77698679104012 19.66607362249672 38.02033240378443
    vertex 28.672539842321473 19.485166200620487 37.861413781186535
  endloop
endfacet
facet normal -0.2329629131445397 -0.5624222244434854 0.7933533402912295
  outer loop
    vertex 28.77698679104012 19.66607362249672 38.02033240378443
    vertex 28.84247097895015 19.41477841915941 37.861413781186535
    vertex 28.896536698012618 19.616554429648268 38.02033240378443
  endloop
endfacet
facet normal 0.14644660940672977 -0.35355339059326424 0.92387953251129
  outer loop
    vertex 29.153122403777544 19.616554429648268 38.02033240378443
    vertex 29.151041262825057 19.876744777280642 38.120232826289055
    vertex 29.090161540420016 19.851527570586963 38.120232826289055
  endloop
endfacet
facet normal 0.14644660940672977 -0.35355339059326424 0.92387953251129
  outer loop
    vertex 29.151041262825057 19.876744777280642 38.120232826289055
    vertex 29.153122403777544 19.616554429648268 38.02033240378443
    vertex 29.272672310750043 19.66607362249672 38.02033240378443
  endloop
endfacet
facet normal 0.2329629131445397 -0.5624222244434854 0.7933533402912297
  outer loop
    vertex 29.207188122840012 19.41477841915941 37.861413781186535
    vertex 29.272672310750043 19.66607362249672 38.02033240378443
    vertex 29.153122403777544 19.616554429648268 38.02033240378443
  endloop
endfacet
facet normal 0.2329629131445397 -0.5624222244434854 0.7933533402912297
  outer loop
    vertex 29.272672310750043 19.66607362249672 38.02033240378443
    vertex 29.207188122840012 19.41477841915941 37.861413781186535
    vertex 29.37711925946869 19.485166200620487 37.861413781186535
  endloop
endfacet
facet normal -0.14644660940672977 -0.35355339059326424 0.92387953251129
  outer loop
    vertex 28.896536698012618 19.616554429648268 38.02033240378443
    vertex 28.89861783896511 19.876744777280642 38.120232826289055
    vertex 28.77698679104012 19.66607362249672 38.02033240378443
  endloop
endfacet
facet normal -0.14644660940672977 -0.35355339059326424 0.92387953251129
  outer loop
    vertex 28.89861783896511 19.876744777280642 38.120232826289055
    vertex 28.896536698012618 19.616554429648268 38.02033240378443
    vertex 28.959497561370146 19.851527570586963 38.120232826289055
  endloop
endfacet
facet normal 0.30360317934096226 -0.7329629131445277 0.6087614290087268
  outer loop
    vertex 29.37711925946869 19.485166200620487 37.861413781186535
    vertex 29.24867420820113 19.259950240784583 37.65430699999999
    vertex 29.45726422203256 19.34635105348916 37.65430699999999
  endloop
endfacet
facet normal 0.30360317934096226 -0.7329629131445277 0.6087614290087268
  outer loop
    vertex 29.24867420820113 19.259950240784583 37.65430699999999
    vertex 29.37711925946869 19.485166200620487 37.861413781186535
    vertex 29.207188122840012 19.41477841915941 37.861413781186535
  endloop
endfacet
facet normal -1.0 0.0 0.0
  outer loop
    vertex 45.52482955089507 23.12971807326629 37.413126045102516
    vertex 45.52482955089507 23.095349874853603 5.654306999999986
    vertex 45.52482955089507 23.095349874853603 37.15430699999999
  endloop
endfacet
facet normal -1.0 0.0 0.0
  outer loop
    vertex 45.52482955089507 23.095349874853603 5.654306999999986
    vertex 45.52482955089507 23.12971807326629 37.413126045102516
    vertex 45.52482955089507 25.0953498748536 5.654306999999986
  endloop
endfacet
facet normal -1.0 0.0 0.0
  outer loop
    vertex 45.52482955089507 25.0953498748536 5.654306999999986
    vertex 45.52482955089507 23.12971807326629 37.413126045102516
    vertex 45.52482955089507 23.23048053257865 37.65430699999999
  endloop
endfacet
facet normal -1.0 0.0 0.0
  outer loop
    vertex 45.52482955089507 25.0953498748536 5.654306999999986
    vertex 45.52482955089507 23.23048053257865 37.65430699999999
    vertex 45.52482955089507 23.39077045770639 37.861413781186535
  endloop
endfacet
facet normal -1.0 0.0 0.0
  outer loop
    vertex 45.52482955089507 25.0953498748536 5.654306999999986
    vertex 45.52482955089507 23.39077045770639 37.861413781186535
    vertex 45.52482955089507 23.59966435514368 38.02033240378443
  endloop
endfacet
facet normal -1.0 0.0 0.0
  outer loop
    vertex 45.52482955089507 25.0953498748536 5.654306999999986
    vertex 45.52482955089507 23.59966435514368 38.02033240378443
    vertex 45.52482955089507 23.84292645099365 38.120232826289055
  endloop
endfacet
facet normal -1.0 0.0 0.0
  outer loop
    vertex 45.52482955089507 25.0953498748536 5.654306999999986
    vertex 45.52482955089507 23.84292645099365 38.120232826289055
    vertex 45.52482955089507 24.086720914273446 38.15430699999999
  endloop
endfacet
facet normal -1.0 0.0 0.0
  outer loop
    vertex 45.52482955089507 25.0953498748536 5.654306999999986
    vertex 45.52482955089507 24.086720914273446 38.15430699999999
    vertex 45.52482955089507 24.34777329871355 38.120232826289055
  endloop
endfacet
facet normal -1.0 0.0 0.0
  outer loop
    vertex 45.52482955089507 25.0953498748536 5.654306999999986
    vertex 45.52482955089507 24.34777329871355 38.120232826289055
    vertex 45.52482955089507 24.591035394563523 38.02033240378443
  endloop
endfacet
facet normal -1.0 0.0 0.0
  outer loop
    vertex 45.52482955089507 25.0953498748536 5.654306999999986
    vertex 45.52482955089507 24.591035394563523 38.02033240378443
    vertex 45.52482955089507 24.79992929200081 37.861413781186535
  endloop
endfacet
facet normal -1.0 0.0 0.0
  outer loop
    vertex 45.52482955089507 25.0953498748536 5.654306999999986
    vertex 45.52482955089507 24.79992929200081 37.861413781186535
    vertex 45.52482955089507 24.960219217128554 37.65430699999999
  endloop
endfacet
facet normal -1.0 0.0 0.0
  outer loop
    vertex 45.52482955089507 25.0953498748536 5.654306999999986
    vertex 45.52482955089507 24.960219217128554 37.65430699999999
    vertex 45.52482955089507 25.060981676440914 37.413126045102516
  endloop
endfacet
facet normal -1.0 0.0 0.0
  outer loop
    vertex 45.52482955089507 25.0953498748536 5.654306999999986
    vertex 45.52482955089507 25.060981676440914 37.413126045102516
    vertex 45.52482955089507 25.0953498748536 37.15430699999999
  endloop
endfacet
facet normal 0.0 1.0 0.0
  outer loop
    vertex 38.52482955089506 20.095349874853603 37.15430699999999
    vertex 40.52482955089507 20.095349874853603 5.654306999999975
    vertex 38.52482955089506 20.095349874853603 5.654306999999975
  endloop
endfacet
facet normal 0.0 1.0 0.0
  outer loop
    vertex 40.52482955089507 20.095349874853603 5.654306999999975
    vertex 38.52482955089506 20.095349874853603 37.15430699999999
    vertex 40.52482955089507 20.095349874853603 37.15430699999999
  endloop
endfacet
facet normal 0.0 1.0 0.0
  outer loop
    vertex 40.52482955089507 20.095349874853603 37.15430699999999
    vertex 38.52482955089506 20.095349874853603 37.15430699999999
    vertex 38.55919774930775 20.095349874853603 37.413126045102516
  endloop
endfacet
facet normal 0.0 1.0 0.0
  outer loop
    vertex 40.52482955089507 20.095349874853603 37.15430699999999
    vertex 38.55919774930775 20.095349874853603 37.413126045102516
    vertex 40.490461352482384 20.095349874853603 37.413126045102516
  endloop
endfacet
facet normal 0.0 1.0 0.0
  outer loop
    vertex 40.490461352482384 20.095349874853603 37.413126045102516
    vertex 38.55919774930775 20.095349874853603 37.413126045102516
    vertex 38.65996020862011 20.095349874853603 37.65430699999999
  endloop
endfacet
facet normal 0.0 1.0 0.0
  outer loop
    vertex 40.490461352482384 20.095349874853603 37.413126045102516
    vertex 38.65996020862011 20.095349874853603 37.65430699999999
    vertex 40.38969889317003 20.095349874853603 37.65430699999999
  endloop
endfacet
facet normal 0.0 1.0 0.0
  outer loop
    vertex 40.38969889317003 20.095349874853603 37.65430699999999
    vertex 38.65996020862011 20.095349874853603 37.65430699999999
    vertex 38.820250133747855 20.095349874853603 37.861413781186535
  endloop
endfacet
facet normal 0.0 1.0 0.0
  outer loop
    vertex 40.38969889317003 20.095349874853603 37.65430699999999
    vertex 38.820250133747855 20.095349874853603 37.861413781186535
    vertex 40.229408968042286 20.095349874853603 37.861413781186535
  endloop
endfacet
facet normal 0.0 1.0 0.0
  outer loop
    vertex 40.229408968042286 20.095349874853603 37.861413781186535
    vertex 38.820250133747855 20.095349874853603 37.861413781186535
    vertex 39.02914403118514 20.095349874853603 38.02033240378443
  endloop
endfacet
facet normal 0.0 1.0 0.0
  outer loop
    vertex 40.229408968042286 20.095349874853603 37.861413781186535
    vertex 39.02914403118514 20.095349874853603 38.02033240378443
    vertex 40.02051507060499 20.095349874853603 38.02033240378443
  endloop
endfacet
facet normal 0.0 1.0 0.0
  outer loop
    vertex 40.02051507060499 20.095349874853603 38.02033240378443
    vertex 39.02914403118514 20.095349874853603 38.02033240378443
    vertex 39.27240612703511 20.095349874853603 38.120232826289055
  endloop
endfacet
facet normal 0.0 1.0 0.0
  outer loop
    vertex 40.02051507060499 20.095349874853603 38.02033240378443
    vertex 39.27240612703511 20.095349874853603 38.120232826289055
    vertex 39.777252974755015 20.095349874853603 38.120232826289055
  endloop
endfacet
facet normal 0.0 1.0 0.0
  outer loop
    vertex 39.777252974755015 20.095349874853603 38.120232826289055
    vertex 39.27240612703511 20.095349874853603 38.120232826289055
    vertex 39.53345851147522 20.095349874853603 38.15430699999999
  endloop
endfacet
facet normal 0.0 1.0 0.0
  outer loop
    vertex 40.490461352482384 20.095349874853603 37.413126045102516
    vertex 40.52482955089507 20.095349874853603 38.15430699999999
    vertex 40.52482955089507 20.095349874853603 37.15430699999999
  endloop
endfacet
facet normal 0.0 1.0 0.0
  outer loop
    vertex 40.52482955089507 20.095349874853603 38.15430699999999
    vertex 40.490461352482384 20.095349874853603 37.413126045102516
    vertex 40.38969889317003 20.095349874853603 37.65430699999999
  endloop
endfacet
facet normal 0.0 1.0 0.0
  outer loop
    vertex 40.52482955089507 20.095349874853603 38.15430699999999
    vertex 40.38969889317003 20.095349874853603 37.65430699999999
    vertex 40.229408968042286 20.095349874853603 37.861413781186535
  endloop
endfacet
facet normal 0.0 1.0 0.0
  outer loop
    vertex 40.52482955089507 20.095349874853603 38.15430699999999
    vertex 40.229408968042286 20.095349874853603 37.861413781186535
    vertex 40.02051507060499 20.095349874853603 38.02033240378443
  endloop
endfacet
facet normal 0.0 1.0 0.0
  outer loop
    vertex 40.52482955089507 20.095349874853603 38.15430699999999
    vertex 40.02051507060499 20.095349874853603 38.02033240378443
    vertex 39.777252974755015 20.095349874853603 38.120232826289055
  endloop
endfacet
facet normal 0.0 1.0 0.0
  outer loop
    vertex 40.52482955089507 20.095349874853603 38.15430699999999
    vertex 39.777252974755015 20.095349874853603 38.120232826289055
    vertex 39.53345851147522 20.095349874853603 38.15430699999999
  endloop
endfacet
facet normal 0.00032797934104829664 0.9999999456957315 3.221934041452137e-05
  outer loop
    vertex 29.016200590314927 20.095349874853603 38.15430699999999
    vertex 29.051103918441104 20.08631355659709 38.14975202040948
    vertex 28.772406127035133 20.095349874853603 38.120232826289055
  endloop
endfacet
facet normal 0.00032797934104829664 0.9999999456957315 3.221934041452137e-05
  outer loop
    vertex 28.024829550895085 20.095349874853603 37.15430699999999
    vertex 30.02482955089508 20.095349874853603 5.6543069999999975
    vertex 28.024829550895085 20.095349874853603 5.6543069999999975
  endloop
endfacet
facet normal 0.00032797934104829664 0.9999999456957315 3.221934041452137e-05
  outer loop
    vertex 30.02482955089508 20.095349874853603 5.6543069999999975
    vertex 28.024829550895085 20.095349874853603 37.15430699999999
    vertex 30.02482955089508 20.095349874853603 37.15430699999999
  endloop
endfacet
facet normal 0.00032797934104829664 0.9999999456957315 3.221934041452137e-05
  outer loop
    vertex 30.02482955089508 20.095349874853603 37.15430699999999
    vertex 28.024829550895085 20.095349874853603 37.15430699999999
    vertex 28.05919774930777 20.095349874853603 37.413126045102516
  endloop
endfacet
facet normal 0.00032797934104829664 0.9999999456957315 3.221934041452137e-05
  outer loop
    vertex 30.02482955089508 20.095349874853603 37.15430699999999
    vertex 28.05919774930777 20.095349874853603 37.413126045102516
    vertex 30.02482955089508 20.095349874853603 38.15430699999999
  endloop
endfacet
facet normal 0.00032797934104829664 0.9999999456957315 3.221934041452137e-05
  outer loop
    vertex 30.02482955089508 20.095349874853603 38.15430699999999
    vertex 28.05919774930777 20.095349874853603 37.413126045102516
    vertex 28.15996020862013 20.095349874853603 37.65430699999999
  endloop
endfacet
facet normal 0.00032797934104829664 0.9999999456957315 3.221934041452137e-05
  outer loop
    vertex 30.02482955089508 20.095349874853603 38.15430699999999
    vertex 28.15996020862013 20.095349874853603 37.65430699999999
    vertex 28.320250133747873 20.095349874853603 37.861413781186535
  endloop
endfacet
facet normal 0.00032797934104829664 0.9999999456957315 3.221934041452137e-05
  outer loop
    vertex 30.02482955089508 20.095349874853603 38.15430699999999
    vertex 28.320250133747873 20.095349874853603 37.861413781186535
    vertex 28.529144031185158 20.095349874853603 38.02033240378443
  endloop
endfacet
facet normal 0.00032797934104829664 0.9999999456957315 3.221934041452137e-05
  outer loop
    vertex 30.02482955089508 20.095349874853603 38.15430699999999
    vertex 28.529144031185158 20.095349874853603 38.02033240378443
    vertex 28.772406127035133 20.095349874853603 38.120232826289055
  endloop
endfacet
facet normal 0.00032797934104829664 0.9999999456957315 3.221934041452137e-05
  outer loop
    vertex 30.02482955089508 20.095349874853603 38.15430699999999
    vertex 28.772406127035133 20.095349874853603 38.120232826289055
    vertex 29.051103918441104 20.08631355659709 38.14975202040948
  endloop
endfacet
facet normal -0.9914448613738103 -0.13052619222005285 5.852095209848205e-18
  outer loop
    vertex 17.558903724606026 19.836530829751087 37.15430699999999
    vertex 17.524829550895095 20.095349874853603 5.654306999999992
    vertex 17.558903724606026 19.836530829751084 5.654306999999992
  endloop
endfacet
facet normal -0.9914448613738103 -0.13052619222005285 5.852095209848205e-18
  outer loop
    vertex 17.524829550895095 20.095349874853603 5.654306999999992
    vertex 17.558903724606026 19.836530829751087 37.15430699999999
    vertex 17.524829550895095 20.095349874853603 37.15430699999999
  endloop
endfacet
facet normal -0.9238795325112857 -0.38268343236509217 4.1529717518013764e-17
  outer loop
    vertex 17.558903724606026 19.836530829751087 37.15430699999999
    vertex 17.658804147110658 19.595349874853603 5.654306999999992
    vertex 17.658804147110658 19.5953498748536 37.15430699999999
  endloop
endfacet
facet normal -0.9238795325112857 -0.38268343236509217 4.1529717518013764e-17
  outer loop
    vertex 17.658804147110658 19.595349874853603 5.654306999999992
    vertex 17.558903724606026 19.836530829751087 37.15430699999999
    vertex 17.558903724606026 19.836530829751084 5.654306999999992
  endloop
endfacet
facet normal -0.7933533402912425 -0.6087614290087111 0.0
  outer loop
    vertex 17.817722769708542 19.388243093667057 37.15430699999999
    vertex 17.658804147110658 19.595349874853603 5.654306999999992
    vertex 17.817722769708546 19.388243093667054 5.654306999999992
  endloop
endfacet
facet normal -0.7933533402912425 -0.6087614290087111 0.0
  outer loop
    vertex 17.658804147110658 19.595349874853603 5.654306999999992
    vertex 17.817722769708542 19.388243093667057 37.15430699999999
    vertex 17.658804147110658 19.5953498748536 37.15430699999999
  endloop
endfacet
facet normal -0.608761429008718 -0.7933533402912372 1.661202825213268e-17
  outer loop
    vertex 18.02482955089509 19.229324471069166 37.15430699999999
    vertex 17.817722769708546 19.388243093667054 5.654306999999992
    vertex 18.024829550895095 19.229324471069162 5.654306999999992
  endloop
endfacet
facet normal -0.608761429008718 -0.7933533402912372 1.661202825213268e-17
  outer loop
    vertex 17.817722769708546 19.388243093667054 5.654306999999992
    vertex 18.02482955089509 19.229324471069166 37.15430699999999
    vertex 17.817722769708542 19.388243093667057 37.15430699999999
  endloop
endfacet
facet normal -0.3826834323650902 -0.9238795325112865 5.857928388217726e-17
  outer loop
    vertex 18.26601050579258 19.129424048564534 37.15430699999999
    vertex 18.024829550895095 19.229324471069162 5.654306999999992
    vertex 18.266010505792572 19.129424048564534 5.654306999999992
  endloop
endfacet
facet normal -0.3826834323650902 -0.9238795325112865 5.857928388217726e-17
  outer loop
    vertex 18.024829550895095 19.229324471069162 5.654306999999992
    vertex 18.26601050579258 19.129424048564534 37.15430699999999
    vertex 18.02482955089509 19.229324471069166 37.15430699999999
  endloop
endfacet
facet normal -0.13052619222005216 -0.9914448613738105 1.1704190419696348e-17
  outer loop
    vertex 18.524829550895095 19.095349874853603 37.15430699999999
    vertex 18.266010505792572 19.129424048564534 5.654306999999992
    vertex 18.524829550895095 19.095349874853603 5.654306999999992
  endloop
endfacet
facet normal -0.13052619222005216 -0.9914448613738105 1.1704190419696348e-17
  outer loop
    vertex 18.266010505792572 19.129424048564534 5.654306999999992
    vertex 18.524829550895095 19.095349874853603 37.15430699999999
    vertex 18.26601050579258 19.129424048564534 37.15430699999999
  endloop
endfacet
facet normal 0.13052619222005285 -0.9914448613738103 5.852095209848205e-18
  outer loop
    vertex 18.78364859599761 19.129424048564534 37.15430699999999
    vertex 18.524829550895095 19.095349874853603 5.654306999999992
    vertex 18.783648595997615 19.129424048564534 5.654306999999992
  endloop
endfacet
facet normal 0.13052619222005285 -0.9914448613738103 5.852095209848205e-18
  outer loop
    vertex 18.524829550895095 19.095349874853603 5.654306999999992
    vertex 18.78364859599761 19.129424048564534 37.15430699999999
    vertex 18.524829550895095 19.095349874853603 37.15430699999999
  endloop
endfacet
facet normal 0.38268343236509217 -0.9238795325112857 4.1529717518013764e-17
  outer loop
    vertex 19.0248295508951 19.229324471069166 37.15430699999999
    vertex 18.783648595997615 19.129424048564534 5.654306999999992
    vertex 19.024829550895095 19.229324471069162 5.654306999999992
  endloop
endfacet
facet normal 0.38268343236509217 -0.9238795325112857 4.1529717518013764e-17
  outer loop
    vertex 18.783648595997615 19.129424048564534 5.654306999999992
    vertex 19.0248295508951 19.229324471069166 37.15430699999999
    vertex 18.78364859599761 19.129424048564534 37.15430699999999
  endloop
endfacet
facet normal 0.6087614290087111 -0.7933533402912425 0.0
  outer loop
    vertex 19.23193633208164 19.38824309366705 37.15430699999999
    vertex 19.024829550895095 19.229324471069162 5.654306999999992
    vertex 19.231936332081645 19.388243093667054 5.654306999999992
  endloop
endfacet
facet normal 0.6087614290087111 -0.7933533402912425 0.0
  outer loop
    vertex 19.024829550895095 19.229324471069162 5.654306999999992
    vertex 19.23193633208164 19.38824309366705 37.15430699999999
    vertex 19.0248295508951 19.229324471069166 37.15430699999999
  endloop
endfacet
facet normal 0.7933533402912393 -0.6087614290087153 4.3733971628885083e-17
  outer loop
    vertex 19.231936332081645 19.388243093667054 5.654306999999992
    vertex 19.390854954679533 19.5953498748536 37.15430699999999
    vertex 19.23193633208164 19.38824309366705 37.15430699999999
  endloop
endfacet
facet normal 0.7933533402912393 -0.6087614290087153 4.3733971628885083e-17
  outer loop
    vertex 19.390854954679533 19.5953498748536 37.15430699999999
    vertex 19.231936332081645 19.388243093667054 5.654306999999992
    vertex 19.390854954679536 19.5953498748536 5.654306999999992
  endloop
endfacet
facet normal 0.9238795325112873 -0.38268343236508834 7.562885024634058e-17
  outer loop
    vertex 19.490755377184165 19.836530829751084 5.654306999999992
    vertex 19.390854954679533 19.5953498748536 37.15430699999999
    vertex 19.390854954679536 19.5953498748536 5.654306999999992
  endloop
endfacet
facet normal 0.9238795325112873 -0.38268343236508834 7.562885024634058e-17
  outer loop
    vertex 19.390854954679533 19.5953498748536 37.15430699999999
    vertex 19.490755377184165 19.836530829751084 5.654306999999992
    vertex 19.490755377184165 19.836530829751087 37.15430699999999
  endloop
endfacet
facet normal 0.9914448613738103 -0.13052619222005357 1.1704190419696473e-17
  outer loop
    vertex 19.524829550895095 20.095349874853603 5.654306999999992
    vertex 19.490755377184165 19.836530829751087 37.15430699999999
    vertex 19.490755377184165 19.836530829751084 5.654306999999992
  endloop
endfacet
facet normal 0.9914448613738103 -0.13052619222005357 1.1704190419696473e-17
  outer loop
    vertex 19.490755377184165 19.836530829751087 37.15430699999999
    vertex 19.524829550895095 20.095349874853603 5.654306999999992
    vertex 19.524829550895095 20.095349874853603 37.15430699999999
  endloop
endfacet
facet normal -0.1305261922200518 -0.9914448613738105 2.907644789798737e-18
  outer loop
    vertex 12.524829550895095 23.095349874853603 37.15430699999999
    vertex 12.266010505792574 23.129424048564534 5.654306999999986
    vertex 12.524829550895095 23.095349874853603 5.654306999999986
  endloop
endfacet
facet normal -0.1305261922200518 -0.9914448613738105 2.907644789798737e-18
  outer loop
    vertex 12.266010505792574 23.129424048564534 5.654306999999986
    vertex 12.524829550895095 23.095349874853603 37.15430699999999
    vertex 12.266010505792575 23.129424048564534 37.15430699999999
  endloop
endfacet
facet normal -0.13052619222003864 0.991444861373812 -2.391725420958521e-17
  outer loop
    vertex 12.266010505792586 25.061275701142673 37.15430699999999
    vertex 12.524829550895095 25.0953498748536 5.654306999999986
    vertex 12.266010505792575 25.06127570114267 5.654306999999986
  endloop
endfacet
facet normal -0.13052619222003864 0.991444861373812 -2.391725420958521e-17
  outer loop
    vertex 12.524829550895095 25.0953498748536 5.654306999999986
    vertex 12.266010505792586 25.061275701142673 37.15430699999999
    vertex 12.524829550895095 25.0953498748536 37.15430699999999
  endloop
endfacet
facet normal -0.3826834323650892 0.9238795325112871 1.8575399348055936e-17
  outer loop
    vertex 12.024829550895097 24.96137527863804 37.15430699999999
    vertex 12.266010505792575 25.06127570114267 5.654306999999986
    vertex 12.024829550895097 24.96137527863804 5.654306999999986
  endloop
endfacet
facet normal -0.3826834323650892 0.9238795325112871 1.8575399348055936e-17
  outer loop
    vertex 12.266010505792575 25.06127570114267 5.654306999999986
    vertex 12.024829550895097 24.96137527863804 37.15430699999999
    vertex 12.266010505792586 25.061275701142673 37.15430699999999
  endloop
endfacet
facet normal -0.6087614290087275 0.7933533402912298 3.028485438598001e-17
  outer loop
    vertex 11.817722769708544 24.802456656040142 37.15430699999999
    vertex 12.024829550895097 24.96137527863804 5.654306999999986
    vertex 11.81772276970855 24.802456656040146 5.654306999999986
  endloop
endfacet
facet normal -0.6087614290087275 0.7933533402912298 3.028485438598001e-17
  outer loop
    vertex 12.024829550895097 24.96137527863804 5.654306999999986
    vertex 11.817722769708544 24.802456656040142 37.15430699999999
    vertex 12.024829550895097 24.96137527863804 37.15430699999999
  endloop
endfacet
facet normal -0.7933533402912347 0.6087614290087214 1.0609741325408603e-18
  outer loop
    vertex 11.817722769708544 24.802456656040142 37.15430699999999
    vertex 11.658804147110658 24.5953498748536 5.654306999999986
    vertex 11.658804147110658 24.5953498748536 37.15430699999999
  endloop
endfacet
facet normal -0.7933533402912347 0.6087614290087214 1.0609741325408603e-18
  outer loop
    vertex 11.658804147110658 24.5953498748536 5.654306999999986
    vertex 11.817722769708544 24.802456656040142 37.15430699999999
    vertex 11.81772276970855 24.802456656040146 5.654306999999986
  endloop
endfacet
facet normal -0.9238795325112846 0.3826834323650951 0.0
  outer loop
    vertex 11.658804147110658 24.5953498748536 37.15430699999999
    vertex 11.558903724606028 24.354168919956123 5.654306999999986
    vertex 11.558903724606028 24.354168919956123 37.15430699999999
  endloop
endfacet
facet normal -0.9238795325112846 0.3826834323650951 0.0
  outer loop
    vertex 11.558903724606028 24.354168919956123 5.654306999999986
    vertex 11.658804147110658 24.5953498748536 37.15430699999999
    vertex 11.658804147110658 24.5953498748536 5.654306999999986
  endloop
endfacet
facet normal -0.9914448613738105 0.13052619222005077 0.0
  outer loop
    vertex 11.558903724606028 24.354168919956123 37.15430699999999
    vertex 11.524829550895095 24.0953498748536 5.654306999999986
    vertex 11.524829550895095 24.0953498748536 37.15430699999999
  endloop
endfacet
facet normal -0.9914448613738105 0.13052619222005077 0.0
  outer loop
    vertex 11.524829550895095 24.0953498748536 5.654306999999986
    vertex 11.558903724606028 24.354168919956123 37.15430699999999
    vertex 11.558903724606028 24.354168919956123 5.654306999999986
  endloop
endfacet
facet normal -0.9914448613738105 -0.13052619222005143 -5.815289579597521e-18
  outer loop
    vertex 11.524829550895095 24.0953498748536 37.15430699999999
    vertex 11.558903724606028 23.83653082975108 5.654306999999986
    vertex 11.558903724606028 23.83653082975108 37.15430699999999
  endloop
endfacet
facet normal -0.9914448613738105 -0.13052619222005143 -5.815289579597521e-18
  outer loop
    vertex 11.558903724606028 23.83653082975108 5.654306999999986
    vertex 11.524829550895095 24.0953498748536 37.15430699999999
    vertex 11.524829550895095 24.0953498748536 5.654306999999986
  endloop
endfacet
facet normal -0.9238795325112854 -0.3826834323650931 -1.7157475012038033e-17
  outer loop
    vertex 11.558903724606028 23.83653082975108 37.15430699999999
    vertex 11.658804147110658 23.595349874853603 5.654306999999986
    vertex 11.658804147110658 23.595349874853603 37.15430699999999
  endloop
endfacet
facet normal -0.9238795325112854 -0.3826834323650931 -1.7157475012038033e-17
  outer loop
    vertex 11.658804147110658 23.595349874853603 5.654306999999986
    vertex 11.558903724606028 23.83653082975108 37.15430699999999
    vertex 11.558903724606028 23.83653082975108 5.654306999999986
  endloop
endfacet
facet normal -0.7933533402912372 -0.608761429008718 1.0609741325403617e-18
  outer loop
    vertex 11.817722769708544 23.38824309366706 37.15430699999999
    vertex 11.658804147110658 23.595349874853603 5.654306999999986
    vertex 11.817722769708547 23.388243093667054 5.654306999999986
  endloop
endfacet
facet normal -0.7933533402912372 -0.608761429008718 1.0609741325403617e-18
  outer loop
    vertex 11.658804147110658 23.595349874853603 5.654306999999986
    vertex 11.817722769708544 23.38824309366706 37.15430699999999
    vertex 11.658804147110658 23.595349874853603 37.15430699999999
  endloop
endfacet
facet normal -0.6087614290087271 -0.7933533402912302 3.556971366029098e-17
  outer loop
    vertex 12.024829550895099 23.22932447106916 37.15430699999999
    vertex 11.817722769708547 23.388243093667054 5.654306999999986
    vertex 12.024829550895095 23.229324471069162 5.654306999999986
  endloop
endfacet
facet normal -0.6087614290087271 -0.7933533402912302 3.556971366029098e-17
  outer loop
    vertex 11.817722769708547 23.388243093667054 5.654306999999986
    vertex 12.024829550895099 23.22932447106916 37.15430699999999
    vertex 11.817722769708544 23.38824309366706 37.15430699999999
  endloop
endfacet
facet normal -0.3826834323650794 -0.9238795325112911 -7.084510233341226e-18
  outer loop
    vertex 12.266010505792575 23.129424048564534 37.15430699999999
    vertex 12.024829550895095 23.229324471069162 5.654306999999986
    vertex 12.266010505792574 23.129424048564534 5.654306999999986
  endloop
endfacet
facet normal -0.3826834323650794 -0.9238795325112911 -7.084510233341226e-18
  outer loop
    vertex 12.024829550895095 23.229324471069162 5.654306999999986
    vertex 12.266010505792575 23.129424048564534 37.15430699999999
    vertex 12.024829550895099 23.22932447106916 37.15430699999999
  endloop
endfacet
facet normal -0.13052619222004397 0.9914448613738114 -6.829843883851077e-17
  outer loop
    vertex 12.266010505792586 35.061275701142684 37.15430699999999
    vertex 12.524829550895095 35.09534987485361 5.654306999999986
    vertex 12.266010505792575 35.06127570114268 5.654306999999986
  endloop
endfacet
facet normal -0.13052619222004397 0.9914448613738114 -6.829843883851077e-17
  outer loop
    vertex 12.524829550895095 35.09534987485361 5.654306999999986
    vertex 12.266010505792586 35.061275701142684 37.15430699999999
    vertex 12.524829550895095 35.09534987485361 37.15430699999999
  endloop
endfacet
facet normal -0.3826834323650891 0.9238795325112871 1.715747501203785e-17
  outer loop
    vertex 12.02482955089509 34.961375278638045 37.15430699999999
    vertex 12.266010505792575 35.06127570114268 5.654306999999986
    vertex 12.024829550895097 34.96137527863805 5.654306999999986
  endloop
endfacet
facet normal -0.3826834323650891 0.9238795325112871 1.715747501203785e-17
  outer loop
    vertex 12.266010505792575 35.06127570114268 5.654306999999986
    vertex 12.02482955089509 34.961375278638045 37.15430699999999
    vertex 12.266010505792586 35.061275701142684 37.15430699999999
  endloop
endfacet
facet normal -0.6087614290087161 0.7933533402912386 -1.356097168837598e-17
  outer loop
    vertex 11.817722769708555 34.802456656040164 37.15430699999999
    vertex 12.024829550895097 34.96137527863805 5.654306999999986
    vertex 11.81772276970855 34.802456656040164 5.654306999999986
  endloop
endfacet
facet normal -0.6087614290087161 0.7933533402912386 -1.356097168837598e-17
  outer loop
    vertex 12.024829550895097 34.96137527863805 5.654306999999986
    vertex 11.817722769708555 34.802456656040164 37.15430699999999
    vertex 12.02482955089509 34.961375278638045 37.15430699999999
  endloop
endfacet
facet normal -0.79335334029124 0.6087614290087142 1.644037038266012e-17
  outer loop
    vertex 11.817722769708555 34.802456656040164 37.15430699999999
    vertex 11.65880414711066 34.59534987485361 5.654306999999986
    vertex 11.65880414711066 34.59534987485361 37.15430699999999
  endloop
endfacet
facet normal -0.79335334029124 0.6087614290087142 1.644037038266012e-17
  outer loop
    vertex 11.65880414711066 34.59534987485361 5.654306999999986
    vertex 11.817722769708555 34.802456656040164 37.15430699999999
    vertex 11.81772276970855 34.802456656040164 5.654306999999986
  endloop
endfacet
facet normal -0.9238795325112846 0.3826834323650951 1.4808536047658224e-32
  outer loop
    vertex 11.65880414711066 34.59534987485361 37.15430699999999
    vertex 11.55890372460603 34.35416891995613 5.654306999999986
    vertex 11.55890372460603 34.35416891995613 37.15430699999999
  endloop
endfacet
facet normal -0.9238795325112846 0.3826834323650951 1.4808536047658224e-32
  outer loop
    vertex 11.55890372460603 34.35416891995613 5.654306999999986
    vertex 11.65880414711066 34.59534987485361 37.15430699999999
    vertex 11.65880414711066 34.59534987485361 5.654306999999986
  endloop
endfacet
facet normal -0.9914448613738105 0.13052619222005077 0.0
  outer loop
    vertex 11.55890372460603 34.35416891995613 37.15430699999999
    vertex 11.524829550895097 34.09534987485361 5.654306999999986
    vertex 11.524829550895097 34.09534987485361 37.15430699999999
  endloop
endfacet
facet normal -0.9914448613738105 0.13052619222005077 0.0
  outer loop
    vertex 11.524829550895097 34.09534987485361 5.654306999999986
    vertex 11.55890372460603 34.35416891995613 37.15430699999999
    vertex 11.55890372460603 34.35416891995613 5.654306999999986
  endloop
endfacet
facet normal -0.9914448613738103 -0.13052619222005216 -1.1667384789445724e-17
  outer loop
    vertex 11.524829550895097 34.09534987485361 37.15430699999999
    vertex 11.55890372460603 33.83653082975109 5.654306999999986
    vertex 11.55890372460603 33.83653082975109 37.15430699999999
  endloop
endfacet
facet normal -0.9914448613738103 -0.13052619222005216 -1.1667384789445724e-17
  outer loop
    vertex 11.55890372460603 33.83653082975109 5.654306999999986
    vertex 11.524829550895097 34.09534987485361 37.15430699999999
    vertex 11.524829550895097 34.09534987485361 5.654306999999986
  endloop
endfacet
facet normal -0.9238795325112897 -0.3826834323650829 -6.91093148906756e-17
  outer loop
    vertex 11.65880414711065 33.595349874853625 37.15430699999999
    vertex 11.55890372460603 33.83653082975109 5.654306999999986
    vertex 11.658804147110658 33.59534987485361 5.654306999999986
  endloop
endfacet
facet normal -0.9238795325112897 -0.3826834323650829 -6.91093148906756e-17
  outer loop
    vertex 11.55890372460603 33.83653082975109 5.654306999999986
    vertex 11.65880414711065 33.595349874853625 37.15430699999999
    vertex 11.55890372460603 33.83653082975109 37.15430699999999
  endloop
endfacet
facet normal -0.7933533402912297 -0.608761429008728 5.4303690177505583e-17
  outer loop
    vertex 11.65880414711065 33.595349874853625 37.15430699999999
    vertex 11.81772276970855 33.388243093667064 5.654306999999986
    vertex 11.817722769708556 33.388243093667064 37.15430699999999
  endloop
endfacet
facet normal -0.7933533402912297 -0.608761429008728 5.4303690177505583e-17
  outer loop
    vertex 11.81772276970855 33.388243093667064 5.654306999999986
    vertex 11.65880414711065 33.595349874853625 37.15430699999999
    vertex 11.658804147110658 33.59534987485361 5.654306999999986
  endloop
endfacet
facet normal -0.6087614290087312 -0.7933533402912272 -2.8793986942810857e-18
  outer loop
    vertex 12.024829550895097 33.22932447106917 37.15430699999999
    vertex 11.81772276970855 33.388243093667064 5.654306999999986
    vertex 12.024829550895097 33.22932447106917 5.654306999999986
  endloop
endfacet
facet normal -0.6087614290087312 -0.7933533402912272 -2.8793986942810857e-18
  outer loop
    vertex 11.81772276970855 33.388243093667064 5.654306999999986
    vertex 12.024829550895097 33.22932447106917 37.15430699999999
    vertex 11.817722769708556 33.388243093667064 37.15430699999999
  endloop
endfacet
facet normal -0.3826834323650867 -0.9238795325112881 -2.2824060909360468e-17
  outer loop
    vertex 12.266010505792584 33.12942404856454 37.15430699999999
    vertex 12.024829550895097 33.22932447106917 5.654306999999986
    vertex 12.266010505792574 33.129424048564545 5.654306999999986
  endloop
endfacet
facet normal -0.3826834323650867 -0.9238795325112881 -2.2824060909360468e-17
  outer loop
    vertex 12.024829550895097 33.22932447106917 5.654306999999986
    vertex 12.266010505792584 33.12942404856454 37.15430699999999
    vertex 12.024829550895097 33.22932447106917 37.15430699999999
  endloop
endfacet
facet normal -0.1305261922200539 -0.99144486137381 -1.5709761372661229e-16
  outer loop
    vertex 12.524829550895095 33.09534987485361 37.15430699999999
    vertex 12.266010505792574 33.129424048564545 5.654306999999986
    vertex 12.524829550895095 33.09534987485361 5.654306999999986
  endloop
endfacet
facet normal -0.1305261922200539 -0.99144486137381 -1.5709761372661229e-16
  outer loop
    vertex 12.266010505792574 33.129424048564545 5.654306999999986
    vertex 12.524829550895095 33.09534987485361 37.15430699999999
    vertex 12.266010505792584 33.12942404856454 37.15430699999999
  endloop
endfacet
facet normal 0.997527467986252 0.07027766795317585 1.7580105248919736e-20
  outer loop
    vertex 19.50464995671326 38.29522976964628 5.654306999999986
    vertex 19.51873186756541 38.09534987485361 37.15430699999999
    vertex 19.51873186756541 38.09534987485361 5.654306999999986
  endloop
endfacet
facet normal 0.997527467986252 0.07027766795317585 1.7580105248919736e-20
  outer loop
    vertex 19.51873186756541 38.09534987485361 37.15430699999999
    vertex 19.50464995671326 38.29522976964628 5.654306999999986
    vertex 19.50464995671326 38.29522976964628 37.15430699999999
  endloop
endfacet
facet normal 0.945348344848987 0.3260621212150849 2.6251854306992295e-17
  outer loop
    vertex 19.419530662494466 38.54201520919561 5.654306999999986
    vertex 19.50464995671326 38.29522976964628 37.15430699999999
    vertex 19.50464995671326 38.29522976964628 5.654306999999986
  endloop
endfacet
facet normal 0.945348344848987 0.3260621212150849 2.6251854306992295e-17
  outer loop
    vertex 19.50464995671326 38.29522976964628 37.15430699999999
    vertex 19.419530662494466 38.54201520919561 5.654306999999986
    vertex 19.41953066249446 38.54201520919562 37.15430699999999
  endloop
endfacet
facet normal 0.8287452942722725 0.5596259797593071 -5.0181261856391015e-17
  outer loop
    vertex 19.27343896608367 38.7583611443589 5.654306999999986
    vertex 19.41953066249446 38.54201520919562 37.15430699999999
    vertex 19.419530662494466 38.54201520919561 5.654306999999986
  endloop
endfacet
facet normal 0.8287452942722725 0.5596259797593071 -5.0181261856391015e-17
  outer loop
    vertex 19.41953066249446 38.54201520919562 37.15430699999999
    vertex 19.27343896608367 38.7583611443589 5.654306999999986
    vertex 19.273438966083678 38.758361144358894 37.15430699999999
  endloop
endfacet
facet normal 0.6556646214572616 0.75505225260859 3.830850701922552e-17
  outer loop
    vertex 19.076330775163324 38.929523957183335 37.15430699999999
    vertex 19.27343896608367 38.7583611443589 5.654306999999986
    vertex 19.076330775163328 38.929523957183335 5.654306999999986
  endloop
endfacet
facet normal 0.6556646214572616 0.75505225260859 3.830850701922552e-17
  outer loop
    vertex 19.27343896608367 38.7583611443589 5.654306999999986
    vertex 19.076330775163324 38.929523957183335 37.15430699999999
    vertex 19.273438966083678 38.758361144358894 37.15430699999999
  endloop
endfacet
facet normal 0.43790148822695657 0.8990229622254465 -5.062150870936054e-32
  outer loop
    vertex 18.841638687207972 39.04383918483485 37.15430699999999
    vertex 19.076330775163328 38.929523957183335 5.654306999999986
    vertex 18.84163868720797 39.04383918483485 5.654306999999986
  endloop
endfacet
facet normal 0.43790148822695657 0.8990229622254465 -5.062150870936054e-32
  outer loop
    vertex 19.076330775163328 38.929523957183335 5.654306999999986
    vertex 18.841638687207972 39.04383918483485 37.15430699999999
    vertex 19.076330775163324 38.929523957183335 37.15430699999999
  endloop
endfacet
facet normal 0.19029609224038335 0.9817267426723383 2.5595571990071992e-17
  outer loop
    vertex 18.585356580164724 39.09351643346384 37.15430699999999
    vertex 18.84163868720797 39.04383918483485 5.654306999999986
    vertex 18.58535658016474 39.09351643346384 5.654306999999986
  endloop
endfacet
facet normal 0.19029609224038335 0.9817267426723383 2.5595571990071992e-17
  outer loop
    vertex 18.84163868720797 39.04383918483485 5.654306999999986
    vertex 18.585356580164724 39.09351643346384 37.15430699999999
    vertex 18.841638687207972 39.04383918483485 37.15430699999999
  endloop
endfacet
facet normal -0.07027766795316899 0.9975274679862527 -1.573455389410438e-17
  outer loop
    vertex 18.324949656102426 39.07517028067178 37.15430699999999
    vertex 18.58535658016474 39.09351643346384 5.654306999999986
    vertex 18.32494965610243 39.07517028067178 5.654306999999986
  endloop
endfacet
facet normal -0.07027766795316899 0.9975274679862527 -1.573455389410438e-17
  outer loop
    vertex 18.58535658016474 39.09351643346384 5.654306999999986
    vertex 18.324949656102426 39.07517028067178 37.15430699999999
    vertex 18.585356580164724 39.09351643346384 37.15430699999999
  endloop
endfacet
facet normal -0.32606212121508826 0.945348344848986 -2.914581486500221e-17
  outer loop
    vertex 18.07816421655309 38.99005098645298 37.15430699999999
    vertex 18.32494965610243 39.07517028067178 5.654306999999986
    vertex 18.078164216553095 38.99005098645298 5.654306999999986
  endloop
endfacet
facet normal -0.32606212121508826 0.945348344848986 -2.914581486500221e-17
  outer loop
    vertex 18.32494965610243 39.07517028067178 5.654306999999986
    vertex 18.07816421655309 38.99005098645298 37.15430699999999
    vertex 18.324949656102426 39.07517028067178 37.15430699999999
  endloop
endfacet
facet normal -0.5596259797592996 0.8287452942722777 -7.327821835715382e-17
  outer loop
    vertex 17.861818281389812 38.84395929004219 37.15430699999999
    vertex 18.078164216553095 38.99005098645298 5.654306999999986
    vertex 17.8618182813898 38.843959290042186 5.654306999999986
  endloop
endfacet
facet normal -0.5596259797592996 0.8287452942722777 -7.327821835715382e-17
  outer loop
    vertex 18.078164216553095 38.99005098645298 5.654306999999986
    vertex 17.861818281389812 38.84395929004219 37.15430699999999
    vertex 18.07816421655309 38.99005098645298 37.15430699999999
  endloop
endfacet
facet normal -0.7550522526085915 0.6556646214572597 9.096901470792194e-18
  outer loop
    vertex 17.861818281389812 38.84395929004219 37.15430699999999
    vertex 17.690655468565367 38.64685109912184 5.654306999999986
    vertex 17.69065546856536 38.64685109912183 37.15430699999999
  endloop
endfacet
facet normal -0.7550522526085915 0.6556646214572597 9.096901470792194e-18
  outer loop
    vertex 17.690655468565367 38.64685109912184 5.654306999999986
    vertex 17.861818281389812 38.84395929004219 37.15430699999999
    vertex 17.8618182813898 38.843959290042186 5.654306999999986
  endloop
endfacet
facet normal -0.8990229622254509 0.43790148822694797 -8.048799409154103e-17
  outer loop
    vertex 17.57634024091385 38.41215901116649 37.15430699999999
    vertex 17.690655468565367 38.64685109912184 5.654306999999986
    vertex 17.57634024091385 38.41215901116648 5.654306999999986
  endloop
endfacet
facet normal -0.8990229622254509 0.43790148822694797 -8.048799409154103e-17
  outer loop
    vertex 17.690655468565367 38.64685109912184 5.654306999999986
    vertex 17.57634024091385 38.41215901116649 37.15430699999999
    vertex 17.69065546856536 38.64685109912183 37.15430699999999
  endloop
endfacet
facet normal -0.9817267426723374 0.19029609224038846 -1.7010055179985408e-17
  outer loop
    vertex 17.57634024091385 38.41215901116649 37.15430699999999
    vertex 17.526662992284866 38.155876904123254 5.654306999999986
    vertex 17.526662992284866 38.155876904123254 37.15430699999999
  endloop
endfacet
facet normal -0.9817267426723374 0.19029609224038846 -1.7010055179985408e-17
  outer loop
    vertex 17.526662992284866 38.155876904123254 5.654306999999986
    vertex 17.57634024091385 38.41215901116649 37.15430699999999
    vertex 17.57634024091385 38.41215901116648 5.654306999999986
  endloop
endfacet
facet normal -0.9975274679862516 -0.07027766795318434 0.0
  outer loop
    vertex 17.526662992284866 38.155876904123254 37.15430699999999
    vertex 17.53092723422478 38.09534987485361 5.654306999999986
    vertex 17.53092723422478 38.09534987485361 37.15430699999999
  endloop
endfacet
facet normal -0.9975274679862516 -0.07027766795318434 0.0
  outer loop
    vertex 17.53092723422478 38.09534987485361 5.654306999999986
    vertex 17.526662992284866 38.155876904123254 37.15430699999999
    vertex 17.526662992284866 38.155876904123254 5.654306999999986
  endloop
endfacet
facet normal -0.9999999706200899 -0.0002424042479869799 4.340407864876702e-20
  outer loop
    vertex 28.033353078546376 38.225635732792774 37.15430699999999
    vertex 28.03338466039272 38.09534987485361 5.654306999999986
    vertex 28.03338466039272 38.09534987485361 37.15430699999999
  endloop
endfacet
facet normal -0.9999999706200899 -0.0002424042479869799 4.340407864876702e-20
  outer loop
    vertex 28.03338466039272 38.09534987485361 5.654306999999986
    vertex 28.033353078546376 38.225635732792774 37.15430699999999
    vertex 28.033353078546376 38.22563573279277 5.654306999999986
  endloop
endfacet
facet normal 0.9999999706200899 0.0002424042479994452 -4.3404078650999006e-20
  outer loop
    vertex 30.016242743036873 38.22611639368486 5.654306999999986
    vertex 30.016274441397467 38.09534987485361 37.15430699999999
    vertex 30.016274441397467 38.09534987485361 5.654306999999986
  endloop
endfacet
facet normal 0.9999999706200899 0.0002424042479994452 -4.3404078650999006e-20
  outer loop
    vertex 30.016274441397467 38.09534987485361 37.15430699999999
    vertex 30.016242743036873 38.22611639368486 5.654306999999986
    vertex 30.016242743036873 38.226116393684876 37.15430699999999
  endloop
endfacet
facet normal 0.9658630590742595 0.259053182021981 -1.3285725412874847e-16
  outer loop
    vertex 29.948616292173238 38.47825724829881 5.654306999999986
    vertex 30.016242743036873 38.226116393684876 37.15430699999999
    vertex 30.016242743036873 38.22611639368486 5.654306999999986
  endloop
endfacet
facet normal 0.9658630590742595 0.259053182021981 -1.3285725412874847e-16
  outer loop
    vertex 30.016242743036873 38.226116393684876 37.15430699999999
    vertex 29.948616292173238 38.47825724829881 5.654306999999986
    vertex 29.948616292173245 38.47825724829881 37.15430699999999
  endloop
endfacet
facet normal 0.8659041762166891 0.5002099135467998 -1.222353426132819e-16
  outer loop
    vertex 29.81803530152127 38.70430359819682 5.654306999999986
    vertex 29.948616292173245 38.47825724829881 37.15430699999999
    vertex 29.948616292173238 38.47825724829881 5.654306999999986
  endloop
endfacet
facet normal 0.8659041762166891 0.5002099135467998 -1.222353426132819e-16
  outer loop
    vertex 29.948616292173245 38.47825724829881 37.15430699999999
    vertex 29.81803530152127 38.70430359819682 5.654306999999986
    vertex 29.81803530152127 38.70430359819682 37.15430699999999
  endloop
endfacet
facet normal 0.7069353547242726 0.707278166099355 -1.2661207871062302e-16
  outer loop
    vertex 29.633398649798615 38.888850758192596 37.15430699999999
    vertex 29.81803530152127 38.70430359819682 5.654306999999986
    vertex 29.63339864979861 38.888850758192596 5.654306999999986
  endloop
endfacet
facet normal 0.7069353547242726 0.707278166099355 -1.2661207871062302e-16
  outer loop
    vertex 29.81803530152127 38.70430359819682 5.654306999999986
    vertex 29.633398649798615 38.888850758192596 37.15430699999999
    vertex 29.81803530152127 38.70430359819682 37.15430699999999
  endloop
endfacet
facet normal 0.49979005707329194 0.86614658046469 -4.4815817410768345e-17
  outer loop
    vertex 29.407289019693664 39.01932214431104 37.15430699999999
    vertex 29.63339864979861 38.888850758192596 5.654306999999986
    vertex 29.407289019693664 39.01932214431104 5.654306999999986
  endloop
endfacet
facet normal 0.49979005707329194 0.86614658046469 -4.4815817410768345e-17
  outer loop
    vertex 29.63339864979861 38.888850758192596 5.654306999999986
    vertex 29.407289019693664 39.01932214431104 37.15430699999999
    vertex 29.633398649798615 38.888850758192596 37.15430699999999
  endloop
endfacet
facet normal 0.2585848929749085 0.9659885367462469 -4.6301329804537046e-17
  outer loop
    vertex 29.15511540883426 39.086826347202326 37.15430699999999
    vertex 29.407289019693664 39.01932214431104 5.654306999999986
    vertex 29.15511540883425 39.086826347202326 5.654306999999986
  endloop
endfacet
facet normal 0.2585848929749085 0.9659885367462469 -4.6301329804537046e-17
  outer loop
    vertex 29.407289019693664 39.01932214431104 5.654306999999986
    vertex 29.15511540883426 39.086826347202326 37.15430699999999
    vertex 29.407289019693664 39.01932214431104 37.15430699999999
  endloop
endfacet
facet normal -0.00024240424799322396 0.9999999706200899 0.0
  outer loop
    vertex 28.89406303206383 39.08676306699539 37.15430699999999
    vertex 29.15511540883425 39.086826347202326 5.654306999999986
    vertex 28.89406303206384 39.08676306699539 5.654306999999986
  endloop
endfacet
facet normal -0.00024240424799322396 0.9999999706200899 0.0
  outer loop
    vertex 29.15511540883425 39.086826347202326 5.654306999999986
    vertex 28.89406303206383 39.08676306699539 37.15430699999999
    vertex 29.15511540883426 39.086826347202326 37.15430699999999
  endloop
endfacet
facet normal -0.2590531820219811 0.9658630590742595 -1.3285725412874844e-16
  outer loop
    vertex 28.641922177449892 39.01913661613176 37.15430699999999
    vertex 28.89406303206384 39.08676306699539 5.654306999999986
    vertex 28.641922177449892 39.01913661613175 5.654306999999986
  endloop
endfacet
facet normal -0.2590531820219811 0.9658630590742595 -1.3285725412874844e-16
  outer loop
    vertex 28.89406303206384 39.08676306699539 5.654306999999986
    vertex 28.641922177449892 39.01913661613176 37.15430699999999
    vertex 28.89406303206383 39.08676306699539 37.15430699999999
  endloop
endfacet
facet normal -0.5002099135467999 0.8659041762166891 -1.22235342613282e-16
  outer loop
    vertex 28.415875827551876 38.88855562547978 37.15430699999999
    vertex 28.641922177449892 39.01913661613175 5.654306999999986
    vertex 28.415875827551883 38.88855562547978 5.654306999999986
  endloop
endfacet
facet normal -0.5002099135467999 0.8659041762166891 -1.22235342613282e-16
  outer loop
    vertex 28.641922177449892 39.01913661613175 5.654306999999986
    vertex 28.415875827551876 38.88855562547978 37.15430699999999
    vertex 28.641922177449892 39.01913661613176 37.15430699999999
  endloop
endfacet
facet normal -0.707278166099355 0.7069353547242726 -1.2681151621985406e-16
  outer loop
    vertex 28.231328667556102 38.70391897375713 37.15430699999999
    vertex 28.415875827551883 38.88855562547978 5.654306999999986
    vertex 28.231328667556102 38.703918973757126 5.654306999999986
  endloop
endfacet
facet normal -0.707278166099355 0.7069353547242726 -1.2681151621985406e-16
  outer loop
    vertex 28.415875827551883 38.88855562547978 5.654306999999986
    vertex 28.231328667556102 38.70391897375713 37.15430699999999
    vertex 28.415875827551876 38.88855562547978 37.15430699999999
  endloop
endfacet
facet normal -0.86614658046469 0.49979005707329194 -4.4815817410768345e-17
  outer loop
    vertex 28.231328667556102 38.70391897375713 37.15430699999999
    vertex 28.100857281437662 38.477809343652176 5.654306999999986
    vertex 28.100857281437662 38.477809343652176 37.15430699999999
  endloop
endfacet
facet normal -0.86614658046469 0.49979005707329194 -4.4815817410768345e-17
  outer loop
    vertex 28.100857281437662 38.477809343652176 5.654306999999986
    vertex 28.231328667556102 38.70391897375713 37.15430699999999
    vertex 28.231328667556102 38.703918973757126 5.654306999999986
  endloop
endfacet
facet normal -0.9659885367462469 0.25858489297490844 -4.630132980453696e-17
  outer loop
    vertex 28.033353078546376 38.225635732792774 37.15430699999999
    vertex 28.100857281437662 38.477809343652176 5.654306999999986
    vertex 28.033353078546376 38.22563573279277 5.654306999999986
  endloop
endfacet
facet normal -0.9659885367462469 0.25858489297490844 -4.630132980453696e-17
  outer loop
    vertex 28.100857281437662 38.477809343652176 5.654306999999986
    vertex 28.033353078546376 38.225635732792774 37.15430699999999
    vertex 28.100857281437662 38.477809343652176 37.15430699999999
  endloop
endfacet
facet normal 0.9998193324325998 0.019007958702366386 -1.7017501576835821e-18
  outer loop
    vertex 40.51361425386627 38.2446978282047 5.654306999999986
    vertex 40.51645356656757 38.09534987485361 37.15430699999999
    vertex 40.51645356656757 38.09534987485361 5.654306999999986
  endloop
endfacet
facet normal 0.9998193324325998 0.019007958702366386 -1.7017501576835821e-18
  outer loop
    vertex 40.51645356656757 38.09534987485361 37.15430699999999
    vertex 40.51361425386627 38.2446978282047 5.654306999999986
    vertex 40.51361425386627 38.24469782820471 37.15430699999999
  endloop
endfacet
facet normal 0.9608316930990479 0.2771325631109005 -7.439454586078985e-17
  outer loop
    vertex 40.44126813746017 38.495525232733826 5.654306999999986
    vertex 40.51361425386627 38.24469782820471 37.15430699999999
    vertex 40.51361425386627 38.2446978282047 5.654306999999986
  endloop
endfacet
facet normal 0.9608316930990479 0.2771325631109005 -7.439454586078985e-17
  outer loop
    vertex 40.51361425386627 38.24469782820471 37.15430699999999
    vertex 40.44126813746017 38.495525232733826 5.654306999999986
    vertex 40.44126813746017 38.49552523273384 37.15430699999999
  endloop
endfacet
facet normal 0.8563649617302481 0.5163710413266324 -1.8370406553345682e-16
  outer loop
    vertex 40.306468245866036 38.71908134794447 5.654306999999986
    vertex 40.44126813746017 38.49552523273384 37.15430699999999
    vertex 40.44126813746017 38.495525232733826 5.654306999999986
  endloop
endfacet
facet normal 0.8563649617302481 0.5163710413266324 -1.8370406553345682e-16
  outer loop
    vertex 40.44126813746017 38.49552523273384 37.15430699999999
    vertex 40.306468245866036 38.71908134794447 5.654306999999986
    vertex 40.30646824586605 38.719081347944446 37.15430699999999
  endloop
endfacet
facet normal 0.6935383734295405 0.7204196864194561 4.610133165044832e-18
  outer loop
    vertex 40.11840096892864 38.900131194028965 37.15430699999999
    vertex 40.306468245866036 38.71908134794447 5.654306999999986
    vertex 40.11840096892864 38.90013119402896 5.654306999999986
  endloop
endfacet
facet normal 0.6935383734295405 0.7204196864194561 4.610133165044832e-18
  outer loop
    vertex 40.306468245866036 38.71908134794447 5.654306999999986
    vertex 40.11840096892864 38.900131194028965 37.15430699999999
    vertex 40.30646824586605 38.719081347944446 37.15430699999999
  endloop
endfacet
facet normal 0.48344829110596066 0.8753729204326155 -4.3214140719158084e-17
  outer loop
    vertex 39.88988278077542 39.02633652317566 37.15430699999999
    vertex 40.11840096892864 38.90013119402896 5.654306999999986
    vertex 39.88988278077541 39.026336523175665 5.654306999999986
  endloop
endfacet
facet normal 0.48344829110596066 0.8753729204326155 -4.3214140719158084e-17
  outer loop
    vertex 40.11840096892864 38.90013119402896 5.654306999999986
    vertex 39.88988278077542 39.02633652317566 37.15430699999999
    vertex 40.11840096892864 38.900131194028965 37.15430699999999
  endloop
endfacet
facet normal 0.24041200667958768 0.9706709365404396 8.683472405145932e-17
  outer loop
    vertex 39.63648681828481 39.0890966507674 37.15430699999999
    vertex 39.88988278077541 39.026336523175665 5.654306999999986
    vertex 39.63648681828482 39.0890966507674 5.654306999999986
  endloop
endfacet
facet normal 0.24041200667958768 0.9706709365404396 8.683472405145932e-17
  outer loop
    vertex 39.88988278077541 39.026336523175665 5.654306999999986
    vertex 39.63648681828481 39.0890966507674 37.15430699999999
    vertex 39.88988278077542 39.02633652317566 37.15430699999999
  endloop
endfacet
facet normal -0.01900795870236481 0.9998193324325998 -1.7044300791916029e-18
  outer loop
    vertex 39.37548159754398 39.08413457782481 37.15430699999999
    vertex 39.63648681828482 39.0890966507674 5.654306999999986
    vertex 39.37548159754398 39.08413457782481 5.654306999999986
  endloop
endfacet
facet normal -0.01900795870236481 0.9998193324325998 -1.7044300791916029e-18
  outer loop
    vertex 39.63648681828482 39.0890966507674 5.654306999999986
    vertex 39.37548159754398 39.08413457782481 37.15430699999999
    vertex 39.63648681828481 39.0890966507674 37.15430699999999
  endloop
endfacet
facet normal -0.2771325631109033 0.9608316930990469 4.962241241764924e-17
  outer loop
    vertex 39.124654193014855 39.01178846141871 37.15430699999999
    vertex 39.37548159754398 39.08413457782481 5.654306999999986
    vertex 39.12465419301485 39.01178846141871 5.654306999999986
  endloop
endfacet
facet normal -0.2771325631109033 0.9608316930990469 4.962241241764924e-17
  outer loop
    vertex 39.37548159754398 39.08413457782481 5.654306999999986
    vertex 39.124654193014855 39.01178846141871 37.15430699999999
    vertex 39.37548159754398 39.08413457782481 37.15430699999999
  endloop
endfacet
facet normal -0.5163710413266369 0.8563649617302453 1.3754704883961314e-16
  outer loop
    vertex 38.90109807780419 38.87698856982456 37.15430699999999
    vertex 39.12465419301485 39.01178846141871 5.654306999999986
    vertex 38.901098077804214 38.876988569824576 5.654306999999986
  endloop
endfacet
facet normal -0.5163710413266369 0.8563649617302453 1.3754704883961314e-16
  outer loop
    vertex 39.12465419301485 39.01178846141871 5.654306999999986
    vertex 38.90109807780419 38.87698856982456 37.15430699999999
    vertex 39.124654193014855 39.01178846141871 37.15430699999999
  endloop
endfacet
facet normal -0.7204196864194577 0.6935383734295387 -5.016419446022955e-18
  outer loop
    vertex 38.72004823171972 38.68892129288719 37.15430699999999
    vertex 38.901098077804214 38.876988569824576 5.654306999999986
    vertex 38.720048231719716 38.68892129288718 5.654306999999986
  endloop
endfacet
facet normal -0.7204196864194577 0.6935383734295387 -5.016419446022955e-18
  outer loop
    vertex 38.901098077804214 38.876988569824576 5.654306999999986
    vertex 38.72004823171972 38.68892129288719 37.15430699999999
    vertex 38.90109807780419 38.87698856982456 37.15430699999999
  endloop
endfacet
facet normal -0.8753729204326125 0.4834482911059664 4.321414071915869e-17
  outer loop
    vertex 38.72004823171972 38.68892129288719 37.15430699999999
    vertex 38.59384290257301 38.46040310473395 5.654306999999986
    vertex 38.59384290257301 38.46040310473394 37.15430699999999
  endloop
endfacet
facet normal -0.8753729204326125 0.4834482911059664 4.321414071915869e-17
  outer loop
    vertex 38.59384290257301 38.46040310473395 5.654306999999986
    vertex 38.72004823171972 38.68892129288719 37.15430699999999
    vertex 38.720048231719716 38.68892129288718 5.654306999999986
  endloop
endfacet
facet normal -0.9706709365404396 0.24041200667958754 -8.697030627101477e-17
  outer loop
    vertex 38.53108277498128 38.20700714224337 37.15430699999999
    vertex 38.59384290257301 38.46040310473395 5.654306999999986
    vertex 38.53108277498128 38.20700714224336 5.654306999999986
  endloop
endfacet
facet normal -0.9706709365404396 0.24041200667958754 -8.697030627101477e-17
  outer loop
    vertex 38.59384290257301 38.46040310473395 5.654306999999986
    vertex 38.53108277498128 38.20700714224337 37.15430699999999
    vertex 38.59384290257301 38.46040310473394 37.15430699999999
  endloop
endfacet
facet normal -0.9998193324325998 -0.01900795870235982 3.403500315365988e-18
  outer loop
    vertex 38.53108277498128 38.20700714224337 37.15430699999999
    vertex 38.53320553522257 38.09534987485361 5.654306999999986
    vertex 38.53320553522257 38.09534987485361 37.15430699999999
  endloop
endfacet
facet normal -0.9998193324325998 -0.01900795870235982 3.403500315365988e-18
  outer loop
    vertex 38.53320553522257 38.09534987485361 5.654306999999986
    vertex 38.53108277498128 38.20700714224337 37.15430699999999
    vertex 38.53108277498128 38.20700714224336 5.654306999999986
  endloop
endfacet
facet normal -0.2747616556156663 0.952611644768146 0.1305261922200508
  outer loop
    vertex 39.13840749911435 38.9802921182426 37.413126045102516
    vertex 39.37548159754398 39.08413457782481 37.15430699999999
    vertex 39.124654193014855 39.01178846141871 37.15430699999999
  endloop
endfacet
facet normal -0.2747616556156663 0.952611644768146 0.1305261922200508
  outer loop
    vertex 39.37548159754398 39.08413457782481 37.15430699999999
    vertex 39.13840749911435 38.9802921182426 37.413126045102516
    vertex 39.38061441763728 39.05015182896567 37.413126045102516
  endloop
endfacet
facet normal 0.4466479811803572 0.8087391245023211 0.3826834323650953
  outer loop
    vertex 39.84055289771703 38.900531685054666 37.65430699999999
    vertex 40.09800098866156 38.87247230997272 37.413126045102516
    vertex 39.877336558939696 38.99434018932657 37.413126045102516
  endloop
endfacet
facet normal 0.4466479811803572 0.8087391245023211 0.3826834323650953
  outer loop
    vertex 40.09800098866156 38.87247230997272 37.413126045102516
    vertex 39.84055289771703 38.900531685054666 37.65430699999999
    vertex 40.038191272802976 38.791380565043966 37.65430699999999
  endloop
endfacet
facet normal -0.007274030878475307 0.38261429388026874 0.9238795325112914
  outer loop
    vertex 39.48713062916372 38.344942295037946 38.120232826289055
    vertex 39.58017644151054 38.587935761932506 38.02033240378443
    vertex 39.450799933020626 38.585476134227115 38.02033240378443
  endloop
endfacet
facet normal -0.007274030878475307 0.38261429388026874 0.9238795325112914
  outer loop
    vertex 39.58017644151054 38.587935761932506 38.02033240378443
    vertex 39.48713062916372 38.344942295037946 38.120232826289055
    vertex 39.55301446062842 38.346194838479555 38.120232826289055
  endloop
endfacet
facet normal -0.01884534298066393 0.9912657394424949 0.13052619222004805
  outer loop
    vertex 39.38061441763728 39.05015182896567 37.413126045102516
    vertex 39.63648681828481 39.0890966507674 37.15430699999999
    vertex 39.37548159754398 39.08413457782481 37.15430699999999
  endloop
endfacet
facet normal -0.01884534298066393 0.9912657394424949 0.13052619222004805
  outer loop
    vertex 39.63648681828481 39.0890966507674 37.15430699999999
    vertex 39.38061441763728 39.05015182896567 37.413126045102516
    vertex 39.632649359164944 39.054943364400835 37.413126045102516
  endloop
endfacet
facet normal 0.47931232395695467 0.8678839837487022 0.13052619222005046
  outer loop
    vertex 39.877336558939696 38.99434018932657 37.413126045102516
    vertex 40.11840096892864 38.900131194028965 37.15430699999999
    vertex 39.88988278077542 39.02633652317566 37.15430699999999
  endloop
endfacet
facet normal 0.47931232395695467 0.8678839837487022 0.13052619222005046
  outer loop
    vertex 40.11840096892864 38.900131194028965 37.15430699999999
    vertex 39.877336558939696 38.99434018932657 37.413126045102516
    vertex 40.09800098866156 38.87247230997272 37.413126045102516
  endloop
endfacet
facet normal 0.23835524863504318 0.9623667121179236 0.1305261922200454
  outer loop
    vertex 39.632649359164944 39.054943364400835 37.413126045102516
    vertex 39.88988278077542 39.02633652317566 37.15430699999999
    vertex 39.63648681828481 39.0890966507674 37.15430699999999
  endloop
endfacet
facet normal 0.23835524863504318 0.9623667121179236 0.1305261922200454
  outer loop
    vertex 39.88988278077542 39.02633652317566 37.15430699999999
    vertex 39.632649359164944 39.054943364400835 37.413126045102516
    vertex 39.877336558939696 38.99434018932657 37.413126045102516
  endloop
endfacet
facet normal -0.0011127189084052457 0.13179852348437546 0.9912759005766102
  outer loop
    vertex 39.506369169677335 38.118514475544806 38.14987894889905
    vertex 39.55301446062842 38.346194838479555 38.120232826289055
    vertex 39.48713062916372 38.344942295037946 38.120232826289055
  endloop
endfacet
facet normal -0.0011127189084052457 0.13179852348437546 0.9912759005766102
  outer loop
    vertex 39.55301446062842 38.346194838479555 38.120232826289055
    vertex 39.506369169677335 38.118514475544806 38.14987894889905
    vertex 39.5162728663535 38.09534987485361 38.15430699999999
  endloop
endfacet
facet normal -0.0011127189084052457 0.13179852348437546 0.9912759005766102
  outer loop
    vertex 39.55301446062842 38.346194838479555 38.120232826289055
    vertex 39.5162728663535 38.09534987485361 38.15430699999999
    vertex 39.534751714558496 38.11524783176218 38.1503897260165
  endloop
endfacet
facet normal -0.01756106399993925 0.9237126174435769 0.3826834323650898
  outer loop
    vertex 39.3956630847102 38.950519450563846 37.65430699999999
    vertex 39.632649359164944 39.054943364400835 37.413126045102516
    vertex 39.38061441763728 39.05015182896567 37.413126045102516
  endloop
endfacet
facet normal -0.01756106399993925 0.9237126174435769 0.3826834323650898
  outer loop
    vertex 39.632649359164944 39.054943364400835 37.413126045102516
    vertex 39.3956630847102 38.950519450563846 37.65430699999999
    vertex 39.62139849830265 38.95481099532603 37.65430699999999
  endloop
endfacet
facet normal 0.031447572250743225 0.12697054872653282 0.9914078524782914
  outer loop
    vertex 39.6169775370726 38.33035271219096 38.120232826289055
    vertex 39.55301446062842 38.346194838479555 38.120232826289055
    vertex 39.534751714558496 38.11524783176218 38.1503897260165
  endloop
endfacet
facet normal 0.09200169189792921 0.3714596856923173 0.9238795325112921
  outer loop
    vertex 39.6169775370726 38.33035271219096 38.120232826289055
    vertex 39.58017644151054 38.587935761932506 38.02033240378443
    vertex 39.55301446062842 38.346194838479555 38.120232826289055
  endloop
endfacet
facet normal 0.09200169189792921 0.3714596856923173 0.9238795325112921
  outer loop
    vertex 39.58017644151054 38.587935761932506 38.02033240378443
    vertex 39.6169775370726 38.33035271219096 38.120232826289055
    vertex 39.7057811508701 38.556826475470125 38.02033240378443
  endloop
endfacet
facet normal -0.015080027528653563 0.7932100070731506 0.6087614290087271
  outer loop
    vertex 39.41960205697083 38.79202722455714 37.861413781186535
    vertex 39.62139849830265 38.95481099532603 37.65430699999999
    vertex 39.3956630847102 38.950519450563846 37.65430699999999
  endloop
endfacet
facet normal -0.015080027528653563 0.7932100070731506 0.6087614290087271
  outer loop
    vertex 39.62139849830265 38.95481099532603 37.65430699999999
    vertex 39.41960205697083 38.79202722455714 37.861413781186535
    vertex 39.60350096327278 38.795523399018876 37.861413781186535
  endloop
endfacet
facet normal 0.18500765141146464 0.33499071379059914 0.9238795325112897
  outer loop
    vertex 39.67466088054051 38.298495530898386 38.120232826289055
    vertex 39.7057811508701 38.556826475470125 38.02033240378443
    vertex 39.6169775370726 38.33035271219096 38.120232826289055
  endloop
endfacet
facet normal 0.18500765141146464 0.33499071379059914 0.9238795325112897
  outer loop
    vertex 39.7057811508701 38.556826475470125 38.02033240378443
    vertex 39.67466088054051 38.298495530898386 38.120232826289055
    vertex 39.819054307727995 38.49426832130188 38.02033240378443
  endloop
endfacet
facet normal 0.06337883443716749 0.11475915090725466 0.9913694874406981
  outer loop
    vertex 39.67466088054051 38.298495530898386 38.120232826289055
    vertex 39.6169775370726 38.33035271219096 38.120232826289055
    vertex 39.534751714558496 38.11524783176218 38.1503897260165
  endloop
endfacet
facet normal 0.190731668545375 0.7700850298279737 0.6087614290087263
  outer loop
    vertex 39.60350096327278 38.795523399018876 37.861413781186535
    vertex 39.84055289771703 38.900531685054666 37.65430699999999
    vertex 39.62139849830265 38.95481099532603 37.65430699999999
  endloop
endfacet
facet normal 0.190731668545375 0.7700850298279737 0.6087614290087263
  outer loop
    vertex 39.84055289771703 38.900531685054666 37.65430699999999
    vertex 39.60350096327278 38.795523399018876 37.861413781186535
    vertex 39.78203854283188 38.7513039049002 37.861413781186535
  endloop
endfacet
facet normal 0.14635355673713146 0.5909070264255974 0.7933533402912283
  outer loop
    vertex 39.7057811508701 38.556826475470125 38.02033240378443
    vertex 39.60350096327278 38.795523399018876 37.861413781186535
    vertex 39.58017644151054 38.587935761932506 38.02033240378443
  endloop
endfacet
facet normal 0.14635355673713146 0.5909070264255974 0.7933533402912283
  outer loop
    vertex 39.60350096327278 38.795523399018876 37.861413781186535
    vertex 39.7057811508701 38.556826475470125 38.02033240378443
    vertex 39.78203854283188 38.7513039049002 37.861413781186535
  endloop
endfacet
facet normal 0.26540564522090887 0.27569267834237887 0.9238795325112895
  outer loop
    vertex 39.722133466501084 38.252794308860395 38.120232826289055
    vertex 39.819054307727995 38.49426832130188 38.02033240378443
    vertex 39.67466088054051 38.298495530898386 38.120232826289055
  endloop
endfacet
facet normal 0.26540564522090887 0.27569267834237887 0.9238795325112895
  outer loop
    vertex 39.819054307727995 38.49426832130188 38.02033240378443
    vertex 39.722133466501084 38.252794308860395 38.120232826289055
    vertex 39.912276533637154 38.404524534252076 38.02033240378443
  endloop
endfacet
facet normal 0.6876050565022676 0.7142563961331028 0.1305261922200505
  outer loop
    vertex 40.09800098866156 38.87247230997272 37.413126045102516
    vertex 40.30646824586605 38.719081347944446 37.15430699999999
    vertex 40.11840096892864 38.900131194028965 37.15430699999999
  endloop
endfacet
facet normal 0.6876050565022676 0.7142563961331028 0.1305261922200505
  outer loop
    vertex 40.30646824586605 38.719081347944446 37.15430699999999
    vertex 40.09800098866156 38.87247230997272 37.413126045102516
    vertex 40.27960473211026 38.69764482092103 37.413126045102516
  endloop
endfacet
facet normal 0.2943046725454954 0.532893269958098 0.7933533402912316
  outer loop
    vertex 39.819054307727995 38.49426832130188 38.02033240378443
    vertex 39.78203854283188 38.7513039049002 37.861413781186535
    vertex 39.7057811508701 38.556826475470125 38.02033240378443
  endloop
endfacet
facet normal 0.2943046725454954 0.532893269958098 0.7933533402912316
  outer loop
    vertex 39.78203854283188 38.7513039049002 37.861413781186535
    vertex 39.819054307727995 38.49426832130188 38.02033240378443
    vertex 39.94304775464841 38.66238222764915 37.861413781186535
  endloop
endfacet
facet normal 0.09053143791673979 0.09404040585752116 0.9914436246276841
  outer loop
    vertex 39.722133466501084 38.252794308860395 38.120232826289055
    vertex 39.67466088054051 38.298495530898386 38.120232826289055
    vertex 39.534751714558496 38.11524783176218 38.1503897260165
  endloop
endfacet
facet normal -0.011571312102202377 0.6086514455622293 0.7933533402912238
  outer loop
    vertex 39.450799933020626 38.585476134227115 38.02033240378443
    vertex 39.60350096327278 38.795523399018876 37.861413781186535
    vertex 39.41960205697083 38.79202722455714 37.861413781186535
  endloop
endfacet
facet normal -0.011571312102202377 0.6086514455622293 0.7933533402912238
  outer loop
    vertex 39.60350096327278 38.795523399018876 37.861413781186535
    vertex 39.450799933020626 38.585476134227115 38.02033240378443
    vertex 39.58017644151054 38.587935761932506 38.02033240378443
  endloop
endfacet
facet normal 0.2221117323412411 0.8967830110732741 0.38268343236508806
  outer loop
    vertex 39.62139849830265 38.95481099532603 37.65430699999999
    vertex 39.877336558939696 38.99434018932657 37.413126045102516
    vertex 39.632649359164944 39.054943364400835 37.413126045102516
  endloop
endfacet
facet normal 0.2221117323412411 0.8967830110732741 0.38268343236508806
  outer loop
    vertex 39.877336558939696 38.99434018932657 37.413126045102516
    vertex 39.62139849830265 38.95481099532603 37.65430699999999
    vertex 39.84055289771703 38.900531685054666 37.65430699999999
  endloop
endfacet
facet normal 0.38354531660700486 0.6944800304257054 0.6087614290087241
  outer loop
    vertex 39.78203854283188 38.7513039049002 37.861413781186535
    vertex 40.038191272802976 38.791380565043966 37.65430699999999
    vertex 39.84055289771703 38.900531685054666 37.65430699999999
  endloop
endfacet
facet normal 0.38354531660700486 0.6944800304257054 0.6087614290087241
  outer loop
    vertex 40.038191272802976 38.791380565043966 37.65430699999999
    vertex 39.78203854283188 38.7513039049002 37.861413781186535
    vertex 39.94304775464841 38.66238222764915 37.861413781186535
  endloop
endfacet
facet normal -0.6035533905932838 -0.07945931129895048 0.793353340291227
  outer loop
    vertex 17.844258095200903 19.912991302908676 37.861413781186535
    vertex 18.029144031185172 20.095349874853603 38.02033240378443
    vertex 17.820250133747884 20.095349874853603 37.861413781186535
  endloop
endfacet
facet normal -0.6035533905932838 -0.07945931129895048 0.793353340291227
  outer loop
    vertex 18.029144031185172 20.095349874853603 38.02033240378443
    vertex 17.844258095200903 19.912991302908676 37.861413781186535
    vertex 18.04603410568976 19.96705702197114 38.02033240378443
  endloop
endfacet
facet normal -0.9829629131445344 -0.12940952255125993 0.13052619222004969
  outer loop
    vertex 17.592100855055865 19.84542597404615 37.413126045102516
    vertex 17.524829550895095 20.095349874853603 37.15430699999999
    vertex 17.558903724606026 19.836530829751087 37.15430699999999
  endloop
endfacet
facet normal -0.9829629131445344 -0.12940952255125993 0.13052619222004969
  outer loop
    vertex 17.524829550895095 20.095349874853603 37.15430699999999
    vertex 17.592100855055865 19.84542597404615 37.413126045102516
    vertex 17.55919774930778 20.095349874853603 37.413126045102516
  endloop
endfacet
facet normal -0.3794095225512534 -0.04995021125231342 0.9238795325112897
  outer loop
    vertex 18.04603410568976 19.96705702197114 38.02033240378443
    vertex 18.272406127035143 20.095349874853603 38.120232826289055
    vertex 18.029144031185172 20.095349874853603 38.02033240378443
  endloop
endfacet
facet normal -0.3794095225512534 -0.04995021125231342 0.9238795325112897
  outer loop
    vertex 18.272406127035143 20.095349874853603 38.120232826289055
    vertex 18.04603410568976 19.96705702197114 38.02033240378443
    vertex 18.281007246628455 20.030017885328668 38.120232826289055
  endloop
endfacet
facet normal -0.9159756150367526 -0.12059047744874017 0.38268343236509195
  outer loop
    vertex 17.68942991682608 19.871505217547558 37.65430699999999
    vertex 17.55919774930778 20.095349874853603 37.413126045102516
    vertex 17.592100855055865 19.84542597404615 37.413126045102516
  endloop
endfacet
facet normal -0.9159756150367526 -0.12059047744874017 0.38268343236509195
  outer loop
    vertex 17.55919774930778 20.095349874853603 37.413126045102516
    vertex 17.68942991682608 19.871505217547558 37.65430699999999
    vertex 17.65996020862014 20.095349874853603 37.65430699999999
  endloop
endfacet
facet normal -0.12940952255126084 -0.017037086855462808 0.9914448613738105
  outer loop
    vertex 18.533458511475246 20.095349874853603 38.15430699999999
    vertex 18.272406127035143 20.095349874853603 38.120232826289055
    vertex 18.281007246628455 20.030017885328668 38.120232826289055
  endloop
endfacet
facet normal -0.7865660924854867 -0.10355339059327756 0.6087614290087282
  outer loop
    vertex 17.844258095200903 19.912991302908676 37.861413781186535
    vertex 17.65996020862014 20.095349874853603 37.65430699999999
    vertex 17.68942991682608 19.871505217547558 37.65430699999999
  endloop
endfacet
facet normal -0.7865660924854867 -0.10355339059327756 0.6087614290087282
  outer loop
    vertex 17.65996020862014 20.095349874853603 37.65430699999999
    vertex 17.844258095200903 19.912991302908676 37.861413781186535
    vertex 17.820250133747884 20.095349874853603 37.861413781186535
  endloop
endfacet
facet normal -0.786566092485501 -0.6035533905932642 0.13052619222004805
  outer loop
    vertex 17.842024755863317 19.41254507982183 37.413126045102516
    vertex 17.658804147110658 19.5953498748536 37.15430699999999
    vertex 17.817722769708542 19.388243093667057 37.15430699999999
  endloop
endfacet
facet normal -0.786566092485501 -0.6035533905932642 0.13052619222004805
  outer loop
    vertex 17.658804147110658 19.5953498748536 37.15430699999999
    vertex 17.842024755863317 19.41254507982183 37.413126045102516
    vertex 17.688567880018347 19.612533974059943 37.413126045102516
  endloop
endfacet
facet normal -0.08046837003947578 -0.10486842154661603 0.9912252294940396
  outer loop
    vertex 18.533458511475246 20.095349874853603 38.15430699999999
    vertex 18.346339236153405 19.916859560111895 38.120232826289055
    vertex 18.39861783896511 19.876744777280642 38.120232826289055
  endloop
endfacet
facet normal -0.6035533905932718 -0.7865660924854952 0.13052619222004708
  outer loop
    vertex 18.042013650101435 19.259088203976855 37.413126045102516
    vertex 17.817722769708542 19.388243093667057 37.15430699999999
    vertex 18.02482955089509 19.229324471069166 37.15430699999999
  endloop
endfacet
facet normal -0.6035533905932718 -0.7865660924854952 0.13052619222004708
  outer loop
    vertex 17.817722769708542 19.388243093667057 37.15430699999999
    vertex 18.042013650101435 19.259088203976855 37.413126045102516
    vertex 17.842024755863317 19.41254507982183 37.413126045102516
  endloop
endfacet
facet normal -0.4829629131445461 -0.370590477448741 0.7933533402912275
  outer loop
    vertex 18.026616667145838 19.59713699110434 37.861413781186535
    vertex 18.095553298538213 19.84750711499864 38.02033240378443
    vertex 17.91464587666198 19.743060166279996 37.861413781186535
  endloop
endfacet
facet normal -0.4829629131445461 -0.370590477448741 0.7933533402912275
  outer loop
    vertex 18.095553298538213 19.84750711499864 38.02033240378443
    vertex 18.026616667145838 19.59713699110434 37.861413781186535
    vertex 18.17432695857223 19.744847282530735 38.02033240378443
  endloop
endfacet
facet normal -0.5624222244434772 -0.7329629131445325 0.3826834323650968
  outer loop
    vertex 18.092394879757613 19.34635105348916 37.65430699999999
    vertex 17.842024755863317 19.41254507982183 37.413126045102516
    vertex 18.042013650101435 19.259088203976855 37.413126045102516
  endloop
endfacet
facet normal -0.5624222244434772 -0.7329629131445325 0.3826834323650968
  outer loop
    vertex 17.842024755863317 19.41254507982183 37.413126045102516
    vertex 18.092394879757613 19.34635105348916 37.65430699999999
    vertex 17.913274574132128 19.483794898090633 37.65430699999999
  endloop
endfacet
facet normal -0.3036031793409534 -0.7329629131445324 0.6087614290087255
  outer loop
    vertex 18.342470978950168 19.41477841915941 37.861413781186535
    vertex 18.092394879757613 19.34635105348916 37.65430699999999
    vertex 18.30098489358905 19.259950240784583 37.65430699999999
  endloop
endfacet
facet normal -0.3036031793409534 -0.7329629131445324 0.6087614290087255
  outer loop
    vertex 18.092394879757613 19.34635105348916 37.65430699999999
    vertex 18.342470978950168 19.41477841915941 37.861413781186535
    vertex 18.17253984232148 19.485166200620487 37.861413781186535
  endloop
endfacet
facet normal -0.3535533905932731 -0.8535533905932708 0.38268343236509694
  outer loop
    vertex 18.30098489358905 19.259950240784583 37.65430699999999
    vertex 18.042013650101435 19.259088203976855 37.413126045102516
    vertex 18.274905650087643 19.162621179014373 37.413126045102516
  endloop
endfacet
facet normal -0.3535533905932731 -0.8535533905932708 0.38268343236509694
  outer loop
    vertex 18.042013650101435 19.259088203976855 37.413126045102516
    vertex 18.30098489358905 19.259950240784583 37.65430699999999
    vertex 18.092394879757613 19.34635105348916 37.65430699999999
  endloop
endfacet
facet normal -0.7329629131445368 -0.562422224443471 0.3826834323650977
  outer loop
    vertex 17.913274574132128 19.483794898090633 37.65430699999999
    vertex 17.688567880018347 19.612533974059943 37.413126045102516
    vertex 17.842024755863317 19.41254507982183 37.413126045102516
  endloop
endfacet
facet normal -0.7329629131445368 -0.562422224443471 0.3826834323650977
  outer loop
    vertex 17.688567880018347 19.612533974059943 37.413126045102516
    vertex 17.913274574132128 19.483794898090633 37.65430699999999
    vertex 17.77583072953065 19.662915203716125 37.65430699999999
  endloop
endfacet
facet normal -0.3535533905932669 -0.1464466094067253 0.9238795325112897
  outer loop
    vertex 18.095553298538213 19.84750711499864 38.02033240378443
    vertex 18.281007246628455 20.030017885328668 38.120232826289055
    vertex 18.04603410568976 19.96705702197114 38.02033240378443
  endloop
endfacet
facet normal -0.3535533905932669 -0.1464466094067253 0.9238795325112897
  outer loop
    vertex 18.281007246628455 20.030017885328668 38.120232826289055
    vertex 18.095553298538213 19.84750711499864 38.02033240378443
    vertex 18.306224453322134 19.969138162923624 38.120232826289055
  endloop
endfacet
facet normal -0.8535533905932708 -0.35355339059327523 0.3826834323650952
  outer loop
    vertex 17.77583072953065 19.662915203716125 37.65430699999999
    vertex 17.592100855055865 19.84542597404615 37.413126045102516
    vertex 17.688567880018347 19.612533974059943 37.413126045102516
  endloop
endfacet
facet normal -0.8535533905932708 -0.35355339059327523 0.3826834323650952
  outer loop
    vertex 17.592100855055865 19.84542597404615 37.413126045102516
    vertex 17.77583072953065 19.662915203716125 37.65430699999999
    vertex 17.68942991682608 19.871505217547558 37.65430699999999
  endloop
endfacet
facet normal -0.12085808022881576 -0.050061055953153896 0.9914066850290352
  outer loop
    vertex 18.533458511475246 20.095349874853603 38.15430699999999
    vertex 18.281007246628455 20.030017885328668 38.120232826289055
    vertex 18.306224453322134 19.969138162923624 38.120232826289055
  endloop
endfacet
facet normal -0.5624222244434887 -0.2329629131445366 0.7933533402912282
  outer loop
    vertex 17.91464587666198 19.743060166279996 37.861413781186535
    vertex 18.04603410568976 19.96705702197114 38.02033240378443
    vertex 17.844258095200903 19.912991302908676 37.861413781186535
  endloop
endfacet
facet normal -0.5624222244434887 -0.2329629131445366 0.7933533402912282
  outer loop
    vertex 18.04603410568976 19.96705702197114 38.02033240378443
    vertex 17.91464587666198 19.743060166279996 37.861413781186535
    vertex 18.095553298538213 19.84750711499864 38.02033240378443
  endloop
endfacet
facet normal -0.3036031793409568 -0.23296291314452441 0.92387953251129
  outer loop
    vertex 18.17432695857223 19.744847282530735 38.02033240378443
    vertex 18.306224453322134 19.969138162923624 38.120232826289055
    vertex 18.095553298538213 19.84750711499864 38.02033240378443
  endloop
endfacet
facet normal -0.3036031793409568 -0.23296291314452441 0.92387953251129
  outer loop
    vertex 18.306224453322134 19.969138162923624 38.120232826289055
    vertex 18.17432695857223 19.744847282530735 38.02033240378443
    vertex 18.346339236153405 19.916859560111895 38.120232826289055
  endloop
endfacet
facet normal -0.9159756150367533 -0.37940952255126253 0.13052619222004688
  outer loop
    vertex 17.688567880018347 19.612533974059943 37.413126045102516
    vertex 17.558903724606026 19.836530829751087 37.15430699999999
    vertex 17.658804147110658 19.5953498748536 37.15430699999999
  endloop
endfacet
facet normal -0.9159756150367533 -0.37940952255126253 0.13052619222004688
  outer loop
    vertex 17.558903724606026 19.836530829751087 37.15430699999999
    vertex 17.688567880018347 19.612533974059943 37.413126045102516
    vertex 17.592100855055865 19.84542597404615 37.413126045102516
  endloop
endfacet
facet normal -0.7329629131445293 -0.3036031793409584 0.6087614290087268
  outer loop
    vertex 17.91464587666198 19.743060166279996 37.861413781186535
    vertex 17.68942991682608 19.871505217547558 37.65430699999999
    vertex 17.77583072953065 19.662915203716125 37.65430699999999
  endloop
endfacet
facet normal -0.7329629131445293 -0.3036031793409584 0.6087614290087268
  outer loop
    vertex 17.68942991682608 19.871505217547558 37.65430699999999
    vertex 17.91464587666198 19.743060166279996 37.861413781186535
    vertex 17.844258095200903 19.912991302908676 37.861413781186535
  endloop
endfacet
facet normal -0.3705904774487481 -0.48296291314454076 0.7933533402912274
  outer loop
    vertex 18.17253984232148 19.485166200620487 37.861413781186535
    vertex 18.17432695857223 19.744847282530735 38.02033240378443
    vertex 18.026616667145838 19.59713699110434 37.861413781186535
  endloop
endfacet
facet normal -0.3705904774487481 -0.48296291314454076 0.7933533402912274
  outer loop
    vertex 18.17432695857223 19.744847282530735 38.02033240378443
    vertex 18.17253984232148 19.485166200620487 37.861413781186535
    vertex 18.276986791040123 19.66607362249672 38.02033240378443
  endloop
endfacet
facet normal -0.48296291314453527 -0.6294095225512583 0.608761429008722
  outer loop
    vertex 18.17253984232148 19.485166200620487 37.861413781186535
    vertex 17.913274574132128 19.483794898090633 37.65430699999999
    vertex 18.092394879757613 19.34635105348916 37.65430699999999
  endloop
endfacet
facet normal -0.48296291314453527 -0.6294095225512583 0.608761429008722
  outer loop
    vertex 17.913274574132128 19.483794898090633 37.65430699999999
    vertex 18.17253984232148 19.485166200620487 37.861413781186535
    vertex 18.026616667145838 19.59713699110434 37.861413781186535
  endloop
endfacet
facet normal -0.23296291314453252 -0.3036031793409534 0.923879532511289
  outer loop
    vertex 18.276986791040123 19.66607362249672 38.02033240378443
    vertex 18.346339236153405 19.916859560111895 38.120232826289055
    vertex 18.17432695857223 19.744847282530735 38.02033240378443
  endloop
endfacet
facet normal -0.23296291314453252 -0.3036031793409534 0.923879532511289
  outer loop
    vertex 18.346339236153405 19.916859560111895 38.120232826289055
    vertex 18.276986791040123 19.66607362249672 38.02033240378443
    vertex 18.39861783896511 19.876744777280642 38.120232826289055
  endloop
endfacet
facet normal -0.3794095225512607 -0.9159756150367543 0.13052619222004483
  outer loop
    vertex 18.274905650087643 19.162621179014373 37.413126045102516
    vertex 18.02482955089509 19.229324471069166 37.15430699999999
    vertex 18.26601050579258 19.129424048564534 37.15430699999999
  endloop
endfacet
facet normal -0.3794095225512607 -0.9159756150367543 0.13052619222004483
  outer loop
    vertex 18.02482955089509 19.229324471069166 37.15430699999999
    vertex 18.274905650087643 19.162621179014373 37.413126045102516
    vertex 18.042013650101435 19.259088203976855 37.413126045102516
  endloop
endfacet
facet normal -0.6294095225512609 -0.48296291314452766 0.6087614290087254
  outer loop
    vertex 18.026616667145838 19.59713699110434 37.861413781186535
    vertex 17.77583072953065 19.662915203716125 37.65430699999999
    vertex 17.913274574132128 19.483794898090633 37.65430699999999
  endloop
endfacet
facet normal -0.6294095225512609 -0.48296291314452766 0.6087614290087254
  outer loop
    vertex 17.77583072953065 19.662915203716125 37.65430699999999
    vertex 18.026616667145838 19.59713699110434 37.861413781186535
    vertex 17.91464587666198 19.743060166279996 37.861413781186535
  endloop
endfacet
facet normal -0.10422999276561694 -0.07997848640590649 0.9913322098672572
  outer loop
    vertex 18.533458511475246 20.095349874853603 38.15430699999999
    vertex 18.306224453322134 19.969138162923624 38.120232826289055
    vertex 18.346339236153405 19.916859560111895 38.120232826289055
  endloop
endfacet
facet normal 0.1464466094067253 -0.3535533905932669 0.9238795325112897
  outer loop
    vertex 18.65312240377756 19.616554429648268 38.02033240378443
    vertex 18.651041262825075 19.876744777280642 38.120232826289055
    vertex 18.59016154042003 19.851527570586963 38.120232826289055
  endloop
endfacet
facet normal 0.1464466094067253 -0.3535533905932669 0.9238795325112897
  outer loop
    vertex 18.651041262825075 19.876744777280642 38.120232826289055
    vertex 18.65312240377756 19.616554429648268 38.02033240378443
    vertex 18.77267231075006 19.66607362249672 38.02033240378443
  endloop
endfacet
facet normal 0.3036031793409584 -0.7329629131445293 0.6087614290087268
  outer loop
    vertex 18.877119259468703 19.485166200620487 37.861413781186535
    vertex 18.74867420820114 19.259950240784583 37.65430699999999
    vertex 18.957264222032574 19.34635105348916 37.65430699999999
  endloop
endfacet
facet normal 0.3036031793409584 -0.7329629131445293 0.6087614290087268
  outer loop
    vertex 18.74867420820114 19.259950240784583 37.65430699999999
    vertex 18.877119259468703 19.485166200620487 37.861413781186535
    vertex 18.707188122840023 19.41477841915941 37.861413781186535
  endloop
endfacet
facet normal -0.05096682857080116 -0.12304480876678277 0.991091498006607
  outer loop
    vertex 18.533458511475246 20.095349874853603 38.15430699999999
    vertex 18.39861783896511 19.876744777280642 38.120232826289055
    vertex 18.45949756137016 19.851527570586963 38.120232826289055
  endloop
endfacet
facet normal 0.05230466168050039 -0.12627462360439334 0.9906154358781502
  outer loop
    vertex 18.651041262825075 19.876744777280642 38.120232826289055
    vertex 18.533458511475246 20.095349874853603 38.15430699999999
    vertex 18.59016154042003 19.851527570586963 38.120232826289055
  endloop
endfacet
facet normal 0.2329629131445366 -0.5624222244434887 0.7933533402912282
  outer loop
    vertex 18.707188122840023 19.41477841915941 37.861413781186535
    vertex 18.77267231075006 19.66607362249672 38.02033240378443
    vertex 18.65312240377756 19.616554429648268 38.02033240378443
  endloop
endfacet
facet normal 0.2329629131445366 -0.5624222244434887 0.7933533402912282
  outer loop
    vertex 18.77267231075006 19.66607362249672 38.02033240378443
    vertex 18.707188122840023 19.41477841915941 37.861413781186535
    vertex 18.877119259468703 19.485166200620487 37.861413781186535
  endloop
endfacet
facet normal 0.37940952255126253 -0.9159756150367533 0.13052619222004688
  outer loop
    vertex 19.007645451688756 19.259088203976855 37.413126045102516
    vertex 18.78364859599761 19.129424048564534 37.15430699999999
    vertex 19.0248295508951 19.229324471069166 37.15430699999999
  endloop
endfacet
facet normal 0.37940952255126253 -0.9159756150367533 0.13052619222004688
  outer loop
    vertex 18.78364859599761 19.129424048564534 37.15430699999999
    vertex 19.007645451688756 19.259088203976855 37.413126045102516
    vertex 18.774753451702548 19.162621179014373 37.413126045102516
  endloop
endfacet
facet normal -0.04995021125231258 -0.3794095225512533 0.92387953251129
  outer loop
    vertex 18.524829550895095 19.599664355143677 38.02033240378443
    vertex 18.45949756137016 19.851527570586963 38.120232826289055
    vertex 18.39653669801263 19.616554429648268 38.02033240378443
  endloop
endfacet
facet normal -0.04995021125231258 -0.3794095225512533 0.92387953251129
  outer loop
    vertex 18.45949756137016 19.851527570586963 38.120232826289055
    vertex 18.524829550895095 19.599664355143677 38.02033240378443
    vertex 18.524829550895095 19.84292645099365 38.120232826289055
  endloop
endfacet
facet normal 0.48296291314452766 -0.6294095225512609 0.6087614290087254
  outer loop
    vertex 19.02304243464436 19.597136991104346 37.861413781186535
    vertex 18.957264222032574 19.34635105348916 37.65430699999999
    vertex 19.136384527658066 19.483794898090633 37.65430699999999
  endloop
endfacet
facet normal 0.48296291314452766 -0.6294095225512609 0.6087614290087254
  outer loop
    vertex 18.957264222032574 19.34635105348916 37.65430699999999
    vertex 19.02304243464436 19.597136991104346 37.861413781186535
    vertex 18.877119259468703 19.485166200620487 37.861413781186535
  endloop
endfacet
facet normal -0.017531595244990546 -0.13316568668479395 0.9909387181142603
  outer loop
    vertex 18.533458511475246 20.095349874853603 38.15430699999999
    vertex 18.45949756137016 19.851527570586963 38.120232826289055
    vertex 18.524829550895095 19.84292645099365 38.120232826289055
  endloop
endfacet
facet normal 0.12940952255125993 -0.9829629131445344 0.13052619222004969
  outer loop
    vertex 18.774753451702548 19.162621179014373 37.413126045102516
    vertex 18.524829550895095 19.095349874853603 37.15430699999999
    vertex 18.78364859599761 19.129424048564534 37.15430699999999
  endloop
endfacet
facet normal 0.12940952255125993 -0.9829629131445344 0.13052619222004969
  outer loop
    vertex 18.524829550895095 19.095349874853603 37.15430699999999
    vertex 18.774753451702548 19.162621179014373 37.413126045102516
    vertex 18.524829550895095 19.129718073266286 37.413126045102516
  endloop
endfacet
facet normal -0.23296291314453105 -0.5624222244434922 0.7933533402912274
  outer loop
    vertex 18.342470978950168 19.41477841915941 37.861413781186535
    vertex 18.276986791040123 19.66607362249672 38.02033240378443
    vertex 18.17253984232148 19.485166200620487 37.861413781186535
  endloop
endfacet
facet normal -0.23296291314453105 -0.5624222244434922 0.7933533402912274
  outer loop
    vertex 18.276986791040123 19.66607362249672 38.02033240378443
    vertex 18.342470978950168 19.41477841915941 37.861413781186535
    vertex 18.39653669801263 19.616554429648268 38.02033240378443
  endloop
endfacet
facet normal -0.07945931129894998 -0.6035533905932842 0.7933533402912268
  outer loop
    vertex 18.524829550895095 19.390770457706388 37.861413781186535
    vertex 18.39653669801263 19.616554429648268 38.02033240378443
    vertex 18.342470978950168 19.41477841915941 37.861413781186535
  endloop
endfacet
facet normal -0.07945931129894998 -0.6035533905932842 0.7933533402912268
  outer loop
    vertex 18.39653669801263 19.616554429648268 38.02033240378443
    vertex 18.524829550895095 19.390770457706388 37.861413781186535
    vertex 18.524829550895095 19.599664355143677 38.02033240378443
  endloop
endfacet
facet normal -0.12940952255125932 -0.9829629131445348 0.13052619222004905
  outer loop
    vertex 18.524829550895095 19.129718073266286 37.413126045102516
    vertex 18.26601050579258 19.129424048564534 37.15430699999999
    vertex 18.524829550895095 19.095349874853603 37.15430699999999
  endloop
endfacet
facet normal -0.12940952255125932 -0.9829629131445348 0.13052619222004905
  outer loop
    vertex 18.26601050579258 19.129424048564534 37.15430699999999
    vertex 18.524829550895095 19.129718073266286 37.413126045102516
    vertex 18.274905650087643 19.162621179014373 37.413126045102516
  endloop
endfacet
facet normal -0.12059047744873941 -0.9159756150367524 0.38268343236509256
  outer loop
    vertex 18.524829550895095 19.23048053257865 37.65430699999999
    vertex 18.274905650087643 19.162621179014373 37.413126045102516
    vertex 18.524829550895095 19.129718073266286 37.413126045102516
  endloop
endfacet
facet normal -0.12059047744873941 -0.9159756150367524 0.38268343236509256
  outer loop
    vertex 18.274905650087643 19.162621179014373 37.413126045102516
    vertex 18.524829550895095 19.23048053257865 37.65430699999999
    vertex 18.30098489358905 19.259950240784583 37.65430699999999
  endloop
endfacet
facet normal -0.10355339059327756 -0.7865660924854867 0.6087614290087282
  outer loop
    vertex 18.524829550895095 19.390770457706388 37.861413781186535
    vertex 18.30098489358905 19.259950240784583 37.65430699999999
    vertex 18.524829550895095 19.23048053257865 37.65430699999999
  endloop
endfacet
facet normal -0.10355339059327756 -0.7865660924854867 0.6087614290087282
  outer loop
    vertex 18.30098489358905 19.259950240784583 37.65430699999999
    vertex 18.524829550895095 19.390770457706388 37.861413781186535
    vertex 18.342470978950168 19.41477841915941 37.861413781186535
  endloop
endfacet
facet normal -0.14644660940671947 -0.3535533905932693 0.9238795325112897
  outer loop
    vertex 18.39653669801263 19.616554429648268 38.02033240378443
    vertex 18.39861783896511 19.876744777280642 38.120232826289055
    vertex 18.276986791040123 19.66607362249672 38.02033240378443
  endloop
endfacet
facet normal -0.14644660940671947 -0.3535533905932693 0.9238795325112897
  outer loop
    vertex 18.39861783896511 19.876744777280642 38.120232826289055
    vertex 18.39653669801263 19.616554429648268 38.02033240378443
    vertex 18.45949756137016 19.851527570586963 38.120232826289055
  endloop
endfacet
facet normal 0.10355339059327756 -0.7865660924854867 0.6087614290087282
  outer loop
    vertex 18.707188122840023 19.41477841915941 37.861413781186535
    vertex 18.524829550895095 19.23048053257865 37.65430699999999
    vertex 18.74867420820114 19.259950240784583 37.65430699999999
  endloop
endfacet
facet normal 0.10355339059327756 -0.7865660924854867 0.6087614290087282
  outer loop
    vertex 18.524829550895095 19.23048053257865 37.65430699999999
    vertex 18.707188122840023 19.41477841915941 37.861413781186535
    vertex 18.524829550895095 19.390770457706388 37.861413781186535
  endloop
endfacet
facet normal 0.017687211635342516 -0.13434771052181751 0.9907763901214606
  outer loop
    vertex 18.59016154042003 19.851527570586963 38.120232826289055
    vertex 18.533458511475246 20.095349874853603 38.15430699999999
    vertex 18.524829550895095 19.84292645099365 38.120232826289055
  endloop
endfacet
facet normal 0.04995021125231342 -0.3794095225512534 0.9238795325112897
  outer loop
    vertex 18.65312240377756 19.616554429648268 38.02033240378443
    vertex 18.524829550895095 19.84292645099365 38.120232826289055
    vertex 18.524829550895095 19.599664355143677 38.02033240378443
  endloop
endfacet
facet normal 0.04995021125231342 -0.3794095225512534 0.9238795325112897
  outer loop
    vertex 18.524829550895095 19.84292645099365 38.120232826289055
    vertex 18.65312240377756 19.616554429648268 38.02033240378443
    vertex 18.59016154042003 19.851527570586963 38.120232826289055
  endloop
endfacet
facet normal 0.12059047744874017 -0.9159756150367526 0.38268343236509195
  outer loop
    vertex 18.74867420820114 19.259950240784583 37.65430699999999
    vertex 18.524829550895095 19.129718073266286 37.413126045102516
    vertex 18.774753451702548 19.162621179014373 37.413126045102516
  endloop
endfacet
facet normal 0.12059047744874017 -0.9159756150367526 0.38268343236509195
  outer loop
    vertex 18.524829550895095 19.129718073266286 37.413126045102516
    vertex 18.74867420820114 19.259950240784583 37.65430699999999
    vertex 18.524829550895095 19.23048053257865 37.65430699999999
  endloop
endfacet
facet normal 0.07945931129895048 -0.6035533905932838 0.793353340291227
  outer loop
    vertex 18.707188122840023 19.41477841915941 37.861413781186535
    vertex 18.524829550895095 19.599664355143677 38.02033240378443
    vertex 18.524829550895095 19.390770457706388 37.861413781186535
  endloop
endfacet
facet normal 0.07945931129895048 -0.6035533905932838 0.793353340291227
  outer loop
    vertex 18.524829550895095 19.599664355143677 38.02033240378443
    vertex 18.707188122840023 19.41477841915941 37.861413781186535
    vertex 18.65312240377756 19.616554429648268 38.02033240378443
  endloop
endfacet
facet normal 0.35355339059327523 -0.8535533905932708 0.3826834323650952
  outer loop
    vertex 18.957264222032574 19.34635105348916 37.65430699999999
    vertex 18.774753451702548 19.162621179014373 37.413126045102516
    vertex 19.007645451688756 19.259088203976855 37.413126045102516
  endloop
endfacet
facet normal 0.35355339059327523 -0.8535533905932708 0.3826834323650952
  outer loop
    vertex 18.774753451702548 19.162621179014373 37.413126045102516
    vertex 18.957264222032574 19.34635105348916 37.65430699999999
    vertex 18.74867420820114 19.259950240784583 37.65430699999999
  endloop
endfacet
facet normal 0.48296291314454454 -0.37059047744874307 0.7933533402912273
  outer loop
    vertex 19.02304243464436 19.597136991104346 37.861413781186535
    vertex 18.954105803251977 19.847507114998635 38.02033240378443
    vertex 18.875332143217964 19.74484728253074 38.02033240378443
  endloop
endfacet
facet normal 0.48296291314454454 -0.37059047744874307 0.7933533402912273
  outer loop
    vertex 18.954105803251977 19.847507114998635 38.02033240378443
    vertex 19.02304243464436 19.597136991104346 37.861413781186535
    vertex 19.135013225128212 19.743060166279992 37.861413781186535
  endloop
endfacet
facet normal 0.3036031793409575 -0.23296291314452533 0.9238795325112895
  outer loop
    vertex 18.875332143217964 19.74484728253074 38.02033240378443
    vertex 18.743434648468057 19.96913816292362 38.120232826289055
    vertex 18.703319865636804 19.91685956011191 38.120232826289055
  endloop
endfacet
facet normal 0.3036031793409575 -0.23296291314452533 0.9238795325112895
  outer loop
    vertex 18.743434648468057 19.96913816292362 38.120232826289055
    vertex 18.875332143217964 19.74484728253074 38.02033240378443
    vertex 18.954105803251977 19.847507114998635 38.02033240378443
  endloop
endfacet
facet normal 0.7329629131445327 -0.3036031793409553 0.6087614290087242
  outer loop
    vertex 19.360229184964112 19.87150521754756 37.65430699999999
    vertex 19.135013225128212 19.743060166279992 37.861413781186535
    vertex 19.27382837225954 19.662915203716125 37.65430699999999
  endloop
endfacet
facet normal 0.7329629131445327 -0.3036031793409553 0.6087614290087242
  outer loop
    vertex 19.135013225128212 19.743060166279992 37.861413781186535
    vertex 19.360229184964112 19.87150521754756 37.65430699999999
    vertex 19.205401006589288 19.912991302908676 37.861413781186535
  endloop
endfacet
facet normal 0.8535533905932708 -0.3535533905932731 0.38268343236509694
  outer loop
    vertex 19.457558246734326 19.84542597404615 37.413126045102516
    vertex 19.27382837225954 19.662915203716125 37.65430699999999
    vertex 19.361091221771844 19.612533974059943 37.413126045102516
  endloop
endfacet
facet normal 0.8535533905932708 -0.3535533905932731 0.38268343236509694
  outer loop
    vertex 19.27382837225954 19.662915203716125 37.65430699999999
    vertex 19.457558246734326 19.84542597404615 37.413126045102516
    vertex 19.360229184964112 19.87150521754756 37.65430699999999
  endloop
endfacet
facet normal 0.786566092485487 -0.1035533905932784 0.6087614290087279
  outer loop
    vertex 19.38969889317005 20.095349874853603 37.65430699999999
    vertex 19.205401006589288 19.912991302908676 37.861413781186535
    vertex 19.360229184964112 19.87150521754756 37.65430699999999
  endloop
endfacet
facet normal 0.786566092485487 -0.1035533905932784 0.6087614290087279
  outer loop
    vertex 19.205401006589288 19.912991302908676 37.861413781186535
    vertex 19.38969889317005 20.095349874853603 37.65430699999999
    vertex 19.22940896804231 20.095349874853603 37.861413781186535
  endloop
endfacet
facet normal 0.370590477448741 -0.4829629131445461 0.7933533402912275
  outer loop
    vertex 18.877119259468703 19.485166200620487 37.861413781186535
    vertex 18.875332143217964 19.74484728253074 38.02033240378443
    vertex 18.77267231075006 19.66607362249672 38.02033240378443
  endloop
endfacet
facet normal 0.370590477448741 -0.4829629131445461 0.7933533402912275
  outer loop
    vertex 18.875332143217964 19.74484728253074 38.02033240378443
    vertex 18.877119259468703 19.485166200620487 37.861413781186535
    vertex 19.02304243464436 19.597136991104346 37.861413781186535
  endloop
endfacet
facet normal 0.9159756150367524 -0.12059047744874084 0.38268343236509256
  outer loop
    vertex 19.490461352482413 20.095349874853603 37.413126045102516
    vertex 19.360229184964112 19.87150521754756 37.65430699999999
    vertex 19.457558246734326 19.84542597404615 37.413126045102516
  endloop
endfacet
facet normal 0.9159756150367524 -0.12059047744874084 0.38268343236509256
  outer loop
    vertex 19.360229184964112 19.87150521754756 37.65430699999999
    vertex 19.490461352482413 20.095349874853603 37.413126045102516
    vertex 19.38969889317005 20.095349874853603 37.65430699999999
  endloop
endfacet
facet normal 0.7865660924854994 -0.6035533905932666 0.13052619222004708
  outer loop
    vertex 19.390854954679533 19.5953498748536 37.15430699999999
    vertex 19.20763434592687 19.412545079821825 37.413126045102516
    vertex 19.23193633208164 19.38824309366705 37.15430699999999
  endloop
endfacet
facet normal 0.7865660924854994 -0.6035533905932666 0.13052619222004708
  outer loop
    vertex 19.20763434592687 19.412545079821825 37.413126045102516
    vertex 19.390854954679533 19.5953498748536 37.15430699999999
    vertex 19.361091221771844 19.612533974059943 37.413126045102516
  endloop
endfacet
facet normal 0.23296291314452441 -0.3036031793409568 0.92387953251129
  outer loop
    vertex 18.77267231075006 19.66607362249672 38.02033240378443
    vertex 18.703319865636804 19.91685956011191 38.120232826289055
    vertex 18.651041262825075 19.876744777280642 38.120232826289055
  endloop
endfacet
facet normal 0.23296291314452441 -0.3036031793409568 0.92387953251129
  outer loop
    vertex 18.703319865636804 19.91685956011191 38.120232826289055
    vertex 18.77267231075006 19.66607362249672 38.02033240378443
    vertex 18.875332143217964 19.74484728253074 38.02033240378443
  endloop
endfacet
facet normal 0.6035533905932842 -0.07945931129895001 0.7933533402912268
  outer loop
    vertex 19.205401006589288 19.912991302908676 37.861413781186535
    vertex 19.020515070605022 20.095349874853603 38.02033240378443
    vertex 19.00362499610043 19.967057021971137 38.02033240378443
  endloop
endfacet
facet normal 0.6035533905932842 -0.07945931129895001 0.7933533402912268
  outer loop
    vertex 19.020515070605022 20.095349874853603 38.02033240378443
    vertex 19.205401006589288 19.912991302908676 37.861413781186535
    vertex 19.22940896804231 20.095349874853603 37.861413781186535
  endloop
endfacet
facet normal 0.5624222244434907 -0.23296291314453488 0.7933533402912274
  outer loop
    vertex 19.135013225128212 19.743060166279992 37.861413781186535
    vertex 19.00362499610043 19.967057021971137 38.02033240378443
    vertex 18.954105803251977 19.847507114998635 38.02033240378443
  endloop
endfacet
facet normal 0.5624222244434907 -0.23296291314453488 0.7933533402912274
  outer loop
    vertex 19.00362499610043 19.967057021971137 38.02033240378443
    vertex 19.135013225128212 19.743060166279992 37.861413781186535
    vertex 19.205401006589288 19.912991302908676 37.861413781186535
  endloop
endfacet
facet normal 0.7329629131445364 -0.5624222244434721 0.3826834323650969
  outer loop
    vertex 19.361091221771844 19.612533974059943 37.413126045102516
    vertex 19.136384527658066 19.483794898090633 37.65430699999999
    vertex 19.20763434592687 19.412545079821825 37.413126045102516
  endloop
endfacet
facet normal 0.7329629131445364 -0.5624222244434721 0.3826834323650969
  outer loop
    vertex 19.136384527658066 19.483794898090633 37.65430699999999
    vertex 19.361091221771844 19.612533974059943 37.413126045102516
    vertex 19.27382837225954 19.662915203716125 37.65430699999999
  endloop
endfacet
facet normal 0.562422224443471 -0.7329629131445368 0.3826834323650977
  outer loop
    vertex 19.136384527658066 19.483794898090633 37.65430699999999
    vertex 19.007645451688756 19.259088203976855 37.413126045102516
    vertex 19.20763434592687 19.412545079821825 37.413126045102516
  endloop
endfacet
facet normal 0.562422224443471 -0.7329629131445368 0.3826834323650977
  outer loop
    vertex 19.007645451688756 19.259088203976855 37.413126045102516
    vertex 19.136384527658066 19.483794898090633 37.65430699999999
    vertex 18.957264222032574 19.34635105348916 37.65430699999999
  endloop
endfacet
facet normal 0.08385466943786091 -0.10928153284263674 0.9904675365669643
  outer loop
    vertex 18.703319865636804 19.91685956011191 38.120232826289055
    vertex 18.533458511475246 20.095349874853603 38.15430699999999
    vertex 18.651041262825075 19.876744777280642 38.120232826289055
  endloop
endfacet
facet normal 0.12866169126381705 -0.053293417479335664 0.990255512912959
  outer loop
    vertex 18.768651855161735 20.030017885328665 38.120232826289055
    vertex 18.533458511475246 20.095349874853603 38.15430699999999
    vertex 18.743434648468057 19.96913816292362 38.120232826289055
  endloop
endfacet
facet normal 0.6035533905932642 -0.786566092485501 0.13052619222004805
  outer loop
    vertex 19.20763434592687 19.412545079821825 37.413126045102516
    vertex 19.0248295508951 19.229324471069166 37.15430699999999
    vertex 19.23193633208164 19.38824309366705 37.15430699999999
  endloop
endfacet
facet normal 0.6035533905932642 -0.786566092485501 0.13052619222004805
  outer loop
    vertex 19.0248295508951 19.229324471069166 37.15430699999999
    vertex 19.20763434592687 19.412545079821825 37.413126045102516
    vertex 19.007645451688756 19.259088203976855 37.413126045102516
  endloop
endfacet
facet normal 0.10998293083414176 -0.08439287104605392 0.9903441817074186
  outer loop
    vertex 18.743434648468057 19.96913816292362 38.120232826289055
    vertex 18.533458511475246 20.095349874853603 38.15430699999999
    vertex 18.703319865636804 19.91685956011191 38.120232826289055
  endloop
endfacet
facet normal 0.6294095225512623 -0.4829629131445299 0.608761429008722
  outer loop
    vertex 19.27382837225954 19.662915203716125 37.65430699999999
    vertex 19.02304243464436 19.597136991104346 37.861413781186535
    vertex 19.136384527658066 19.483794898090633 37.65430699999999
  endloop
endfacet
facet normal 0.6294095225512623 -0.4829629131445299 0.608761429008722
  outer loop
    vertex 19.02304243464436 19.597136991104346 37.861413781186535
    vertex 19.27382837225954 19.662915203716125 37.65430699999999
    vertex 19.135013225128212 19.743060166279992 37.861413781186535
  endloop
endfacet
facet normal 0.9159756150367543 -0.37940952255126065 0.13052619222004483
  outer loop
    vertex 19.490755377184165 19.836530829751087 37.15430699999999
    vertex 19.361091221771844 19.612533974059943 37.413126045102516
    vertex 19.390854954679533 19.5953498748536 37.15430699999999
  endloop
endfacet
facet normal 0.9159756150367543 -0.37940952255126065 0.13052619222004483
  outer loop
    vertex 19.361091221771844 19.612533974059943 37.413126045102516
    vertex 19.490755377184165 19.836530829751087 37.15430699999999
    vertex 19.457558246734326 19.84542597404615 37.413126045102516
  endloop
endfacet
facet normal 0.3535533905932669 -0.1464466094067253 0.9238795325112897
  outer loop
    vertex 18.954105803251977 19.847507114998635 38.02033240378443
    vertex 18.768651855161735 20.030017885328665 38.120232826289055
    vertex 18.743434648468057 19.96913816292362 38.120232826289055
  endloop
endfacet
facet normal 0.3535533905932669 -0.1464466094067253 0.9238795325112897
  outer loop
    vertex 18.768651855161735 20.030017885328665 38.120232826289055
    vertex 18.954105803251977 19.847507114998635 38.02033240378443
    vertex 19.00362499610043 19.967057021971137 38.02033240378443
  endloop
endfacet
facet normal -0.12059047744872704 0.9159756150367562 0.38268343236508756
  outer loop
    vertex 12.300984893589055 24.930749508922624 37.65430699999999
    vertex 12.524829550895095 25.060981676440914 37.413126045102516
    vertex 12.274905650087648 25.028078570692834 37.413126045102516
  endloop
endfacet
facet normal -0.12059047744872704 0.9159756150367562 0.38268343236508756
  outer loop
    vertex 12.524829550895095 25.060981676440914 37.413126045102516
    vertex 12.300984893589055 24.930749508922624 37.65430699999999
    vertex 12.524829550895095 24.960219217128554 37.65430699999999
  endloop
endfacet
facet normal -0.07945931129894789 -0.6035533905932845 0.7933533402912267
  outer loop
    vertex 12.524829550895095 23.39077045770639 37.861413781186535
    vertex 12.396536698012625 23.616554429648268 38.02033240378443
    vertex 12.342470978950162 23.41477841915941 37.861413781186535
  endloop
endfacet
facet normal -0.07945931129894789 -0.6035533905932845 0.7933533402912267
  outer loop
    vertex 12.396536698012625 23.616554429648268 38.02033240378443
    vertex 12.524829550895095 23.39077045770639 37.861413781186535
    vertex 12.524829550895095 23.59966435514368 38.02033240378443
  endloop
endfacet
facet normal -0.3794095225512583 0.9159756150367538 0.13052619222005463
  outer loop
    vertex 12.042013650101438 24.93161154573035 37.413126045102516
    vertex 12.266010505792586 25.061275701142673 37.15430699999999
    vertex 12.024829550895097 24.96137527863804 37.15430699999999
  endloop
endfacet
facet normal -0.3794095225512583 0.9159756150367538 0.13052619222005463
  outer loop
    vertex 12.266010505792586 25.061275701142673 37.15430699999999
    vertex 12.042013650101438 24.93161154573035 37.413126045102516
    vertex 12.274905650087648 25.028078570692834 37.413126045102516
  endloop
endfacet
facet normal 0.37940952255125343 -0.04995021125231209 0.9238795325112897
  outer loop
    vertex 19.00362499610043 19.967057021971137 38.02033240378443
    vertex 18.777252974755047 20.095349874853603 38.120232826289055
    vertex 18.768651855161735 20.030017885328665 38.120232826289055
  endloop
endfacet
facet normal 0.37940952255125343 -0.04995021125231209 0.9238795325112897
  outer loop
    vertex 18.777252974755047 20.095349874853603 38.120232826289055
    vertex 19.00362499610043 19.967057021971137 38.02033240378443
    vertex 19.020515070605022 20.095349874853603 38.02033240378443
  endloop
endfacet
facet normal -0.07945931129894185 0.603553390593285 0.793353340291227
  outer loop
    vertex 12.396536698012635 24.57414532005894 38.02033240378443
    vertex 12.524829550895095 24.799929292000815 37.861413781186535
    vertex 12.342470978950171 24.775921330547796 37.861413781186535
  endloop
endfacet
facet normal -0.07945931129894185 0.603553390593285 0.793353340291227
  outer loop
    vertex 12.524829550895095 24.799929292000815 37.861413781186535
    vertex 12.396536698012635 24.57414532005894 38.02033240378443
    vertex 12.524829550895095 24.591035394563526 38.02033240378443
  endloop
endfacet
facet normal -0.12940952255125815 -0.9829629131445348 0.13052619222004938
  outer loop
    vertex 12.524829550895095 23.12971807326629 37.413126045102516
    vertex 12.266010505792575 23.129424048564534 37.15430699999999
    vertex 12.524829550895095 23.095349874853603 37.15430699999999
  endloop
endfacet
facet normal -0.12940952255125815 -0.9829629131445348 0.13052619222004938
  outer loop
    vertex 12.266010505792575 23.129424048564534 37.15430699999999
    vertex 12.524829550895095 23.12971807326629 37.413126045102516
    vertex 12.27490565008764 23.162621179014373 37.413126045102516
  endloop
endfacet
facet normal -0.35355339059327434 0.8535533905932743 0.38268343236508845
  outer loop
    vertex 12.09239487975762 24.84434869621805 37.65430699999999
    vertex 12.274905650087648 25.028078570692834 37.413126045102516
    vertex 12.042013650101438 24.93161154573035 37.413126045102516
  endloop
endfacet
facet normal -0.35355339059327434 0.8535533905932743 0.38268343236508845
  outer loop
    vertex 12.274905650087648 25.028078570692834 37.413126045102516
    vertex 12.09239487975762 24.84434869621805 37.65430699999999
    vertex 12.300984893589055 24.930749508922624 37.65430699999999
  endloop
endfacet
facet normal -0.14644660940672477 0.35355339059326363 0.9238795325112911
  outer loop
    vertex 12.398617838965125 24.313954972426565 38.120232826289055
    vertex 12.396536698012635 24.57414532005894 38.02033240378443
    vertex 12.276986791040136 24.52462612721049 38.02033240378443
  endloop
endfacet
facet normal -0.14644660940672477 0.35355339059326363 0.9238795325112911
  outer loop
    vertex 12.396536698012635 24.57414532005894 38.02033240378443
    vertex 12.398617838965125 24.313954972426565 38.120232826289055
    vertex 12.459497561370167 24.339172179120244 38.120232826289055
  endloop
endfacet
facet normal -0.10355339059327584 -0.7865660924854869 0.6087614290087281
  outer loop
    vertex 12.524829550895095 23.39077045770639 37.861413781186535
    vertex 12.300984893589046 23.259950240784587 37.65430699999999
    vertex 12.524829550895095 23.23048053257865 37.65430699999999
  endloop
endfacet
facet normal -0.10355339059327584 -0.7865660924854869 0.6087614290087281
  outer loop
    vertex 12.300984893589046 23.259950240784587 37.65430699999999
    vertex 12.524829550895095 23.39077045770639 37.861413781186535
    vertex 12.342470978950162 23.41477841915941 37.861413781186535
  endloop
endfacet
facet normal -0.12059047744873834 -0.9159756150367526 0.3826834323650921
  outer loop
    vertex 12.524829550895095 23.23048053257865 37.65430699999999
    vertex 12.27490565008764 23.162621179014373 37.413126045102516
    vertex 12.524829550895095 23.12971807326629 37.413126045102516
  endloop
endfacet
facet normal -0.12059047744873834 -0.9159756150367526 0.3826834323650921
  outer loop
    vertex 12.27490565008764 23.162621179014373 37.413126045102516
    vertex 12.524829550895095 23.23048053257865 37.65430699999999
    vertex 12.300984893589046 23.259950240784587 37.65430699999999
  endloop
endfacet
facet normal -0.01703708685546059 -0.12940952255126084 0.9914448613738105
  outer loop
    vertex 12.524829550895095 24.103978835433757 38.15430699999999
    vertex 12.459497561370153 23.851527570586963 38.120232826289055
    vertex 12.524829550895095 23.84292645099365 38.120232826289055
  endloop
endfacet
facet normal -0.04995021125231006 -0.379409522551254 0.9238795325112897
  outer loop
    vertex 12.524829550895095 23.59966435514368 38.02033240378443
    vertex 12.459497561370153 23.851527570586963 38.120232826289055
    vertex 12.396536698012625 23.616554429648268 38.02033240378443
  endloop
endfacet
facet normal -0.04995021125231006 -0.379409522551254 0.9238795325112897
  outer loop
    vertex 12.459497561370153 23.851527570586963 38.120232826289055
    vertex 12.524829550895095 23.59966435514368 38.02033240378443
    vertex 12.524829550895095 23.84292645099365 38.120232826289055
  endloop
endfacet
facet normal -0.10355339059326392 0.7865660924854913 0.6087614290087248
  outer loop
    vertex 12.342470978950171 24.775921330547796 37.861413781186535
    vertex 12.524829550895095 24.960219217128554 37.65430699999999
    vertex 12.300984893589055 24.930749508922624 37.65430699999999
  endloop
endfacet
facet normal -0.10355339059326392 0.7865660924854913 0.6087614290087248
  outer loop
    vertex 12.524829550895095 24.960219217128554 37.65430699999999
    vertex 12.342470978950171 24.775921330547796 37.861413781186535
    vertex 12.524829550895095 24.799929292000815 37.861413781186535
  endloop
endfacet
facet normal 0.9829629131445344 -0.12940952255126068 0.130526192220049
  outer loop
    vertex 19.524829550895095 20.095349874853603 37.15430699999999
    vertex 19.457558246734326 19.84542597404615 37.413126045102516
    vertex 19.490755377184165 19.836530829751087 37.15430699999999
  endloop
endfacet
facet normal 0.9829629131445344 -0.12940952255126068 0.130526192220049
  outer loop
    vertex 19.457558246734326 19.84542597404615 37.413126045102516
    vertex 19.524829550895095 20.095349874853603 37.15430699999999
    vertex 19.490461352482413 20.095349874853603 37.413126045102516
  endloop
endfacet
facet normal -0.12940952255124655 0.9829629131445357 0.13052619222005427
  outer loop
    vertex 12.274905650087648 25.028078570692834 37.413126045102516
    vertex 12.524829550895095 25.0953498748536 37.15430699999999
    vertex 12.266010505792586 25.061275701142673 37.15430699999999
  endloop
endfacet
facet normal -0.12940952255124655 0.9829629131445357 0.13052619222005427
  outer loop
    vertex 12.524829550895095 25.0953498748536 37.15430699999999
    vertex 12.274905650087648 25.028078570692834 37.413126045102516
    vertex 12.524829550895095 25.060981676440914 37.413126045102516
  endloop
endfacet
facet normal -0.01822038403692979 0.13839755698390885 0.9902091364082803
  outer loop
    vertex 12.524829550895095 24.347773298713555 38.120232826289055
    vertex 12.459497561370167 24.339172179120244 38.120232826289055
    vertex 12.524829550895095 24.103978835433757 38.15430699999999
  endloop
endfacet
facet normal 0.13839755698390896 -0.018220384036921427 0.9902091364082806
  outer loop
    vertex 18.777252974755047 20.095349874853603 38.120232826289055
    vertex 18.533458511475246 20.095349874853603 38.15430699999999
    vertex 18.768651855161735 20.030017885328665 38.120232826289055
  endloop
endfacet
facet normal -0.049950211252312054 0.3794095225512532 0.92387953251129
  outer loop
    vertex 12.459497561370167 24.339172179120244 38.120232826289055
    vertex 12.524829550895095 24.591035394563526 38.02033240378443
    vertex 12.396536698012635 24.57414532005894 38.02033240378443
  endloop
endfacet
facet normal -0.049950211252312054 0.3794095225512532 0.92387953251129
  outer loop
    vertex 12.524829550895095 24.591035394563526 38.02033240378443
    vertex 12.459497561370167 24.339172179120244 38.120232826289055
    vertex 12.524829550895095 24.347773298713555 38.120232826289055
  endloop
endfacet
facet normal -0.8535533905932703 0.35355339059327967 0.3826834323650927
  outer loop
    vertex 11.775830729530648 24.527784545991075 37.65430699999999
    vertex 11.592100855055866 24.34527377566106 37.413126045102516
    vertex 11.689429916826079 24.319194532159653 37.65430699999999
  endloop
endfacet
facet normal -0.8535533905932703 0.35355339059327967 0.3826834323650927
  outer loop
    vertex 11.592100855055866 24.34527377566106 37.413126045102516
    vertex 11.775830729530648 24.527784545991075 37.65430699999999
    vertex 11.688567880018347 24.578165775647257 37.413126045102516
  endloop
endfacet
facet normal -0.4829629131445354 0.6294095225512528 0.6087614290087274
  outer loop
    vertex 12.026616667145834 24.593562758602857 37.861413781186535
    vertex 12.09239487975762 24.84434869621805 37.65430699999999
    vertex 11.913274574132126 24.706904851616564 37.65430699999999
  endloop
endfacet
facet normal -0.4829629131445354 0.6294095225512528 0.6087614290087274
  outer loop
    vertex 12.09239487975762 24.84434869621805 37.65430699999999
    vertex 12.026616667145834 24.593562758602857 37.861413781186535
    vertex 12.172539842321491 24.70553354908672 37.861413781186535
  endloop
endfacet
facet normal -0.6294095225512591 0.48296291314453055 0.6087614290087249
  outer loop
    vertex 12.026616667145834 24.593562758602857 37.861413781186535
    vertex 11.775830729530648 24.527784545991075 37.65430699999999
    vertex 11.914645876661977 24.447639583427204 37.861413781186535
  endloop
endfacet
facet normal -0.6294095225512591 0.48296291314453055 0.6087614290087249
  outer loop
    vertex 11.775830729530648 24.527784545991075 37.65430699999999
    vertex 12.026616667145834 24.593562758602857 37.861413781186535
    vertex 11.913274574132126 24.706904851616564 37.65430699999999
  endloop
endfacet
facet normal -0.9159756150367518 0.3794095225512646 0.1305261922200518
  outer loop
    vertex 11.688567880018347 24.578165775647257 37.413126045102516
    vertex 11.558903724606028 24.354168919956123 37.15430699999999
    vertex 11.592100855055866 24.34527377566106 37.413126045102516
  endloop
endfacet
facet normal -0.9159756150367518 0.3794095225512646 0.1305261922200518
  outer loop
    vertex 11.558903724606028 24.354168919956123 37.15430699999999
    vertex 11.688567880018347 24.578165775647257 37.413126045102516
    vertex 11.658804147110658 24.5953498748536 37.15430699999999
  endloop
endfacet
facet normal -0.7329629131445323 0.5624222244434774 0.3826834323650969
  outer loop
    vertex 11.913274574132126 24.706904851616564 37.65430699999999
    vertex 11.688567880018347 24.578165775647257 37.413126045102516
    vertex 11.775830729530648 24.527784545991075 37.65430699999999
  endloop
endfacet
facet normal -0.7329629131445323 0.5624222244434774 0.3826834323650969
  outer loop
    vertex 11.688567880018347 24.578165775647257 37.413126045102516
    vertex 11.913274574132126 24.706904851616564 37.65430699999999
    vertex 11.842024755863319 24.77815466988537 37.413126045102516
  endloop
endfacet
facet normal -0.3036031793409564 0.23296291314452827 0.9238795325112892
  outer loop
    vertex 12.306224453322129 24.221561586783572 38.120232826289055
    vertex 12.174326958572228 24.44585246717646 38.02033240378443
    vertex 12.095553298538208 24.343192634708558 38.02033240378443
  endloop
endfacet
facet normal -0.3036031793409564 0.23296291314452827 0.9238795325112892
  outer loop
    vertex 12.174326958572228 24.44585246717646 38.02033240378443
    vertex 12.306224453322129 24.221561586783572 38.120232826289055
    vertex 12.346339236153396 24.273840189595298 38.120232826289055
  endloop
endfacet
facet normal -0.30360317934096076 0.7329629131445264 0.6087614290087292
  outer loop
    vertex 12.172539842321491 24.70553354908672 37.861413781186535
    vertex 12.300984893589055 24.930749508922624 37.65430699999999
    vertex 12.09239487975762 24.84434869621805 37.65430699999999
  endloop
endfacet
facet normal -0.30360317934096076 0.7329629131445264 0.6087614290087292
  outer loop
    vertex 12.300984893589055 24.930749508922624 37.65430699999999
    vertex 12.172539842321491 24.70553354908672 37.861413781186535
    vertex 12.342470978950171 24.775921330547796 37.861413781186535
  endloop
endfacet
facet normal -0.7865660924854929 0.6035533905932744 0.1305261922200502
  outer loop
    vertex 11.842024755863319 24.77815466988537 37.413126045102516
    vertex 11.658804147110658 24.5953498748536 37.15430699999999
    vertex 11.688567880018347 24.578165775647257 37.413126045102516
  endloop
endfacet
facet normal -0.7865660924854929 0.6035533905932744 0.1305261922200502
  outer loop
    vertex 11.658804147110658 24.5953498748536 37.15430699999999
    vertex 11.842024755863319 24.77815466988537 37.413126045102516
    vertex 11.817722769708544 24.802456656040142 37.15430699999999
  endloop
endfacet
facet normal -0.08439287104605646 0.1099829308341448 0.9903441817074181
  outer loop
    vertex 12.524829550895095 24.103978835433757 38.15430699999999
    vertex 12.398617838965125 24.313954972426565 38.120232826289055
    vertex 12.346339236153396 24.273840189595298 38.120232826289055
  endloop
endfacet
facet normal -0.4829629131445446 0.37059047744874374 0.793353340291227
  outer loop
    vertex 12.095553298538208 24.343192634708558 38.02033240378443
    vertex 12.026616667145834 24.593562758602857 37.861413781186535
    vertex 11.914645876661977 24.447639583427204 37.861413781186535
  endloop
endfacet
facet normal -0.4829629131445446 0.37059047744874374 0.793353340291227
  outer loop
    vertex 12.026616667145834 24.593562758602857 37.861413781186535
    vertex 12.095553298538208 24.343192634708558 38.02033240378443
    vertex 12.174326958572228 24.44585246717646 38.02033240378443
  endloop
endfacet
facet normal -0.10928153284263757 0.08385466943786253 0.9904675365669641
  outer loop
    vertex 12.524829550895095 24.103978835433757 38.15430699999999
    vertex 12.346339236153396 24.273840189595298 38.120232826289055
    vertex 12.306224453322129 24.221561586783572 38.120232826289055
  endloop
endfacet
facet normal -0.23296291314454434 0.5624222244434881 0.7933533402912263
  outer loop
    vertex 12.276986791040136 24.52462612721049 38.02033240378443
    vertex 12.342470978950171 24.775921330547796 37.861413781186535
    vertex 12.172539842321491 24.70553354908672 37.861413781186535
  endloop
endfacet
facet normal -0.23296291314454434 0.5624222244434881 0.7933533402912263
  outer loop
    vertex 12.342470978950171 24.775921330547796 37.861413781186535
    vertex 12.276986791040136 24.52462612721049 38.02033240378443
    vertex 12.396536698012635 24.57414532005894 38.02033240378443
  endloop
endfacet
facet normal -0.5624222244434848 0.7329629131445285 0.38268343236509317
  outer loop
    vertex 11.913274574132126 24.706904851616564 37.65430699999999
    vertex 12.042013650101438 24.93161154573035 37.413126045102516
    vertex 11.842024755863319 24.77815466988537 37.413126045102516
  endloop
endfacet
facet normal -0.5624222244434848 0.7329629131445285 0.38268343236509317
  outer loop
    vertex 12.042013650101438 24.93161154573035 37.413126045102516
    vertex 11.913274574132126 24.706904851616564 37.65430699999999
    vertex 12.09239487975762 24.84434869621805 37.65430699999999
  endloop
endfacet
facet normal -0.23296291314452866 0.3036031793409537 0.92387953251129
  outer loop
    vertex 12.346339236153396 24.273840189595298 38.120232826289055
    vertex 12.276986791040136 24.52462612721049 38.02033240378443
    vertex 12.174326958572228 24.44585246717646 38.02033240378443
  endloop
endfacet
facet normal -0.23296291314452866 0.3036031793409537 0.92387953251129
  outer loop
    vertex 12.276986791040136 24.52462612721049 38.02033240378443
    vertex 12.346339236153396 24.273840189595298 38.120232826289055
    vertex 12.398617838965125 24.313954972426565 38.120232826289055
  endloop
endfacet
facet normal -0.37059047744874757 0.4829629131445426 0.7933533402912263
  outer loop
    vertex 12.174326958572228 24.44585246717646 38.02033240378443
    vertex 12.172539842321491 24.70553354908672 37.861413781186535
    vertex 12.026616667145834 24.593562758602857 37.861413781186535
  endloop
endfacet
facet normal -0.37059047744874757 0.4829629131445426 0.7933533402912263
  outer loop
    vertex 12.172539842321491 24.70553354908672 37.861413781186535
    vertex 12.174326958572228 24.44585246717646 38.02033240378443
    vertex 12.276986791040136 24.52462612721049 38.02033240378443
  endloop
endfacet
facet normal -0.5624222244434888 0.23296291314454287 0.7933533402912262
  outer loop
    vertex 12.046034105689762 24.223642727736074 38.02033240378443
    vertex 11.914645876661977 24.447639583427204 37.861413781186535
    vertex 11.844258095200905 24.277708446798535 37.861413781186535
  endloop
endfacet
facet normal -0.5624222244434888 0.23296291314454287 0.7933533402912262
  outer loop
    vertex 11.914645876661977 24.447639583427204 37.861413781186535
    vertex 12.046034105689762 24.223642727736074 38.02033240378443
    vertex 12.095553298538208 24.343192634708558 38.02033240378443
  endloop
endfacet
facet normal -0.05329341747933398 0.12866169126382088 0.9902555129129585
  outer loop
    vertex 12.524829550895095 24.103978835433757 38.15430699999999
    vertex 12.459497561370167 24.339172179120244 38.120232826289055
    vertex 12.398617838965125 24.313954972426565 38.120232826289055
  endloop
endfacet
facet normal -0.7329629131445269 0.3036031793409646 0.6087614290087268
  outer loop
    vertex 11.914645876661977 24.447639583427204 37.861413781186535
    vertex 11.689429916826079 24.319194532159653 37.65430699999999
    vertex 11.844258095200905 24.277708446798535 37.861413781186535
  endloop
endfacet
facet normal -0.7329629131445269 0.3036031793409646 0.6087614290087268
  outer loop
    vertex 11.689429916826079 24.319194532159653 37.65430699999999
    vertex 11.914645876661977 24.447639583427204 37.861413781186535
    vertex 11.775830729530648 24.527784545991075 37.65430699999999
  endloop
endfacet
facet normal -0.3535533905932663 0.14644660940672682 0.9238795325112895
  outer loop
    vertex 12.281007246628457 24.160681864378546 38.120232826289055
    vertex 12.095553298538208 24.343192634708558 38.02033240378443
    vertex 12.046034105689762 24.223642727736074 38.02033240378443
  endloop
endfacet
facet normal -0.3535533905932663 0.14644660940672682 0.9238795325112895
  outer loop
    vertex 12.095553298538208 24.343192634708558 38.02033240378443
    vertex 12.281007246628457 24.160681864378546 38.120232826289055
    vertex 12.306224453322129 24.221561586783572 38.120232826289055
  endloop
endfacet
facet normal -0.12627462360439423 0.05230466168049771 0.9906154358781502
  outer loop
    vertex 12.524829550895095 24.103978835433757 38.15430699999999
    vertex 12.306224453322129 24.221561586783572 38.120232826289055
    vertex 12.281007246628457 24.160681864378546 38.120232826289055
  endloop
endfacet
facet normal -0.603553390593281 0.7865660924854877 0.1305261922200513
  outer loop
    vertex 11.842024755863319 24.77815466988537 37.413126045102516
    vertex 12.024829550895097 24.96137527863804 37.15430699999999
    vertex 11.817722769708544 24.802456656040142 37.15430699999999
  endloop
endfacet
facet normal -0.603553390593281 0.7865660924854877 0.1305261922200513
  outer loop
    vertex 12.024829550895097 24.96137527863804 37.15430699999999
    vertex 11.842024755863319 24.77815466988537 37.413126045102516
    vertex 12.042013650101438 24.93161154573035 37.413126045102516
  endloop
endfacet
facet normal -0.3535533905932676 -0.1464466094067214 0.92387953251129
  outer loop
    vertex 12.09555329853821 23.84750711499864 38.02033240378443
    vertex 12.281007246628457 24.03001788532866 38.120232826289055
    vertex 12.046034105689762 23.967057021971133 38.02033240378443
  endloop
endfacet
facet normal -0.3535533905932676 -0.1464466094067214 0.92387953251129
  outer loop
    vertex 12.281007246628457 24.03001788532866 38.120232826289055
    vertex 12.09555329853821 23.84750711499864 38.02033240378443
    vertex 12.306224453322132 23.969138162923624 38.120232826289055
  endloop
endfacet
facet normal -0.732962913144528 -0.3036031793409585 0.6087614290087283
  outer loop
    vertex 11.914645876661977 23.743060166279996 37.861413781186535
    vertex 11.689429916826079 23.871505217547554 37.65430699999999
    vertex 11.775830729530648 23.662915203716125 37.65430699999999
  endloop
endfacet
facet normal -0.732962913144528 -0.3036031793409585 0.6087614290087283
  outer loop
    vertex 11.689429916826079 23.871505217547554 37.65430699999999
    vertex 11.914645876661977 23.743060166279996 37.861413781186535
    vertex 11.844258095200905 23.91299130290867 37.861413781186535
  endloop
endfacet
facet normal -0.9159756150367518 -0.3794095225512646 0.1305261922200518
  outer loop
    vertex 11.688567880018347 23.612533974059943 37.413126045102516
    vertex 11.558903724606028 23.83653082975108 37.15430699999999
    vertex 11.658804147110658 23.595349874853603 37.15430699999999
  endloop
endfacet
facet normal -0.9159756150367518 -0.3794095225512646 0.1305261922200518
  outer loop
    vertex 11.558903724606028 23.83653082975108 37.15430699999999
    vertex 11.688567880018347 23.612533974059943 37.413126045102516
    vertex 11.592100855055866 23.845425974046144 37.413126045102516
  endloop
endfacet
facet normal -0.7865660924854886 0.103553390593272 0.6087614290087267
  outer loop
    vertex 11.844258095200905 24.277708446798535 37.861413781186535
    vertex 11.659960208620143 24.0953498748536 37.65430699999999
    vertex 11.820250133747884 24.0953498748536 37.861413781186535
  endloop
endfacet
facet normal -0.7865660924854886 0.103553390593272 0.6087614290087267
  outer loop
    vertex 11.659960208620143 24.0953498748536 37.65430699999999
    vertex 11.844258095200905 24.277708446798535 37.861413781186535
    vertex 11.689429916826079 24.319194532159653 37.65430699999999
  endloop
endfacet
facet normal -0.12304480876678174 -0.05096682857080342 0.991091498006607
  outer loop
    vertex 12.524829550895095 24.103978835433757 38.15430699999999
    vertex 12.281007246628457 24.03001788532866 38.120232826289055
    vertex 12.306224453322132 23.969138162923624 38.120232826289055
  endloop
endfacet
facet normal -0.10486842154661981 -0.08046837003947241 0.9912252294940394
  outer loop
    vertex 12.524829550895095 24.103978835433757 38.15430699999999
    vertex 12.306224453322132 23.969138162923624 38.120232826289055
    vertex 12.346339236153392 23.91685956011191 38.120232826289055
  endloop
endfacet
facet normal -0.7865660924854955 -0.6035533905932711 0.1305261922200502
  outer loop
    vertex 11.842024755863319 23.412545079821832 37.413126045102516
    vertex 11.658804147110658 23.595349874853603 37.15430699999999
    vertex 11.817722769708544 23.38824309366706 37.15430699999999
  endloop
endfacet
facet normal -0.7865660924854955 -0.6035533905932711 0.1305261922200502
  outer loop
    vertex 11.658804147110658 23.595349874853603 37.15430699999999
    vertex 11.842024755863319 23.412545079821832 37.413126045102516
    vertex 11.688567880018347 23.612533974059943 37.413126045102516
  endloop
endfacet
facet normal -0.6035533905932846 0.07945931129894718 0.7933533402912267
  outer loop
    vertex 12.029144031185172 24.0953498748536 38.02033240378443
    vertex 11.844258095200905 24.277708446798535 37.861413781186535
    vertex 11.820250133747884 24.0953498748536 37.861413781186535
  endloop
endfacet
facet normal -0.6035533905932846 0.07945931129894718 0.7933533402912267
  outer loop
    vertex 11.844258095200905 24.277708446798535 37.861413781186535
    vertex 12.029144031185172 24.0953498748536 38.02033240378443
    vertex 12.046034105689762 24.223642727736074 38.02033240378443
  endloop
endfacet
facet normal -0.5624222244434917 -0.23296291314453865 0.7933533402912255
  outer loop
    vertex 11.914645876661977 23.743060166279996 37.861413781186535
    vertex 12.046034105689762 23.967057021971133 38.02033240378443
    vertex 11.844258095200905 23.91299130290867 37.861413781186535
  endloop
endfacet
facet normal -0.5624222244434917 -0.23296291314453865 0.7933533402912255
  outer loop
    vertex 12.046034105689762 23.967057021971133 38.02033240378443
    vertex 11.914645876661977 23.743060166279996 37.861413781186535
    vertex 12.09555329853821 23.84750711499864 38.02033240378443
  endloop
endfacet
facet normal -0.7329629131445359 -0.562422224443476 0.3826834323650922
  outer loop
    vertex 11.913274574132123 23.483794898090636 37.65430699999999
    vertex 11.688567880018347 23.612533974059943 37.413126045102516
    vertex 11.842024755863319 23.412545079821832 37.413126045102516
  endloop
endfacet
facet normal -0.7329629131445359 -0.562422224443476 0.3826834323650922
  outer loop
    vertex 11.688567880018347 23.612533974059943 37.413126045102516
    vertex 11.913274574132123 23.483794898090636 37.65430699999999
    vertex 11.775830729530648 23.662915203716125 37.65430699999999
  endloop
endfacet
facet normal -0.915975615036753 0.12059047744873763 0.382683432365092
  outer loop
    vertex 11.689429916826079 24.319194532159653 37.65430699999999
    vertex 11.559197749307781 24.0953498748536 37.413126045102516
    vertex 11.659960208620143 24.0953498748536 37.65430699999999
  endloop
endfacet
facet normal -0.915975615036753 0.12059047744873763 0.382683432365092
  outer loop
    vertex 11.559197749307781 24.0953498748536 37.413126045102516
    vertex 11.689429916826079 24.319194532159653 37.65430699999999
    vertex 11.592100855055866 24.34527377566106 37.413126045102516
  endloop
endfacet
facet normal -0.6035533905932845 -0.07945931129894859 0.7933533402912268
  outer loop
    vertex 11.844258095200905 23.91299130290867 37.861413781186535
    vertex 12.029144031185172 24.0953498748536 38.02033240378443
    vertex 11.820250133747884 24.0953498748536 37.861413781186535
  endloop
endfacet
facet normal -0.6035533905932845 -0.07945931129894859 0.7933533402912268
  outer loop
    vertex 12.029144031185172 24.0953498748536 38.02033240378443
    vertex 11.844258095200905 23.91299130290867 37.861413781186535
    vertex 12.046034105689762 23.967057021971133 38.02033240378443
  endloop
endfacet
facet normal -0.9829629131445342 0.12940952255125968 0.13052619222005232
  outer loop
    vertex 11.592100855055866 24.34527377566106 37.413126045102516
    vertex 11.524829550895095 24.0953498748536 37.15430699999999
    vertex 11.559197749307781 24.0953498748536 37.413126045102516
  endloop
endfacet
facet normal -0.9829629131445342 0.12940952255125968 0.13052619222005232
  outer loop
    vertex 11.524829550895095 24.0953498748536 37.15430699999999
    vertex 11.592100855055866 24.34527377566106 37.413126045102516
    vertex 11.558903724606028 24.354168919956123 37.15430699999999
  endloop
endfacet
facet normal -0.9829629131445342 -0.12940952255125968 0.13052619222005235
  outer loop
    vertex 11.592100855055866 23.845425974046144 37.413126045102516
    vertex 11.524829550895095 24.0953498748536 37.15430699999999
    vertex 11.558903724606028 23.83653082975108 37.15430699999999
  endloop
endfacet
facet normal -0.9829629131445342 -0.12940952255125968 0.13052619222005235
  outer loop
    vertex 11.524829550895095 24.0953498748536 37.15430699999999
    vertex 11.592100855055866 23.845425974046144 37.413126045102516
    vertex 11.559197749307781 24.0953498748536 37.413126045102516
  endloop
endfacet
facet normal -0.37940952255125315 -0.04995021125231425 0.9238795325112897
  outer loop
    vertex 12.046034105689762 23.967057021971133 38.02033240378443
    vertex 12.272406127035145 24.0953498748536 38.120232826289055
    vertex 12.029144031185172 24.0953498748536 38.02033240378443
  endloop
endfacet
facet normal -0.37940952255125315 -0.04995021125231425 0.9238795325112897
  outer loop
    vertex 12.272406127035145 24.0953498748536 38.120232826289055
    vertex 12.046034105689762 23.967057021971133 38.02033240378443
    vertex 12.281007246628457 24.03001788532866 38.120232826289055
  endloop
endfacet
facet normal -0.9159756150367526 -0.12059047744873827 0.3826834323650925
  outer loop
    vertex 11.689429916826079 23.871505217547554 37.65430699999999
    vertex 11.559197749307781 24.0953498748536 37.413126045102516
    vertex 11.592100855055866 23.845425974046144 37.413126045102516
  endloop
endfacet
facet normal -0.9159756150367526 -0.12059047744873827 0.3826834323650925
  outer loop
    vertex 11.559197749307781 24.0953498748536 37.413126045102516
    vertex 11.689429916826079 23.871505217547554 37.65430699999999
    vertex 11.659960208620143 24.0953498748536 37.65430699999999
  endloop
endfacet
facet normal -0.3794095225512534 0.04995021125231293 0.9238795325112897
  outer loop
    vertex 12.272406127035145 24.0953498748536 38.120232826289055
    vertex 12.046034105689762 24.223642727736074 38.02033240378443
    vertex 12.029144031185172 24.0953498748536 38.02033240378443
  endloop
endfacet
facet normal -0.3794095225512534 0.04995021125231293 0.9238795325112897
  outer loop
    vertex 12.046034105689762 24.223642727736074 38.02033240378443
    vertex 12.272406127035145 24.0953498748536 38.120232826289055
    vertex 12.281007246628457 24.160681864378546 38.120232826289055
  endloop
endfacet
facet normal -0.13316568668479362 -0.017531595244994716 0.9909387181142603
  outer loop
    vertex 12.524829550895095 24.103978835433757 38.15430699999999
    vertex 12.272406127035145 24.0953498748536 38.120232826289055
    vertex 12.281007246628457 24.03001788532866 38.120232826289055
  endloop
endfacet
facet normal -0.13434771052181782 0.017687211635346062 0.9907763901214603
  outer loop
    vertex 12.524829550895095 24.103978835433757 38.15430699999999
    vertex 12.281007246628457 24.160681864378546 38.120232826289055
    vertex 12.272406127035145 24.0953498748536 38.120232826289055
  endloop
endfacet
facet normal -0.8535533905932717 -0.35355339059327606 0.3826834323650926
  outer loop
    vertex 11.775830729530648 23.662915203716125 37.65430699999999
    vertex 11.592100855055866 23.845425974046144 37.413126045102516
    vertex 11.688567880018347 23.612533974059943 37.413126045102516
  endloop
endfacet
facet normal -0.8535533905932717 -0.35355339059327606 0.3826834323650926
  outer loop
    vertex 11.592100855055866 23.845425974046144 37.413126045102516
    vertex 11.775830729530648 23.662915203716125 37.65430699999999
    vertex 11.689429916826079 23.871505217547554 37.65430699999999
  endloop
endfacet
facet normal -0.7865660924854885 -0.1035533905932734 0.6087614290087267
  outer loop
    vertex 11.844258095200905 23.91299130290867 37.861413781186535
    vertex 11.659960208620143 24.0953498748536 37.65430699999999
    vertex 11.689429916826079 23.871505217547554 37.65430699999999
  endloop
endfacet
facet normal -0.7865660924854885 -0.1035533905932734 0.6087614290087267
  outer loop
    vertex 11.659960208620143 24.0953498748536 37.65430699999999
    vertex 11.844258095200905 23.91299130290867 37.861413781186535
    vertex 11.820250133747884 24.0953498748536 37.861413781186535
  endloop
endfacet
facet normal -0.017037086855457198 0.12940952255126084 0.9914448613738105
  outer loop
    vertex 12.524829550895095 34.34777329871356 38.120232826289055
    vertex 12.45949756137016 34.339172179120254 38.120232826289055
    vertex 12.524829550895095 34.08672091427346 38.15430699999999
  endloop
endfacet
facet normal -0.07997848640590752 -0.10422999276561554 0.9913322098672572
  outer loop
    vertex 12.524829550895095 24.103978835433757 38.15430699999999
    vertex 12.346339236153392 23.91685956011191 38.120232826289055
    vertex 12.398617838965125 23.876744777280635 38.120232826289055
  endloop
endfacet
facet normal -0.3794095225512506 -0.9159756150367578 0.13052619222004974
  outer loop
    vertex 12.27490565008764 23.162621179014373 37.413126045102516
    vertex 12.024829550895099 23.22932447106916 37.15430699999999
    vertex 12.266010505792575 23.129424048564534 37.15430699999999
  endloop
endfacet
facet normal -0.3794095225512506 -0.9159756150367578 0.13052619222004974
  outer loop
    vertex 12.024829550895099 23.22932447106916 37.15430699999999
    vertex 12.27490565008764 23.162621179014373 37.413126045102516
    vertex 12.04201365010144 23.259088203976848 37.413126045102516
  endloop
endfacet
facet normal -0.3036031793409558 -0.2329629131445272 0.9238795325112897
  outer loop
    vertex 12.174326958572227 23.744847282530742 38.02033240378443
    vertex 12.306224453322132 23.969138162923624 38.120232826289055
    vertex 12.09555329853821 23.84750711499864 38.02033240378443
  endloop
endfacet
facet normal -0.3036031793409558 -0.2329629131445272 0.9238795325112897
  outer loop
    vertex 12.306224453322132 23.969138162923624 38.120232826289055
    vertex 12.174326958572227 23.744847282530742 38.02033240378443
    vertex 12.346339236153392 23.91685956011191 38.120232826289055
  endloop
endfacet
facet normal -0.23296291314453096 -0.3036031793409511 0.9238795325112903
  outer loop
    vertex 12.276986791040136 23.66607362249671 38.02033240378443
    vertex 12.346339236153392 23.91685956011191 38.120232826289055
    vertex 12.174326958572227 23.744847282530742 38.02033240378443
  endloop
endfacet
facet normal -0.23296291314453096 -0.3036031793409511 0.9238795325112903
  outer loop
    vertex 12.346339236153392 23.91685956011191 38.120232826289055
    vertex 12.276986791040136 23.66607362249671 38.02033240378443
    vertex 12.398617838965125 23.876744777280635 38.120232826289055
  endloop
endfacet
facet normal -0.6035533905932813 -0.7865660924854877 0.13052619222004966
  outer loop
    vertex 12.04201365010144 23.259088203976848 37.413126045102516
    vertex 11.817722769708544 23.38824309366706 37.15430699999999
    vertex 12.024829550895099 23.22932447106916 37.15430699999999
  endloop
endfacet
facet normal -0.6035533905932813 -0.7865660924854877 0.13052619222004966
  outer loop
    vertex 11.817722769708544 23.38824309366706 37.15430699999999
    vertex 12.04201365010144 23.259088203976848 37.413126045102516
    vertex 11.842024755863319 23.412545079821832 37.413126045102516
  endloop
endfacet
facet normal -0.5624222244434813 -0.73296291314453 0.38268343236509544
  outer loop
    vertex 12.092394879757622 23.34635105348915 37.65430699999999
    vertex 11.842024755863319 23.412545079821832 37.413126045102516
    vertex 12.04201365010144 23.259088203976848 37.413126045102516
  endloop
endfacet
facet normal -0.5624222244434813 -0.73296291314453 0.38268343236509544
  outer loop
    vertex 11.842024755863319 23.412545079821832 37.413126045102516
    vertex 12.092394879757622 23.34635105348915 37.65430699999999
    vertex 11.913274574132123 23.483794898090636 37.65430699999999
  endloop
endfacet
facet normal -0.23296291314452944 -0.5624222244434949 0.7933533402912258
  outer loop
    vertex 12.342470978950162 23.41477841915941 37.861413781186535
    vertex 12.276986791040136 23.66607362249671 38.02033240378443
    vertex 12.172539842321491 23.48516620062048 37.861413781186535
  endloop
endfacet
facet normal -0.23296291314452944 -0.5624222244434949 0.7933533402912258
  outer loop
    vertex 12.276986791040136 23.66607362249671 38.02033240378443
    vertex 12.342470978950162 23.41477841915941 37.861413781186535
    vertex 12.396536698012625 23.616554429648268 38.02033240378443
  endloop
endfacet
facet normal -0.48296291314453416 -0.6294095225512564 0.6087614290087248
  outer loop
    vertex 12.172539842321491 23.48516620062048 37.861413781186535
    vertex 11.913274574132123 23.483794898090636 37.65430699999999
    vertex 12.092394879757622 23.34635105348915 37.65430699999999
  endloop
endfacet
facet normal -0.48296291314453416 -0.6294095225512564 0.6087614290087248
  outer loop
    vertex 11.913274574132123 23.483794898090636 37.65430699999999
    vertex 12.172539842321491 23.48516620062048 37.861413781186535
    vertex 12.026616667145834 23.597136991104346 37.861413781186535
  endloop
endfacet
facet normal -0.05006105595315063 -0.12085808022881502 0.9914066850290354
  outer loop
    vertex 12.524829550895095 24.103978835433757 38.15430699999999
    vertex 12.398617838965125 23.876744777280635 38.120232826289055
    vertex 12.459497561370153 23.851527570586963 38.120232826289055
  endloop
endfacet
facet normal -0.14644660940671725 -0.35355339059326985 0.9238795325112897
  outer loop
    vertex 12.396536698012625 23.616554429648268 38.02033240378443
    vertex 12.398617838965125 23.876744777280635 38.120232826289055
    vertex 12.276986791040136 23.66607362249671 38.02033240378443
  endloop
endfacet
facet normal -0.14644660940671725 -0.35355339059326985 0.9238795325112897
  outer loop
    vertex 12.398617838965125 23.876744777280635 38.120232826289055
    vertex 12.396536698012625 23.616554429648268 38.02033240378443
    vertex 12.459497561370153 23.851527570586963 38.120232826289055
  endloop
endfacet
facet normal -0.4829629131445473 -0.3705904774487444 0.793353340291225
  outer loop
    vertex 12.026616667145834 23.597136991104346 37.861413781186535
    vertex 12.09555329853821 23.84750711499864 38.02033240378443
    vertex 11.914645876661977 23.743060166279996 37.861413781186535
  endloop
endfacet
facet normal -0.4829629131445473 -0.3705904774487444 0.793353340291225
  outer loop
    vertex 12.09555329853821 23.84750711499864 38.02033240378443
    vertex 12.026616667145834 23.597136991104346 37.861413781186535
    vertex 12.174326958572227 23.744847282530742 38.02033240378443
  endloop
endfacet
facet normal -0.370590477448751 -0.48296291314454093 0.7933533402912257
  outer loop
    vertex 12.172539842321491 23.48516620062048 37.861413781186535
    vertex 12.174326958572227 23.744847282530742 38.02033240378443
    vertex 12.026616667145834 23.597136991104346 37.861413781186535
  endloop
endfacet
facet normal -0.370590477448751 -0.48296291314454093 0.7933533402912257
  outer loop
    vertex 12.174326958572227 23.744847282530742 38.02033240378443
    vertex 12.172539842321491 23.48516620062048 37.861413781186535
    vertex 12.276986791040136 23.66607362249671 38.02033240378443
  endloop
endfacet
facet normal -0.12059047744873155 0.9159756150367537 0.38268343236509195
  outer loop
    vertex 12.300984893589053 34.93074950892263 37.65430699999999
    vertex 12.524829550895095 35.060981676440925 37.413126045102516
    vertex 12.274905650087648 35.02807857069284 37.413126045102516
  endloop
endfacet
facet normal -0.12059047744873155 0.9159756150367537 0.38268343236509195
  outer loop
    vertex 12.524829550895095 35.060981676440925 37.413126045102516
    vertex 12.300984893589053 34.93074950892263 37.65430699999999
    vertex 12.524829550895095 34.96021921712856 37.65430699999999
  endloop
endfacet
facet normal -0.103553390593264 0.7865660924854914 0.6087614290087244
  outer loop
    vertex 12.342470978950168 34.7759213305478 37.861413781186535
    vertex 12.524829550895095 34.96021921712856 37.65430699999999
    vertex 12.300984893589053 34.93074950892263 37.65430699999999
  endloop
endfacet
facet normal -0.103553390593264 0.7865660924854914 0.6087614290087244
  outer loop
    vertex 12.524829550895095 34.96021921712856 37.65430699999999
    vertex 12.342470978950168 34.7759213305478 37.861413781186535
    vertex 12.524829550895095 34.79992929200082 37.861413781186535
  endloop
endfacet
facet normal -0.6294095225512588 -0.4829629131445276 0.6087614290087274
  outer loop
    vertex 12.026616667145834 23.597136991104346 37.861413781186535
    vertex 11.775830729530648 23.662915203716125 37.65430699999999
    vertex 11.913274574132123 23.483794898090636 37.65430699999999
  endloop
endfacet
facet normal -0.6294095225512588 -0.4829629131445276 0.6087614290087274
  outer loop
    vertex 11.775830729530648 23.662915203716125 37.65430699999999
    vertex 12.026616667145834 23.597136991104346 37.861413781186535
    vertex 11.914645876661977 23.743060166279996 37.861413781186535
  endloop
endfacet
facet normal -0.3535533905932679 -0.8535533905932732 0.38268343236509694
  outer loop
    vertex 12.300984893589046 23.259950240784587 37.65430699999999
    vertex 12.04201365010144 23.259088203976848 37.413126045102516
    vertex 12.27490565008764 23.162621179014373 37.413126045102516
  endloop
endfacet
facet normal -0.3535533905932679 -0.8535533905932732 0.38268343236509694
  outer loop
    vertex 12.04201365010144 23.259088203976848 37.413126045102516
    vertex 12.300984893589046 23.259950240784587 37.65430699999999
    vertex 12.092394879757622 23.34635105348915 37.65430699999999
  endloop
endfacet
facet normal -0.12940952255124658 0.9829629131445357 0.13052619222005427
  outer loop
    vertex 12.274905650087648 35.02807857069284 37.413126045102516
    vertex 12.524829550895095 35.09534987485361 37.15430699999999
    vertex 12.266010505792586 35.061275701142684 37.15430699999999
  endloop
endfacet
facet normal -0.12940952255124658 0.9829629131445357 0.13052619222005427
  outer loop
    vertex 12.524829550895095 35.09534987485361 37.15430699999999
    vertex 12.274905650087648 35.02807857069284 37.413126045102516
    vertex 12.524829550895095 35.060981676440925 37.413126045102516
  endloop
endfacet
facet normal -0.04995021125230943 0.3794095225512517 0.9238795325112905
  outer loop
    vertex 12.45949756137016 34.339172179120254 38.120232826289055
    vertex 12.524829550895095 34.591035394563534 38.02033240378443
    vertex 12.39653669801263 34.574145320058946 38.02033240378443
  endloop
endfacet
facet normal -0.04995021125230943 0.3794095225512517 0.9238795325112905
  outer loop
    vertex 12.524829550895095 34.591035394563534 38.02033240378443
    vertex 12.45949756137016 34.339172179120254 38.120232826289055
    vertex 12.524829550895095 34.34777329871356 38.120232826289055
  endloop
endfacet
facet normal -0.3036031793409518 -0.7329629131445332 0.6087614290087254
  outer loop
    vertex 12.342470978950162 23.41477841915941 37.861413781186535
    vertex 12.092394879757622 23.34635105348915 37.65430699999999
    vertex 12.300984893589046 23.259950240784587 37.65430699999999
  endloop
endfacet
facet normal -0.3036031793409518 -0.7329629131445332 0.6087614290087254
  outer loop
    vertex 12.092394879757622 23.34635105348915 37.65430699999999
    vertex 12.342470978950162 23.41477841915941 37.861413781186535
    vertex 12.172539842321491 23.48516620062048 37.861413781186535
  endloop
endfacet
facet normal -0.07945931129893836 0.6035533905932858 0.7933533402912268
  outer loop
    vertex 12.39653669801263 34.574145320058946 38.02033240378443
    vertex 12.524829550895095 34.79992929200082 37.861413781186535
    vertex 12.342470978950168 34.7759213305478 37.861413781186535
  endloop
endfacet
facet normal -0.07945931129893836 0.6035533905932858 0.7933533402912268
  outer loop
    vertex 12.524829550895095 34.79992929200082 37.861413781186535
    vertex 12.39653669801263 34.574145320058946 38.02033240378443
    vertex 12.524829550895095 34.591035394563534 38.02033240378443
  endloop
endfacet
facet normal -0.5624222244434715 0.7329629131445375 0.3826834323650954
  outer loop
    vertex 11.913274574132133 34.706904851616585 37.65430699999999
    vertex 12.042013650101433 34.931611545730355 37.413126045102516
    vertex 11.842024755863326 34.77815466988539 37.413126045102516
  endloop
endfacet
facet normal -0.5624222244434715 0.7329629131445375 0.3826834323650954
  outer loop
    vertex 12.042013650101433 34.931611545730355 37.413126045102516
    vertex 11.913274574132133 34.706904851616585 37.65430699999999
    vertex 12.092394879757613 34.844348696218056 37.65430699999999
  endloop
endfacet
facet normal -0.9159756150367518 0.3794095225512646 0.1305261922200518
  outer loop
    vertex 11.688567880018347 34.57816577564727 37.413126045102516
    vertex 11.55890372460603 34.35416891995613 37.15430699999999
    vertex 11.592100855055868 34.34527377566107 37.413126045102516
  endloop
endfacet
facet normal -0.9159756150367518 0.3794095225512646 0.1305261922200518
  outer loop
    vertex 11.55890372460603 34.35416891995613 37.15430699999999
    vertex 11.688567880018347 34.57816577564727 37.413126045102516
    vertex 11.65880414711066 34.59534987485361 37.15430699999999
  endloop
endfacet
facet normal -0.73296291314453 0.30360317934096215 0.608761429008724
  outer loop
    vertex 11.914645876661979 34.44763958342722 37.861413781186535
    vertex 11.68942991682608 34.319194532159656 37.65430699999999
    vertex 11.844258095200905 34.27770844679854 37.861413781186535
  endloop
endfacet
facet normal -0.73296291314453 0.30360317934096215 0.608761429008724
  outer loop
    vertex 11.68942991682608 34.319194532159656 37.65430699999999
    vertex 11.914645876661979 34.44763958342722 37.861413781186535
    vertex 11.77583072953065 34.52778454599108 37.65430699999999
  endloop
endfacet
facet normal -0.1048684215466188 0.0804683700394768 0.9912252294940391
  outer loop
    vertex 12.524829550895095 34.08672091427346 38.15430699999999
    vertex 12.346339236153408 34.27384018959532 38.120232826289055
    vertex 12.306224453322132 34.22156158678359 38.120232826289055
  endloop
endfacet
facet normal -0.05006105595314813 0.12085808022881595 0.9914066850290354
  outer loop
    vertex 12.524829550895095 34.08672091427346 38.15430699999999
    vertex 12.45949756137016 34.339172179120254 38.120232826289055
    vertex 12.398617838965109 34.31395497242657 38.120232826289055
  endloop
endfacet
facet normal -0.2329629131445378 0.5624222244434847 0.7933533402912308
  outer loop
    vertex 12.276986791040125 34.52462612721049 38.02033240378443
    vertex 12.342470978950168 34.7759213305478 37.861413781186535
    vertex 12.172539842321482 34.70553354908673 37.861413781186535
  endloop
endfacet
facet normal -0.2329629131445378 0.5624222244434847 0.7933533402912308
  outer loop
    vertex 12.342470978950168 34.7759213305478 37.861413781186535
    vertex 12.276986791040125 34.52462612721049 38.02033240378443
    vertex 12.39653669801263 34.574145320058946 38.02033240378443
  endloop
endfacet
facet normal -0.37940952255126376 0.9159756150367522 0.13052619222005077
  outer loop
    vertex 12.042013650101433 34.931611545730355 37.413126045102516
    vertex 12.266010505792586 35.061275701142684 37.15430699999999
    vertex 12.02482955089509 34.961375278638045 37.15430699999999
  endloop
endfacet
facet normal -0.37940952255126376 0.9159756150367522 0.13052619222005077
  outer loop
    vertex 12.266010505792586 35.061275701142684 37.15430699999999
    vertex 12.042013650101433 34.931611545730355 37.413126045102516
    vertex 12.274905650087648 35.02807857069284 37.413126045102516
  endloop
endfacet
facet normal -0.3036031793409495 0.23296291314453146 0.9238795325112905
  outer loop
    vertex 12.306224453322132 34.22156158678359 38.120232826289055
    vertex 12.17432695857224 34.445852467176486 38.02033240378443
    vertex 12.095553298538212 34.34319263470857 38.02033240378443
  endloop
endfacet
facet normal -0.3036031793409495 0.23296291314453146 0.9238795325112905
  outer loop
    vertex 12.17432695857224 34.445852467176486 38.02033240378443
    vertex 12.306224453322132 34.22156158678359 38.120232826289055
    vertex 12.346339236153408 34.27384018959532 38.120232826289055
  endloop
endfacet
facet normal -0.1464466094067252 0.3535533905932689 0.9238795325112888
  outer loop
    vertex 12.398617838965109 34.31395497242657 38.120232826289055
    vertex 12.39653669801263 34.574145320058946 38.02033240378443
    vertex 12.276986791040125 34.52462612721049 38.02033240378443
  endloop
endfacet
facet normal -0.1464466094067252 0.3535533905932689 0.9238795325112888
  outer loop
    vertex 12.39653669801263 34.574145320058946 38.02033240378443
    vertex 12.398617838965109 34.31395497242657 38.120232826289055
    vertex 12.45949756137016 34.339172179120254 38.120232826289055
  endloop
endfacet
facet normal -0.6035533905932673 0.7865660924854984 0.1305261922200497
  outer loop
    vertex 11.842024755863326 34.77815466988539 37.413126045102516
    vertex 12.02482955089509 34.961375278638045 37.15430699999999
    vertex 11.817722769708555 34.802456656040164 37.15430699999999
  endloop
endfacet
facet normal -0.6035533905932673 0.7865660924854984 0.1305261922200497
  outer loop
    vertex 12.02482955089509 34.961375278638045 37.15430699999999
    vertex 11.842024755863326 34.77815466988539 37.413126045102516
    vertex 12.042013650101433 34.931611545730355 37.413126045102516
  endloop
endfacet
facet normal -0.7865660924854979 0.6035533905932678 0.13052619222004921
  outer loop
    vertex 11.842024755863326 34.77815466988539 37.413126045102516
    vertex 11.65880414711066 34.59534987485361 37.15430699999999
    vertex 11.688567880018347 34.57816577564727 37.413126045102516
  endloop
endfacet
facet normal -0.7865660924854979 0.6035533905932678 0.13052619222004921
  outer loop
    vertex 11.65880414711066 34.59534987485361 37.15430699999999
    vertex 11.842024755863326 34.77815466988539 37.413126045102516
    vertex 11.817722769708555 34.802456656040164 37.15430699999999
  endloop
endfacet
facet normal -0.353553390593275 0.8535533905932711 0.3826834323650953
  outer loop
    vertex 12.092394879757613 34.844348696218056 37.65430699999999
    vertex 12.274905650087648 35.02807857069284 37.413126045102516
    vertex 12.042013650101433 34.931611545730355 37.413126045102516
  endloop
endfacet
facet normal -0.353553390593275 0.8535533905932711 0.3826834323650953
  outer loop
    vertex 12.274905650087648 35.02807857069284 37.413126045102516
    vertex 12.092394879757613 34.844348696218056 37.65430699999999
    vertex 12.300984893589053 34.93074950892263 37.65430699999999
  endloop
endfacet
facet normal -0.7329629131445379 0.56242222444347 0.3826834323650968
  outer loop
    vertex 11.913274574132133 34.706904851616585 37.65430699999999
    vertex 11.688567880018347 34.57816577564727 37.413126045102516
    vertex 11.77583072953065 34.52778454599108 37.65430699999999
  endloop
endfacet
facet normal -0.7329629131445379 0.56242222444347 0.3826834323650968
  outer loop
    vertex 11.688567880018347 34.57816577564727 37.413126045102516
    vertex 11.913274574132133 34.706904851616585 37.65430699999999
    vertex 11.842024755863326 34.77815466988539 37.413126045102516
  endloop
endfacet
facet normal -0.48296291314453926 0.3705904774487516 0.7933533402912266
  outer loop
    vertex 12.095553298538212 34.34319263470857 38.02033240378443
    vertex 12.026616667145843 34.59356275860287 37.861413781186535
    vertex 11.914645876661979 34.44763958342722 37.861413781186535
  endloop
endfacet
facet normal -0.48296291314453926 0.3705904774487516 0.7933533402912266
  outer loop
    vertex 12.026616667145843 34.59356275860287 37.861413781186535
    vertex 12.095553298538212 34.34319263470857 38.02033240378443
    vertex 12.17432695857224 34.445852467176486 38.02033240378443
  endloop
endfacet
facet normal -0.8535533905932704 0.3535533905932775 0.38268343236509444
  outer loop
    vertex 11.77583072953065 34.52778454599108 37.65430699999999
    vertex 11.592100855055868 34.34527377566107 37.413126045102516
    vertex 11.68942991682608 34.319194532159656 37.65430699999999
  endloop
endfacet
facet normal -0.8535533905932704 0.3535533905932775 0.38268343236509444
  outer loop
    vertex 11.592100855055868 34.34527377566107 37.413126045102516
    vertex 11.77583072953065 34.52778454599108 37.65430699999999
    vertex 11.688567880018347 34.57816577564727 37.413126045102516
  endloop
endfacet
facet normal -0.48296291314453366 0.6294095225512569 0.6087614290087249
  outer loop
    vertex 12.026616667145843 34.59356275860287 37.861413781186535
    vertex 12.092394879757613 34.844348696218056 37.65430699999999
    vertex 11.913274574132133 34.706904851616585 37.65430699999999
  endloop
endfacet
facet normal -0.48296291314453366 0.6294095225512569 0.6087614290087249
  outer loop
    vertex 12.092394879757613 34.844348696218056 37.65430699999999
    vertex 12.026616667145843 34.59356275860287 37.861413781186535
    vertex 12.172539842321482 34.70553354908673 37.861413781186535
  endloop
endfacet
facet normal -0.30360317934096137 0.7329629131445349 0.6087614290087185
  outer loop
    vertex 12.172539842321482 34.70553354908673 37.861413781186535
    vertex 12.300984893589053 34.93074950892263 37.65430699999999
    vertex 12.092394879757613 34.844348696218056 37.65430699999999
  endloop
endfacet
facet normal -0.30360317934096137 0.7329629131445349 0.6087614290087185
  outer loop
    vertex 12.300984893589053 34.93074950892263 37.65430699999999
    vertex 12.172539842321482 34.70553354908673 37.861413781186535
    vertex 12.342470978950168 34.7759213305478 37.861413781186535
  endloop
endfacet
facet normal -0.07997848640591322 0.10422999276560939 0.9913322098672575
  outer loop
    vertex 12.524829550895095 34.08672091427346 38.15430699999999
    vertex 12.398617838965109 34.31395497242657 38.120232826289055
    vertex 12.346339236153408 34.27384018959532 38.120232826289055
  endloop
endfacet
facet normal -0.23296291314453446 0.30360317934095193 0.923879532511289
  outer loop
    vertex 12.346339236153408 34.27384018959532 38.120232826289055
    vertex 12.276986791040125 34.52462612721049 38.02033240378443
    vertex 12.17432695857224 34.445852467176486 38.02033240378443
  endloop
endfacet
facet normal -0.23296291314453446 0.30360317934095193 0.923879532511289
  outer loop
    vertex 12.276986791040125 34.52462612721049 38.02033240378443
    vertex 12.346339236153408 34.27384018959532 38.120232826289055
    vertex 12.398617838965109 34.31395497242657 38.120232826289055
  endloop
endfacet
facet normal -0.37059047744875245 0.48296291314453726 0.7933533402912273
  outer loop
    vertex 12.17432695857224 34.445852467176486 38.02033240378443
    vertex 12.172539842321482 34.70553354908673 37.861413781186535
    vertex 12.026616667145843 34.59356275860287 37.861413781186535
  endloop
endfacet
facet normal -0.37059047744875245 0.48296291314453726 0.7933533402912273
  outer loop
    vertex 12.172539842321482 34.70553354908673 37.861413781186535
    vertex 12.17432695857224 34.445852467176486 38.02033240378443
    vertex 12.276986791040125 34.52462612721049 38.02033240378443
  endloop
endfacet
facet normal -0.629409522551259 0.48296291314452994 0.6087614290087254
  outer loop
    vertex 12.026616667145843 34.59356275860287 37.861413781186535
    vertex 11.77583072953065 34.52778454599108 37.65430699999999
    vertex 11.914645876661979 34.44763958342722 37.861413781186535
  endloop
endfacet
facet normal -0.629409522551259 0.48296291314452994 0.6087614290087254
  outer loop
    vertex 11.77583072953065 34.52778454599108 37.65430699999999
    vertex 12.026616667145843 34.59356275860287 37.861413781186535
    vertex 11.913274574132133 34.706904851616585 37.65430699999999
  endloop
endfacet
facet normal -0.12627462360439642 -0.052304661680493705 0.9906154358781502
  outer loop
    vertex 12.524829550895095 34.08672091427346 38.15430699999999
    vertex 12.281007246628459 34.03001788532867 38.120232826289055
    vertex 12.30622445332213 33.969138162923635 38.120232826289055
  endloop
endfacet
facet normal -0.3794095225512535 0.049950211252311916 0.9238795325112897
  outer loop
    vertex 12.272406127035145 34.09534987485362 38.120232826289055
    vertex 12.046034105689762 34.22364272773608 38.02033240378443
    vertex 12.029144031185174 34.09534987485362 38.02033240378443
  endloop
endfacet
facet normal -0.3794095225512535 0.049950211252311916 0.9238795325112897
  outer loop
    vertex 12.046034105689762 34.22364272773608 38.02033240378443
    vertex 12.272406127035145 34.09534987485362 38.120232826289055
    vertex 12.281007246628457 34.16068186437855 38.120232826289055
  endloop
endfacet
facet normal -0.9829629131445342 -0.12940952255125968 0.13052619222005235
  outer loop
    vertex 11.592100855055868 33.84542597404615 37.413126045102516
    vertex 11.524829550895097 34.09534987485361 37.15430699999999
    vertex 11.55890372460603 33.83653082975109 37.15430699999999
  endloop
endfacet
facet normal -0.9829629131445342 -0.12940952255125968 0.13052619222005235
  outer loop
    vertex 11.524829550895097 34.09534987485361 37.15430699999999
    vertex 11.592100855055868 33.84542597404615 37.413126045102516
    vertex 11.559197749307783 34.09534987485361 37.413126045102516
  endloop
endfacet
facet normal -0.9159756150367526 0.12059047744873827 0.3826834323650925
  outer loop
    vertex 11.68942991682608 34.319194532159656 37.65430699999999
    vertex 11.559197749307783 34.09534987485361 37.413126045102516
    vertex 11.659960208620145 34.09534987485361 37.65430699999999
  endloop
endfacet
facet normal -0.9159756150367526 0.12059047744873827 0.3826834323650925
  outer loop
    vertex 11.559197749307783 34.09534987485361 37.413126045102516
    vertex 11.68942991682608 34.319194532159656 37.65430699999999
    vertex 11.592100855055868 34.34527377566107 37.413126045102516
  endloop
endfacet
facet normal -0.7865660924854885 -0.1035533905932734 0.6087614290087267
  outer loop
    vertex 11.844258095200907 33.91299130290868 37.861413781186535
    vertex 11.659960208620145 34.09534987485361 37.65430699999999
    vertex 11.68942991682608 33.871505217547565 37.65430699999999
  endloop
endfacet
facet normal -0.7865660924854885 -0.1035533905932734 0.6087614290087267
  outer loop
    vertex 11.659960208620145 34.09534987485361 37.65430699999999
    vertex 11.844258095200907 33.91299130290868 37.861413781186535
    vertex 11.820250133747885 34.09534987485361 37.861413781186535
  endloop
endfacet
facet normal -0.1343477105218189 -0.017687211635345444 0.9907763901214603
  outer loop
    vertex 12.524829550895095 34.08672091427346 38.15430699999999
    vertex 12.272406127035145 34.09534987485362 38.120232826289055
    vertex 12.281007246628459 34.03001788532867 38.120232826289055
  endloop
endfacet
facet normal -0.3535533905932646 0.14644660940672663 0.9238795325112903
  outer loop
    vertex 12.281007246628457 34.16068186437855 38.120232826289055
    vertex 12.095553298538212 34.34319263470857 38.02033240378443
    vertex 12.046034105689762 34.22364272773608 38.02033240378443
  endloop
endfacet
facet normal -0.3535533905932646 0.14644660940672663 0.9238795325112903
  outer loop
    vertex 12.095553298538212 34.34319263470857 38.02033240378443
    vertex 12.281007246628457 34.16068186437855 38.120232826289055
    vertex 12.306224453322132 34.22156158678359 38.120232826289055
  endloop
endfacet
facet normal -0.603553390593284 -0.07945931129894739 0.7933533402912274
  outer loop
    vertex 11.844258095200907 33.91299130290868 37.861413781186535
    vertex 12.029144031185174 34.09534987485362 38.02033240378443
    vertex 11.820250133747885 34.09534987485361 37.861413781186535
  endloop
endfacet
facet normal -0.603553390593284 -0.07945931129894739 0.7933533402912274
  outer loop
    vertex 12.029144031185174 34.09534987485362 38.02033240378443
    vertex 11.844258095200907 33.91299130290868 37.861413781186535
    vertex 12.046034105689763 33.967057021971144 38.02033240378443
  endloop
endfacet
facet normal -0.35355339059326935 -0.14644660940671894 0.9238795325112897
  outer loop
    vertex 12.095553298538208 33.847507114998656 38.02033240378443
    vertex 12.281007246628459 34.03001788532867 38.120232826289055
    vertex 12.046034105689763 33.967057021971144 38.02033240378443
  endloop
endfacet
facet normal -0.35355339059326935 -0.14644660940671894 0.9238795325112897
  outer loop
    vertex 12.281007246628459 34.03001788532867 38.120232826289055
    vertex 12.095553298538208 33.847507114998656 38.02033240378443
    vertex 12.30622445332213 33.969138162923635 38.120232826289055
  endloop
endfacet
facet normal -0.9159756150367576 -0.37940952255125066 0.13052619222005019
  outer loop
    vertex 11.68856788001834 33.61253397405996 37.413126045102516
    vertex 11.55890372460603 33.83653082975109 37.15430699999999
    vertex 11.65880414711065 33.595349874853625 37.15430699999999
  endloop
endfacet
facet normal -0.9159756150367576 -0.37940952255125066 0.13052619222005019
  outer loop
    vertex 11.55890372460603 33.83653082975109 37.15430699999999
    vertex 11.68856788001834 33.61253397405996 37.413126045102516
    vertex 11.592100855055868 33.84542597404615 37.413126045102516
  endloop
endfacet
facet normal -0.8535533905932748 -0.3535533905932639 0.3826834323650965
  outer loop
    vertex 11.775830729530645 33.662915203716146 37.65430699999999
    vertex 11.592100855055868 33.84542597404615 37.413126045102516
    vertex 11.68856788001834 33.61253397405996 37.413126045102516
  endloop
endfacet
facet normal -0.8535533905932748 -0.3535533905932639 0.3826834323650965
  outer loop
    vertex 11.592100855055868 33.84542597404615 37.413126045102516
    vertex 11.775830729530645 33.662915203716146 37.65430699999999
    vertex 11.68942991682608 33.871505217547565 37.65430699999999
  endloop
endfacet
facet normal -0.7865660924854901 0.10355339059327118 0.6087614290087249
  outer loop
    vertex 11.844258095200905 34.27770844679854 37.861413781186535
    vertex 11.659960208620145 34.09534987485361 37.65430699999999
    vertex 11.820250133747885 34.09534987485361 37.861413781186535
  endloop
endfacet
facet normal -0.7865660924854901 0.10355339059327118 0.6087614290087249
  outer loop
    vertex 11.659960208620145 34.09534987485361 37.65430699999999
    vertex 11.844258095200905 34.27770844679854 37.861413781186535
    vertex 11.68942991682608 34.319194532159656 37.65430699999999
  endloop
endfacet
facet normal -0.5624222244434897 0.23296291314454065 0.7933533402912262
  outer loop
    vertex 12.046034105689762 34.22364272773608 38.02033240378443
    vertex 11.914645876661979 34.44763958342722 37.861413781186535
    vertex 11.844258095200905 34.27770844679854 37.861413781186535
  endloop
endfacet
facet normal -0.5624222244434897 0.23296291314454065 0.7933533402912262
  outer loop
    vertex 11.914645876661979 34.44763958342722 37.861413781186535
    vertex 12.046034105689762 34.22364272773608 38.02033240378443
    vertex 12.095553298538212 34.34319263470857 38.02033240378443
  endloop
endfacet
facet normal -0.5624222244434923 -0.23296291314453144 0.7933533402912272
  outer loop
    vertex 11.914645876661975 33.74306016628001 37.861413781186535
    vertex 12.046034105689763 33.967057021971144 38.02033240378443
    vertex 11.844258095200907 33.91299130290868 37.861413781186535
  endloop
endfacet
facet normal -0.5624222244434923 -0.23296291314453144 0.7933533402912272
  outer loop
    vertex 12.046034105689763 33.967057021971144 38.02033240378443
    vertex 11.914645876661975 33.74306016628001 37.861413781186535
    vertex 12.095553298538208 33.847507114998656 38.02033240378443
  endloop
endfacet
facet normal -0.7865660924854855 -0.6035533905932853 0.13052619222004486
  outer loop
    vertex 11.842024755863328 33.41254507982184 37.413126045102516
    vertex 11.65880414711065 33.595349874853625 37.15430699999999
    vertex 11.817722769708556 33.388243093667064 37.15430699999999
  endloop
endfacet
facet normal -0.7865660924854855 -0.6035533905932853 0.13052619222004486
  outer loop
    vertex 11.65880414711065 33.595349874853625 37.15430699999999
    vertex 11.842024755863328 33.41254507982184 37.413126045102516
    vertex 11.68856788001834 33.61253397405996 37.413126045102516
  endloop
endfacet
facet normal -0.7329629131445322 -0.3036031793409505 0.6087614290087273
  outer loop
    vertex 11.914645876661975 33.74306016628001 37.861413781186535
    vertex 11.68942991682608 33.871505217547565 37.65430699999999
    vertex 11.775830729530645 33.662915203716146 37.65430699999999
  endloop
endfacet
facet normal -0.7329629131445322 -0.3036031793409505 0.6087614290087273
  outer loop
    vertex 11.68942991682608 33.871505217547565 37.65430699999999
    vertex 11.914645876661975 33.74306016628001 37.861413781186535
    vertex 11.844258095200907 33.91299130290868 37.861413781186535
  endloop
endfacet
facet normal -0.3794095225512535 -0.049950211252311645 0.9238795325112897
  outer loop
    vertex 12.046034105689763 33.967057021971144 38.02033240378443
    vertex 12.272406127035145 34.09534987485362 38.120232826289055
    vertex 12.029144031185174 34.09534987485362 38.02033240378443
  endloop
endfacet
facet normal -0.3794095225512535 -0.049950211252311645 0.9238795325112897
  outer loop
    vertex 12.272406127035145 34.09534987485362 38.120232826289055
    vertex 12.046034105689763 33.967057021971144 38.02033240378443
    vertex 12.281007246628459 34.03001788532867 38.120232826289055
  endloop
endfacet
facet normal -0.13316568668479398 0.01753159524499341 0.9909387181142603
  outer loop
    vertex 12.524829550895095 34.08672091427346 38.15430699999999
    vertex 12.281007246628457 34.16068186437855 38.120232826289055
    vertex 12.272406127035145 34.09534987485362 38.120232826289055
  endloop
endfacet
facet normal -0.12304480876678026 0.050966828570808094 0.991091498006607
  outer loop
    vertex 12.524829550895095 34.08672091427346 38.15430699999999
    vertex 12.306224453322132 34.22156158678359 38.120232826289055
    vertex 12.281007246628457 34.16068186437855 38.120232826289055
  endloop
endfacet
facet normal -0.6035533905932857 0.07945931129894458 0.7933533402912262
  outer loop
    vertex 12.029144031185174 34.09534987485362 38.02033240378443
    vertex 11.844258095200905 34.27770844679854 37.861413781186535
    vertex 11.820250133747885 34.09534987485361 37.861413781186535
  endloop
endfacet
facet normal -0.6035533905932857 0.07945931129894458 0.7933533402912262
  outer loop
    vertex 11.844258095200905 34.27770844679854 37.861413781186535
    vertex 12.029144031185174 34.09534987485362 38.02033240378443
    vertex 12.046034105689762 34.22364272773608 38.02033240378443
  endloop
endfacet
facet normal -0.9829629131445342 0.12940952255125968 0.13052619222005232
  outer loop
    vertex 11.592100855055868 34.34527377566107 37.413126045102516
    vertex 11.524829550895097 34.09534987485361 37.15430699999999
    vertex 11.559197749307783 34.09534987485361 37.413126045102516
  endloop
endfacet
facet normal -0.9829629131445342 0.12940952255125968 0.13052619222005232
  outer loop
    vertex 11.524829550895097 34.09534987485361 37.15430699999999
    vertex 11.592100855055868 34.34527377566107 37.413126045102516
    vertex 11.55890372460603 34.35416891995613 37.15430699999999
  endloop
endfacet
facet normal -0.9159756150367526 -0.12059047744873827 0.3826834323650925
  outer loop
    vertex 11.68942991682608 33.871505217547565 37.65430699999999
    vertex 11.559197749307783 34.09534987485361 37.413126045102516
    vertex 11.592100855055868 33.84542597404615 37.413126045102516
  endloop
endfacet
facet normal -0.9159756150367526 -0.12059047744873827 0.3826834323650925
  outer loop
    vertex 11.559197749307783 34.09534987485361 37.413126045102516
    vertex 11.68942991682608 33.871505217547565 37.65430699999999
    vertex 11.659960208620145 34.09534987485361 37.65430699999999
  endloop
endfacet
facet normal -0.3036031793409502 -0.23296291314453565 0.9238795325112894
  outer loop
    vertex 12.174326958572236 33.74484728253074 38.02033240378443
    vertex 12.30622445332213 33.969138162923635 38.120232826289055
    vertex 12.095553298538208 33.847507114998656 38.02033240378443
  endloop
endfacet
facet normal -0.3036031793409502 -0.23296291314453565 0.9238795325112894
  outer loop
    vertex 12.30622445332213 33.969138162923635 38.120232826289055
    vertex 12.174326958572236 33.74484728253074 38.02033240378443
    vertex 12.346339236153405 33.91685956011191 38.120232826289055
  endloop
endfacet
facet normal -0.23296291314454196 -0.5624222244434876 0.7933533402912273
  outer loop
    vertex 12.342470978950168 33.41477841915942 37.861413781186535
    vertex 12.276986791040134 33.666073622496725 38.02033240378443
    vertex 12.17253984232149 33.48516620062049 37.861413781186535
  endloop
endfacet
facet normal -0.23296291314454196 -0.5624222244434876 0.7933533402912273
  outer loop
    vertex 12.276986791040134 33.666073622496725 38.02033240378443
    vertex 12.342470978950168 33.41477841915942 37.861413781186535
    vertex 12.39653669801263 33.616554429648275 38.02033240378443
  endloop
endfacet
facet normal -0.6294095225512509 -0.48296291314454065 0.6087614290087254
  outer loop
    vertex 12.026616667145841 33.59713699110436 37.861413781186535
    vertex 11.775830729530645 33.662915203716146 37.65430699999999
    vertex 11.913274574132133 33.48379489809064 37.65430699999999
  endloop
endfacet
facet normal -0.6294095225512509 -0.48296291314454065 0.6087614290087254
  outer loop
    vertex 11.775830729530645 33.662915203716146 37.65430699999999
    vertex 12.026616667145841 33.59713699110436 37.861413781186535
    vertex 11.914645876661975 33.74306016628001 37.861413781186535
  endloop
endfacet
facet normal -0.7329629131445247 -0.5624222244434873 0.3826834323650968
  outer loop
    vertex 11.913274574132133 33.48379489809064 37.65430699999999
    vertex 11.68856788001834 33.61253397405996 37.413126045102516
    vertex 11.842024755863328 33.41254507982184 37.413126045102516
  endloop
endfacet
facet normal -0.7329629131445247 -0.5624222244434873 0.3826834323650968
  outer loop
    vertex 11.68856788001834 33.61253397405996 37.413126045102516
    vertex 11.913274574132133 33.48379489809064 37.65430699999999
    vertex 11.775830729530645 33.662915203716146 37.65430699999999
  endloop
endfacet
facet normal -0.10355339059327384 -0.7865660924854954 0.608761429008718
  outer loop
    vertex 12.524829550895095 33.390770457706395 37.861413781186535
    vertex 12.300984893589053 33.25995024078459 37.65430699999999
    vertex 12.524829550895095 33.23048053257866 37.65430699999999
  endloop
endfacet
facet normal -0.10355339059327384 -0.7865660924854954 0.608761429008718
  outer loop
    vertex 12.300984893589053 33.25995024078459 37.65430699999999
    vertex 12.524829550895095 33.390770457706395 37.861413781186535
    vertex 12.342470978950168 33.41477841915942 37.861413781186535
  endloop
endfacet
facet normal -0.12940952255126723 -0.9829629131445329 0.13052619222005424
  outer loop
    vertex 12.524829550895095 33.12971807326629 37.413126045102516
    vertex 12.266010505792584 33.12942404856454 37.15430699999999
    vertex 12.524829550895095 33.09534987485361 37.15430699999999
  endloop
endfacet
facet normal -0.12940952255126723 -0.9829629131445329 0.13052619222005424
  outer loop
    vertex 12.266010505792584 33.12942404856454 37.15430699999999
    vertex 12.524829550895095 33.12971807326629 37.413126045102516
    vertex 12.274905650087646 33.16262117901438 37.413126045102516
  endloop
endfacet
facet normal -0.35355339059326596 -0.8535533905932747 0.3826834323650952
  outer loop
    vertex 12.300984893589053 33.25995024078459 37.65430699999999
    vertex 12.042013650101438 33.25908820397686 37.413126045102516
    vertex 12.274905650087646 33.16262117901438 37.413126045102516
  endloop
endfacet
facet normal -0.35355339059326596 -0.8535533905932747 0.3826834323650952
  outer loop
    vertex 12.042013650101438 33.25908820397686 37.413126045102516
    vertex 12.300984893589053 33.25995024078459 37.65430699999999
    vertex 12.09239487975762 33.346351053489165 37.65430699999999
  endloop
endfacet
facet normal -0.48296291314453915 -0.6294095225512474 0.6087614290087301
  outer loop
    vertex 12.17253984232149 33.48516620062049 37.861413781186535
    vertex 11.913274574132133 33.48379489809064 37.65430699999999
    vertex 12.09239487975762 33.346351053489165 37.65430699999999
  endloop
endfacet
facet normal -0.48296291314453915 -0.6294095225512474 0.6087614290087301
  outer loop
    vertex 11.913274574132133 33.48379489809064 37.65430699999999
    vertex 12.17253984232149 33.48516620062049 37.861413781186535
    vertex 12.026616667145841 33.59713699110436 37.861413781186535
  endloop
endfacet
facet normal -0.5624222244434902 -0.7329629131445239 0.382683432365094
  outer loop
    vertex 12.09239487975762 33.346351053489165 37.65430699999999
    vertex 11.842024755863328 33.41254507982184 37.413126045102516
    vertex 12.042013650101438 33.25908820397686 37.413126045102516
  endloop
endfacet
facet normal -0.5624222244434902 -0.7329629131445239 0.382683432365094
  outer loop
    vertex 11.842024755863328 33.41254507982184 37.413126045102516
    vertex 12.09239487975762 33.346351053489165 37.65430699999999
    vertex 11.913274574132133 33.48379489809064 37.65430699999999
  endloop
endfacet
facet normal -0.37940952255125593 -0.9159756150367556 0.13052619222004974
  outer loop
    vertex 12.274905650087646 33.16262117901438 37.413126045102516
    vertex 12.024829550895097 33.22932447106917 37.15430699999999
    vertex 12.266010505792584 33.12942404856454 37.15430699999999
  endloop
endfacet
facet normal -0.37940952255125593 -0.9159756150367556 0.13052619222004974
  outer loop
    vertex 12.024829550895097 33.22932447106917 37.15430699999999
    vertex 12.274905650087646 33.16262117901438 37.413126045102516
    vertex 12.042013650101438 33.25908820397686 37.413126045102516
  endloop
endfacet
facet normal -0.05329341747932813 -0.1286616912638213 0.990255512912959
  outer loop
    vertex 12.524829550895095 34.08672091427346 38.15430699999999
    vertex 12.39861783896512 33.87674477728064 38.120232826289055
    vertex 12.45949756137016 33.85152757058697 38.120232826289055
  endloop
endfacet
facet normal -0.14644660940671905 -0.3535533905932709 0.923879532511289
  outer loop
    vertex 12.39653669801263 33.616554429648275 38.02033240378443
    vertex 12.39861783896512 33.87674477728064 38.120232826289055
    vertex 12.276986791040134 33.666073622496725 38.02033240378443
  endloop
endfacet
facet normal -0.14644660940671905 -0.3535533905932709 0.923879532511289
  outer loop
    vertex 12.39861783896512 33.87674477728064 38.120232826289055
    vertex 12.39653669801263 33.616554429648275 38.02033240378443
    vertex 12.45949756137016 33.85152757058697 38.120232826289055
  endloop
endfacet
facet normal -0.10928153284263326 -0.08385466943786953 0.9904675365669641
  outer loop
    vertex 12.524829550895095 34.08672091427346 38.15430699999999
    vertex 12.30622445332213 33.969138162923635 38.120232826289055
    vertex 12.346339236153405 33.91685956011191 38.120232826289055
  endloop
endfacet
facet normal -0.3036031793409585 -0.7329629131445299 0.608761429008726
  outer loop
    vertex 12.342470978950168 33.41477841915942 37.861413781186535
    vertex 12.09239487975762 33.346351053489165 37.65430699999999
    vertex 12.300984893589053 33.25995024078459 37.65430699999999
  endloop
endfacet
facet normal -0.3036031793409585 -0.7329629131445299 0.608761429008726
  outer loop
    vertex 12.09239487975762 33.346351053489165 37.65430699999999
    vertex 12.342470978950168 33.41477841915942 37.861413781186535
    vertex 12.17253984232149 33.48516620062049 37.861413781186535
  endloop
endfacet
facet normal -0.6035533905932857 -0.7865660924854844 0.13052619222004808
  outer loop
    vertex 12.042013650101438 33.25908820397686 37.413126045102516
    vertex 11.817722769708556 33.388243093667064 37.15430699999999
    vertex 12.024829550895097 33.22932447106917 37.15430699999999
  endloop
endfacet
facet normal -0.6035533905932857 -0.7865660924854844 0.13052619222004808
  outer loop
    vertex 11.817722769708556 33.388243093667064 37.15430699999999
    vertex 12.042013650101438 33.25908820397686 37.413126045102516
    vertex 11.842024755863328 33.41254507982184 37.413126045102516
  endloop
endfacet
facet normal -0.48296291314453615 -0.37059047744875545 0.7933533402912266
  outer loop
    vertex 12.026616667145841 33.59713699110436 37.861413781186535
    vertex 12.095553298538208 33.847507114998656 38.02033240378443
    vertex 11.914645876661975 33.74306016628001 37.861413781186535
  endloop
endfacet
facet normal -0.48296291314453615 -0.37059047744875545 0.7933533402912266
  outer loop
    vertex 12.095553298538208 33.847507114998656 38.02033240378443
    vertex 12.026616667145841 33.59713699110436 37.861413781186535
    vertex 12.174326958572236 33.74484728253074 38.02033240378443
  endloop
endfacet
facet normal -0.12059047744874161 -0.9159756150367485 0.382683432365101
  outer loop
    vertex 12.524829550895095 33.23048053257866 37.65430699999999
    vertex 12.274905650087646 33.16262117901438 37.413126045102516
    vertex 12.524829550895095 33.12971807326629 37.413126045102516
  endloop
endfacet
facet normal -0.12059047744874161 -0.9159756150367485 0.382683432365101
  outer loop
    vertex 12.274905650087646 33.16262117901438 37.413126045102516
    vertex 12.524829550895095 33.23048053257866 37.65430699999999
    vertex 12.300984893589053 33.25995024078459 37.65430699999999
  endloop
endfacet
facet normal -0.37059047744875634 -0.48296291314453965 0.7933533402912243
  outer loop
    vertex 12.17253984232149 33.48516620062049 37.861413781186535
    vertex 12.174326958572236 33.74484728253074 38.02033240378443
    vertex 12.026616667145841 33.59713699110436 37.861413781186535
  endloop
endfacet
facet normal -0.37059047744875634 -0.48296291314453965 0.7933533402912243
  outer loop
    vertex 12.174326958572236 33.74484728253074 38.02033240378443
    vertex 12.17253984232149 33.48516620062049 37.861413781186535
    vertex 12.276986791040134 33.666073622496725 38.02033240378443
  endloop
endfacet
facet normal -0.23296291314453874 -0.30360317934094866 0.923879532511289
  outer loop
    vertex 12.276986791040134 33.666073622496725 38.02033240378443
    vertex 12.346339236153405 33.91685956011191 38.120232826289055
    vertex 12.174326958572236 33.74484728253074 38.02033240378443
  endloop
endfacet
facet normal -0.23296291314453874 -0.30360317934094866 0.923879532511289
  outer loop
    vertex 12.346339236153405 33.91685956011191 38.120232826289055
    vertex 12.276986791040134 33.666073622496725 38.02033240378443
    vertex 12.39861783896512 33.87674477728064 38.120232826289055
  endloop
endfacet
facet normal -0.08439287104606617 -0.10998293083413521 0.9903441817074183
  outer loop
    vertex 12.524829550895095 34.08672091427346 38.15430699999999
    vertex 12.346339236153405 33.91685956011191 38.120232826289055
    vertex 12.39861783896512 33.87674477728064 38.120232826289055
  endloop
endfacet
facet normal 0.9889934822141985 0.06967643276150538 0.13052619222004977
  outer loop
    vertex 19.50464995671326 38.29522976964628 37.15430699999999
    vertex 19.48457323554326 38.09534987485361 37.413126045102516
    vertex 19.51873186756541 38.09534987485361 37.15430699999999
  endloop
endfacet
facet normal 0.9889934822141985 0.06967643276150538 0.13052619222004977
  outer loop
    vertex 19.48457323554326 38.09534987485361 37.413126045102516
    vertex 19.50464995671326 38.29522976964628 37.15430699999999
    vertex 19.470975294597306 38.28836025776334 37.413126045102516
  endloop
endfacet
facet normal 0.9372607587087636 0.32327261456734574 0.13052619222004877
  outer loop
    vertex 19.50464995671326 38.29522976964628 37.15430699999999
    vertex 19.388781397170966 38.526664126360885 37.413126045102516
    vertex 19.470975294597306 38.28836025776334 37.413126045102516
  endloop
endfacet
facet normal 0.9372607587087636 0.32327261456734574 0.13052619222004877
  outer loop
    vertex 19.388781397170966 38.526664126360885 37.413126045102516
    vertex 19.50464995671326 38.29522976964628 37.15430699999999
    vertex 19.41953066249446 38.54201520919562 37.15430699999999
  endloop
endfacet
facet normal 0.7913917487591461 0.0557550226185356 0.6087614290087269
  outer loop
    vertex 19.37224618082263 38.268219867996926 37.65430699999999
    vertex 19.22511266587593 38.09534987485361 37.861413781186535
    vertex 19.384425193799306 38.09534987485361 37.65430699999999
  endloop
endfacet
facet normal 0.7913917487591461 0.0557550226185356 0.6087614290087269
  outer loop
    vertex 19.22511266587593 38.09534987485361 37.861413781186535
    vertex 19.37224618082263 38.268219867996926 37.65430699999999
    vertex 19.215190841335403 38.23618113462607 37.861413781186535
  endloop
endfacet
facet normal -0.07945931129894997 -0.6035533905932792 0.7933533402912308
  outer loop
    vertex 12.524829550895095 33.390770457706395 37.861413781186535
    vertex 12.39653669801263 33.616554429648275 38.02033240378443
    vertex 12.342470978950168 33.41477841915942 37.861413781186535
  endloop
endfacet
facet normal -0.07945931129894997 -0.6035533905932792 0.7933533402912308
  outer loop
    vertex 12.39653669801263 33.616554429648275 38.02033240378443
    vertex 12.524829550895095 33.390770457706395 37.861413781186535
    vertex 12.524829550895095 33.59966435514369 38.02033240378443
  endloop
endfacet
facet normal 0.7499952671247312 0.258682473008431 0.6087614290087254
  outer loop
    vertex 19.37224618082263 38.268219867996926 37.65430699999999
    vertex 19.15521753862674 38.410061075784164 37.861413781186535
    vertex 19.215190841335403 38.23618113462607 37.861413781186535
  endloop
endfacet
facet normal 0.7499952671247312 0.258682473008431 0.6087614290087254
  outer loop
    vertex 19.15521753862674 38.410061075784164 37.861413781186535
    vertex 19.37224618082263 38.268219867996926 37.65430699999999
    vertex 19.29862911281671 38.481657028783005 37.65430699999999
  endloop
endfacet
facet normal 0.8733879868993966 0.3012421201178332 0.382683432365098
  outer loop
    vertex 19.470975294597306 38.28836025776334 37.413126045102516
    vertex 19.29862911281671 38.481657028783005 37.65430699999999
    vertex 19.37224618082263 38.268219867996926 37.65430699999999
  endloop
endfacet
facet normal 0.8733879868993966 0.3012421201178332 0.382683432365098
  outer loop
    vertex 19.29862911281671 38.481657028783005 37.65430699999999
    vertex 19.470975294597306 38.28836025776334 37.413126045102516
    vertex 19.388781397170966 38.526664126360885 37.413126045102516
  endloop
endfacet
facet normal 0.607256246886774 0.04278233357057963 0.7933533402912255
  outer loop
    vertex 19.01749253727472 38.09534987485361 38.02033240378443
    vertex 19.215190841335403 38.23618113462607 37.861413781186535
    vertex 19.010512337975463 38.19442744438348 38.02033240378443
  endloop
endfacet
facet normal 0.607256246886774 0.04278233357057963 0.7933533402912255
  outer loop
    vertex 19.215190841335403 38.23618113462607 37.861413781186535
    vertex 19.01749253727472 38.09534987485361 38.02033240378443
    vertex 19.22511266587593 38.09534987485361 37.861413781186535
  endloop
endfacet
facet normal 0.3817372353274259 0.026894099190940615 0.9238795325112911
  outer loop
    vertex 18.775713776651354 38.09534987485361 38.120232826289055
    vertex 19.010512337975463 38.19442744438348 38.02033240378443
    vertex 18.77215917249956 38.14580424225794 38.120232826289055
  endloop
endfacet
facet normal 0.3817372353274259 0.026894099190940615 0.9238795325112911
  outer loop
    vertex 19.010512337975463 38.19442744438348 38.02033240378443
    vertex 18.775713776651354 38.09534987485361 38.120232826289055
    vertex 19.01749253727472 38.09534987485361 38.02033240378443
  endloop
endfacet
facet normal 0.5754916093213074 0.19849404285651595 0.793353340291227
  outer loop
    vertex 19.010512337975463 38.19442744438348 38.02033240378443
    vertex 19.15521753862674 38.410061075784164 37.861413781186535
    vertex 18.96831993638327 38.31675541324334 38.02033240378443
  endloop
endfacet
facet normal 0.5754916093213074 0.19849404285651595 0.793353340291227
  outer loop
    vertex 19.15521753862674 38.410061075784164 37.861413781186535
    vertex 19.010512337975463 38.19442744438348 38.02033240378443
    vertex 19.215190841335403 38.23618113462607 37.861413781186535
  endloop
endfacet
facet normal 0.6574878474615478 0.4439811403557966 0.6087614290087269
  outer loop
    vertex 19.29862911281671 38.481657028783005 37.65430699999999
    vertex 19.05228433631958 38.562493968683675 37.861413781186535
    vertex 19.15521753862674 38.410061075784164 37.861413781186535
  endloop
endfacet
facet normal 0.6574878474615478 0.4439811403557966 0.6087614290087269
  outer loop
    vertex 19.05228433631958 38.562493968683675 37.861413781186535
    vertex 19.29862911281671 38.481657028783005 37.65430699999999
    vertex 19.172278883430078 38.66876799543153 37.65430699999999
  endloop
endfacet
facet normal 0.10739944324028321 0.07385991715625068 0.9914686440979105
  outer loop
    vertex 18.750673068816308 38.20809866786778 38.120232826289055
    vertex 18.531537510142357 38.11541870583852 38.150613687112134
    vertex 18.516253206984025 38.09534987485361 38.15430699999999
  endloop
endfacet
facet normal 0.10739944324028321 0.07385991715625068 0.9914686440979105
  outer loop
    vertex 18.531537510142357 38.11541870583852 38.150613687112134
    vertex 18.750673068816308 38.20809866786778 38.120232826289055
    vertex 18.713796102610797 38.26270944955987 38.120232826289055
  endloop
endfacet
facet normal 0.5045081696254522 0.34067871114868575 0.7933533402912263
  outer loop
    vertex 18.96831993638327 38.31675541324334 38.02033240378443
    vertex 19.05228433631958 38.562493968683675 37.861413781186535
    vertex 18.89590439792259 38.42399496055187 38.02033240378443
  endloop
endfacet
facet normal 0.5045081696254522 0.34067871114868575 0.7933533402912263
  outer loop
    vertex 19.05228433631958 38.562493968683675 37.861413781186535
    vertex 18.96831993638327 38.31675541324334 38.02033240378443
    vertex 19.15521753862674 38.410061075784164 37.861413781186535
  endloop
endfacet
facet normal 0.8216552633939719 0.5548383019236474 0.13052619222005343
  outer loop
    vertex 19.41953066249446 38.54201520919562 37.15430699999999
    vertex 19.24771060916887 38.735574641498694 37.413126045102516
    vertex 19.388781397170966 38.526664126360885 37.413126045102516
  endloop
endfacet
facet normal 0.8216552633939719 0.5548383019236474 0.13052619222005343
  outer loop
    vertex 19.24771060916887 38.735574641498694 37.413126045102516
    vertex 19.41953066249446 38.54201520919562 37.15430699999999
    vertex 19.273438966083678 38.758361144358894 37.15430699999999
  endloop
endfacet
facet normal 0.3617691493874573 0.12477857171082914 0.9238795325112907
  outer loop
    vertex 18.77215917249956 38.14580424225794 38.120232826289055
    vertex 18.96831993638327 38.31675541324334 38.02033240378443
    vertex 18.750673068816308 38.20809866786778 38.120232826289055
  endloop
endfacet
facet normal 0.3617691493874573 0.12477857171082914 0.9238795325112907
  outer loop
    vertex 18.96831993638327 38.31675541324334 38.02033240378443
    vertex 18.77215917249956 38.14580424225794 38.120232826289055
    vertex 19.010512337975463 38.19442744438348 38.02033240378443
  endloop
endfacet
facet normal 0.3171470937685296 0.21415959077496097 0.9238795325112884
  outer loop
    vertex 18.750673068816308 38.20809866786778 38.120232826289055
    vertex 18.89590439792259 38.42399496055187 38.02033240378443
    vertex 18.713796102610797 38.26270944955987 38.120232826289055
  endloop
endfacet
facet normal 0.3171470937685296 0.21415959077496097 0.9238795325112884
  outer loop
    vertex 18.89590439792259 38.42399496055187 38.02033240378443
    vertex 18.750673068816308 38.20809866786778 38.120232826289055
    vertex 18.96831993638327 38.31675541324334 38.02033240378443
  endloop
endfacet
facet normal -0.04995021125231655 -0.37940952255125476 0.9238795325112892
  outer loop
    vertex 12.524829550895095 33.59966435514369 38.02033240378443
    vertex 12.45949756137016 33.85152757058697 38.120232826289055
    vertex 12.39653669801263 33.616554429648275 38.02033240378443
  endloop
endfacet
facet normal -0.04995021125231655 -0.37940952255125476 0.9238795325112892
  outer loop
    vertex 12.45949756137016 33.85152757058697 38.120232826289055
    vertex 12.524829550895095 33.59966435514369 38.02033240378443
    vertex 12.524829550895095 33.84292645099366 38.120232826289055
  endloop
endfacet
facet normal -0.018220384036928224 -0.13839755698390893 0.9902091364082806
  outer loop
    vertex 12.524829550895095 34.08672091427346 38.15430699999999
    vertex 12.45949756137016 33.85152757058697 38.120232826289055
    vertex 12.524829550895095 33.84292645099366 38.120232826289055
  endloop
endfacet
facet normal 0.9215952107903043 0.06492809901456038 0.3826834323650948
  outer loop
    vertex 19.470975294597306 38.28836025776334 37.413126045102516
    vertex 19.384425193799306 38.09534987485361 37.65430699999999
    vertex 19.48457323554326 38.09534987485361 37.413126045102516
  endloop
endfacet
facet normal 0.9215952107903043 0.06492809901456038 0.3826834323650948
  outer loop
    vertex 19.384425193799306 38.09534987485361 37.65430699999999
    vertex 19.470975294597306 38.28836025776334 37.413126045102516
    vertex 19.37224618082263 38.268219867996926 37.65430699999999
  endloop
endfacet
facet normal 0.13020346203115413 0.009173076396041306 0.9914448613738105
  outer loop
    vertex 18.775713776651354 38.09534987485361 38.120232826289055
    vertex 18.77215917249956 38.14580424225794 38.120232826289055
    vertex 18.516253206984025 38.09534987485361 38.15430699999999
  endloop
endfacet
facet normal 0.12360278865847749 0.04263210241777746 0.9914155811158547
  outer loop
    vertex 18.77215917249956 38.14580424225794 38.120232826289055
    vertex 18.750673068816308 38.20809866786778 38.120232826289055
    vertex 18.516253206984025 38.09534987485361 38.15430699999999
  endloop
endfacet
facet normal -0.06492809901455476 0.9215952107903064 0.38268343236509067
  outer loop
    vertex 18.351959557751773 38.94276650478115 37.65430699999999
    vertex 18.583276375213458 39.059211247128616 37.413126045102516
    vertex 18.33181916798537 39.04149561855582 37.413126045102516
  endloop
endfacet
facet normal -0.06492809901455476 0.9215952107903064 0.38268343236509067
  outer loop
    vertex 18.583276375213458 39.059211247128616 37.413126045102516
    vertex 18.351959557751773 38.94276650478115 37.65430699999999
    vertex 18.57717752288938 38.9586335298797 37.65430699999999
  endloop
endfacet
facet normal 0.43415518029056005 0.8913316961554807 0.13052619222005005
  outer loop
    vertex 18.83075052795222 39.01124131603711 37.413126045102516
    vertex 19.076330775163324 38.929523957183335 37.15430699999999
    vertex 18.841638687207972 39.04383918483485 37.15430699999999
  endloop
endfacet
facet normal 0.43415518029056005 0.8913316961554807 0.13052619222005005
  outer loop
    vertex 19.076330775163324 38.929523957183335 37.15430699999999
    vertex 18.83075052795222 39.01124131603711 37.413126045102516
    vertex 19.057376671662833 38.90085489681111 37.413126045102516
  endloop
endfacet
facet normal 0.16757764455247443 0.34404119295945534 0.9238795325112897
  outer loop
    vertex 18.664041378187832 38.30591495281051 38.120232826289055
    vertex 18.681867252277197 38.56550229141097 38.02033240378443
    vertex 18.604799597793306 38.33477079397364 38.120232826289055
  endloop
endfacet
facet normal 0.16757764455247443 0.34404119295945534 0.9238795325112897
  outer loop
    vertex 18.681867252277197 38.56550229141097 38.02033240378443
    vertex 18.664041378187832 38.30591495281051 38.120232826289055
    vertex 18.79820072186715 38.50883788838177 38.02033240378443
  endloop
endfacet
facet normal 0.7656608150431969 0.5170269885611953 0.38268343236509367
  outer loop
    vertex 19.388781397170966 38.526664126360885 37.413126045102516
    vertex 19.172278883430078 38.66876799543153 37.65430699999999
    vertex 19.29862911281671 38.481657028783005 37.65430699999999
  endloop
endfacet
facet normal 0.7656608150431969 0.5170269885611953 0.38268343236509367
  outer loop
    vertex 19.172278883430078 38.66876799543153 37.65430699999999
    vertex 19.388781397170966 38.526664126360885 37.413126045102516
    vertex 19.24771060916887 38.735574641498694 37.413126045102516
  endloop
endfacet
facet normal 0.2509119878196151 0.2889459876432464 0.9238795325112892
  outer loop
    vertex 18.713796102610797 38.26270944955987 38.120232826289055
    vertex 18.79820072186715 38.50883788838177 38.02033240378443
    vertex 18.664041378187832 38.30591495281051 38.120232826289055
  endloop
endfacet
facet normal 0.2509119878196151 0.2889459876432464 0.9238795325112892
  outer loop
    vertex 18.79820072186715 38.50883788838177 38.02033240378443
    vertex 18.713796102610797 38.26270944955987 38.120232826289055
    vertex 18.89590439792259 38.42399496055187 38.02033240378443
  endloop
endfacet
facet normal 0.404568222229114 0.8305889140577601 0.3826834323650885
  outer loop
    vertex 18.79882806024471 38.915669200531916 37.65430699999999
    vertex 19.057376671662833 38.90085489681111 37.413126045102516
    vertex 18.83075052795222 39.01124131603711 37.413126045102516
  endloop
endfacet
facet normal 0.404568222229114 0.8305889140577601 0.3826834323650885
  outer loop
    vertex 19.057376671662833 38.90085489681111 37.413126045102516
    vertex 18.79882806024471 38.915669200531916 37.65430699999999
    vertex 19.00180605199179 38.81680146478094 37.65430699999999
  endloop
endfacet
facet normal 0.3474106084033536 0.7132428700800707 0.6087614290087333
  outer loop
    vertex 18.748046747505335 38.763635920050554 37.861413781186535
    vertex 19.00180605199179 38.81680146478094 37.65430699999999
    vertex 18.79882806024471 38.915669200531916 37.65430699999999
  endloop
endfacet
facet normal 0.3474106084033536 0.7132428700800707 0.6087614290087333
  outer loop
    vertex 19.00180605199179 38.81680146478094 37.65430699999999
    vertex 18.748046747505335 38.763635920050554 37.861413781186535
    vertex 18.913405962045978 38.6830917635808 37.861413781186535
  endloop
endfacet
facet normal 0.605755123956128 0.6975773221616153 0.38268343236508984
  outer loop
    vertex 19.00180605199179 38.81680146478094 37.65430699999999
    vertex 19.24771060916887 38.735574641498694 37.413126045102516
    vertex 19.057376671662833 38.90085489681111 37.413126045102516
  endloop
endfacet
facet normal 0.605755123956128 0.6975773221616153 0.38268343236508984
  outer loop
    vertex 19.24771060916887 38.735574641498694 37.413126045102516
    vertex 19.00180605199179 38.81680146478094 37.65430699999999
    vertex 19.172278883430078 38.66876799543153 37.65430699999999
  endloop
endfacet
facet normal 0.6500553197284071 0.7485926759175068 0.13052619222004877
  outer loop
    vertex 19.057376671662833 38.90085489681111 37.413126045102516
    vertex 19.273438966083678 38.758361144358894 37.15430699999999
    vertex 19.076330775163324 38.929523957183335 37.15430699999999
  endloop
endfacet
facet normal 0.6500553197284071 0.7485926759175068 0.13052619222004877
  outer loop
    vertex 19.273438966083678 38.758361144358894 37.15430699999999
    vertex 19.057376671662833 38.90085489681111 37.413126045102516
    vertex 19.24771060916887 38.735574641498694 37.413126045102516
  endloop
endfacet
facet normal 0.17581066473777196 0.9069972440739487 0.3826834323650881
  outer loop
    vertex 18.57717752288938 38.9586335298797 37.65430699999999
    vertex 18.83075052795222 39.01124131603711 37.413126045102516
    vertex 18.583276375213458 39.059211247128616 37.413126045102516
  endloop
endfacet
facet normal 0.17581066473777196 0.9069972440739487 0.3826834323650881
  outer loop
    vertex 18.83075052795222 39.01124131603711 37.413126045102516
    vertex 18.57717752288938 38.9586335298797 37.65430699999999
    vertex 18.79882806024471 38.915669200531916 37.65430699999999
  endloop
endfacet
facet normal 0.11584492104705003 0.5976373747653003 0.7933533402912243
  outer loop
    vertex 18.681867252277197 38.56550229141097 38.02033240378443
    vertex 18.56747564989955 38.79863748693505 37.861413781186535
    vertex 18.55483192285511 38.59012658421539 38.02033240378443
  endloop
endfacet
facet normal 0.11584492104705003 0.5976373747653003 0.7933533402912243
  outer loop
    vertex 18.56747564989955 38.79863748693505 37.861413781186535
    vertex 18.681867252277197 38.56550229141097 38.02033240378443
    vertex 18.748046747505335 38.763635920050554 37.861413781186535
  endloop
endfacet
facet normal 0.39914333190879214 0.4596466882742688 0.7933533402912255
  outer loop
    vertex 18.89590439792259 38.42399496055187 38.02033240378443
    vertex 18.913405962045978 38.6830917635808 37.861413781186535
    vertex 18.79820072186715 38.50883788838177 38.02033240378443
  endloop
endfacet
facet normal 0.39914333190879214 0.4596466882742688 0.7933533402912255
  outer loop
    vertex 18.913405962045978 38.6830917635808 37.861413781186535
    vertex 18.89590439792259 38.42399496055187 38.02033240378443
    vertex 19.05228433631958 38.562493968683675 37.861413781186535
  endloop
endfacet
facet normal 0.18866808279124353 0.9733279342957394 0.13052619222005055
  outer loop
    vertex 18.583276375213458 39.059211247128616 37.413126045102516
    vertex 18.841638687207972 39.04383918483485 37.15430699999999
    vertex 18.585356580164724 39.09351643346384 37.15430699999999
  endloop
endfacet
facet normal 0.18866808279124353 0.9733279342957394 0.13052619222005055
  outer loop
    vertex 18.841638687207972 39.04383918483485 37.15430699999999
    vertex 18.583276375213458 39.059211247128616 37.413126045102516
    vertex 18.83075052795222 39.01124131603711 37.413126045102516
  endloop
endfacet
facet normal 0.5201737175439037 0.5990232267014399 0.6087614290087296
  outer loop
    vertex 19.05228433631958 38.562493968683675 37.861413781186535
    vertex 19.00180605199179 38.81680146478094 37.65430699999999
    vertex 18.913405962045978 38.6830917635808 37.861413781186535
  endloop
endfacet
facet normal 0.5201737175439037 0.5990232267014399 0.6087614290087296
  outer loop
    vertex 19.00180605199179 38.81680146478094 37.65430699999999
    vertex 19.05228433631958 38.562493968683675 37.861413781186535
    vertex 19.172278883430078 38.66876799543153 37.65430699999999
  endloop
endfacet
facet normal 0.1509720404232849 0.7788561905523272 0.6087614290087267
  outer loop
    vertex 18.56747564989955 38.79863748693505 37.861413781186535
    vertex 18.79882806024471 38.915669200531916 37.65430699999999
    vertex 18.57717752288938 38.9586335298797 37.65430699999999
  endloop
endfacet
facet normal 0.1509720404232849 0.7788561905523272 0.6087614290087267
  outer loop
    vertex 18.79882806024471 38.915669200531916 37.65430699999999
    vertex 18.56747564989955 38.79863748693505 37.861413781186535
    vertex 18.748046747505335 38.763635920050554 37.861413781186535
  endloop
endfacet
facet normal 0.08560066925517631 0.09857627822328152 0.99144099309778
  outer loop
    vertex 18.713796102610797 38.26270944955987 38.120232826289055
    vertex 18.664041378187832 38.30591495281051 38.120232826289055
    vertex 18.531537510142357 38.11541870583852 38.150613687112134
  endloop
endfacet
facet normal 0.2665775357380942 0.547290503196029 0.793353340291224
  outer loop
    vertex 18.79820072186715 38.50883788838177 38.02033240378443
    vertex 18.748046747505335 38.763635920050554 37.861413781186535
    vertex 18.681867252277197 38.56550229141097 38.02033240378443
  endloop
endfacet
facet normal 0.2665775357380942 0.547290503196029 0.793353340291224
  outer loop
    vertex 18.748046747505335 38.763635920050554 37.861413781186535
    vertex 18.79820072186715 38.50883788838177 38.02033240378443
    vertex 18.913405962045978 38.6830917635808 37.861413781186535
  endloop
endfacet
facet normal 0.05752055799660437 0.11809117764897438 0.9913353918675746
  outer loop
    vertex 18.664041378187832 38.30591495281051 38.120232826289055
    vertex 18.604799597793306 38.33477079397364 38.120232826289055
    vertex 18.531537510142357 38.11541870583852 38.150613687112134
  endloop
endfacet
facet normal 0.0728231617442178 0.37569055953044045 0.9238795325112903
  outer loop
    vertex 18.604799597793306 38.33477079397364 38.120232826289055
    vertex 18.55483192285511 38.59012658421539 38.02033240378443
    vertex 18.54010799085941 38.34731049516051 38.120232826289055
  endloop
endfacet
facet normal 0.0728231617442178 0.37569055953044045 0.9238795325112903
  outer loop
    vertex 18.55483192285511 38.59012658421539 38.02033240378443
    vertex 18.604799597793306 38.33477079397364 38.120232826289055
    vertex 18.681867252277197 38.56550229141097 38.02033240378443
  endloop
endfacet
facet normal -0.06967643276150369 0.9889934822141989 0.13052619222004708
  outer loop
    vertex 18.33181916798537 39.04149561855582 37.413126045102516
    vertex 18.585356580164724 39.09351643346384 37.15430699999999
    vertex 18.324949656102426 39.07517028067178 37.15430699999999
  endloop
endfacet
facet normal -0.06967643276150369 0.9889934822141989 0.13052619222004708
  outer loop
    vertex 18.585356580164724 39.09351643346384 37.15430699999999
    vertex 18.33181916798537 39.04149561855582 37.413126045102516
    vertex 18.583276375213458 39.059211247128616 37.413126045102516
  endloop
endfacet
facet normal 0.026860589221827748 0.130136180792702 0.991132222861988
  outer loop
    vertex 18.531537510142357 38.11541870583852 38.150613687112134
    vertex 18.54010799085941 38.34731049516051 38.120232826289055
    vertex 18.516253206984025 38.09534987485361 38.15430699999999
  endloop
endfacet
facet normal 0.026860589221827748 0.130136180792702 0.991132222861988
  outer loop
    vertex 18.54010799085941 38.34731049516051 38.120232826289055
    vertex 18.531537510142357 38.11541870583852 38.150613687112134
    vertex 18.604799597793306 38.33477079397364 38.120232826289055
  endloop
endfacet
facet normal -0.12477857171083086 0.36176914938745675 0.9238795325112907
  outer loop
    vertex 18.41208075788094 38.32119339277483 38.120232826289055
    vertex 18.425751981365224 38.58103266193398 38.02033240378443
    vertex 18.303424012505374 38.53884026034179 38.02033240378443
  endloop
endfacet
facet normal -0.12477857171083086 0.36176914938745675 0.9238795325112907
  outer loop
    vertex 18.425751981365224 38.58103266193398 38.02033240378443
    vertex 18.41208075788094 38.32119339277483 38.120232826289055
    vertex 18.474375183490757 38.34267949645808 38.120232826289055
  endloop
endfacet
facet normal -0.044476355407468825 0.12894981119757065 0.9906532188418808
  outer loop
    vertex 18.516253206984025 38.09534987485361 38.15430699999999
    vertex 18.474375183490757 38.34267949645808 38.120232826289055
    vertex 18.41208075788094 38.32119339277483 38.120232826289055
  endloop
endfacet
facet normal -0.5990232267014448 0.5201737175438981 0.6087614290087295
  outer loop
    vertex 17.9370876621679 38.48392628600449 37.861413781186535
    vertex 17.951411430317176 38.7427992073886 37.65430699999999
    vertex 17.80337796096777 38.5723263759503 37.65430699999999
  endloop
endfacet
facet normal -0.5990232267014448 0.5201737175438981 0.6087614290087295
  outer loop
    vertex 17.951411430317176 38.7427992073886 37.65430699999999
    vertex 17.9370876621679 38.48392628600449 37.861413781186535
    vertex 18.05768545706503 38.6228046602781 37.861413781186535
  endloop
endfacet
facet normal -0.026894099190930765 0.38173723532742443 0.9238795325112918
  outer loop
    vertex 18.474375183490757 38.34267949645808 38.120232826289055
    vertex 18.55483192285511 38.59012658421539 38.02033240378443
    vertex 18.425751981365224 38.58103266193398 38.02033240378443
  endloop
endfacet
facet normal -0.026894099190930765 0.38173723532742443 0.9238795325112918
  outer loop
    vertex 18.55483192285511 38.59012658421539 38.02033240378443
    vertex 18.474375183490757 38.34267949645808 38.120232826289055
    vertex 18.54010799085941 38.34731049516051 38.120232826289055
  endloop
endfacet
facet normal -0.21415959077496444 0.3171470937685201 0.9238795325112908
  outer loop
    vertex 18.357469976188845 38.28431642656931 38.120232826289055
    vertex 18.303424012505374 38.53884026034179 38.02033240378443
    vertex 18.196184465196836 38.46642472188111 38.02033240378443
  endloop
endfacet
facet normal -0.21415959077496444 0.3171470937685201 0.9238795325112908
  outer loop
    vertex 18.303424012505374 38.53884026034179 38.02033240378443
    vertex 18.357469976188845 38.28431642656931 38.120232826289055
    vertex 18.41208075788094 38.32119339277483 38.120232826289055
  endloop
endfacet
facet normal -0.3406787111486889 0.5045081696254587 0.7933533402912211
  outer loop
    vertex 18.196184465196836 38.46642472188111 38.02033240378443
    vertex 18.210118349964542 38.725737862585255 37.861413781186535
    vertex 18.05768545706503 38.6228046602781 37.861413781186535
  endloop
endfacet
facet normal -0.3406787111486889 0.5045081696254587 0.7933533402912211
  outer loop
    vertex 18.210118349964542 38.725737862585255 37.861413781186535
    vertex 18.196184465196836 38.46642472188111 38.02033240378443
    vertex 18.303424012505374 38.53884026034179 38.02033240378443
  endloop
endfacet
facet normal -0.2889459876432425 0.25091198781961366 0.923879532511291
  outer loop
    vertex 18.31426447293819 38.234561702146344 38.120232826289055
    vertex 18.196184465196836 38.46642472188111 38.02033240378443
    vertex 18.111341537366933 38.368721045825666 38.02033240378443
  endloop
endfacet
facet normal -0.2889459876432425 0.25091198781961366 0.923879532511291
  outer loop
    vertex 18.196184465196836 38.46642472188111 38.02033240378443
    vertex 18.31426447293819 38.234561702146344 38.120232826289055
    vertex 18.357469976188845 38.28431642656931 38.120232826289055
  endloop
endfacet
facet normal -0.4439811403557827 0.6574878474615526 0.6087614290087315
  outer loop
    vertex 18.05768545706503 38.6228046602781 37.861413781186535
    vertex 18.13852239696571 38.869149436775224 37.65430699999999
    vertex 17.951411430317176 38.7427992073886 37.65430699999999
  endloop
endfacet
facet normal -0.4439811403557827 0.6574878474615526 0.6087614290087315
  outer loop
    vertex 18.13852239696571 38.869149436775224 37.65430699999999
    vertex 18.05768545706503 38.6228046602781 37.861413781186535
    vertex 18.210118349964542 38.725737862585255 37.861413781186535
  endloop
endfacet
facet normal -0.19849404285652866 0.5754916093213107 0.7933533402912213
  outer loop
    vertex 18.303424012505374 38.53884026034179 38.02033240378443
    vertex 18.38399829112263 38.78571116529392 37.861413781186535
    vertex 18.210118349964542 38.725737862585255 37.861413781186535
  endloop
endfacet
facet normal -0.19849404285652866 0.5754916093213107 0.7933533402912213
  outer loop
    vertex 18.38399829112263 38.78571116529392 37.861413781186535
    vertex 18.303424012505374 38.53884026034179 38.02033240378443
    vertex 18.425751981365224 38.58103266193398 38.02033240378443
  endloop
endfacet
facet normal -0.7485926759175099 0.6500553197284035 0.1305261922200488
  outer loop
    vertex 17.884604784250016 38.81823093312739 37.413126045102516
    vertex 17.69065546856536 38.64685109912183 37.15430699999999
    vertex 17.71932452893759 38.62789699562134 37.413126045102516
  endloop
endfacet
facet normal -0.7485926759175099 0.6500553197284035 0.1305261922200488
  outer loop
    vertex 17.69065546856536 38.64685109912183 37.15430699999999
    vertex 17.884604784250016 38.81823093312739 37.413126045102516
    vertex 17.861818281389812 38.84395929004219 37.15430699999999
  endloop
endfacet
facet normal -0.04278233357057432 0.607256246886775 0.793353340291225
  outer loop
    vertex 18.425751981365224 38.58103266193398 38.02033240378443
    vertex 18.56747564989955 38.79863748693505 37.861413781186535
    vertex 18.38399829112263 38.78571116529392 37.861413781186535
  endloop
endfacet
facet normal -0.04278233357057432 0.607256246886775 0.793353340291225
  outer loop
    vertex 18.56747564989955 38.79863748693505 37.861413781186535
    vertex 18.425751981365224 38.58103266193398 38.02033240378443
    vertex 18.55483192285511 38.59012658421539 38.02033240378443
  endloop
endfacet
facet normal -0.32327261456734896 0.937260758708762 0.13052619222005205
  outer loop
    vertex 18.09351529938783 38.95930172112948 37.413126045102516
    vertex 18.324949656102426 39.07517028067178 37.15430699999999
    vertex 18.07816421655309 38.99005098645298 37.15430699999999
  endloop
endfacet
facet normal -0.32327261456734896 0.937260758708762 0.13052619222005205
  outer loop
    vertex 18.324949656102426 39.07517028067178 37.15430699999999
    vertex 18.09351529938783 38.95930172112948 37.413126045102516
    vertex 18.33181916798537 39.04149561855582 37.413126045102516
  endloop
endfacet
facet normal -0.05575502261852462 0.7913917487591489 0.6087614290087243
  outer loop
    vertex 18.38399829112263 38.78571116529392 37.861413781186535
    vertex 18.57717752288938 38.9586335298797 37.65430699999999
    vertex 18.351959557751773 38.94276650478115 37.65430699999999
  endloop
endfacet
facet normal -0.05575502261852462 0.7913917487591489 0.6087614290087243
  outer loop
    vertex 18.57717752288938 38.9586335298797 37.65430699999999
    vertex 18.38399829112263 38.78571116529392 37.861413781186535
    vertex 18.56747564989955 38.79863748693505 37.861413781186535
  endloop
endfacet
facet normal -0.5170269885611777 0.7656608150432089 0.38268343236509356
  outer loop
    vertex 17.951411430317176 38.7427992073886 37.65430699999999
    vertex 18.09351529938783 38.95930172112948 37.413126045102516
    vertex 17.884604784250016 38.81823093312739 37.413126045102516
  endloop
endfacet
facet normal -0.5170269885611777 0.7656608150432089 0.38268343236509356
  outer loop
    vertex 18.09351529938783 38.95930172112948 37.413126045102516
    vertex 17.951411430317176 38.7427992073886 37.65430699999999
    vertex 18.13852239696571 38.869149436775224 37.65430699999999
  endloop
endfacet
facet normal -0.30124212011784685 0.8733879868993946 0.3826834323650923
  outer loop
    vertex 18.13852239696571 38.869149436775224 37.65430699999999
    vertex 18.33181916798537 39.04149561855582 37.413126045102516
    vertex 18.09351529938783 38.95930172112948 37.413126045102516
  endloop
endfacet
facet normal -0.30124212011784685 0.8733879868993946 0.3826834323650923
  outer loop
    vertex 18.33181916798537 39.04149561855582 37.413126045102516
    vertex 18.13852239696571 38.869149436775224 37.65430699999999
    vertex 18.351959557751773 38.94276650478115 37.65430699999999
  endloop
endfacet
facet normal -0.2586824730084507 0.7499952671247244 0.6087614290087254
  outer loop
    vertex 18.210118349964542 38.725737862585255 37.861413781186535
    vertex 18.351959557751773 38.94276650478115 37.65430699999999
    vertex 18.13852239696571 38.869149436775224 37.65430699999999
  endloop
endfacet
facet normal -0.2586824730084507 0.7499952671247244 0.6087614290087254
  outer loop
    vertex 18.351959557751773 38.94276650478115 37.65430699999999
    vertex 18.210118349964542 38.725737862585255 37.861413781186535
    vertex 18.38399829112263 38.78571116529392 37.861413781186535
  endloop
endfacet
facet normal -0.4596466882742666 0.3991433319087943 0.7933533402912257
  outer loop
    vertex 18.111341537366933 38.368721045825666 38.02033240378443
    vertex 18.05768545706503 38.6228046602781 37.861413781186535
    vertex 17.9370876621679 38.48392628600449 37.861413781186535
  endloop
endfacet
facet normal -0.4596466882742666 0.3991433319087943 0.7933533402912257
  outer loop
    vertex 18.05768545706503 38.6228046602781 37.861413781186535
    vertex 18.111341537366933 38.368721045825666 38.02033240378443
    vertex 18.196184465196836 38.46642472188111 38.02033240378443
  endloop
endfacet
facet normal -0.5548383019236338 0.8216552633939813 0.13052619222005188
  outer loop
    vertex 17.884604784250016 38.81823093312739 37.413126045102516
    vertex 18.07816421655309 38.99005098645298 37.15430699999999
    vertex 17.861818281389812 38.84395929004219 37.15430699999999
  endloop
endfacet
facet normal -0.5548383019236338 0.8216552633939813 0.13052619222005188
  outer loop
    vertex 18.07816421655309 38.99005098645298 37.15430699999999
    vertex 17.884604784250016 38.81823093312739 37.413126045102516
    vertex 18.09351529938783 38.95930172112948 37.413126045102516
  endloop
endfacet
facet normal -0.009503509435793252 0.13489365797952182 0.9908145055182164
  outer loop
    vertex 18.54010799085941 38.34731049516051 38.120232826289055
    vertex 18.474375183490757 38.34267949645808 38.120232826289055
    vertex 18.516253206984025 38.09534987485361 38.15430699999999
  endloop
endfacet
facet normal -0.0769467370426867 0.11394976026873785 0.9905022220031519
  outer loop
    vertex 18.516253206984025 38.09534987485361 38.15430699999999
    vertex 18.41208075788094 38.32119339277483 38.120232826289055
    vertex 18.357469976188845 38.28431642656931 38.120232826289055
  endloop
endfacet
facet normal -0.6975773221616252 0.6057551239561143 0.3826834323650935
  outer loop
    vertex 17.951411430317176 38.7427992073886 37.65430699999999
    vertex 17.71932452893759 38.62789699562134 37.413126045102516
    vertex 17.80337796096777 38.5723263759503 37.65430699999999
  endloop
endfacet
facet normal -0.6975773221616252 0.6057551239561143 0.3826834323650935
  outer loop
    vertex 17.71932452893759 38.62789699562134 37.413126045102516
    vertex 17.951411430317176 38.7427992073886 37.65430699999999
    vertex 17.884604784250016 38.81823093312739 37.413126045102516
  endloop
endfacet
facet normal -0.8305889140577606 0.404568222229111 0.3826834323650906
  outer loop
    vertex 17.80337796096777 38.5723263759503 37.65430699999999
    vertex 17.6089381097116 38.40127085191073 37.413126045102516
    vertex 17.704510225216794 38.36934838420322 37.65430699999999
  endloop
endfacet
facet normal -0.8305889140577606 0.404568222229111 0.3826834323650906
  outer loop
    vertex 17.6089381097116 38.40127085191073 37.413126045102516
    vertex 17.80337796096777 38.5723263759503 37.65430699999999
    vertex 17.71932452893759 38.62789699562134 37.413126045102516
  endloop
endfacet
facet normal -0.921595210790304 -0.06492809901457199 0.38268343236509356
  outer loop
    vertex 17.66154589586901 38.147697846847905 37.65430699999999
    vertex 17.565085866246932 38.09534987485361 37.413126045102516
    vertex 17.66523390799089 38.09534987485361 37.65430699999999
  endloop
endfacet
facet normal -0.921595210790304 -0.06492809901457199 0.38268343236509356
  outer loop
    vertex 17.565085866246932 38.09534987485361 37.413126045102516
    vertex 17.66154589586901 38.147697846847905 37.65430699999999
    vertex 17.560968178620087 38.153796699171984 37.413126045102516
  endloop
endfacet
facet normal -0.8913316961554852 0.4341551802905486 0.13052619222005712
  outer loop
    vertex 17.71932452893759 38.62789699562134 37.413126045102516
    vertex 17.57634024091385 38.41215901116649 37.15430699999999
    vertex 17.6089381097116 38.40127085191073 37.413126045102516
  endloop
endfacet
facet normal -0.8913316961554852 0.4341551802905486 0.13052619222005712
  outer loop
    vertex 17.57634024091385 38.41215901116649 37.15430699999999
    vertex 17.71932452893759 38.62789699562134 37.413126045102516
    vertex 17.69065546856536 38.64685109912183 37.15430699999999
  endloop
endfacet
facet normal -0.7132428700800748 0.34741060840335847 0.6087614290087258
  outer loop
    vertex 17.9370876621679 38.48392628600449 37.861413781186535
    vertex 17.704510225216794 38.36934838420322 37.65430699999999
    vertex 17.85654350569815 38.318567071463846 37.861413781186535
  endloop
endfacet
facet normal -0.7132428700800748 0.34741060840335847 0.6087614290087258
  outer loop
    vertex 17.704510225216794 38.36934838420322 37.65430699999999
    vertex 17.9370876621679 38.48392628600449 37.861413781186535
    vertex 17.80337796096777 38.5723263759503 37.65430699999999
  endloop
endfacet
facet normal -0.7788561905523315 0.15097204042327636 0.6087614290087233
  outer loop
    vertex 17.85654350569815 38.318567071463846 37.861413781186535
    vertex 17.66154589586901 38.147697846847905 37.65430699999999
    vertex 17.82154193881366 38.13799597385807 37.861413781186535
  endloop
endfacet
facet normal -0.7788561905523315 0.15097204042327636 0.6087614290087233
  outer loop
    vertex 17.66154589586901 38.147697846847905 37.65430699999999
    vertex 17.85654350569815 38.318567071463846 37.861413781186535
    vertex 17.704510225216794 38.36934838420322 37.65430699999999
  endloop
endfacet
facet normal -0.13696569441554612 0.026549176349537143 0.9902199451578566
  outer loop
    vertex 18.516253206984025 38.09534987485361 38.15430699999999
    vertex 18.285408631775063 38.175319921751814 38.120232826289055
    vertex 18.2728689305882 38.11062831481793 38.120232826289055
  endloop
endfacet
facet normal -0.9889934822141965 -0.06967643276153147 0.13052619222005118
  outer loop
    vertex 17.560968178620087 38.153796699171984 37.413126045102516
    vertex 17.53092723422478 38.09534987485361 37.15430699999999
    vertex 17.565085866246932 38.09534987485361 37.413126045102516
  endloop
endfacet
facet normal -0.9889934822141965 -0.06967643276153147 0.13052619222005118
  outer loop
    vertex 17.53092723422478 38.09534987485361 37.15430699999999
    vertex 17.560968178620087 38.153796699171984 37.413126045102516
    vertex 17.526662992284866 38.155876904123254 37.15430699999999
  endloop
endfacet
facet normal -0.7913917487591481 -0.05575502261852766 0.6087614290087249
  outer loop
    vertex 17.82154193881366 38.13799597385807 37.861413781186535
    vertex 17.66523390799089 38.09534987485361 37.65430699999999
    vertex 17.82454643591426 38.09534987485361 37.861413781186535
  endloop
endfacet
facet normal -0.7913917487591481 -0.05575502261852766 0.6087614290087249
  outer loop
    vertex 17.66523390799089 38.09534987485361 37.65430699999999
    vertex 17.82154193881366 38.13799597385807 37.861413781186535
    vertex 17.66154589586901 38.147697846847905 37.65430699999999
  endloop
endfacet
facet normal -0.3826834211218754 -9.276408966026072e-05 0.9238795325112907
  outer loop
    vertex 28.533384675082676 38.09534987485361 38.02033240378443
    vertex 28.774557665068244 38.12823707719516 38.120232826289055
    vertex 28.533369020418757 38.159930688057045 38.02033240378443
  endloop
endfacet
facet normal -0.3826834211218754 -9.276408966026072e-05 0.9238795325112907
  outer loop
    vertex 28.774557665068244 38.12823707719516 38.120232826289055
    vertex 28.533384675082676 38.09534987485361 38.02033240378443
    vertex 28.774565637066033 38.09534987485361 38.120232826289055
  endloop
endfacet
facet normal -0.3756905595304427 0.0728231617442115 0.92387953251129
  outer loop
    vertex 18.2728689305882 38.11062831481793 38.120232826289055
    vertex 18.054677134337734 38.252387576235705 38.02033240378443
    vertex 18.03005284153332 38.12535224681364 38.02033240378443
  endloop
endfacet
facet normal -0.3756905595304427 0.0728231617442115 0.92387953251129
  outer loop
    vertex 18.054677134337734 38.252387576235705 38.02033240378443
    vertex 18.2728689305882 38.11062831481793 38.120232826289055
    vertex 18.285408631775063 38.175319921751814 38.120232826289055
  endloop
endfacet
facet normal -0.10451732090237575 0.09075969167488464 0.9903730650610758
  outer loop
    vertex 18.516253206984025 38.09534987485361 38.15430699999999
    vertex 18.357469976188845 38.28431642656931 38.120232826289055
    vertex 18.31426447293819 38.234561702146344 38.120232826289055
  endloop
endfacet
facet normal -0.923879505367782 -0.0002239523233029514 0.38268343236510727
  outer loop
    vertex 28.16733194637377 38.20803011911718 37.65430699999999
    vertex 28.06745883510475 38.09534987485361 37.413126045102516
    vertex 28.167359260544448 38.09534987485361 37.65430699999999
  endloop
endfacet
facet normal -0.923879505367782 -0.0002239523233029514 0.38268343236510727
  outer loop
    vertex 28.06745883510475 38.09534987485361 37.413126045102516
    vertex 28.16733194637377 38.20803011911718 37.65430699999999
    vertex 28.067428338669565 38.221158042576754 37.413126045102516
  endloop
endfacet
facet normal -0.6072562468867716 -0.04278233357057648 0.7933533402912276
  outer loop
    vertex 17.82454643591426 38.09534987485361 37.861413781186535
    vertex 18.03005284153332 38.12535224681364 38.02033240378443
    vertex 17.82154193881366 38.13799597385807 37.861413781186535
  endloop
endfacet
facet normal -0.6072562468867716 -0.04278233357057648 0.7933533402912276
  outer loop
    vertex 18.03005284153332 38.12535224681364 38.02033240378443
    vertex 17.82454643591426 38.09534987485361 37.861413781186535
    vertex 18.03216656451547 38.09534987485361 38.02033240378443
  endloop
endfacet
facet normal -0.9069972440739461 0.1758106647377748 0.3826834323650925
  outer loop
    vertex 17.704510225216794 38.36934838420322 37.65430699999999
    vertex 17.560968178620087 38.153796699171984 37.413126045102516
    vertex 17.66154589586901 38.147697846847905 37.65430699999999
  endloop
endfacet
facet normal -0.9069972440739461 0.1758106647377748 0.3826834323650925
  outer loop
    vertex 17.560968178620087 38.153796699171984 37.413126045102516
    vertex 17.704510225216794 38.36934838420322 37.65430699999999
    vertex 17.6089381097116 38.40127085191073 37.413126045102516
  endloop
endfacet
facet normal -0.5472905031960247 0.26657753573808984 0.7933533402912284
  outer loop
    vertex 18.054677134337734 38.252387576235705 38.02033240378443
    vertex 17.9370876621679 38.48392628600449 37.861413781186535
    vertex 17.85654350569815 38.318567071463846 37.861413781186535
  endloop
endfacet
facet normal -0.5472905031960247 0.26657753573808984 0.7933533402912284
  outer loop
    vertex 17.9370876621679 38.48392628600449 37.861413781186535
    vertex 18.054677134337734 38.252387576235705 38.02033240378443
    vertex 18.111341537366933 38.368721045825666 38.02033240378443
  endloop
endfacet
facet normal -0.9733279342957375 0.18866808279125266 0.13052619222005157
  outer loop
    vertex 17.6089381097116 38.40127085191073 37.413126045102516
    vertex 17.526662992284866 38.155876904123254 37.15430699999999
    vertex 17.560968178620087 38.153796699171984 37.413126045102516
  endloop
endfacet
facet normal -0.9733279342957375 0.18866808279125266 0.13052619222005157
  outer loop
    vertex 17.526662992284866 38.155876904123254 37.15430699999999
    vertex 17.6089381097116 38.40127085191073 37.413126045102516
    vertex 17.57634024091385 38.41215901116649 37.15430699999999
  endloop
endfacet
facet normal -0.5976373747652978 0.11584492104703617 0.7933533402912282
  outer loop
    vertex 18.03005284153332 38.12535224681364 38.02033240378443
    vertex 17.85654350569815 38.318567071463846 37.861413781186535
    vertex 17.82154193881366 38.13799597385807 37.861413781186535
  endloop
endfacet
facet normal -0.5976373747652978 0.11584492104703617 0.7933533402912282
  outer loop
    vertex 17.85654350569815 38.318567071463846 37.861413781186535
    vertex 18.03005284153332 38.12535224681364 38.02033240378443
    vertex 18.054677134337734 38.252387576235705 38.02033240378443
  endloop
endfacet
facet normal -0.3440411929594574 0.1675776445524686 0.9238795325112903
  outer loop
    vertex 18.285408631775063 38.175319921751814 38.120232826289055
    vertex 18.111341537366933 38.368721045825666 38.02033240378443
    vertex 18.054677134337734 38.252387576235705 38.02033240378443
  endloop
endfacet
facet normal -0.3440411929594574 0.1675776445524686 0.9238795325112903
  outer loop
    vertex 18.111341537366933 38.368721045825666 38.02033240378443
    vertex 18.285408631775063 38.175319921751814 38.120232826289055
    vertex 18.31426447293819 38.234561702146344 38.120232826289055
  endloop
endfacet
facet normal -0.12506759245188837 0.06091867189696296 0.9902762305198478
  outer loop
    vertex 18.516253206984025 38.09534987485361 38.15430699999999
    vertex 18.31426447293819 38.234561702146344 38.120232826289055
    vertex 18.285408631775063 38.175319921751814 38.120232826289055
  endloop
endfacet
facet normal 0.36961979064116923 0.09913536086128612 0.9238795325112905
  outer loop
    vertex 29.275085463315445 38.12835840726324 38.120232826289055
    vertex 29.48273726184669 38.285151515260544 38.02033240378443
    vertex 29.258014963044953 38.19200466507986 38.120232826289055
  endloop
endfacet
facet normal 0.36961979064116923 0.09913536086128612 0.9238795325112905
  outer loop
    vertex 29.48273726184669 38.285151515260544 38.02033240378443
    vertex 29.275085463315445 38.12835840726324 38.120232826289055
    vertex 29.516258714289172 38.16016894470114 38.02033240378443
  endloop
endfacet
facet normal 0.6087614111233787 0.00014756635640190895 0.7933533402912244
  outer loop
    vertex 29.51627442670751 38.09534987485361 38.02033240378443
    vertex 29.723358879966405 38.187485272474106 37.861413781186535
    vertex 29.516258714289172 38.16016894470114 38.02033240378443
  endloop
endfacet
facet normal 0.6087614111233787 0.00014756635640190895 0.7933533402912244
  outer loop
    vertex 29.723358879966405 38.187485272474106 37.861413781186535
    vertex 29.51627442670751 38.09534987485361 38.02033240378443
    vertex 29.723381213978836 38.09534987485361 37.861413781186535
  endloop
endfacet
facet normal 0.7662706841804675 0.20552070727020968 0.60876142900873
  outer loop
    vertex 29.882272426305462 38.208445827986786 37.65430699999999
    vertex 29.675710674633173 38.36513852885699 37.861413781186535
    vertex 29.723358879966405 38.187485272474106 37.861413781186535
  endloop
endfacet
facet normal 0.7662706841804675 0.20552070727020968 0.60876142900873
  outer loop
    vertex 29.675710674633173 38.36513852885699 37.861413781186535
    vertex 29.882272426305462 38.208445827986786 37.65430699999999
    vertex 29.82378438222665 38.42651472307739 37.65430699999999
  endloop
endfacet
facet normal 0.13466700408589044 0.036118904842746144 0.9902324084392975
  outer loop
    vertex 29.275085463315445 38.12835840726324 38.120232826289055
    vertex 29.258014963044953 38.19200466507986 38.120232826289055
    vertex 29.033384689772635 38.09534987485361 38.15430699999999
  endloop
endfacet
facet normal 0.3313671822538685 0.19142204661911755 0.9238795325112903
  outer loop
    vertex 29.258014963044953 38.19200466507986 38.120232826289055
    vertex 29.418010155631126 38.39719941768829 38.02033240378443
    vertex 29.22505326229355 38.249064058672175 38.120232826289055
  endloop
endfacet
facet normal 0.3313671822538685 0.19142204661911755 0.9238795325112903
  outer loop
    vertex 29.418010155631126 38.39719941768829 38.02033240378443
    vertex 29.258014963044953 38.19200466507986 38.120232826289055
    vertex 29.48273726184669 38.285151515260544 38.02033240378443
  endloop
endfacet
facet normal 0.7999911455226398 0.46213370108512825 0.3826834323651022
  outer loop
    vertex 29.916867406157987 38.46509741171457 37.413126045102516
    vertex 29.710848886727863 38.622015281037335 37.65430699999999
    vertex 29.82378438222665 38.42651472307739 37.65430699999999
  endloop
endfacet
facet normal 0.7999911455226398 0.46213370108512825 0.3826834323651022
  outer loop
    vertex 29.710848886727863 38.622015281037335 37.65430699999999
    vertex 29.916867406157987 38.46509741171457 37.413126045102516
    vertex 29.79077424890167 38.68337495580882 37.413126045102516
  endloop
endfacet
facet normal 0.8584962459521599 0.495930548394212 0.13052619222004735
  outer loop
    vertex 29.948616292173245 38.47825724829881 37.15430699999999
    vertex 29.79077424890167 38.68337495580882 37.413126045102516
    vertex 29.916867406157987 38.46509741171457 37.413126045102516
  endloop
endfacet
facet normal 0.8584962459521599 0.495930548394212 0.13052619222004735
  outer loop
    vertex 29.79077424890167 38.68337495580882 37.413126045102516
    vertex 29.948616292173245 38.47825724829881 37.15430699999999
    vertex 29.81803530152127 38.70430359819682 37.15430699999999
  endloop
endfacet
facet normal 0.38268342112187764 9.276408962429144e-05 0.9238795325112897
  outer loop
    vertex 29.275093464724158 38.09534987485361 38.120232826289055
    vertex 29.516258714289172 38.16016894470114 38.02033240378443
    vertex 29.275085463315445 38.12835840726324 38.120232826289055
  endloop
endfacet
facet normal 0.38268342112187764 9.276408962429144e-05 0.9238795325112897
  outer loop
    vertex 29.516258714289172 38.16016894470114 38.02033240378443
    vertex 29.275093464724158 38.09534987485361 38.120232826289055
    vertex 29.51627442670751 38.09534987485361 38.02033240378443
  endloop
endfacet
facet normal -0.6087614111233838 -0.00014756635641863152 0.7933533402912206
  outer loop
    vertex 28.326277887811354 38.09534987485361 37.861413781186535
    vertex 28.533369020418757 38.159930688057045 38.02033240378443
    vertex 28.326255635892462 38.18714660870291 37.861413781186535
  endloop
endfacet
facet normal -0.6087614111233838 -0.00014756635641863152 0.7933533402912206
  outer loop
    vertex 28.533369020418757 38.159930688057045 38.02033240378443
    vertex 28.326277887811354 38.09534987485361 37.861413781186535
    vertex 28.533384675082676 38.09534987485361 38.02033240378443
  endloop
endfacet
facet normal -0.7933533169825803 -0.00019231221984619795 0.6087614290087272
  outer loop
    vertex 28.326255635892462 38.18714660870291 37.861413781186535
    vertex 28.167359260544448 38.09534987485361 37.65430699999999
    vertex 28.326277887811354 38.09534987485361 37.861413781186535
  endloop
endfacet
facet normal -0.7933533169825803 -0.00019231221984619795 0.6087614290087272
  outer loop
    vertex 28.167359260544448 38.09534987485361 37.65430699999999
    vertex 28.326255635892462 38.18714660870291 37.861413781186535
    vertex 28.16733194637377 38.20803011911718 37.65430699999999
  endloop
endfacet
facet normal 0.9238795053677841 0.00022395232333614293 0.3826834323651019
  outer loop
    vertex 29.98216965774039 38.22162218401994 37.413126045102516
    vertex 29.88229984124574 38.09534987485361 37.65430699999999
    vertex 29.98220026668544 38.09534987485361 37.413126045102516
  endloop
endfacet
facet normal 0.9238795053677841 0.00022395232333614293 0.3826834323651019
  outer loop
    vertex 29.88229984124574 38.09534987485361 37.65430699999999
    vertex 29.98216965774039 38.22162218401994 37.413126045102516
    vertex 29.882272426305462 38.208445827986786 37.65430699999999
  endloop
endfacet
facet normal 0.5271290636983093 0.3045085017750741 0.7933533402912245
  outer loop
    vertex 29.48273726184669 38.285151515260544 38.02033240378443
    vertex 29.5837059963491 38.52440613431639 37.861413781186535
    vertex 29.418010155631126 38.39719941768829 38.02033240378443
  endloop
endfacet
facet normal 0.5271290636983093 0.3045085017750741 0.7933533402912245
  outer loop
    vertex 29.5837059963491 38.52440613431639 37.861413781186535
    vertex 29.48273726184669 38.285151515260544 38.02033240378443
    vertex 29.675710674633173 38.36513852885699 37.861413781186535
  endloop
endfacet
facet normal 0.6869679705736316 0.3968432057591393 0.6087614290087338
  outer loop
    vertex 29.82378438222665 38.42651472307739 37.65430699999999
    vertex 29.5837059963491 38.52440613431639 37.861413781186535
    vertex 29.675710674633173 38.36513852885699 37.861413781186535
  endloop
endfacet
facet normal 0.6869679705736316 0.3968432057591393 0.6087614290087338
  outer loop
    vertex 29.5837059963491 38.52440613431639 37.861413781186535
    vertex 29.82378438222665 38.42651472307739 37.65430699999999
    vertex 29.710848886727863 38.622015281037335 37.65430699999999
  endloop
endfacet
facet normal 0.7933533169825867 0.00019231221985647372 0.6087614290087191
  outer loop
    vertex 29.882272426305462 38.208445827986786 37.65430699999999
    vertex 29.723381213978836 38.09534987485361 37.861413781186535
    vertex 29.88229984124574 38.09534987485361 37.65430699999999
  endloop
endfacet
facet normal 0.7933533169825867 0.00019231221985647372 0.6087614290087191
  outer loop
    vertex 29.723381213978836 38.09534987485361 37.861413781186535
    vertex 29.882272426305462 38.208445827986786 37.65430699999999
    vertex 29.723358879966405 38.187485272474106 37.861413781186535
  endloop
endfacet
facet normal 0.8923411114874482 0.23933393270201914 0.3826834323650965
  outer loop
    vertex 29.98216965774039 38.22162218401994 37.413126045102516
    vertex 29.82378438222665 38.42651472307739 37.65430699999999
    vertex 29.882272426305462 38.208445827986786 37.65430699999999
  endloop
endfacet
facet normal 0.8923411114874482 0.23933393270201914 0.3826834323650965
  outer loop
    vertex 29.82378438222665 38.42651472307739 37.65430699999999
    vertex 29.98216965774039 38.22162218401994 37.413126045102516
    vertex 29.916867406157987 38.46509741171457 37.413126045102516
  endloop
endfacet
facet normal 0.99144483224525 0.0002403304460675654 0.1305261922200483
  outer loop
    vertex 30.016242743036873 38.226116393684876 37.15430699999999
    vertex 29.98220026668544 38.09534987485361 37.413126045102516
    vertex 30.016274441397467 38.09534987485361 37.15430699999999
  endloop
endfacet
facet normal 0.99144483224525 0.0002403304460675654 0.1305261922200483
  outer loop
    vertex 29.98220026668544 38.09534987485361 37.413126045102516
    vertex 30.016242743036873 38.226116393684876 37.15430699999999
    vertex 29.98216965774039 38.22162218401994 37.413126045102516
  endloop
endfacet
facet normal 0.9575999667099647 0.2568369461382217 0.1305261922200555
  outer loop
    vertex 30.016242743036873 38.226116393684876 37.15430699999999
    vertex 29.916867406157987 38.46509741171457 37.413126045102516
    vertex 29.98216965774039 38.22162218401994 37.413126045102516
  endloop
endfacet
facet normal 0.9575999667099647 0.2568369461382217 0.1305261922200555
  outer loop
    vertex 29.916867406157987 38.46509741171457 37.413126045102516
    vertex 30.016242743036873 38.226116393684876 37.15430699999999
    vertex 29.948616292173245 38.47825724829881 37.15430699999999
  endloop
endfacet
facet normal -0.9914448322452507 -0.00024033044603943537 0.13052619222004277
  outer loop
    vertex 28.067428338669565 38.221158042576754 37.413126045102516
    vertex 28.03338466039272 38.09534987485361 37.15430699999999
    vertex 28.06745883510475 38.09534987485361 37.413126045102516
  endloop
endfacet
facet normal -0.9914448322452507 -0.00024033044603943537 0.13052619222004277
  outer loop
    vertex 28.03338466039272 38.09534987485361 37.15430699999999
    vertex 28.067428338669565 38.221158042576754 37.413126045102516
    vertex 28.033353078546376 38.225635732792774 37.15430699999999
  endloop
endfacet
facet normal 0.12031317475674796 0.0695017351764584 0.9903000801713658
  outer loop
    vertex 29.258014963044953 38.19200466507986 38.120232826289055
    vertex 29.22505326229355 38.249064058672175 38.120232826289055
    vertex 29.033384689772635 38.09534987485361 38.15430699999999
  endloop
endfacet
facet normal 0.5879801760687914 0.1577015852769786 0.7933533402912228
  outer loop
    vertex 29.516258714289172 38.16016894470114 38.02033240378443
    vertex 29.675710674633173 38.36513852885699 37.861413781186535
    vertex 29.48273726184669 38.285151515260544 38.02033240378443
  endloop
endfacet
facet normal 0.5879801760687914 0.1577015852769786 0.7933533402912228
  outer loop
    vertex 29.675710674633173 38.36513852885699 37.861413781186535
    vertex 29.516258714289172 38.16016894470114 38.02033240378443
    vertex 29.723358879966405 38.187485272474106 37.861413781186535
  endloop
endfacet
facet normal 0.09895615440139412 0.3696678088673786 0.9238795325112895
  outer loop
    vertex 29.12137127949688 38.32858211866171 38.120232826289055
    vertex 29.08941036409852 38.58681040532995 38.02033240378443
    vertex 29.057716753236626 38.34562176068046 38.120232826289055
  endloop
endfacet
facet normal 0.09895615440139412 0.3696678088673786 0.9238795325112895
  outer loop
    vertex 29.08941036409852 38.58681040532995 38.02033240378443
    vertex 29.12137127949688 38.32858211866171 38.120232826289055
    vertex 29.214409171454488 38.55334954943718 38.02033240378443
  endloop
endfacet
facet normal 0.3965101112234457 0.6871602827934882 0.6087614290087243
  outer loop
    vertex 29.29430262050362 38.74636171792811 37.861413781186535
    vertex 29.55116230719264 38.781624461921595 37.65430699999999
    vertex 29.35560702012174 38.894465163819554 37.65430699999999
  endloop
endfacet
facet normal 0.3965101112234457 0.6871602827934882 0.6087614290087243
  outer loop
    vertex 29.55116230719264 38.781624461921595 37.65430699999999
    vertex 29.29430262050362 38.74636171792811 37.861413781186535
    vertex 29.453614811894344 38.65443426474239 37.861413781186535
  endloop
endfacet
facet normal 0.035190624909073355 0.13146065832393788 0.9906965808114743
  outer loop
    vertex 29.12137127949688 38.32858211866171 38.120232826289055
    vertex 29.057716753236626 38.34562176068046 38.120232826289055
    vertex 29.033384689772635 38.09534987485361 38.15430699999999
  endloop
endfacet
facet normal 0.25637266336887643 0.9577243709030715 0.1305261922200478
  outer loop
    vertex 29.15063771861824 39.05275108707914 37.413126045102516
    vertex 29.407289019693664 39.01932214431104 37.15430699999999
    vertex 29.15511540883426 39.086826347202326 37.15430699999999
  endloop
endfacet
facet normal 0.25637266336887643 0.9577243709030715 0.1305261922200478
  outer loop
    vertex 29.407289019693664 39.01932214431104 37.15430699999999
    vertex 29.15063771861824 39.05275108707914 37.413126045102516
    vertex 29.394144576785184 38.987566882026506 37.413126045102516
  endloop
endfacet
facet normal 0.06857593014496077 0.1188435155054127 0.9905420539417134
  outer loop
    vertex 29.178446646495694 38.29564808466193 38.120232826289055
    vertex 29.12137127949688 38.32858211866171 38.120232826289055
    vertex 29.033384689772635 38.09534987485361 38.15430699999999
  endloop
endfacet
facet normal 0.700887424764852 0.7012273033410991 0.13052619222004497
  outer loop
    vertex 29.612483226259673 38.861579562393366 37.413126045102516
    vertex 29.81803530152127 38.70430359819682 37.15430699999999
    vertex 29.633398649798615 38.888850758192596 37.15430699999999
  endloop
endfacet
facet normal 0.700887424764852 0.7012273033410991 0.13052619222004497
  outer loop
    vertex 29.81803530152127 38.70430359819682 37.15430699999999
    vertex 29.612483226259673 38.861579562393366 37.413126045102516
    vertex 29.79077424890167 38.68337495580882 37.413126045102516
  endloop
endfacet
facet normal 0.430354976758746 0.43056366710132005 0.7933533402912242
  outer loop
    vertex 29.418010155631126 38.39719941768829 38.02033240378443
    vertex 29.453614811894344 38.65443426474239 37.861413781186535
    vertex 29.32648844096449 38.48867677260178 38.02033240378443
  endloop
endfacet
facet normal 0.430354976758746 0.43056366710132005 0.7933533402912242
  outer loop
    vertex 29.453614811894344 38.65443426474239 37.861413781186535
    vertex 29.418010155631126 38.39719941768829 38.02033240378443
    vertex 29.5837059963491 38.52440613431639 37.861413781186535
  endloop
endfacet
facet normal 0.20514918859048953 0.7663702323106768 0.6087614290087238
  outer loop
    vertex 29.11662628474439 38.793923789856244 37.861413781186535
    vertex 29.35560702012174 38.894465163819554 37.65430699999999
    vertex 29.137509795158664 38.95284747937493 37.65430699999999
  endloop
endfacet
facet normal 0.20514918859048953 0.7663702323106768 0.6087614290087238
  outer loop
    vertex 29.35560702012174 38.894465163819554 37.65430699999999
    vertex 29.11662628474439 38.793923789856244 37.861413781186535
    vertex 29.29430262050362 38.74636171792811 37.861413781186535
  endloop
endfacet
facet normal 0.15741650896747372 0.5880565620357046 0.7933533402912228
  outer loop
    vertex 29.214409171454488 38.55334954943718 38.02033240378443
    vertex 29.11662628474439 38.793923789856244 37.861413781186535
    vertex 29.08941036409852 38.58681040532995 38.02033240378443
  endloop
endfacet
facet normal 0.15741650896747372 0.5880565620357046 0.7933533402912228
  outer loop
    vertex 29.11662628474439 38.793923789856244 37.861413781186535
    vertex 29.214409171454488 38.55334954943718 38.02033240378443
    vertex 29.29430262050362 38.74636171792811 37.861413781186535
  endloop
endfacet
facet normal 0.5608495250404707 0.5611214955899806 0.6087614290087227
  outer loop
    vertex 29.5837059963491 38.52440613431639 37.861413781186535
    vertex 29.55116230719264 38.781624461921595 37.65430699999999
    vertex 29.453614811894344 38.65443426474239 37.861413781186535
  endloop
endfacet
facet normal 0.5608495250404707 0.5611214955899806 0.6087614290087227
  outer loop
    vertex 29.55116230719264 38.781624461921595 37.65430699999999
    vertex 29.5837059963491 38.52440613431639 37.861413781186535
    vertex 29.710848886727863 38.622015281037335 37.65430699999999
  endloop
endfacet
facet normal 0.19126137450275021 0.33145994634350645 0.9238795325112894
  outer loop
    vertex 29.178446646495694 38.29564808466193 38.120232826289055
    vertex 29.214409171454488 38.55334954943718 38.02033240378443
    vertex 29.12137127949688 38.32858211866171 38.120232826289055
  endloop
endfacet
facet normal 0.19126137450275021 0.33145994634350645 0.9238795325112894
  outer loop
    vertex 29.214409171454488 38.55334954943718 38.02033240378443
    vertex 29.178446646495694 38.29564808466193 38.120232826289055
    vertex 29.32648844096449 38.48867677260178 38.02033240378443
  endloop
endfacet
facet normal -0.00022395232331957773 0.9238795053677843 0.3826834323651018
  outer loop
    vertex 28.911733597761916 38.95279275026398 37.65430699999999
    vertex 29.15063771861824 39.05275108707914 37.413126045102516
    vertex 28.89855724172876 39.052689981698904 37.413126045102516
  endloop
endfacet
facet normal -0.00022395232331957773 0.9238795053677843 0.3826834323651018
  outer loop
    vertex 29.15063771861824 39.05275108707914 37.413126045102516
    vertex 28.911733597761916 38.95279275026398 37.65430699999999
    vertex 29.137509795158664 38.95284747937493 37.65430699999999
  endloop
endfacet
facet normal 0.09768870305658427 0.0977360748543035 0.9904062686429224
  outer loop
    vertex 29.22505326229355 38.249064058672175 38.120232826289055
    vertex 29.178446646495694 38.29564808466193 38.120232826289055
    vertex 29.033384689772635 38.09534987485361 38.15430699999999
  endloop
endfacet
facet normal 0.30425290934829513 0.527276630054712 0.7933533402912251
  outer loop
    vertex 29.32648844096449 38.48867677260178 38.02033240378443
    vertex 29.29430262050362 38.74636171792811 37.861413781186535
    vertex 29.214409171454488 38.55334954943718 38.02033240378443
  endloop
endfacet
facet normal 0.30425290934829513 0.527276630054712 0.7933533402912251
  outer loop
    vertex 29.29430262050362 38.74636171792811 37.861413781186535
    vertex 29.32648844096449 38.48867677260178 38.02033240378443
    vertex 29.453614811894344 38.65443426474239 37.861413781186535
  endloop
endfacet
facet normal 0.23890129003614008 0.8924570377403788 0.3826834323651027
  outer loop
    vertex 29.137509795158664 38.95284747937493 37.65430699999999
    vertex 29.394144576785184 38.987566882026506 37.413126045102516
    vertex 29.15063771861824 39.05275108707914 37.413126045102516
  endloop
endfacet
facet normal 0.23890129003614008 0.8924570377403788 0.3826834323651027
  outer loop
    vertex 29.394144576785184 38.987566882026506 37.413126045102516
    vertex 29.137509795158664 38.95284747937493 37.65430699999999
    vertex 29.35560702012174 38.894465163819554 37.65430699999999
  endloop
endfacet
facet normal -0.0001475663563977201 0.6087614111233829 0.7933533402912212
  outer loop
    vertex 28.960010481047565 38.586779038247684 38.02033240378443
    vertex 29.11662628474439 38.793923789856244 37.861413781186535
    vertex 28.932694153274596 38.793879203924924 37.861413781186535
  endloop
endfacet
facet normal -0.0001475663563977201 0.6087614111233829 0.7933533402912212
  outer loop
    vertex 29.11662628474439 38.793923789856244 37.861413781186535
    vertex 28.960010481047565 38.586779038247684 38.02033240378443
    vertex 29.08941036409852 38.58681040532995 38.02033240378443
  endloop
endfacet
facet normal 0.49551428385103224 0.8587365763982188 0.13052619222004758
  outer loop
    vertex 29.394144576785184 38.987566882026506 37.413126045102516
    vertex 29.633398649798615 38.888850758192596 37.15430699999999
    vertex 29.407289019693664 39.01932214431104 37.15430699999999
  endloop
endfacet
facet normal 0.49551428385103224 0.8587365763982188 0.13052619222004758
  outer loop
    vertex 29.633398649798615 38.888850758192596 37.15430699999999
    vertex 29.394144576785184 38.987566882026506 37.413126045102516
    vertex 29.612483226259673 38.861579562393366 37.413126045102516
  endloop
endfacet
facet normal 0.6531231050383544 0.6534398214513077 0.3826834323651101
  outer loop
    vertex 29.55116230719264 38.781624461921595 37.65430699999999
    vertex 29.79077424890167 38.68337495580882 37.413126045102516
    vertex 29.612483226259673 38.861579562393366 37.413126045102516
  endloop
endfacet
facet normal 0.6531231050383544 0.6534398214513077 0.3826834323651101
  outer loop
    vertex 29.79077424890167 38.68337495580882 37.413126045102516
    vertex 29.55116230719264 38.781624461921595 37.65430699999999
    vertex 29.710848886727863 38.622015281037335 37.65430699999999
  endloop
endfacet
facet normal 0.27053244800611115 0.27066363623978495 0.9238795325112892
  outer loop
    vertex 29.22505326229355 38.249064058672175 38.120232826289055
    vertex 29.32648844096449 38.48867677260178 38.02033240378443
    vertex 29.178446646495694 38.29564808466193 38.120232826289055
  endloop
endfacet
facet normal 0.27053244800611115 0.27066363623978495 0.9238795325112892
  outer loop
    vertex 29.32648844096449 38.48867677260178 38.02033240378443
    vertex 29.22505326229355 38.249064058672175 38.120232826289055
    vertex 29.418010155631126 38.39719941768829 38.02033240378443
  endloop
endfacet
facet normal 0.46174580428265805 0.800215097845964 0.38268343236510244
  outer loop
    vertex 29.35560702012174 38.894465163819554 37.65430699999999
    vertex 29.612483226259673 38.861579562393366 37.413126045102516
    vertex 29.394144576785184 38.987566882026506 37.413126045102516
  endloop
endfacet
facet normal 0.46174580428265805 0.800215097845964 0.38268343236510244
  outer loop
    vertex 29.612483226259673 38.861579562393366 37.413126045102516
    vertex 29.35560702012174 38.894465163819554 37.65430699999999
    vertex 29.55116230719264 38.781624461921595 37.65430699999999
  endloop
endfacet
facet normal -0.19142204661911744 0.3313671822538686 0.9238795325112903
  outer loop
    vertex 28.871115367076527 38.29557358625207 38.120232826289055
    vertex 28.835027910488154 38.553257585805206 38.02033240378443
    vertex 28.72298000806041 38.48853047958964 38.02033240378443
  endloop
endfacet
facet normal -0.19142204661911744 0.3313671822538686 0.9238795325112903
  outer loop
    vertex 28.835027910488154 38.553257585805206 38.02033240378443
    vertex 28.871115367076527 38.29557358625207 38.120232826289055
    vertex 28.92817476066885 38.32853528700347 38.120232826289055
  endloop
endfacet
facet normal -0.2706636362397849 0.2705324480061111 0.9238795325112892
  outer loop
    vertex 28.824531341086775 38.24896697045421 38.120232826289055
    vertex 28.72298000806041 38.48853047958964 38.02033240378443
    vertex 28.631502653146924 38.397008764923 38.02033240378443
  endloop
endfacet
facet normal -0.2706636362397849 0.2705324480061111 0.9238795325112892
  outer loop
    vertex 28.72298000806041 38.48853047958964 38.02033240378443
    vertex 28.824531341086775 38.24896697045421 38.120232826289055
    vertex 28.871115367076527 38.29557358625207 38.120232826289055
  endloop
endfacet
facet normal -0.00019231221984160386 0.7933533169825852 0.6087614290087212
  outer loop
    vertex 28.932694153274596 38.793879203924924 37.861413781186535
    vertex 29.137509795158664 38.95284747937493 37.65430699999999
    vertex 28.911733597761916 38.95279275026398 37.65430699999999
  endloop
endfacet
facet normal -0.00019231221984160386 0.7933533169825852 0.6087614290087212
  outer loop
    vertex 29.137509795158664 38.95284747937493 37.65430699999999
    vertex 28.932694153274596 38.793879203924924 37.861413781186535
    vertex 29.11662628474439 38.793923789856244 37.861413781186535
  endloop
endfacet
facet normal -0.2568369461382217 0.9575999667099647 0.1305261922200555
  outer loop
    vertex 28.655082014034136 38.9873877301165 37.413126045102516
    vertex 28.89406303206383 39.08676306699539 37.15430699999999
    vertex 28.641922177449892 39.01913661613176 37.15430699999999
  endloop
endfacet
facet normal -0.2568369461382217 0.9575999667099647 0.1305261922200555
  outer loop
    vertex 28.89406303206383 39.08676306699539 37.15430699999999
    vertex 28.655082014034136 38.9873877301165 37.413126045102516
    vertex 28.89855724172876 39.052689981698904 37.413126045102516
  endloop
endfacet
facet normal -0.495930548394212 0.8584962459521599 0.13052619222004735
  outer loop
    vertex 28.43680446993988 38.86129457286018 37.413126045102516
    vertex 28.641922177449892 39.01913661613176 37.15430699999999
    vertex 28.415875827551876 38.88855562547978 37.15430699999999
  endloop
endfacet
facet normal -0.495930548394212 0.8584962459521599 0.13052619222004735
  outer loop
    vertex 28.641922177449892 39.01913661613176 37.15430699999999
    vertex 28.43680446993988 38.86129457286018 37.413126045102516
    vertex 28.655082014034136 38.9873877301165 37.413126045102516
  endloop
endfacet
facet normal -0.06460551832255275 0.11183742386369087 0.9916241816463571
  outer loop
    vertex 28.9747200030256 38.150895778531044 38.14329985605219
    vertex 28.92817476066885 38.32853528700347 38.120232826289055
    vertex 28.871115367076527 38.29557358625207 38.120232826289055
  endloop
endfacet
facet normal -0.09913536086128616 0.3696197906411692 0.9238795325112905
  outer loop
    vertex 28.92817476066885 38.32853528700347 38.120232826289055
    vertex 28.960010481047565 38.586779038247684 38.02033240378443
    vertex 28.835027910488154 38.553257585805206 38.02033240378443
  endloop
endfacet
facet normal -0.09913536086128616 0.3696197906411692 0.9238795325112905
  outer loop
    vertex 28.960010481047565 38.586779038247684 38.02033240378443
    vertex 28.92817476066885 38.32853528700347 38.120232826289055
    vertex 28.991821018485457 38.34560578727396 38.120232826289055
  endloop
endfacet
facet normal -0.6534398214513077 0.6531231050383544 0.3826834323651101
  outer loop
    vertex 28.498164144711364 38.78136921068638 37.65430699999999
    vertex 28.258599863355336 38.68300355021819 37.413126045102516
    vertex 28.33855496382711 38.62168263115116 37.65430699999999
  endloop
endfacet
facet normal -0.6534398214513077 0.6531231050383544 0.3826834323651101
  outer loop
    vertex 28.258599863355336 38.68300355021819 37.413126045102516
    vertex 28.498164144711364 38.78136921068638 37.65430699999999
    vertex 28.43680446993988 38.86129457286018 37.413126045102516
  endloop
endfacet
facet normal -0.0002403304460535235 0.9914448322452498 0.13052619222004933
  outer loop
    vertex 28.89855724172876 39.052689981698904 37.413126045102516
    vertex 29.15511540883426 39.086826347202326 37.15430699999999
    vertex 28.89406303206383 39.08676306699539 37.15430699999999
  endloop
endfacet
facet normal -0.0002403304460535235 0.9914448322452498 0.13052619222004933
  outer loop
    vertex 29.15511540883426 39.086826347202326 37.15430699999999
    vertex 28.89855724172876 39.052689981698904 37.413126045102516
    vertex 29.15063771861824 39.05275108707914 37.413126045102516
  endloop
endfacet
facet normal -9.27640896354595e-05 0.3826834211218756 0.9238795325112907
  outer loop
    vertex 28.991821018485457 38.34560578727396 38.120232826289055
    vertex 29.08941036409852 38.58681040532995 38.02033240378443
    vertex 28.960010481047565 38.586779038247684 38.02033240378443
  endloop
endfacet
facet normal -9.27640896354595e-05 0.3826834211218756 0.9238795325112907
  outer loop
    vertex 29.08941036409852 38.58681040532995 38.02033240378443
    vertex 28.991821018485457 38.34560578727396 38.120232826289055
    vertex 29.057716753236626 38.34562176068046 38.120232826289055
  endloop
endfacet
facet normal -0.1577015852769786 0.5879801760687914 0.7933533402912228
  outer loop
    vertex 28.835027910488154 38.553257585805206 38.02033240378443
    vertex 28.932694153274596 38.793879203924924 37.861413781186535
    vertex 28.75504089689171 38.746230998591685 37.861413781186535
  endloop
endfacet
facet normal -0.1577015852769786 0.5879801760687914 0.7933533402912228
  outer loop
    vertex 28.932694153274596 38.793879203924924 37.861413781186535
    vertex 28.835027910488154 38.553257585805206 38.02033240378443
    vertex 28.960010481047565 38.586779038247684 38.02033240378443
  endloop
endfacet
facet normal -0.4621337010851282 0.7999911455226398 0.3826834323651022
  outer loop
    vertex 28.498164144711364 38.78136921068638 37.65430699999999
    vertex 28.655082014034136 38.9873877301165 37.413126045102516
    vertex 28.43680446993988 38.86129457286018 37.413126045102516
  endloop
endfacet
facet normal -0.4621337010851282 0.7999911455226398 0.3826834323651022
  outer loop
    vertex 28.655082014034136 38.9873877301165 37.413126045102516
    vertex 28.498164144711364 38.78136921068638 37.65430699999999
    vertex 28.693664702671313 38.89430470618517 37.65430699999999
  endloop
endfacet
facet normal -0.3045085017750741 0.5271290636983093 0.7933533402912245
  outer loop
    vertex 28.72298000806041 38.48853047958964 38.02033240378443
    vertex 28.75504089689171 38.746230998591685 37.861413781186535
    vertex 28.595773291432305 38.654226320307615 37.861413781186535
  endloop
endfacet
facet normal -0.3045085017750741 0.5271290636983093 0.7933533402912245
  outer loop
    vertex 28.75504089689171 38.746230998591685 37.861413781186535
    vertex 28.72298000806041 38.48853047958964 38.02033240378443
    vertex 28.835027910488154 38.553257585805206 38.02033240378443
  endloop
endfacet
facet normal -0.7012273033410991 0.700887424764852 0.13052619222004497
  outer loop
    vertex 28.43680446993988 38.86129457286018 37.413126045102516
    vertex 28.231328667556102 38.70391897375713 37.15430699999999
    vertex 28.258599863355336 38.68300355021819 37.413126045102516
  endloop
endfacet
facet normal -0.7012273033410991 0.700887424764852 0.13052619222004497
  outer loop
    vertex 28.231328667556102 38.70391897375713 37.15430699999999
    vertex 28.43680446993988 38.86129457286018 37.413126045102516
    vertex 28.415875827551876 38.88855562547978 37.15430699999999
  endloop
endfacet
facet normal -0.047190535613990635 0.12364686407861224 0.9912035645375726
  outer loop
    vertex 28.9747200030256 38.150895778531044 38.14329985605219
    vertex 28.991821018485457 38.34560578727396 38.120232826289055
    vertex 28.92817476066885 38.32853528700347 38.120232826289055
  endloop
endfacet
facet normal -0.047190535613990635 0.12364686407861224 0.9912035645375726
  outer loop
    vertex 28.991821018485457 38.34560578727396 38.120232826289055
    vertex 28.9747200030256 38.150895778531044 38.14329985605219
    vertex 29.001847488866815 38.113009255594235 38.150097003311714
  endloop
endfacet
facet normal -0.047190535613990635 0.12364686407861224 0.9912035645375726
  outer loop
    vertex 28.991821018485457 38.34560578727396 38.120232826289055
    vertex 29.001847488866815 38.113009255594235 38.150097003311714
    vertex 29.033384689772635 38.09534987485361 38.15430699999999
  endloop
endfacet
facet normal -0.3968432057591393 0.6869679705736316 0.6087614290087338
  outer loop
    vertex 28.595773291432305 38.654226320307615 37.861413781186535
    vertex 28.693664702671313 38.89430470618517 37.65430699999999
    vertex 28.498164144711364 38.78136921068638 37.65430699999999
  endloop
endfacet
facet normal -0.3968432057591393 0.6869679705736316 0.6087614290087338
  outer loop
    vertex 28.693664702671313 38.89430470618517 37.65430699999999
    vertex 28.595773291432305 38.654226320307615 37.861413781186535
    vertex 28.75504089689171 38.746230998591685 37.861413781186535
  endloop
endfacet
facet normal -0.43056366710132005 0.430354976758746 0.7933533402912242
  outer loop
    vertex 28.631502653146924 38.397008764923 38.02033240378443
    vertex 28.595773291432305 38.654226320307615 37.861413781186535
    vertex 28.465745161006314 38.52413513585286 37.861413781186535
  endloop
endfacet
facet normal -0.43056366710132005 0.430354976758746 0.7933533402912242
  outer loop
    vertex 28.595773291432305 38.654226320307615 37.861413781186535
    vertex 28.631502653146924 38.397008764923 38.02033240378443
    vertex 28.72298000806041 38.48853047958964 38.02033240378443
  endloop
endfacet
facet normal -0.23933393270201914 0.8923411114874482 0.3826834323650965
  outer loop
    vertex 28.693664702671313 38.89430470618517 37.65430699999999
    vertex 28.89855724172876 39.052689981698904 37.413126045102516
    vertex 28.655082014034136 38.9873877301165 37.413126045102516
  endloop
endfacet
facet normal -0.23933393270201914 0.8923411114874482 0.3826834323650965
  outer loop
    vertex 28.89855724172876 39.052689981698904 37.413126045102516
    vertex 28.693664702671313 38.89430470618517 37.65430699999999
    vertex 28.911733597761916 38.95279275026398 37.65430699999999
  endloop
endfacet
facet normal -0.5611214955899804 0.5608495250404707 0.6087614290087227
  outer loop
    vertex 28.465745161006314 38.52413513585286 37.861413781186535
    vertex 28.498164144711364 38.78136921068638 37.65430699999999
    vertex 28.33855496382711 38.62168263115116 37.65430699999999
  endloop
endfacet
facet normal -0.5611214955899804 0.5608495250404707 0.6087614290087227
  outer loop
    vertex 28.498164144711364 38.78136921068638 37.65430699999999
    vertex 28.465745161006314 38.52413513585286 37.861413781186535
    vertex 28.595773291432305 38.654226320307615 37.861413781186535
  endloop
endfacet
facet normal -3.270207176704868e-05 0.1349071688209072 0.9908582414913355
  outer loop
    vertex 29.057716753236626 38.34562176068046 38.120232826289055
    vertex 28.991821018485457 38.34560578727396 38.120232826289055
    vertex 29.033384689772635 38.09534987485361 38.15430699999999
  endloop
endfacet
facet normal -0.20552070727020985 0.7662706841804675 0.60876142900873
  outer loop
    vertex 28.75504089689171 38.746230998591685 37.861413781186535
    vertex 28.911733597761916 38.95279275026398 37.65430699999999
    vertex 28.693664702671313 38.89430470618517 37.65430699999999
  endloop
endfacet
facet normal -0.20552070727020985 0.7662706841804675 0.60876142900873
  outer loop
    vertex 28.911733597761916 38.95279275026398 37.65430699999999
    vertex 28.75504089689171 38.746230998591685 37.861413781186535
    vertex 28.932694153274596 38.793879203924924 37.861413781186535
  endloop
endfacet
facet normal 0.382614293880272 0.007274030878463053 0.9238795325112903
  outer loop
    vertex 39.775138680112875 38.09534987485361 38.120232826289055
    vertex 40.014955810268575 38.169379492728055 38.02033240378443
    vertex 39.774421971079406 38.13304879658497 38.120232826289055
  endloop
endfacet
facet normal 0.382614293880272 0.007274030878463053 0.9238795325112903
  outer loop
    vertex 40.014955810268575 38.169379492728055 38.02033240378443
    vertex 39.775138680112875 38.09534987485361 38.120232826289055
    vertex 40.01636321646053 38.09534987485361 38.02033240378443
  endloop
endfacet
facet normal 0.952611644768147 0.2747616556156603 0.13052619222005668
  outer loop
    vertex 40.51361425386627 38.24469782820471 37.15430699999999
    vertex 40.40977179428406 38.48177192663434 37.413126045102516
    vertex 40.47963150500713 38.239565008111406 37.413126045102516
  endloop
endfacet
facet normal 0.952611644768147 0.2747616556156603 0.13052619222005668
  outer loop
    vertex 40.40977179428406 38.48177192663434 37.413126045102516
    vertex 40.51361425386627 38.24469782820471 37.15430699999999
    vertex 40.44126813746017 38.49552523273384 37.15430699999999
  endloop
endfacet
facet normal -0.6871602827934882 0.3965101112234457 0.6087614290087243
  outer loop
    vertex 28.465745161006314 38.52413513585286 37.861413781186535
    vertex 28.225714261929152 38.42612734408026 37.65430699999999
    vertex 28.37381770782059 38.364822944462134 37.861413781186535
  endloop
endfacet
facet normal -0.6871602827934882 0.3965101112234457 0.6087614290087243
  outer loop
    vertex 28.225714261929152 38.42612734408026 37.65430699999999
    vertex 28.465745161006314 38.52413513585286 37.861413781186535
    vertex 28.33855496382711 38.62168263115116 37.65430699999999
  endloop
endfacet
facet normal 0.9237126174435755 0.01756106399994433 0.3826834323650933
  outer loop
    vertex 40.47963150500713 38.239565008111406 37.413126045102516
    vertex 40.38245476111379 38.09534987485361 37.65430699999999
    vertex 40.48237323564616 38.09534987485361 37.413126045102516
  endloop
endfacet
facet normal 0.9237126174435755 0.01756106399994433 0.3826834323650933
  outer loop
    vertex 40.38245476111379 38.09534987485361 37.65430699999999
    vertex 40.47963150500713 38.239565008111406 37.413126045102516
    vertex 40.379999126605306 38.22451634103848 37.65430699999999
  endloop
endfacet
facet normal 0.7932100070731506 0.015080027528661109 0.608761429008727
  outer loop
    vertex 40.379999126605306 38.22451634103848 37.65430699999999
    vertex 40.22350742188678 38.09534987485361 37.861413781186535
    vertex 40.38245476111379 38.09534987485361 37.65430699999999
  endloop
endfacet
facet normal 0.7932100070731506 0.015080027528661109 0.608761429008727
  outer loop
    vertex 40.22350742188678 38.09534987485361 37.861413781186535
    vertex 40.379999126605306 38.22451634103848 37.65430699999999
    vertex 40.2215069005986 38.20057736877785 37.861413781186535
  endloop
endfacet
facet normal 0.8876927354423741 0.25603710285055986 0.38268343236509084
  outer loop
    vertex 40.47963150500713 38.239565008111406 37.413126045102516
    vertex 40.317429188493016 38.44144927341812 37.65430699999999
    vertex 40.379999126605306 38.22451634103848 37.65430699999999
  endloop
endfacet
facet normal 0.8876927354423741 0.25603710285055986 0.38268343236509084
  outer loop
    vertex 40.317429188493016 38.44144927341812 37.65430699999999
    vertex 40.47963150500713 38.239565008111406 37.413126045102516
    vertex 40.40977179428406 38.48177192663434 37.413126045102516
  endloop
endfacet
facet normal -0.800215097845964 0.46174580428265805 0.38268343236510244
  outer loop
    vertex 28.33855496382711 38.62168263115116 37.65430699999999
    vertex 28.132612543722196 38.4646649007437 37.413126045102516
    vertex 28.225714261929152 38.42612734408026 37.65430699999999
  endloop
endfacet
facet normal -0.800215097845964 0.46174580428265805 0.38268343236510244
  outer loop
    vertex 28.132612543722196 38.4646649007437 37.413126045102516
    vertex 28.33855496382711 38.62168263115116 37.65430699999999
    vertex 28.258599863355336 38.68300355021819 37.413126045102516
  endloop
endfacet
facet normal -0.9577243709030715 0.25637266336887643 0.1305261922200478
  outer loop
    vertex 28.132612543722196 38.4646649007437 37.413126045102516
    vertex 28.033353078546376 38.225635732792774 37.15430699999999
    vertex 28.067428338669565 38.221158042576754 37.413126045102516
  endloop
endfacet
facet normal -0.9577243709030715 0.25637266336887643 0.1305261922200478
  outer loop
    vertex 28.033353078546376 38.225635732792774 37.15430699999999
    vertex 28.132612543722196 38.4646649007437 37.413126045102516
    vertex 28.100857281437662 38.477809343652176 37.15430699999999
  endloop
endfacet
facet normal -0.7663702323106772 0.20514918859049225 0.6087614290087219
  outer loop
    vertex 28.37381770782059 38.364822944462134 37.861413781186535
    vertex 28.16733194637377 38.20803011911718 37.65430699999999
    vertex 28.326255635892462 38.18714660870291 37.861413781186535
  endloop
endfacet
facet normal -0.7663702323106772 0.20514918859049225 0.6087614290087219
  outer loop
    vertex 28.16733194637377 38.20803011911718 37.65430699999999
    vertex 28.37381770782059 38.364822944462134 37.861413781186535
    vertex 28.225714261929152 38.42612734408026 37.65430699999999
  endloop
endfacet
facet normal -0.8587365763982188 0.49551428385103224 0.13052619222004758
  outer loop
    vertex 28.258599863355336 38.68300355021819 37.413126045102516
    vertex 28.100857281437662 38.477809343652176 37.15430699999999
    vertex 28.132612543722196 38.4646649007437 37.413126045102516
  endloop
endfacet
facet normal -0.8587365763982188 0.49551428385103224 0.13052619222004758
  outer loop
    vertex 28.100857281437662 38.477809343652176 37.15430699999999
    vertex 28.258599863355336 38.68300355021819 37.413126045102516
    vertex 28.231328667556102 38.70391897375713 37.15430699999999
  endloop
endfacet
facet normal -0.11157100268472853 0.07049340162323746 0.9912530411996269
  outer loop
    vertex 29.001847488866815 38.113009255594235 38.150097003311714
    vertex 28.824531341086775 38.24896697045421 38.120232826289055
    vertex 28.791597307086995 38.191891603455396 38.120232826289055
  endloop
endfacet
facet normal -0.11157100268472853 0.07049340162323746 0.9912530411996269
  outer loop
    vertex 28.824531341086775 38.24896697045421 38.120232826289055
    vertex 29.001847488866815 38.113009255594235 38.150097003311714
    vertex 28.9747200030256 38.150895778531044 38.14329985605219
  endloop
endfacet
facet normal -0.33145994634350645 0.19126137450275016 0.9238795325112894
  outer loop
    vertex 28.791597307086995 38.191891603455396 38.120232826289055
    vertex 28.631502653146924 38.397008764923 38.02033240378443
    vertex 28.566829876311527 38.284929495413 38.02033240378443
  endloop
endfacet
facet normal -0.33145994634350645 0.19126137450275016 0.9238795325112894
  outer loop
    vertex 28.631502653146924 38.397008764923 38.02033240378443
    vertex 28.791597307086995 38.191891603455396 38.120232826289055
    vertex 28.824531341086775 38.24896697045421 38.120232826289055
  endloop
endfacet
facet normal -0.5272766300547121 0.3042529093482951 0.7933533402912253
  outer loop
    vertex 28.566829876311527 38.284929495413 38.02033240378443
    vertex 28.465745161006314 38.52413513585286 37.861413781186535
    vertex 28.37381770782059 38.364822944462134 37.861413781186535
  endloop
endfacet
facet normal -0.5272766300547121 0.3042529093482951 0.7933533402912253
  outer loop
    vertex 28.465745161006314 38.52413513585286 37.861413781186535
    vertex 28.566829876311527 38.284929495413 38.02033240378443
    vertex 28.631502653146924 38.397008764923 38.02033240378443
  endloop
endfacet
facet normal -0.09214067294875615 0.09209601319208814 0.9914778972537276
  outer loop
    vertex 28.9747200030256 38.150895778531044 38.14329985605219
    vertex 28.871115367076527 38.29557358625207 38.120232826289055
    vertex 28.824531341086775 38.24896697045421 38.120232826289055
  endloop
endfacet
facet normal -0.8924570377403788 0.23890129003614008 0.3826834323651027
  outer loop
    vertex 28.225714261929152 38.42612734408026 37.65430699999999
    vertex 28.067428338669565 38.221158042576754 37.413126045102516
    vertex 28.16733194637377 38.20803011911718 37.65430699999999
  endloop
endfacet
facet normal -0.8924570377403788 0.23890129003614008 0.3826834323651027
  outer loop
    vertex 28.067428338669565 38.221158042576754 37.413126045102516
    vertex 28.225714261929152 38.42612734408026 37.65430699999999
    vertex 28.132612543722196 38.4646649007437 37.413126045102516
  endloop
endfacet
facet normal -0.12794042653482246 0.034248296169342475 0.9911903457296105
  outer loop
    vertex 29.001847488866815 38.113009255594235 38.150097003311714
    vertex 28.791597307086995 38.191891603455396 38.120232826289055
    vertex 28.774557665068244 38.12823707719516 38.120232826289055
  endloop
endfacet
facet normal 0.9912657394424951 0.01884534298066682 0.13052619222004636
  outer loop
    vertex 40.51361425386627 38.24469782820471 37.15430699999999
    vertex 40.48237323564616 38.09534987485361 37.413126045102516
    vertex 40.51645356656757 38.09534987485361 37.15430699999999
  endloop
endfacet
facet normal 0.9912657394424951 0.01884534298066682 0.13052619222004636
  outer loop
    vertex 40.48237323564616 38.09534987485361 37.413126045102516
    vertex 40.51361425386627 38.24469782820471 37.15430699999999
    vertex 40.47963150500713 38.239565008111406 37.413126045102516
  endloop
endfacet
facet normal 0.6086514455622261 0.0115713121022015 0.7933533402912261
  outer loop
    vertex 40.01636321646053 38.09534987485361 38.02033240378443
    vertex 40.2215069005986 38.20057736877785 37.861413781186535
    vertex 40.014955810268575 38.169379492728055 38.02033240378443
  endloop
endfacet
facet normal 0.6086514455622261 0.0115713121022015 0.7933533402912261
  outer loop
    vertex 40.2215069005986 38.20057736877785 37.861413781186535
    vertex 40.01636321646053 38.09534987485361 38.02033240378443
    vertex 40.22350742188678 38.09534987485361 37.861413781186535
  endloop
endfacet
facet normal -0.5880565620357038 0.15741650896748152 0.7933533402912218
  outer loop
    vertex 28.533369020418757 38.159930688057045 38.02033240378443
    vertex 28.37381770782059 38.364822944462134 37.861413781186535
    vertex 28.326255635892462 38.18714660870291 37.861413781186535
  endloop
endfacet
facet normal -0.5880565620357038 0.15741650896748152 0.7933533402912218
  outer loop
    vertex 28.37381770782059 38.364822944462134 37.861413781186535
    vertex 28.533369020418757 38.159930688057045 38.02033240378443
    vertex 28.566829876311527 38.284929495413 38.02033240378443
  endloop
endfacet
facet normal -0.3696678088673765 0.09895615440140598 0.9238795325112892
  outer loop
    vertex 28.774557665068244 38.12823707719516 38.120232826289055
    vertex 28.566829876311527 38.284929495413 38.02033240378443
    vertex 28.533369020418757 38.159930688057045 38.02033240378443
  endloop
endfacet
facet normal -0.3696678088673765 0.09895615440140598 0.9238795325112892
  outer loop
    vertex 28.566829876311527 38.284929495413 38.02033240378443
    vertex 28.774557665068244 38.12823707719516 38.120232826289055
    vertex 28.791597307086995 38.191891603455396 38.120232826289055
  endloop
endfacet
facet normal 0.6407459082227192 0.6655810031011342 0.3826834323650956
  outer loop
    vertex 40.038191272802976 38.791380565043966 37.65430699999999
    vertex 40.27960473211026 38.69764482092103 37.413126045102516
    vertex 40.09800098866156 38.87247230997272 37.413126045102516
  endloop
endfacet
facet normal 0.6407459082227192 0.6655810031011342 0.3826834323650956
  outer loop
    vertex 40.27960473211026 38.69764482092103 37.413126045102516
    vertex 40.038191272802976 38.791380565043966 37.65430699999999
    vertex 40.20084489491127 38.63479610374187 37.65430699999999
  endloop
endfacet
facet normal 0.849038640768038 0.5119534154855249 0.13052619222005982
  outer loop
    vertex 40.44126813746017 38.49552523273384 37.15430699999999
    vertex 40.27960473211026 38.69764482092103 37.413126045102516
    vertex 40.40977179428406 38.48177192663434 37.413126045102516
  endloop
endfacet
facet normal 0.849038640768038 0.5119534154855249 0.13052619222005982
  outer loop
    vertex 40.27960473211026 38.69764482092103 37.413126045102516
    vertex 40.44126813746017 38.49552523273384 37.15430699999999
    vertex 40.30646824586605 38.719081347944446 37.15430699999999
  endloop
endfacet
facet normal 0.7911780605023908 0.4770646362632074 0.3826834323650932
  outer loop
    vertex 40.40977179428406 38.48177192663434 37.413126045102516
    vertex 40.20084489491127 38.63479610374187 37.65430699999999
    vertex 40.317429188493016 38.44144927341812 37.65430699999999
  endloop
endfacet
facet normal 0.7911780605023908 0.4770646362632074 0.3826834323650932
  outer loop
    vertex 40.20084489491127 38.63479610374187 37.65430699999999
    vertex 40.40977179428406 38.48177192663434 37.413126045102516
    vertex 40.27960473211026 38.69764482092103 37.413126045102516
  endloop
endfacet
facet normal 0.7622790331778126 0.21986404464749612 0.6087614290087238
  outer loop
    vertex 40.379999126605306 38.22451634103848 37.65430699999999
    vertex 40.17053331606833 38.37730519526554 37.861413781186535
    vertex 40.2215069005986 38.20057736877785 37.861413781186535
  endloop
endfacet
facet normal 0.7622790331778126 0.21986404464749612 0.6087614290087238
  outer loop
    vertex 40.17053331606833 38.37730519526554 37.861413781186535
    vertex 40.379999126605306 38.22451634103848 37.65430699999999
    vertex 40.317429188493016 38.44144927341812 37.65430699999999
  endloop
endfacet
facet normal 0.12341954904113944 0.03857988811146702 0.9916043601899844
  outer loop
    vertex 39.774421971079406 38.13304879658497 38.120232826289055
    vertex 39.534751714558496 38.11524783176218 38.1503897260165
    vertex 39.5162728663535 38.09534987485361 38.15430699999999
  endloop
endfacet
facet normal 0.12341954904113944 0.03857988811146702 0.9916043601899844
  outer loop
    vertex 39.534751714558496 38.11524783176218 38.1503897260165
    vertex 39.774421971079406 38.13304879658497 38.120232826289055
    vertex 39.75616011667321 38.196363508834125 38.120232826289055
  endloop
endfacet
facet normal 0.11062544235225331 0.0667049417216191 0.9916211283823495
  outer loop
    vertex 39.75616011667321 38.196363508834125 38.120232826289055
    vertex 39.722133466501084 38.252794308860395 38.120232826289055
    vertex 39.534751714558496 38.11524783176218 38.1503897260165
  endloop
endfacet
facet normal 0.3676943702402957 0.10605404047141605 0.92387953251129
  outer loop
    vertex 39.774421971079406 38.13304879658497 38.120232826289055
    vertex 39.97909488795882 38.29371100509958 38.02033240378443
    vertex 39.75616011667321 38.196363508834125 38.120232826289055
  endloop
endfacet
facet normal 0.3676943702402957 0.10605404047141605 0.92387953251129
  outer loop
    vertex 39.97909488795882 38.29371100509958 38.02033240378443
    vertex 39.774421971079406 38.13304879658497 38.120232826289055
    vertex 40.014955810268575 38.169379492728055 38.02033240378443
  endloop
endfacet
facet normal 0.6794000028970666 0.4096646904661511 0.6087614290087199
  outer loop
    vertex 40.317429188493016 38.44144927341812 37.65430699999999
    vertex 40.07555608701743 38.534818232620324 37.861413781186535
    vertex 40.17053331606833 38.37730519526554 37.861413781186535
  endloop
endfacet
facet normal 0.6794000028970666 0.4096646904661511 0.6087614290087199
  outer loop
    vertex 40.07555608701743 38.534818232620324 37.861413781186535
    vertex 40.317429188493016 38.44144927341812 37.65430699999999
    vertex 40.20084489491127 38.63479610374187 37.65430699999999
  endloop
endfacet
facet normal 0.5849172745278576 0.16870761514423702 0.7933533402912267
  outer loop
    vertex 40.014955810268575 38.169379492728055 38.02033240378443
    vertex 40.17053331606833 38.37730519526554 37.861413781186535
    vertex 39.97909488795882 38.29371100509958 38.02033240378443
  endloop
endfacet
facet normal 0.5849172745278576 0.16870761514423702 0.7933533402912267
  outer loop
    vertex 40.17053331606833 38.37730519526554 37.861413781186535
    vertex 40.014955810268575 38.169379492728055 38.02033240378443
    vertex 40.2215069005986 38.20057736877785 37.861413781186535
  endloop
endfacet
facet normal 0.5213219578559082 0.31434677301672964 0.7933533402912295
  outer loop
    vertex 39.97909488795882 38.29371100509958 38.02033240378443
    vertex 40.07555608701743 38.534818232620324 37.861413781186535
    vertex 39.912276533637154 38.404524534252076 38.02033240378443
  endloop
endfacet
facet normal 0.5213219578559082 0.31434677301672964 0.7933533402912295
  outer loop
    vertex 40.07555608701743 38.534818232620324 37.861413781186535
    vertex 39.97909488795882 38.29371100509958 38.02033240378443
    vertex 40.17053331606833 38.37730519526554 37.861413781186535
  endloop
endfacet
facet normal 0.3277166829121236 0.1976066424688087 0.9238795325112897
  outer loop
    vertex 39.75616011667321 38.196363508834125 38.120232826289055
    vertex 39.912276533637154 38.404524534252076 38.02033240378443
    vertex 39.722133466501084 38.252794308860395 38.120232826289055
  endloop
endfacet
facet normal 0.3277166829121236 0.1976066424688087 0.9238795325112897
  outer loop
    vertex 39.912276533637154 38.404524534252076 38.02033240378443
    vertex 39.75616011667321 38.196363508834125 38.120232826289055
    vertex 39.97909488795882 38.29371100509958 38.02033240378443
  endloop
endfacet
facet normal 0.5502209851804761 0.5715473646324386 0.6087614290087214
  outer loop
    vertex 40.07555608701743 38.534818232620324 37.861413781186535
    vertex 40.038191272802976 38.791380565043966 37.65430699999999
    vertex 39.94304775464841 38.66238222764915 37.861413781186535
  endloop
endfacet
facet normal 0.5502209851804761 0.5715473646324386 0.6087614290087214
  outer loop
    vertex 40.038191272802976 38.791380565043966 37.65430699999999
    vertex 40.07555608701743 38.534818232620324 37.861413781186535
    vertex 40.20084489491127 38.63479610374187 37.65430699999999
  endloop
endfacet
facet normal 0.42219941128135097 0.4385637177907294 0.7933533402912312
  outer loop
    vertex 39.912276533637154 38.404524534252076 38.02033240378443
    vertex 39.94304775464841 38.66238222764915 37.861413781186535
    vertex 39.819054307727995 38.49426832130188 38.02033240378443
  endloop
endfacet
facet normal 0.42219941128135097 0.4385637177907294 0.7933533402912312
  outer loop
    vertex 39.94304775464841 38.66238222764915 37.861413781186535
    vertex 39.912276533637154 38.404524534252076 38.02033240378443
    vertex 40.07555608701743 38.534818232620324 37.861413781186535
  endloop
endfacet
facet normal -0.19760664246880089 0.32771668291212674 0.9238795325112903
  outer loop
    vertex 39.36738511688825 38.292653790459596 38.120232826289055
    vertex 39.32646842064911 38.54961521191736 38.02033240378443
    vertex 39.21565489149658 38.48279685759567 38.02033240378443
  endloop
endfacet
facet normal -0.19760664246880089 0.32771668291212674 0.9238795325112903
  outer loop
    vertex 39.32646842064911 38.54961521191736 38.02033240378443
    vertex 39.36738511688825 38.292653790459596 38.120232826289055
    vertex 39.42381591691456 38.32668044063175 38.120232826289055
  endloop
endfacet
facet normal -0.21986404464750184 0.7622790331778108 0.6087614290087238
  outer loop
    vertex 39.242874230483146 38.74105364002687 37.861413781186535
    vertex 39.3956630847102 38.950519450563846 37.65430699999999
    vertex 39.178730152330566 38.887949512451556 37.65430699999999
  endloop
endfacet
facet normal -0.21986404464750184 0.7622790331778108 0.6087614290087238
  outer loop
    vertex 39.3956630847102 38.950519450563846 37.65430699999999
    vertex 39.242874230483146 38.74105364002687 37.861413781186535
    vertex 39.41960205697083 38.79202722455714 37.861413781186535
  endloop
endfacet
facet normal -0.5715473646324332 0.5502209851804766 0.6087614290087261
  outer loop
    vertex 38.95779719809954 38.51356807860696 37.861413781186535
    vertex 38.98538332200678 38.77136521886979 37.65430699999999
    vertex 38.828798860704715 38.608711596761516 37.65430699999999
  endloop
endfacet
facet normal -0.5715473646324332 0.5502209851804766 0.6087614290087261
  outer loop
    vertex 38.98538332200678 38.77136521886979 37.65430699999999
    vertex 38.95779719809954 38.51356807860696 37.861413781186535
    vertex 39.085361193128335 38.64607641097595 37.861413781186535
  endloop
endfacet
facet normal -0.10605404047141936 0.3676943702402937 0.9238795325112905
  outer loop
    vertex 39.42381591691456 38.32668044063175 38.120232826289055
    vertex 39.450799933020626 38.585476134227115 38.02033240378443
    vertex 39.32646842064911 38.54961521191736 38.02033240378443
  endloop
endfacet
facet normal -0.10605404047141936 0.3676943702402937 0.9238795325112905
  outer loop
    vertex 39.450799933020626 38.585476134227115 38.02033240378443
    vertex 39.42381591691456 38.32668044063175 38.120232826289055
    vertex 39.48713062916372 38.344942295037946 38.120232826289055
  endloop
endfacet
facet normal -0.7142563961331059 0.6876050565022644 0.13052619222005077
  outer loop
    vertex 38.92253460482762 38.85012505606877 37.413126045102516
    vertex 38.72004823171972 38.68892129288719 37.15430699999999
    vertex 38.74770711577597 38.668521312620115 37.413126045102516
  endloop
endfacet
facet normal -0.7142563961331059 0.6876050565022644 0.13052619222005077
  outer loop
    vertex 38.72004823171972 38.68892129288719 37.15430699999999
    vertex 38.92253460482762 38.85012505606877 37.413126045102516
    vertex 38.90109807780419 38.87698856982456 37.15430699999999
  endloop
endfacet
facet normal -0.09611128456272788 0.09626824566925153 0.9907043180765224
  outer loop
    vertex 39.5162728663535 38.09534987485361 38.15430699999999
    vertex 39.36738511688825 38.292653790459596 38.120232826289055
    vertex 39.3216838948503 38.24518120449906 38.120232826289055
  endloop
endfacet
facet normal -0.09611128456272788 0.09626824566925153 0.9907043180765224
  outer loop
    vertex 39.36738511688825 38.292653790459596 38.120232826289055
    vertex 39.5162728663535 38.09534987485361 38.15430699999999
    vertex 39.506369169677335 38.118514475544806 38.14987894889905
  endloop
endfacet
facet normal -0.8678839837486976 0.47931232395696227 0.1305261922200546
  outer loop
    vertex 38.74770711577597 38.668521312620115 37.413126045102516
    vertex 38.59384290257301 38.46040310473394 37.15430699999999
    vertex 38.6258392364221 38.44785688289822 37.413126045102516
  endloop
endfacet
facet normal -0.8678839837486976 0.47931232395696227 0.1305261922200546
  outer loop
    vertex 38.59384290257301 38.46040310473394 37.15430699999999
    vertex 38.74770711577597 38.668521312620115 37.413126045102516
    vertex 38.72004823171972 38.68892129288719 37.15430699999999
  endloop
endfacet
facet normal -0.3349907137905971 0.18500765141146835 0.9238795325112897
  outer loop
    vertex 39.28982671355771 38.187497861031126 38.120232826289055
    vertex 39.1259111044468 38.38957463168654 38.02033240378443
    vertex 39.06335295027854 38.27630147482862 38.02033240378443
  endloop
endfacet
facet normal -0.3349907137905971 0.18500765141146835 0.9238795325112897
  outer loop
    vertex 39.1259111044468 38.38957463168654 38.02033240378443
    vertex 39.28982671355771 38.187497861031126 38.120232826289055
    vertex 39.3216838948503 38.24518120449906 38.120232826289055
  endloop
endfacet
facet normal -0.40966469046616 0.6794000028970579 0.6087614290087233
  outer loop
    vertex 39.085361193128335 38.64607641097595 37.861413781186535
    vertex 39.178730152330566 38.887949512451556 37.65430699999999
    vertex 38.98538332200678 38.77136521886979 37.65430699999999
  endloop
endfacet
facet normal -0.40966469046616 0.6794000028970579 0.6087614290087233
  outer loop
    vertex 39.178730152330566 38.887949512451556 37.65430699999999
    vertex 39.085361193128335 38.64607641097595 37.861413781186535
    vertex 39.242874230483146 38.74105364002687 37.861413781186535
  endloop
endfacet
facet normal -0.6655810031011367 0.6407459082227167 0.3826834323650957
  outer loop
    vertex 38.98538332200678 38.77136521886979 37.65430699999999
    vertex 38.74770711577597 38.668521312620115 37.413126045102516
    vertex 38.828798860704715 38.608711596761516 37.65430699999999
  endloop
endfacet
facet normal -0.6655810031011367 0.6407459082227167 0.3826834323650957
  outer loop
    vertex 38.74770711577597 38.668521312620115 37.413126045102516
    vertex 38.98538332200678 38.77136521886979 37.65430699999999
    vertex 38.92253460482762 38.85012505606877 37.413126045102516
  endloop
endfacet
facet normal -0.8087391245023213 0.44664798118036375 0.3826834323650872
  outer loop
    vertex 38.828798860704715 38.608711596761516 37.65430699999999
    vertex 38.6258392364221 38.44785688289822 37.413126045102516
    vertex 38.71964774069401 38.41107322167556 37.65430699999999
  endloop
endfacet
facet normal -0.8087391245023213 0.44664798118036375 0.3826834323650872
  outer loop
    vertex 38.6258392364221 38.44785688289822 37.413126045102516
    vertex 38.828798860704715 38.608711596761516 37.65430699999999
    vertex 38.74770711577597 38.668521312620115 37.413126045102516
  endloop
endfacet
facet normal -0.6944800304257023 0.3835453166070053 0.6087614290087274
  outer loop
    vertex 38.95779719809954 38.51356807860696 37.861413781186535
    vertex 38.71964774069401 38.41107322167556 37.65430699999999
    vertex 38.868875520848476 38.352558866790396 37.861413781186535
  endloop
endfacet
facet normal -0.6944800304257023 0.3835453166070053 0.6087614290087274
  outer loop
    vertex 38.71964774069401 38.41107322167556 37.65430699999999
    vertex 38.95779719809954 38.51356807860696 37.861413781186535
    vertex 38.828798860704715 38.608711596761516 37.65430699999999
  endloop
endfacet
facet normal -0.036538914517052996 0.12668214339493228 0.9912701661357419
  outer loop
    vertex 39.506369169677335 38.118514475544806 38.14987894889905
    vertex 39.48713062916372 38.344942295037946 38.120232826289055
    vertex 39.42381591691456 38.32668044063175 38.120232826289055
  endloop
endfacet
facet normal -0.43856371779073294 0.42219941128136307 0.7933533402912228
  outer loop
    vertex 39.1259111044468 38.38957463168654 38.02033240378443
    vertex 39.085361193128335 38.64607641097595 37.861413781186535
    vertex 38.95779719809954 38.51356807860696 37.861413781186535
  endloop
endfacet
facet normal -0.43856371779073294 0.42219941128136307 0.7933533402912228
  outer loop
    vertex 39.085361193128335 38.64607641097595 37.861413781186535
    vertex 39.1259111044468 38.38957463168654 38.02033240378443
    vertex 39.21565489149658 38.48279685759567 38.02033240378443
  endloop
endfacet
facet normal -0.5328932699581045 0.29430467254549847 0.7933533402912261
  outer loop
    vertex 39.06335295027854 38.27630147482862 38.02033240378443
    vertex 38.95779719809954 38.51356807860696 37.861413781186535
    vertex 38.868875520848476 38.352558866790396 37.861413781186535
  endloop
endfacet
facet normal -0.5328932699581045 0.29430467254549847 0.7933533402912261
  outer loop
    vertex 38.95779719809954 38.51356807860696 37.861413781186535
    vertex 39.06335295027854 38.27630147482862 38.02033240378443
    vertex 39.1259111044468 38.38957463168654 38.02033240378443
  endloop
endfacet
facet normal -0.06868613386754673 0.1139111098286302 0.9911137543551393
  outer loop
    vertex 39.506369169677335 38.118514475544806 38.14987894889905
    vertex 39.42381591691456 38.32668044063175 38.120232826289055
    vertex 39.36738511688825 38.292653790459596 38.120232826289055
  endloop
endfacet
facet normal -0.1687076151442427 0.584917274527856 0.7933533402912268
  outer loop
    vertex 39.32646842064911 38.54961521191736 38.02033240378443
    vertex 39.41960205697083 38.79202722455714 37.861413781186535
    vertex 39.242874230483146 38.74105364002687 37.861413781186535
  endloop
endfacet
facet normal -0.1687076151442427 0.584917274527856 0.7933533402912268
  outer loop
    vertex 39.41960205697083 38.79202722455714 37.861413781186535
    vertex 39.32646842064911 38.54961521191736 38.02033240378443
    vertex 39.450799933020626 38.585476134227115 38.02033240378443
  endloop
endfacet
facet normal -0.5119534154855364 0.8490386407680326 0.1305261922200508
  outer loop
    vertex 38.92253460482762 38.85012505606877 37.413126045102516
    vertex 39.124654193014855 39.01178846141871 37.15430699999999
    vertex 38.90109807780419 38.87698856982456 37.15430699999999
  endloop
endfacet
facet normal -0.5119534154855364 0.8490386407680326 0.1305261922200508
  outer loop
    vertex 39.124654193014855 39.01178846141871 37.15430699999999
    vertex 38.92253460482762 38.85012505606877 37.413126045102516
    vertex 39.13840749911435 38.9802921182426 37.413126045102516
  endloop
endfacet
facet normal -0.2756926783423811 0.26540564522090665 0.9238795325112895
  outer loop
    vertex 39.3216838948503 38.24518120449906 38.120232826289055
    vertex 39.21565489149658 38.48279685759567 38.02033240378443
    vertex 39.1259111044468 38.38957463168654 38.02033240378443
  endloop
endfacet
facet normal -0.2756926783423811 0.26540564522090665 0.9238795325112895
  outer loop
    vertex 39.21565489149658 38.48279685759567 38.02033240378443
    vertex 39.3216838948503 38.24518120449906 38.120232826289055
    vertex 39.36738511688825 38.292653790459596 38.120232826289055
  endloop
endfacet
facet normal -0.3143467730167383 0.5213219578559113 0.793353340291224
  outer loop
    vertex 39.21565489149658 38.48279685759567 38.02033240378443
    vertex 39.242874230483146 38.74105364002687 37.861413781186535
    vertex 39.085361193128335 38.64607641097595 37.861413781186535
  endloop
endfacet
facet normal -0.3143467730167383 0.5213219578559113 0.793353340291224
  outer loop
    vertex 39.242874230483146 38.74105364002687 37.861413781186535
    vertex 39.21565489149658 38.48279685759567 38.02033240378443
    vertex 39.32646842064911 38.54961521191736 38.02033240378443
  endloop
endfacet
facet normal -0.25603710285056575 0.8876927354423726 0.38268343236509084
  outer loop
    vertex 39.178730152330566 38.887949512451556 37.65430699999999
    vertex 39.38061441763728 39.05015182896567 37.413126045102516
    vertex 39.13840749911435 38.9802921182426 37.413126045102516
  endloop
endfacet
facet normal -0.25603710285056575 0.8876927354423726 0.38268343236509084
  outer loop
    vertex 39.38061441763728 39.05015182896567 37.413126045102516
    vertex 39.178730152330566 38.887949512451556 37.65430699999999
    vertex 39.3956630847102 38.950519450563846 37.65430699999999
  endloop
endfacet
facet normal -0.4770646362632173 0.7911780605023864 0.3826834323650901
  outer loop
    vertex 38.98538332200678 38.77136521886979 37.65430699999999
    vertex 39.13840749911435 38.9802921182426 37.413126045102516
    vertex 38.92253460482762 38.85012505606877 37.413126045102516
  endloop
endfacet
facet normal -0.4770646362632173 0.7911780605023864 0.3826834323650901
  outer loop
    vertex 39.13840749911435 38.9802921182426 37.413126045102516
    vertex 38.98538332200678 38.77136521886979 37.65430699999999
    vertex 39.178730152330566 38.887949512451556 37.65430699999999
  endloop
endfacet
facet normal -0.1216692755598532 0.0671951370399245 0.9902935933060085
  outer loop
    vertex 39.5162728663535 38.09534987485361 38.15430699999999
    vertex 39.3216838948503 38.24518120449906 38.120232826289055
    vertex 39.28982671355771 38.187497861031126 38.120232826289055
  endloop
endfacet
facet normal -0.3826142938802693 -0.007274030878487596 0.9238795325112913
  outer loop
    vertex 39.0332958853296 38.09534987485361 38.02033240378443
    vertex 39.27398458726912 38.12353478458698 38.120232826289055
    vertex 39.032243663816175 38.15069676546909 38.02033240378443
  endloop
endfacet
facet normal -0.3826142938802693 -0.007274030878487596 0.9238795325112913
  outer loop
    vertex 39.27398458726912 38.12353478458698 38.120232826289055
    vertex 39.0332958853296 38.09534987485361 38.02033240378443
    vertex 39.27452042167726 38.09534987485361 38.120232826289055
  endloop
endfacet
facet normal -0.37145968569232013 0.09200169189792129 0.9238795325112916
  outer loop
    vertex 39.27398458726912 38.12353478458698 38.120232826289055
    vertex 39.06335295027854 38.27630147482862 38.02033240378443
    vertex 39.032243663816175 38.15069676546909 38.02033240378443
  endloop
endfacet
facet normal -0.37145968569232013 0.09200169189792129 0.9238795325112916
  outer loop
    vertex 39.06335295027854 38.27630147482862 38.02033240378443
    vertex 39.27398458726912 38.12353478458698 38.120232826289055
    vertex 39.28982671355771 38.187497861031126 38.120232826289055
  endloop
endfacet
facet normal -0.9912657394424951 -0.018845342980655225 0.1305261922200479
  outer loop
    vertex 38.565236061347846 38.203169683123505 37.413126045102516
    vertex 38.53320553522257 38.09534987485361 37.15430699999999
    vertex 38.56728586614398 38.09534987485361 37.413126045102516
  endloop
endfacet
facet normal -0.9912657394424951 -0.018845342980655225 0.1305261922200479
  outer loop
    vertex 38.53320553522257 38.09534987485361 37.15430699999999
    vertex 38.565236061347846 38.203169683123505 37.413126045102516
    vertex 38.53108277498128 38.20700714224337 37.15430699999999
  endloop
endfacet
facet normal -0.13536073250252084 0.03352562037401532 0.9902290163769786
  outer loop
    vertex 39.5162728663535 38.09534987485361 38.15430699999999
    vertex 39.28982671355771 38.187497861031126 38.120232826289055
    vertex 39.27398458726912 38.12353478458698 38.120232826289055
  endloop
endfacet
facet normal -0.923712617443575 -0.017561063999904564 0.38268343236509605
  outer loop
    vertex 38.66536843042265 38.19191882226121 37.65430699999999
    vertex 38.56728586614398 38.09534987485361 37.413126045102516
    vertex 38.66720434067634 38.09534987485361 37.65430699999999
  endloop
endfacet
facet normal -0.923712617443575 -0.017561063999904564 0.38268343236509605
  outer loop
    vertex 38.56728586614398 38.09534987485361 37.413126045102516
    vertex 38.66536843042265 38.19191882226121 37.65430699999999
    vertex 38.565236061347846 38.203169683123505 37.413126045102516
  endloop
endfacet
facet normal -0.9623667121179211 0.2383552486350476 0.1305261922200557
  outer loop
    vertex 38.6258392364221 38.44785688289822 37.413126045102516
    vertex 38.53108277498128 38.20700714224337 37.15430699999999
    vertex 38.565236061347846 38.203169683123505 37.413126045102516
  endloop
endfacet
facet normal -0.9623667121179211 0.2383552486350476 0.1305261922200557
  outer loop
    vertex 38.53108277498128 38.20700714224337 37.15430699999999
    vertex 38.6258392364221 38.44785688289822 37.413126045102516
    vertex 38.59384290257301 38.46040310473394 37.15430699999999
  endloop
endfacet
facet normal -0.7932100070731571 -0.015080027528611921 0.6087614290087198
  outer loop
    vertex 38.824656026729805 38.17402128723134 37.861413781186535
    vertex 38.66720434067634 38.09534987485361 37.65430699999999
    vertex 38.826151679903354 38.09534987485361 37.861413781186535
  endloop
endfacet
facet normal -0.7932100070731571 -0.015080027528611921 0.6087614290087198
  outer loop
    vertex 38.66720434067634 38.09534987485361 37.65430699999999
    vertex 38.824656026729805 38.17402128723134 37.861413781186535
    vertex 38.66536843042265 38.19191882226121 37.65430699999999
  endloop
endfacet
facet normal -0.896783011073272 0.2221117323412384 0.382683432365095
  outer loop
    vertex 38.71964774069401 38.41107322167556 37.65430699999999
    vertex 38.565236061347846 38.203169683123505 37.413126045102516
    vertex 38.66536843042265 38.19191882226121 37.65430699999999
  endloop
endfacet
facet normal -0.896783011073272 0.2221117323412384 0.382683432365095
  outer loop
    vertex 38.565236061347846 38.203169683123505 37.413126045102516
    vertex 38.71964774069401 38.41107322167556 37.65430699999999
    vertex 38.6258392364221 38.44785688289822 37.413126045102516
  endloop
endfacet
facet normal -0.6086514455622244 -0.011571312102199508 0.7933533402912274
  outer loop
    vertex 38.826151679903354 38.09534987485361 37.861413781186535
    vertex 39.032243663816175 38.15069676546909 38.02033240378443
    vertex 38.824656026729805 38.17402128723134 37.861413781186535
  endloop
endfacet
facet normal -0.6086514455622244 -0.011571312102199508 0.7933533402912274
  outer loop
    vertex 39.032243663816175 38.15069676546909 38.02033240378443
    vertex 38.826151679903354 38.09534987485361 37.861413781186535
    vertex 39.0332958853296 38.09534987485361 38.02033240378443
  endloop
endfacet
facet normal -0.7700850298279781 0.19073166854537174 0.6087614290087213
  outer loop
    vertex 38.868875520848476 38.352558866790396 37.861413781186535
    vertex 38.66536843042265 38.19191882226121 37.65430699999999
    vertex 38.824656026729805 38.17402128723134 37.861413781186535
  endloop
endfacet
facet normal -0.7700850298279781 0.19073166854537174 0.6087614290087213
  outer loop
    vertex 38.66536843042265 38.19191882226121 37.65430699999999
    vertex 38.868875520848476 38.352558866790396 37.861413781186535
    vertex 38.71964774069401 38.41107322167556 37.65430699999999
  endloop
endfacet
facet normal -0.5909070264256023 0.14635355673713413 0.7933533402912244
  outer loop
    vertex 39.032243663816175 38.15069676546909 38.02033240378443
    vertex 38.868875520848476 38.352558866790396 37.861413781186535
    vertex 38.824656026729805 38.17402128723134 37.861413781186535
  endloop
endfacet
facet normal -0.5909070264256023 0.14635355673713413 0.7933533402912244
  outer loop
    vertex 38.868875520848476 38.352558866790396 37.861413781186535
    vertex 39.032243663816175 38.15069676546909 38.02033240378443
    vertex 39.06335295027854 38.27630147482862 38.02033240378443
  endloop
endfacet
facet normal 0.0 1.0 0.0
  outer loop
    vertex 17.524829550895095 20.095349874853603 37.15430699999999
    vertex 19.524829550895095 20.095349874853603 5.654306999999992
    vertex 17.524829550895095 20.095349874853603 5.654306999999992
  endloop
endfacet
facet normal 0.0 1.0 0.0
  outer loop
    vertex 19.524829550895095 20.095349874853603 5.654306999999992
    vertex 17.524829550895095 20.095349874853603 37.15430699999999
    vertex 19.524829550895095 20.095349874853603 37.15430699999999
  endloop
endfacet
facet normal 0.0 1.0 0.0
  outer loop
    vertex 19.524829550895095 20.095349874853603 37.15430699999999
    vertex 17.524829550895095 20.095349874853603 37.15430699999999
    vertex 17.55919774930778 20.095349874853603 37.413126045102516
  endloop
endfacet
facet normal 0.0 1.0 0.0
  outer loop
    vertex 19.524829550895095 20.095349874853603 37.15430699999999
    vertex 17.55919774930778 20.095349874853603 37.413126045102516
    vertex 19.490461352482413 20.095349874853603 37.413126045102516
  endloop
endfacet
facet normal 0.0 1.0 0.0
  outer loop
    vertex 19.490461352482413 20.095349874853603 37.413126045102516
    vertex 17.55919774930778 20.095349874853603 37.413126045102516
    vertex 17.65996020862014 20.095349874853603 37.65430699999999
  endloop
endfacet
facet normal 0.0 1.0 0.0
  outer loop
    vertex 19.490461352482413 20.095349874853603 37.413126045102516
    vertex 17.65996020862014 20.095349874853603 37.65430699999999
    vertex 19.38969889317005 20.095349874853603 37.65430699999999
  endloop
endfacet
facet normal 0.0 1.0 0.0
  outer loop
    vertex 19.38969889317005 20.095349874853603 37.65430699999999
    vertex 17.65996020862014 20.095349874853603 37.65430699999999
    vertex 17.820250133747884 20.095349874853603 37.861413781186535
  endloop
endfacet
facet normal 0.0 1.0 0.0
  outer loop
    vertex 19.38969889317005 20.095349874853603 37.65430699999999
    vertex 17.820250133747884 20.095349874853603 37.861413781186535
    vertex 19.22940896804231 20.095349874853603 37.861413781186535
  endloop
endfacet
facet normal 0.0 1.0 0.0
  outer loop
    vertex 19.22940896804231 20.095349874853603 37.861413781186535
    vertex 17.820250133747884 20.095349874853603 37.861413781186535
    vertex 18.029144031185172 20.095349874853603 38.02033240378443
  endloop
endfacet
facet normal 0.0 1.0 0.0
  outer loop
    vertex 19.22940896804231 20.095349874853603 37.861413781186535
    vertex 18.029144031185172 20.095349874853603 38.02033240378443
    vertex 19.020515070605022 20.095349874853603 38.02033240378443
  endloop
endfacet
facet normal 0.0 1.0 0.0
  outer loop
    vertex 19.020515070605022 20.095349874853603 38.02033240378443
    vertex 18.029144031185172 20.095349874853603 38.02033240378443
    vertex 18.272406127035143 20.095349874853603 38.120232826289055
  endloop
endfacet
facet normal 0.0 1.0 0.0
  outer loop
    vertex 19.020515070605022 20.095349874853603 38.02033240378443
    vertex 18.272406127035143 20.095349874853603 38.120232826289055
    vertex 18.777252974755047 20.095349874853603 38.120232826289055
  endloop
endfacet
facet normal 0.0 1.0 0.0
  outer loop
    vertex 18.777252974755047 20.095349874853603 38.120232826289055
    vertex 18.272406127035143 20.095349874853603 38.120232826289055
    vertex 18.533458511475246 20.095349874853603 38.15430699999999
  endloop
endfacet
facet normal 0.0 1.0 0.0
  outer loop
    vertex 19.490461352482413 20.095349874853603 37.413126045102516
    vertex 19.524829550895095 20.095349874853603 38.15430699999999
    vertex 19.524829550895095 20.095349874853603 37.15430699999999
  endloop
endfacet
facet normal 0.0 1.0 0.0
  outer loop
    vertex 19.524829550895095 20.095349874853603 38.15430699999999
    vertex 19.490461352482413 20.095349874853603 37.413126045102516
    vertex 19.38969889317005 20.095349874853603 37.65430699999999
  endloop
endfacet
facet normal 0.0 1.0 0.0
  outer loop
    vertex 19.524829550895095 20.095349874853603 38.15430699999999
    vertex 19.38969889317005 20.095349874853603 37.65430699999999
    vertex 19.22940896804231 20.095349874853603 37.861413781186535
  endloop
endfacet
facet normal 0.0 1.0 0.0
  outer loop
    vertex 19.524829550895095 20.095349874853603 38.15430699999999
    vertex 19.22940896804231 20.095349874853603 37.861413781186535
    vertex 19.020515070605022 20.095349874853603 38.02033240378443
  endloop
endfacet
facet normal 0.0 1.0 0.0
  outer loop
    vertex 19.524829550895095 20.095349874853603 38.15430699999999
    vertex 19.020515070605022 20.095349874853603 38.02033240378443
    vertex 18.777252974755047 20.095349874853603 38.120232826289055
  endloop
endfacet
facet normal 0.0 1.0 0.0
  outer loop
    vertex 19.524829550895095 20.095349874853603 38.15430699999999
    vertex 18.777252974755047 20.095349874853603 38.120232826289055
    vertex 18.533458511475246 20.095349874853603 38.15430699999999
  endloop
endfacet
facet normal 1.0 6.029855591430628e-35 -1.3358640912088847e-32
  outer loop
    vertex 12.524829550895095 25.0953498748536 5.654306999999986
    vertex 12.524829550895095 23.095349874853603 37.15430699999999
    vertex 12.524829550895095 23.095349874853603 5.654306999999986
  endloop
endfacet
facet normal 1.0 6.029855591430628e-35 -1.3358640912088847e-32
  outer loop
    vertex 12.524829550895095 23.095349874853603 37.15430699999999
    vertex 12.524829550895095 25.0953498748536 5.654306999999986
    vertex 12.524829550895095 23.12971807326629 37.413126045102516
  endloop
endfacet
facet normal 1.0 6.029855591430628e-35 -1.3358640912088847e-32
  outer loop
    vertex 12.524829550895095 23.12971807326629 37.413126045102516
    vertex 12.524829550895095 25.0953498748536 5.654306999999986
    vertex 12.524829550895095 23.23048053257865 37.65430699999999
  endloop
endfacet
facet normal 1.0 6.029855591430628e-35 -1.3358640912088847e-32
  outer loop
    vertex 12.524829550895095 23.23048053257865 37.65430699999999
    vertex 12.524829550895095 25.0953498748536 5.654306999999986
    vertex 12.524829550895095 23.39077045770639 37.861413781186535
  endloop
endfacet
facet normal 1.0 6.029855591430628e-35 -1.3358640912088847e-32
  outer loop
    vertex 12.524829550895095 23.39077045770639 37.861413781186535
    vertex 12.524829550895095 25.0953498748536 5.654306999999986
    vertex 12.524829550895095 23.59966435514368 38.02033240378443
  endloop
endfacet
facet normal 1.0 6.029855591430628e-35 -1.3358640912088847e-32
  outer loop
    vertex 12.524829550895095 23.59966435514368 38.02033240378443
    vertex 12.524829550895095 25.0953498748536 5.654306999999986
    vertex 12.524829550895095 23.84292645099365 38.120232826289055
  endloop
endfacet
facet normal 1.0 6.029855591430628e-35 -1.3358640912088847e-32
  outer loop
    vertex 12.524829550895095 23.84292645099365 38.120232826289055
    vertex 12.524829550895095 25.0953498748536 5.654306999999986
    vertex 12.524829550895095 24.103978835433757 38.15430699999999
  endloop
endfacet
facet normal 1.0 6.029855591430628e-35 -1.3358640912088847e-32
  outer loop
    vertex 12.524829550895095 24.103978835433757 38.15430699999999
    vertex 12.524829550895095 25.0953498748536 5.654306999999986
    vertex 12.524829550895095 24.347773298713555 38.120232826289055
  endloop
endfacet
facet normal 1.0 6.029855591430628e-35 -1.3358640912088847e-32
  outer loop
    vertex 12.524829550895095 24.347773298713555 38.120232826289055
    vertex 12.524829550895095 25.0953498748536 5.654306999999986
    vertex 12.524829550895095 24.591035394563526 38.02033240378443
  endloop
endfacet
facet normal 1.0 6.029855591430628e-35 -1.3358640912088847e-32
  outer loop
    vertex 12.524829550895095 24.591035394563526 38.02033240378443
    vertex 12.524829550895095 25.0953498748536 5.654306999999986
    vertex 12.524829550895095 24.799929292000815 37.861413781186535
  endloop
endfacet
facet normal 1.0 6.029855591430628e-35 -1.3358640912088847e-32
  outer loop
    vertex 12.524829550895095 24.799929292000815 37.861413781186535
    vertex 12.524829550895095 25.0953498748536 5.654306999999986
    vertex 12.524829550895095 24.960219217128554 37.65430699999999
  endloop
endfacet
facet normal 1.0 6.029855591430628e-35 -1.3358640912088847e-32
  outer loop
    vertex 12.524829550895095 24.960219217128554 37.65430699999999
    vertex 12.524829550895095 25.0953498748536 5.654306999999986
    vertex 12.524829550895095 25.060981676440914 37.413126045102516
  endloop
endfacet
facet normal 1.0 6.029855591430628e-35 -1.3358640912088847e-32
  outer loop
    vertex 12.524829550895095 25.060981676440914 37.413126045102516
    vertex 12.524829550895095 25.0953498748536 5.654306999999986
    vertex 12.524829550895095 25.0953498748536 37.15430699999999
  endloop
endfacet
facet normal 1.0 0.0 0.0
  outer loop
    vertex 12.524829550895095 24.347773298713555 38.120232826289055
    vertex 12.524829550895095 25.0953498748536 38.15430699999999
    vertex 12.524829550895095 24.103978835433757 38.15430699999999
  endloop
endfacet
facet normal 1.0 0.0 0.0
  outer loop
    vertex 12.524829550895095 25.0953498748536 38.15430699999999
    vertex 12.524829550895095 24.347773298713555 38.120232826289055
    vertex 12.524829550895095 24.591035394563526 38.02033240378443
  endloop
endfacet
facet normal 1.0 0.0 0.0
  outer loop
    vertex 12.524829550895095 25.0953498748536 38.15430699999999
    vertex 12.524829550895095 24.591035394563526 38.02033240378443
    vertex 12.524829550895095 24.799929292000815 37.861413781186535
  endloop
endfacet
facet normal 1.0 0.0 0.0
  outer loop
    vertex 12.524829550895095 25.0953498748536 38.15430699999999
    vertex 12.524829550895095 24.799929292000815 37.861413781186535
    vertex 12.524829550895095 24.960219217128554 37.65430699999999
  endloop
endfacet
facet normal 1.0 0.0 0.0
  outer loop
    vertex 12.524829550895095 25.0953498748536 38.15430699999999
    vertex 12.524829550895095 24.960219217128554 37.65430699999999
    vertex 12.524829550895095 25.060981676440914 37.413126045102516
  endloop
endfacet
facet normal 1.0 0.0 0.0
  outer loop
    vertex 12.524829550895095 25.0953498748536 38.15430699999999
    vertex 12.524829550895095 25.060981676440914 37.413126045102516
    vertex 12.524829550895095 25.0953498748536 37.15430699999999
  endloop
endfacet
facet normal 1.0 -6.029855591435942e-35 -1.3358640912088847e-32
  outer loop
    vertex 12.524829550895095 33.09534987485361 5.654306999999986
    vertex 12.524829550895095 33.12971807326629 37.413126045102516
    vertex 12.524829550895095 33.09534987485361 37.15430699999999
  endloop
endfacet
facet normal 1.0 -6.029855591435942e-35 -1.3358640912088847e-32
  outer loop
    vertex 12.524829550895095 33.12971807326629 37.413126045102516
    vertex 12.524829550895095 33.09534987485361 5.654306999999986
    vertex 12.524829550895095 35.09534987485361 5.654306999999986
  endloop
endfacet
facet normal 1.0 -6.029855591435942e-35 -1.3358640912088847e-32
  outer loop
    vertex 12.524829550895095 33.12971807326629 37.413126045102516
    vertex 12.524829550895095 35.09534987485361 5.654306999999986
    vertex 12.524829550895095 33.23048053257866 37.65430699999999
  endloop
endfacet
facet normal 1.0 -6.029855591435942e-35 -1.3358640912088847e-32
  outer loop
    vertex 12.524829550895095 33.23048053257866 37.65430699999999
    vertex 12.524829550895095 35.09534987485361 5.654306999999986
    vertex 12.524829550895095 33.390770457706395 37.861413781186535
  endloop
endfacet
facet normal 1.0 -6.029855591435942e-35 -1.3358640912088847e-32
  outer loop
    vertex 12.524829550895095 33.390770457706395 37.861413781186535
    vertex 12.524829550895095 35.09534987485361 5.654306999999986
    vertex 12.524829550895095 33.59966435514369 38.02033240378443
  endloop
endfacet
facet normal 1.0 -6.029855591435942e-35 -1.3358640912088847e-32
  outer loop
    vertex 12.524829550895095 33.59966435514369 38.02033240378443
    vertex 12.524829550895095 35.09534987485361 5.654306999999986
    vertex 12.524829550895095 33.84292645099366 38.120232826289055
  endloop
endfacet
facet normal 1.0 -6.029855591435942e-35 -1.3358640912088847e-32
  outer loop
    vertex 12.524829550895095 33.84292645099366 38.120232826289055
    vertex 12.524829550895095 35.09534987485361 5.654306999999986
    vertex 12.524829550895095 34.08672091427346 38.15430699999999
  endloop
endfacet
facet normal 1.0 -6.029855591435942e-35 -1.3358640912088847e-32
  outer loop
    vertex 12.524829550895095 34.08672091427346 38.15430699999999
    vertex 12.524829550895095 35.09534987485361 5.654306999999986
    vertex 12.524829550895095 34.34777329871356 38.120232826289055
  endloop
endfacet
facet normal 1.0 -6.029855591435942e-35 -1.3358640912088847e-32
  outer loop
    vertex 12.524829550895095 34.34777329871356 38.120232826289055
    vertex 12.524829550895095 35.09534987485361 5.654306999999986
    vertex 12.524829550895095 34.591035394563534 38.02033240378443
  endloop
endfacet
facet normal 1.0 -6.029855591435942e-35 -1.3358640912088847e-32
  outer loop
    vertex 12.524829550895095 34.591035394563534 38.02033240378443
    vertex 12.524829550895095 35.09534987485361 5.654306999999986
    vertex 12.524829550895095 34.79992929200082 37.861413781186535
  endloop
endfacet
facet normal 1.0 -6.029855591435942e-35 -1.3358640912088847e-32
  outer loop
    vertex 12.524829550895095 34.79992929200082 37.861413781186535
    vertex 12.524829550895095 35.09534987485361 5.654306999999986
    vertex 12.524829550895095 34.96021921712856 37.65430699999999
  endloop
endfacet
facet normal 1.0 -6.029855591435942e-35 -1.3358640912088847e-32
  outer loop
    vertex 12.524829550895095 34.96021921712856 37.65430699999999
    vertex 12.524829550895095 35.09534987485361 5.654306999999986
    vertex 12.524829550895095 35.060981676440925 37.413126045102516
  endloop
endfacet
facet normal 1.0 -6.029855591435942e-35 -1.3358640912088847e-32
  outer loop
    vertex 12.524829550895095 35.060981676440925 37.413126045102516
    vertex 12.524829550895095 35.09534987485361 5.654306999999986
    vertex 12.524829550895095 35.09534987485361 37.15430699999999
  endloop
endfacet
facet normal 0.0 -1.0 0.0
  outer loop
    vertex 19.51873186756541 38.09534987485361 37.15430699999999
    vertex 17.53092723422478 38.09534987485361 5.654306999999986
    vertex 19.51873186756541 38.09534987485361 5.654306999999986
  endloop
endfacet
facet normal 0.0 -1.0 0.0
  outer loop
    vertex 17.53092723422478 38.09534987485361 5.654306999999986
    vertex 19.51873186756541 38.09534987485361 37.15430699999999
    vertex 17.53092723422478 38.09534987485361 37.15430699999999
  endloop
endfacet
facet normal 0.0 -1.0 0.0
  outer loop
    vertex 17.53092723422478 38.09534987485361 37.15430699999999
    vertex 19.51873186756541 38.09534987485361 37.15430699999999
    vertex 19.48457323554326 38.09534987485361 37.413126045102516
  endloop
endfacet
facet normal 0.0 -1.0 0.0
  outer loop
    vertex 17.53092723422478 38.09534987485361 37.15430699999999
    vertex 19.48457323554326 38.09534987485361 37.413126045102516
    vertex 17.53092723422478 38.09534987485361 38.15430699999999
  endloop
endfacet
facet normal 0.0 -1.0 0.0
  outer loop
    vertex 17.53092723422478 38.09534987485361 38.15430699999999
    vertex 19.48457323554326 38.09534987485361 37.413126045102516
    vertex 19.384425193799306 38.09534987485361 37.65430699999999
  endloop
endfacet
facet normal 0.0 -1.0 0.0
  outer loop
    vertex 17.53092723422478 38.09534987485361 38.15430699999999
    vertex 19.384425193799306 38.09534987485361 37.65430699999999
    vertex 19.22511266587593 38.09534987485361 37.861413781186535
  endloop
endfacet
facet normal 0.0 -1.0 0.0
  outer loop
    vertex 17.53092723422478 38.09534987485361 38.15430699999999
    vertex 19.22511266587593 38.09534987485361 37.861413781186535
    vertex 19.01749253727472 38.09534987485361 38.02033240378443
  endloop
endfacet
facet normal 0.0 -1.0 0.0
  outer loop
    vertex 17.53092723422478 38.09534987485361 38.15430699999999
    vertex 19.01749253727472 38.09534987485361 38.02033240378443
    vertex 18.775713776651354 38.09534987485361 38.120232826289055
  endloop
endfacet
facet normal 0.0 -1.0 0.0
  outer loop
    vertex 17.53092723422478 38.09534987485361 38.15430699999999
    vertex 18.775713776651354 38.09534987485361 38.120232826289055
    vertex 18.516253206984025 38.09534987485361 38.15430699999999
  endloop
endfacet
facet normal -1.0 0.0 4.947309618505083e-16
  outer loop
    vertex 31.12482955089507 35.09534987485361 42.154306999999996
    vertex 31.12482955089505 23.095349874853603 5.154306999999993
    vertex 31.12482955089507 23.095349874853603 42.154306999999996
  endloop
endfacet
facet normal -1.0 0.0 4.947309618505083e-16
  outer loop
    vertex 31.12482955089505 23.095349874853603 5.154306999999993
    vertex 31.12482955089507 35.09534987485361 42.154306999999996
    vertex 31.12482955089505 35.09534987485361 5.154306999999993
  endloop
endfacet
facet normal -1.4961318972770313e-07 -0.9999999995634044 2.9549435990632592e-05
  outer loop
    vertex 44.52482955089507 38.09534994563282 5.654306999999989
    vertex 40.51645356656757 38.09534987485361 37.15430699999999
    vertex 40.51645356656757 38.09534987485361 5.654306999999986
  endloop
endfacet
facet normal -1.4961318972770313e-07 -0.9999999995634044 2.9549435990632592e-05
  outer loop
    vertex 40.51645356656757 38.09534987485361 37.15430699999999
    vertex 44.52482955089507 38.09534994563282 5.654306999999989
    vertex 44.52482955089507 38.09534994563282 42.15430699999999
  endloop
endfacet
facet normal -1.4961318972770313e-07 -0.9999999995634044 2.9549435990632592e-05
  outer loop
    vertex 40.51645356656757 38.09534987485361 37.15430699999999
    vertex 44.52482955089507 38.09534994563282 42.15430699999999
    vertex 40.51645356656757 38.09534987485361 38.15430699999999
  endloop
endfacet
facet normal -1.4961318972770313e-07 -0.9999999995634044 2.9549435990632592e-05
  outer loop
    vertex 40.51645356656757 38.09534987485361 38.15430699999999
    vertex 44.52482955089507 38.09534994563282 42.15430699999999
    vertex 39.5162728663535 38.09534987485361 38.15430699999999
  endloop
endfacet
facet normal -1.4961318972770313e-07 -0.9999999995634044 2.9549435990632592e-05
  outer loop
    vertex 39.5162728663535 38.09534987485361 38.15430699999999
    vertex 44.52482955089507 38.09534994563282 42.15430699999999
    vertex 38.53320553522257 38.09534987485361 38.15430699999999
  endloop
endfacet
facet normal -1.4961318972770313e-07 -0.9999999995634044 2.9549435990632592e-05
  outer loop
    vertex 38.53320553522257 38.09534987485361 38.15430699999999
    vertex 44.52482955089507 38.09534994563282 42.15430699999999
    vertex 30.016274441397467 38.09534987485361 38.15430699999999
  endloop
endfacet
facet normal -1.4961318972770313e-07 -0.9999999995634044 2.9549435990632592e-05
  outer loop
    vertex 30.016274441397467 38.09534987485361 38.15430699999999
    vertex 44.52482955089507 38.09534994563282 42.15430699999999
    vertex 29.033384689772635 38.09534987485361 38.15430699999999
  endloop
endfacet
facet normal -1.4961318972770313e-07 -0.9999999995634044 2.9549435990632592e-05
  outer loop
    vertex 29.033384689772635 38.09534987485361 38.15430699999999
    vertex 44.52482955089507 38.09534994563282 42.15430699999999
    vertex 28.03338466039272 38.09534987485361 38.15430699999999
  endloop
endfacet
facet normal -1.4961318972770313e-07 -0.9999999995634044 2.9549435990632592e-05
  outer loop
    vertex 28.03338466039272 38.09534987485361 38.15430699999999
    vertex 44.52482955089507 38.09534994563282 42.15430699999999
    vertex 19.51873186756541 38.09534987485361 38.15430699999999
  endloop
endfacet
facet normal -1.4961318972770313e-07 -0.9999999995634044 2.9549435990632592e-05
  outer loop
    vertex 19.51873186756541 38.09534987485361 38.15430699999999
    vertex 44.52482955089507 38.09534994563282 42.15430699999999
    vertex 18.516253206984025 38.09534987485361 38.15430699999999
  endloop
endfacet
facet normal -1.4961318972770313e-07 -0.9999999995634044 2.9549435990632592e-05
  outer loop
    vertex 18.516253206984025 38.09534987485361 38.15430699999999
    vertex 44.52482955089507 38.09534994563282 42.15430699999999
    vertex 17.53092723422478 38.09534987485361 38.15430699999999
  endloop
endfacet
facet normal -1.4961318972770313e-07 -0.9999999995634044 2.9549435990632592e-05
  outer loop
    vertex 17.53092723422478 38.09534987485361 37.15430699999999
    vertex 13.524829550895097 38.09535001594663 5.654306999999989
    vertex 17.53092723422478 38.09534987485361 5.654306999999986
  endloop
endfacet
facet normal -1.4961318972770313e-07 -0.9999999995634044 2.9549435990632592e-05
  outer loop
    vertex 13.524829550895097 38.09535001594663 5.654306999999989
    vertex 17.53092723422478 38.09534987485361 37.15430699999999
    vertex 13.524829550895097 38.09535001705256 42.15430699999999
  endloop
endfacet
facet normal -1.4961318972770313e-07 -0.9999999995634044 2.9549435990632592e-05
  outer loop
    vertex 13.524829550895097 38.09535001705256 42.15430699999999
    vertex 17.53092723422478 38.09534987485361 37.15430699999999
    vertex 17.53092723422478 38.09534987485361 38.15430699999999
  endloop
endfacet
facet normal -1.4961318972770313e-07 -0.9999999995634044 2.9549435990632592e-05
  outer loop
    vertex 13.524829550895097 38.09535001705256 42.15430699999999
    vertex 17.53092723422478 38.09534987485361 38.15430699999999
    vertex 44.52482955089507 38.09534994563282 42.15430699999999
  endloop
endfacet
facet normal -1.4961318972770313e-07 -0.9999999995634044 2.9549435990632592e-05
  outer loop
    vertex 28.03338466039272 38.09534987485361 37.15430699999999
    vertex 19.51873186756541 38.09534987485361 5.654306999999986
    vertex 28.03338466039272 38.09534987485361 5.654306999999986
  endloop
endfacet
facet normal -1.4961318972770313e-07 -0.9999999995634044 2.9549435990632592e-05
  outer loop
    vertex 19.51873186756541 38.09534987485361 5.654306999999986
    vertex 28.03338466039272 38.09534987485361 37.15430699999999
    vertex 19.51873186756541 38.09534987485361 37.15430699999999
  endloop
endfacet
facet normal -1.4961318972770313e-07 -0.9999999995634044 2.9549435990632592e-05
  outer loop
    vertex 19.51873186756541 38.09534987485361 37.15430699999999
    vertex 28.03338466039272 38.09534987485361 37.15430699999999
    vertex 28.03338466039272 38.09534987485361 38.15430699999999
  endloop
endfacet
facet normal -1.4961318972770313e-07 -0.9999999995634044 2.9549435990632592e-05
  outer loop
    vertex 19.51873186756541 38.09534987485361 37.15430699999999
    vertex 28.03338466039272 38.09534987485361 38.15430699999999
    vertex 19.51873186756541 38.09534987485361 38.15430699999999
  endloop
endfacet
facet normal -1.4961318972770313e-07 -0.9999999995634044 2.9549435990632592e-05
  outer loop
    vertex 28.03338466039272 38.09534987485361 38.15430699999999
    vertex 29.001847488866815 38.113009255594235 38.150097003311714
    vertex 29.033384689772635 38.09534987485361 38.15430699999999
  endloop
endfacet
facet normal -1.4961318972770313e-07 -0.9999999995634044 2.9549435990632592e-05
  outer loop
    vertex 38.53320553522257 38.09534987485361 37.15430699999999
    vertex 30.016274441397467 38.09534987485361 5.654306999999986
    vertex 38.53320553522257 38.09534987485361 5.654306999999986
  endloop
endfacet
facet normal -1.4961318972770313e-07 -0.9999999995634044 2.9549435990632592e-05
  outer loop
    vertex 30.016274441397467 38.09534987485361 5.654306999999986
    vertex 38.53320553522257 38.09534987485361 37.15430699999999
    vertex 30.016274441397467 38.09534987485361 37.15430699999999
  endloop
endfacet
facet normal -1.4961318972770313e-07 -0.9999999995634044 2.9549435990632592e-05
  outer loop
    vertex 30.016274441397467 38.09534987485361 37.15430699999999
    vertex 38.53320553522257 38.09534987485361 37.15430699999999
    vertex 38.53320553522257 38.09534987485361 38.15430699999999
  endloop
endfacet
facet normal -1.4961318972770313e-07 -0.9999999995634044 2.9549435990632592e-05
  outer loop
    vertex 30.016274441397467 38.09534987485361 37.15430699999999
    vertex 38.53320553522257 38.09534987485361 38.15430699999999
    vertex 30.016274441397467 38.09534987485361 38.15430699999999
  endloop
endfacet
facet normal -0.3826834881801956 -0.9238795093919111 -2.2058576882099619e-32
  outer loop
    vertex 45.02482955089507 37.961375314027656 42.15430699999999
    vertex 44.78364859599759 38.06127575360288 5.654306999999989
    vertex 45.02482955089507 37.961375314027656 5.654306999999989
  endloop
endfacet
facet normal -0.3826834881801956 -0.9238795093919111 -2.2058576882099619e-32
  outer loop
    vertex 44.78364859599759 38.06127575360288 5.654306999999989
    vertex 45.02482955089507 37.961375314027656 42.15430699999999
    vertex 44.78364859599759 38.06127575360288 42.15430699999999
  endloop
endfacet
facet normal -0.9238795364779496 -0.3826834227887188 4.568480855607498e-33
  outer loop
    vertex 45.39085495467951 37.59534988433622 42.15430699999999
    vertex 45.490755377184136 37.35416892236786 5.654306999999989
    vertex 45.490755377184136 37.35416892236786 42.15430699999999
  endloop
endfacet
facet normal -0.9238795364779496 -0.3826834227887188 4.568480855607498e-33
  outer loop
    vertex 45.490755377184136 37.35416892236786 5.654306999999989
    vertex 45.39085495467951 37.59534988433622 42.15430699999999
    vertex 45.39085495467951 37.59534988433622 5.654306999999989
  endloop
endfacet
facet normal -0.6087614643519117 -0.7933533131714496 7.267404151600162e-33
  outer loop
    vertex 45.23193633208162 37.80245667677091 42.15430699999999
    vertex 45.02482955089507 37.961375314027656 5.654306999999989
    vertex 45.23193633208162 37.80245667677091 5.654306999999989
  endloop
endfacet
facet normal -0.6087614643519117 -0.7933533131714496 7.267404151600162e-33
  outer loop
    vertex 45.02482955089507 37.961375314027656 5.654306999999989
    vertex 45.23193633208162 37.80245667677091 42.15430699999999
    vertex 45.02482955089507 37.961375314027656 42.15430699999999
  endloop
endfacet
facet normal -0.9914448615312084 -0.1305261910244959 1.0277660933895356e-32
  outer loop
    vertex 45.490755377184136 37.35416892236786 42.15430699999999
    vertex 45.52482955089507 37.0953498748536 5.654306999999989
    vertex 45.52482955089507 37.0953498748536 42.15430699999999
  endloop
endfacet
facet normal -0.9914448615312084 -0.1305261910244959 1.0277660933895356e-32
  outer loop
    vertex 45.52482955089507 37.0953498748536 5.654306999999989
    vertex 45.490755377184136 37.35416892236786 42.15430699999999
    vertex 45.490755377184136 37.35416892236786 5.654306999999989
  endloop
endfacet
facet normal -0.7933533562591055 -0.6087614081989863 1.6661673973209539e-19
  outer loop
    vertex 45.23193633208162 37.80245667677091 42.15430699999999
    vertex 45.39085495467951 37.59534988433622 5.654306999999989
    vertex 45.39085495467951 37.59534988433622 42.15430699999999
  endloop
endfacet
facet normal -0.7933533562591055 -0.6087614081989863 1.6661673973209539e-19
  outer loop
    vertex 45.39085495467951 37.59534988433622 5.654306999999989
    vertex 45.23193633208162 37.80245667677091 42.15430699999999
    vertex 45.23193633208162 37.80245667677091 5.654306999999989
  endloop
endfacet
facet normal -0.13052626119818744 -0.9914448522926641 -1.1835884591192076e-32
  outer loop
    vertex 44.78364859599759 38.06127575360288 42.15430699999999
    vertex 44.52482955089507 38.09534994563282 5.654306999999989
    vertex 44.78364859599759 38.06127575360288 5.654306999999989
  endloop
endfacet
facet normal -0.13052626119818744 -0.9914448522926641 -1.1835884591192076e-32
  outer loop
    vertex 44.52482955089507 38.09534994563282 5.654306999999989
    vertex 44.78364859599759 38.06127575360288 42.15430699999999
    vertex 44.52482955089507 38.09534994563282 42.15430699999999
  endloop
endfacet
facet normal -6.820041092773774e-16 6.820040130513477e-16 -1.0
  outer loop
    vertex 12.524829550895095 38.09534987485361 5.6543069999999895
    vertex 12.558903724606028 37.354168924763734 5.654306999999989
    vertex 12.524829550895095 37.095349874853575 5.654306999999989
  endloop
endfacet
facet normal -6.820041092773774e-16 6.820040130513477e-16 -1.0
  outer loop
    vertex 12.558903724606028 37.354168924763734 5.654306999999989
    vertex 12.524829550895095 38.09534987485361 5.6543069999999895
    vertex 12.658804147110658 37.59534989375647 5.654306999999989
  endloop
endfacet
facet normal -6.820041092773774e-16 6.820040130513477e-16 -1.0
  outer loop
    vertex 12.658804147110658 37.59534989375647 5.654306999999989
    vertex 12.524829550895095 38.09534987485361 5.6543069999999895
    vertex 12.817722769708547 37.802456697365336 5.654306999999989
  endloop
endfacet
facet normal -6.820041092773774e-16 6.820040130513477e-16 -1.0
  outer loop
    vertex 12.817722769708547 37.802456697365336 5.654306999999989
    vertex 12.524829550895095 38.09534987485361 5.6543069999999895
    vertex 13.024829550895097 37.96137534918456 5.654306999999989
  endloop
endfacet
facet normal -6.820041092773774e-16 6.820040130513477e-16 -1.0
  outer loop
    vertex 13.024829550895097 37.96137534918456 5.654306999999989
    vertex 12.524829550895095 38.09534987485361 5.6543069999999895
    vertex 13.266010505792577 38.06127580571813 5.654306999999989
  endloop
endfacet
facet normal -6.820041092773774e-16 6.820040130513477e-16 -1.0
  outer loop
    vertex 13.266010505792577 38.06127580571813 5.654306999999989
    vertex 12.524829550895095 38.09534987485361 5.6543069999999895
    vertex 13.524829550895097 38.09535001594663 5.654306999999989
  endloop
endfacet
facet normal 1.0 0.0 0.0
  outer loop
    vertex 12.524829550895095 33.09534987485361 5.654306999999986
    vertex 12.524829550895095 25.0953498748536 37.15430699999999
    vertex 12.524829550895095 25.0953498748536 5.654306999999986
  endloop
endfacet
facet normal 1.0 0.0 0.0
  outer loop
    vertex 12.524829550895095 25.0953498748536 37.15430699999999
    vertex 12.524829550895095 33.09534987485361 5.654306999999986
    vertex 12.524829550895095 25.0953498748536 38.15430699999999
  endloop
endfacet
facet normal 1.0 0.0 0.0
  outer loop
    vertex 12.524829550895095 25.0953498748536 38.15430699999999
    vertex 12.524829550895095 33.09534987485361 5.654306999999986
    vertex 12.524829550895095 33.09534987485361 37.15430699999999
  endloop
endfacet
facet normal 1.0 0.0 0.0
  outer loop
    vertex 12.524829550895095 37.095349874853575 5.654306999999989
    vertex 12.524829550895095 35.09534987485361 37.15430699999999
    vertex 12.524829550895095 35.09534987485361 5.654306999999986
  endloop
endfacet
facet normal 1.0 0.0 0.0
  outer loop
    vertex 12.524829550895095 35.09534987485361 37.15430699999999
    vertex 12.524829550895095 37.095349874853575 5.654306999999989
    vertex 12.524829550895095 35.09534987485361 38.15430699999999
  endloop
endfacet
facet normal 1.0 0.0 0.0
  outer loop
    vertex 12.524829550895095 23.095349874853603 5.654306999999986
    vertex 12.524829550895095 21.095349874853607 42.15430699999999
    vertex 12.524829550895095 21.095349874853607 5.654306999999989
  endloop
endfacet
facet normal 1.0 0.0 0.0
  outer loop
    vertex 12.524829550895095 21.095349874853607 42.15430699999999
    vertex 12.524829550895095 23.095349874853603 5.654306999999986
    vertex 12.524829550895095 23.095349874853603 38.15430699999999
  endloop
endfacet
facet normal 1.0 0.0 0.0
  outer loop
    vertex 12.524829550895095 21.095349874853607 42.15430699999999
    vertex 12.524829550895095 23.095349874853603 38.15430699999999
    vertex 12.524829550895095 37.095349874853575 42.15430699999999
  endloop
endfacet
facet normal 1.0 0.0 0.0
  outer loop
    vertex 12.524829550895095 23.095349874853603 38.15430699999999
    vertex 12.524829550895095 23.095349874853603 5.654306999999986
    vertex 12.524829550895095 23.095349874853603 37.15430699999999
  endloop
endfacet
facet normal 1.0 0.0 0.0
  outer loop
    vertex 12.524829550895095 37.095349874853575 42.15430699999999
    vertex 12.524829550895095 23.095349874853603 38.15430699999999
    vertex 12.524829550895095 24.103978835433757 38.15430699999999
  endloop
endfacet
facet normal 1.0 0.0 0.0
  outer loop
    vertex 12.524829550895095 37.095349874853575 42.15430699999999
    vertex 12.524829550895095 24.103978835433757 38.15430699999999
    vertex 12.524829550895095 25.0953498748536 38.15430699999999
  endloop
endfacet
facet normal 1.0 0.0 0.0
  outer loop
    vertex 12.524829550895095 37.095349874853575 42.15430699999999
    vertex 12.524829550895095 25.0953498748536 38.15430699999999
    vertex 12.524829550895095 33.09534987485361 38.15430699999999
  endloop
endfacet
facet normal 1.0 0.0 0.0
  outer loop
    vertex 12.524829550895095 33.09534987485361 38.15430699999999
    vertex 12.524829550895095 25.0953498748536 38.15430699999999
    vertex 12.524829550895095 33.09534987485361 37.15430699999999
  endloop
endfacet
facet normal 1.0 0.0 0.0
  outer loop
    vertex 12.524829550895095 37.095349874853575 42.15430699999999
    vertex 12.524829550895095 33.09534987485361 38.15430699999999
    vertex 12.524829550895095 34.08672091427346 38.15430699999999
  endloop
endfacet
facet normal 1.0 0.0 0.0
  outer loop
    vertex 12.524829550895095 37.095349874853575 42.15430699999999
    vertex 12.524829550895095 34.08672091427346 38.15430699999999
    vertex 12.524829550895095 35.09534987485361 38.15430699999999
  endloop
endfacet
facet normal 1.0 0.0 0.0
  outer loop
    vertex 12.524829550895095 37.095349874853575 42.15430699999999
    vertex 12.524829550895095 35.09534987485361 38.15430699999999
    vertex 12.524829550895095 37.095349874853575 5.654306999999989
  endloop
endfacet
facet normal 0.9238795404495138 -0.3826834132005142 9.742547127343859e-13
  outer loop
    vertex 12.658804147110658 37.59534989375647 5.654306999999989
    vertex 12.558903724606028 37.354168924801414 42.15430699999999
    vertex 12.558903724606028 37.354168924763734 5.654306999999989
  endloop
endfacet
facet normal 0.9238795404495138 -0.3826834132005142 9.742547127343859e-13
  outer loop
    vertex 12.558903724606028 37.354168924801414 42.15430699999999
    vertex 12.658804147110658 37.59534989375647 5.654306999999989
    vertex 12.658804147110658 37.59534989390464 42.15430699999999
  endloop
endfacet
facet normal 0.7933533722467488 -0.6087613873634822 3.936809608027966e-12
  outer loop
    vertex 12.817722769708547 37.802456697365336 5.654306999999989
    vertex 12.658804147110658 37.59534989390464 42.15430699999999
    vertex 12.658804147110658 37.59534989375647 5.654306999999989
  endloop
endfacet
facet normal 0.7933533722467488 -0.6087613873634822 3.936809608027966e-12
  outer loop
    vertex 12.658804147110658 37.59534989390464 42.15430699999999
    vertex 12.817722769708547 37.802456697365336 5.654306999999989
    vertex 12.817722769708547 37.80245669768925 42.15430699999999
  endloop
endfacet
facet normal 0.38268354406434824 -0.9238794862439311 1.7372130204652764e-11
  outer loop
    vertex 13.266010505792577 38.06127580653783 42.15430699999999
    vertex 13.024829550895097 37.96137534918456 5.654306999999989
    vertex 13.266010505792577 38.06127580571813 5.654306999999989
  endloop
endfacet
facet normal 0.38268354406434824 -0.9238794862439311 1.7372130204652764e-11
  outer loop
    vertex 13.024829550895097 37.96137534918456 5.654306999999989
    vertex 13.266010505792577 38.06127580653783 42.15430699999999
    vertex 13.024829550895097 37.961375349737516 42.15430699999999
  endloop
endfacet
facet normal 0.13052633026165195 -0.9914448432002791 2.6152681840673994e-11
  outer loop
    vertex 13.524829550895097 38.09535001705256 42.15430699999999
    vertex 13.266010505792577 38.06127580571813 5.654306999999989
    vertex 13.524829550895097 38.09535001594663 5.654306999999989
  endloop
endfacet
facet normal 0.13052633026165195 -0.9914448432002791 2.6152681840673994e-11
  outer loop
    vertex 13.266010505792577 38.06127580571813 5.654306999999989
    vertex 13.524829550895097 38.09535001705256 42.15430699999999
    vertex 13.266010505792577 38.06127580653783 42.15430699999999
  endloop
endfacet
facet normal 0.9914448616888013 -0.13052618982745792 6.737366326649057e-14
  outer loop
    vertex 12.558903724606028 37.354168924763734 5.654306999999989
    vertex 12.524829550895095 37.095349874853575 42.15430699999999
    vertex 12.524829550895095 37.095349874853575 5.654306999999989
  endloop
endfacet
facet normal 0.9914448616888013 -0.13052618982745792 6.737366326649057e-14
  outer loop
    vertex 12.524829550895095 37.095349874853575 42.15430699999999
    vertex 12.558903724606028 37.354168924763734 5.654306999999989
    vertex 12.558903724606028 37.354168924801414 42.15430699999999
  endloop
endfacet
facet normal 0.6087614997388112 -0.7933532860181228 9.529801537909154e-12
  outer loop
    vertex 13.024829550895097 37.961375349737516 42.15430699999999
    vertex 12.817722769708547 37.802456697365336 5.654306999999989
    vertex 13.024829550895097 37.96137534918456 5.654306999999989
  endloop
endfacet
facet normal 0.6087614997388112 -0.7933532860181228 9.529801537909154e-12
  outer loop
    vertex 12.817722769708547 37.802456697365336 5.654306999999989
    vertex 13.024829550895097 37.961375349737516 42.15430699999999
    vertex 12.817722769708547 37.80245669768925 42.15430699999999
  endloop
endfacet
facet normal 3.598316400546111e-15 -6.413736697049796e-16 -1.0
  outer loop
    vertex 44.78364859599759 20.129423999059128 5.654306999999987
    vertex 45.52482955089507 20.095349874853603 5.6543069999999895
    vertex 44.52482955089507 20.095349808060995 5.654306999999986
  endloop
endfacet
facet normal 3.598316400546111e-15 -6.413736697049796e-16 -1.0
  outer loop
    vertex 45.52482955089507 20.095349874853603 5.6543069999999895
    vertex 44.78364859599759 20.129423999059128 5.654306999999987
    vertex 45.02482955089507 20.22932443767286 5.654306999999988
  endloop
endfacet
facet normal 3.598316400546111e-15 -6.413736697049796e-16 -1.0
  outer loop
    vertex 45.52482955089507 20.095349874853603 5.6543069999999895
    vertex 45.02482955089507 20.22932443767286 5.654306999999988
    vertex 45.23193633208162 20.388243074103958 5.654306999999989
  endloop
endfacet
facet normal 3.598316400546111e-15 -6.413736697049796e-16 -1.0
  outer loop
    vertex 45.52482955089507 20.095349874853603 5.6543069999999895
    vertex 45.23193633208162 20.388243074103958 5.654306999999989
    vertex 45.39085495467951 20.595349865905096 5.654306999999989
  endloop
endfacet
facet normal 3.598316400546111e-15 -6.413736697049796e-16 -1.0
  outer loop
    vertex 45.52482955089507 20.095349874853603 5.6543069999999895
    vertex 45.39085495467951 20.595349865905096 5.654306999999989
    vertex 45.490755377184136 20.836530827475183 5.654306999999989
  endloop
endfacet
facet normal 3.598316400546111e-15 -6.413736697049796e-16 -1.0
  outer loop
    vertex 45.52482955089507 20.095349874853603 5.6543069999999895
    vertex 45.490755377184136 20.836530827475183 5.654306999999989
    vertex 45.52482955089507 21.095349874853614 5.654306999999989
  endloop
endfacet
facet normal 8.755249844688337e-08 0.9999999998856894 1.5119979448178998e-05
  outer loop
    vertex 13.524829550895094 20.095349833341118 42.15430699999999
    vertex 17.524829550895095 20.095349874853603 5.654306999999992
    vertex 13.524829550895097 20.095349833341118 5.6543069999999895
  endloop
endfacet
facet normal 8.755249844688337e-08 0.9999999998856894 1.5119979448178998e-05
  outer loop
    vertex 17.524829550895095 20.095349874853603 5.654306999999992
    vertex 13.524829550895094 20.095349833341118 42.15430699999999
    vertex 17.524829550895095 20.095349874853603 37.15430699999999
  endloop
endfacet
facet normal 8.755249844688337e-08 0.9999999998856894 1.5119979448178998e-05
  outer loop
    vertex 17.524829550895095 20.095349874853603 37.15430699999999
    vertex 13.524829550895094 20.095349833341118 42.15430699999999
    vertex 17.524829550895095 20.095349874853603 38.15430699999999
  endloop
endfacet
facet normal 8.755249844688337e-08 0.9999999998856894 1.5119979448178998e-05
  outer loop
    vertex 17.524829550895095 20.095349874853603 38.15430699999999
    vertex 13.524829550895094 20.095349833341118 42.15430699999999
    vertex 18.533458511475246 20.095349874853603 38.15430699999999
  endloop
endfacet
facet normal 8.755249844688337e-08 0.9999999998856894 1.5119979448178998e-05
  outer loop
    vertex 18.533458511475246 20.095349874853603 38.15430699999999
    vertex 13.524829550895094 20.095349833341118 42.15430699999999
    vertex 19.524829550895095 20.095349874853603 38.15430699999999
  endloop
endfacet
facet normal 8.755249844688337e-08 0.9999999998856894 1.5119979448178998e-05
  outer loop
    vertex 19.524829550895095 20.095349874853603 38.15430699999999
    vertex 13.524829550895094 20.095349833341118 42.15430699999999
    vertex 28.024829550895085 20.095349874853603 38.15430699999999
  endloop
endfacet
facet normal 8.755249844688337e-08 0.9999999998856894 1.5119979448178998e-05
  outer loop
    vertex 28.024829550895085 20.095349874853603 38.15430699999999
    vertex 13.524829550895094 20.095349833341118 42.15430699999999
    vertex 29.016200590314927 20.095349874853603 38.15430699999999
  endloop
endfacet
facet normal 8.755249844688337e-08 0.9999999998856894 1.5119979448178998e-05
  outer loop
    vertex 29.016200590314927 20.095349874853603 38.15430699999999
    vertex 13.524829550895094 20.095349833341118 42.15430699999999
    vertex 30.02482955089508 20.095349874853603 38.15430699999999
  endloop
endfacet
facet normal 8.755249844688337e-08 0.9999999998856894 1.5119979448178998e-05
  outer loop
    vertex 30.02482955089508 20.095349874853603 38.15430699999999
    vertex 13.524829550895094 20.095349833341118 42.15430699999999
    vertex 38.52482955089506 20.095349874853603 38.15430699999999
  endloop
endfacet
facet normal 8.755249844688337e-08 0.9999999998856894 1.5119979448178998e-05
  outer loop
    vertex 38.52482955089506 20.095349874853603 38.15430699999999
    vertex 13.524829550895094 20.095349833341118 42.15430699999999
    vertex 39.53345851147522 20.095349874853603 38.15430699999999
  endloop
endfacet
facet normal 8.755249844688337e-08 0.9999999998856894 1.5119979448178998e-05
  outer loop
    vertex 39.53345851147522 20.095349874853603 38.15430699999999
    vertex 13.524829550895094 20.095349833341118 42.15430699999999
    vertex 40.52482955089507 20.095349874853603 38.15430699999999
  endloop
endfacet
facet normal 8.755249844688337e-08 0.9999999998856894 1.5119979448178998e-05
  outer loop
    vertex 40.52482955089507 20.095349874853603 37.15430699999999
    vertex 44.52482955089507 20.095349808060995 5.654306999999986
    vertex 40.52482955089507 20.095349874853603 5.654306999999975
  endloop
endfacet
facet normal 8.755249844688337e-08 0.9999999998856894 1.5119979448178998e-05
  outer loop
    vertex 44.52482955089507 20.095349808060995 5.654306999999986
    vertex 40.52482955089507 20.095349874853603 37.15430699999999
    vertex 44.52482955089507 20.095349807412358 42.15430699999999
  endloop
endfacet
facet normal 8.755249844688337e-08 0.9999999998856894 1.5119979448178998e-05
  outer loop
    vertex 44.52482955089507 20.095349807412358 42.15430699999999
    vertex 40.52482955089507 20.095349874853603 37.15430699999999
    vertex 40.52482955089507 20.095349874853603 38.15430699999999
  endloop
endfacet
facet normal 8.755249844688337e-08 0.9999999998856894 1.5119979448178998e-05
  outer loop
    vertex 44.52482955089507 20.095349807412358 42.15430699999999
    vertex 40.52482955089507 20.095349874853603 38.15430699999999
    vertex 13.524829550895094 20.095349833341118 42.15430699999999
  endloop
endfacet
facet normal 8.755249844688337e-08 0.9999999998856894 1.5119979448178998e-05
  outer loop
    vertex 30.02482955089508 20.095349874853603 5.6543069999999975
    vertex 38.52482955089506 20.095349874853603 37.15430699999999
    vertex 38.52482955089506 20.095349874853603 5.654306999999975
  endloop
endfacet
facet normal 8.755249844688337e-08 0.9999999998856894 1.5119979448178998e-05
  outer loop
    vertex 38.52482955089506 20.095349874853603 37.15430699999999
    vertex 30.02482955089508 20.095349874853603 5.6543069999999975
    vertex 30.02482955089508 20.095349874853603 37.15430699999999
  endloop
endfacet
facet normal 8.755249844688337e-08 0.9999999998856894 1.5119979448178998e-05
  outer loop
    vertex 38.52482955089506 20.095349874853603 37.15430699999999
    vertex 30.02482955089508 20.095349874853603 37.15430699999999
    vertex 30.02482955089508 20.095349874853603 38.15430699999999
  endloop
endfacet
facet normal 8.755249844688337e-08 0.9999999998856894 1.5119979448178998e-05
  outer loop
    vertex 38.52482955089506 20.095349874853603 37.15430699999999
    vertex 30.02482955089508 20.095349874853603 38.15430699999999
    vertex 38.52482955089506 20.095349874853603 38.15430699999999
  endloop
endfacet
facet normal 8.755249844688337e-08 0.9999999998856894 1.5119979448178998e-05
  outer loop
    vertex 30.02482955089508 20.095349874853603 38.15430699999999
    vertex 29.051103918441104 20.08631355659709 38.14975202040948
    vertex 29.016200590314927 20.095349874853603 38.15430699999999
  endloop
endfacet
facet normal 8.755249844688337e-08 0.9999999998856894 1.5119979448178998e-05
  outer loop
    vertex 19.524829550895095 20.095349874853603 37.15430699999999
    vertex 28.024829550895085 20.095349874853603 5.6543069999999975
    vertex 19.524829550895095 20.095349874853603 5.654306999999992
  endloop
endfacet
facet normal 8.755249844688337e-08 0.9999999998856894 1.5119979448178998e-05
  outer loop
    vertex 28.024829550895085 20.095349874853603 5.6543069999999975
    vertex 19.524829550895095 20.095349874853603 37.15430699999999
    vertex 28.024829550895085 20.095349874853603 37.15430699999999
  endloop
endfacet
facet normal 8.755249844688337e-08 0.9999999998856894 1.5119979448178998e-05
  outer loop
    vertex 28.024829550895085 20.095349874853603 37.15430699999999
    vertex 19.524829550895095 20.095349874853603 37.15430699999999
    vertex 19.524829550895095 20.095349874853603 38.15430699999999
  endloop
endfacet
facet normal 8.755249844688337e-08 0.9999999998856894 1.5119979448178998e-05
  outer loop
    vertex 28.024829550895085 20.095349874853603 37.15430699999999
    vertex 19.524829550895095 20.095349874853603 38.15430699999999
    vertex 28.024829550895085 20.095349874853603 38.15430699999999
  endloop
endfacet
facet normal 0.9914448614661255 0.1305261915188496 -2.7412562522035775e-20
  outer loop
    vertex 12.524829550895095 21.095349874853607 5.654306999999989
    vertex 12.558903724606028 20.83653082833658 42.15430699999999
    vertex 12.558903724606028 20.83653082833658 5.654306999999989
  endloop
endfacet
facet normal 0.9914448614661255 0.1305261915188496 -2.7412562522035775e-20
  outer loop
    vertex 12.558903724606028 20.83653082833658 42.15430699999999
    vertex 12.524829550895095 21.095349874853607 5.654306999999989
    vertex 12.524829550895095 21.095349874853607 42.15430699999999
  endloop
endfacet
facet normal 0.7933533496565013 0.6087614168036681 0.0
  outer loop
    vertex 12.658804147110658 20.595349869291987 5.6543069999999895
    vertex 12.817722769708547 20.38824308150833 42.15430699999999
    vertex 12.817722769708547 20.38824308150833 5.6543069999999895
  endloop
endfacet
facet normal 0.7933533496565013 0.6087614168036681 0.0
  outer loop
    vertex 12.817722769708547 20.38824308150833 42.15430699999999
    vertex 12.658804147110658 20.595349869291987 5.6543069999999895
    vertex 12.658804147110658 20.595349869291987 42.15430699999999
  endloop
endfacet
facet normal 0.9238795348377582 0.38268342674849093 -3.23040392097171e-33
  outer loop
    vertex 12.558903724606028 20.83653082833658 5.654306999999989
    vertex 12.658804147110658 20.595349869291987 42.15430699999999
    vertex 12.658804147110658 20.595349869291987 5.6543069999999895
  endloop
endfacet
facet normal 0.9238795348377582 0.38268342674849093 -3.23040392097171e-33
  outer loop
    vertex 12.658804147110658 20.595349869291987 42.15430699999999
    vertex 12.558903724606028 20.83653082833658 5.654306999999989
    vertex 12.558903724606028 20.83653082833658 42.15430699999999
  endloop
endfacet
facet normal 0.13052623267619068 0.9914448560476578 1.0113853574552707e-17
  outer loop
    vertex 13.266010505792574 20.12942401779627 42.15430699999999
    vertex 13.524829550895097 20.095349833341118 5.6543069999999895
    vertex 13.266010505792577 20.12942401779627 5.6543069999999895
  endloop
endfacet
facet normal 0.13052623267619068 0.9914448560476578 1.0113853574552707e-17
  outer loop
    vertex 13.524829550895097 20.095349833341118 5.6543069999999895
    vertex 13.266010505792574 20.12942401779627 42.15430699999999
    vertex 13.524829550895094 20.095349833341118 42.15430699999999
  endloop
endfacet
facet normal 0.38268346510102347 0.9238795189516182 1.4788001623075244e-17
  outer loop
    vertex 13.024829550895095 20.229324450312923 42.15430699999999
    vertex 13.266010505792577 20.12942401779627 5.6543069999999895
    vertex 13.024829550895095 20.229324450312923 5.6543069999999895
  endloop
endfacet
facet normal 0.38268346510102347 0.9238795189516182 1.4788001623075244e-17
  outer loop
    vertex 13.266010505792577 20.12942401779627 5.6543069999999895
    vertex 13.024829550895095 20.229324450312923 42.15430699999999
    vertex 13.266010505792574 20.12942401779627 42.15430699999999
  endloop
endfacet
facet normal 0.6087614497377393 0.7933533243852994 -3.633701988567968e-33
  outer loop
    vertex 12.817722769708547 20.38824308150833 42.15430699999999
    vertex 13.024829550895095 20.229324450312923 5.6543069999999895
    vertex 12.817722769708547 20.38824308150833 5.6543069999999895
  endloop
endfacet
facet normal 0.6087614497377393 0.7933533243852994 -3.633701988567968e-33
  outer loop
    vertex 13.024829550895095 20.229324450312923 5.6543069999999895
    vertex 12.817722769708547 20.38824308150833 42.15430699999999
    vertex 13.024829550895095 20.229324450312923 42.15430699999999
  endloop
endfacet
facet normal -5.998597986496148e-17 -7.965310430669868e-16 -1.0
  outer loop
    vertex 12.558903724606028 20.83653082833658 5.654306999999989
    vertex 12.524829550895095 20.095349874853603 5.6543069999999895
    vertex 12.524829550895095 21.095349874853607 5.654306999999989
  endloop
endfacet
facet normal -5.998597986496148e-17 -7.965310430669868e-16 -1.0
  outer loop
    vertex 12.524829550895095 20.095349874853603 5.6543069999999895
    vertex 12.558903724606028 20.83653082833658 5.654306999999989
    vertex 12.658804147110658 20.595349869291987 5.6543069999999895
  endloop
endfacet
facet normal -5.998597986496148e-17 -7.965310430669868e-16 -1.0
  outer loop
    vertex 12.524829550895095 20.095349874853603 5.6543069999999895
    vertex 12.658804147110658 20.595349869291987 5.6543069999999895
    vertex 12.817722769708547 20.38824308150833 5.6543069999999895
  endloop
endfacet
facet normal -5.998597986496148e-17 -7.965310430669868e-16 -1.0
  outer loop
    vertex 12.524829550895095 20.095349874853603 5.6543069999999895
    vertex 12.817722769708547 20.38824308150833 5.6543069999999895
    vertex 13.024829550895095 20.229324450312923 5.6543069999999895
  endloop
endfacet
facet normal -5.998597986496148e-17 -7.965310430669868e-16 -1.0
  outer loop
    vertex 12.524829550895095 20.095349874853603 5.6543069999999895
    vertex 13.024829550895095 20.229324450312923 5.6543069999999895
    vertex 13.266010505792577 20.12942401779627 5.6543069999999895
  endloop
endfacet
facet normal -5.998597986496148e-17 -7.965310430669868e-16 -1.0
  outer loop
    vertex 12.524829550895095 20.095349874853603 5.6543069999999895
    vertex 13.266010505792577 20.12942401779627 5.6543069999999895
    vertex 13.524829550895097 20.095349833341118 5.6543069999999895
  endloop
endfacet
facet normal 3.06109214672758e-32 -4.5854680432850236e-32 -1.0
  outer loop
    vertex 44.52482955089507 38.09534994563282 42.15430699999999
    vertex 15.524829550895095 35.09534987485361 42.15430699999999
    vertex 13.524829550895097 38.09535001705256 42.15430699999999
  endloop
endfacet
facet normal 3.06109214672758e-32 -4.5854680432850236e-32 -1.0
  outer loop
    vertex 15.524829550895095 35.09534987485361 42.15430699999999
    vertex 44.52482955089507 38.09534994563282 42.15430699999999
    vertex 27.024829550895095 35.09534987485361 42.154307
  endloop
endfacet
facet normal 3.06109214672758e-32 -4.5854680432850236e-32 -1.0
  outer loop
    vertex 27.024829550895095 35.09534987485361 42.154307
    vertex 44.52482955089507 38.09534994563282 42.15430699999999
    vertex 31.12482955089507 35.09534987485361 42.154306999999996
  endloop
endfacet
facet normal 3.06109214672758e-32 -4.5854680432850236e-32 -1.0
  outer loop
    vertex 27.024829550895095 35.09534987485361 42.154307
    vertex 31.12482955089507 35.09534987485361 42.154306999999996
    vertex 27.024829550895095 23.095349874853603 42.154306999999996
  endloop
endfacet
facet normal 3.06109214672758e-32 -4.5854680432850236e-32 -1.0
  outer loop
    vertex 31.12482955089507 35.09534987485361 42.154306999999996
    vertex 44.52482955089507 38.09534994563282 42.15430699999999
    vertex 42.52482955089507 35.09534987485361 42.15430699999999
  endloop
endfacet
facet normal 3.06109214672758e-32 -4.5854680432850236e-32 -1.0
  outer loop
    vertex 42.52482955089507 35.09534987485361 42.15430699999999
    vertex 44.52482955089507 38.09534994563282 42.15430699999999
    vertex 42.52482955089507 23.095349874853603 42.15430699999999
  endloop
endfacet
facet normal 3.06109214672758e-32 -4.5854680432850236e-32 -1.0
  outer loop
    vertex 12.558903724606028 37.354168924801414 42.15430699999999
    vertex 12.524829550895095 21.095349874853607 42.15430699999999
    vertex 12.524829550895095 37.095349874853575 42.15430699999999
  endloop
endfacet
facet normal 3.06109214672758e-32 -4.5854680432850236e-32 -1.0
  outer loop
    vertex 12.524829550895095 21.095349874853607 42.15430699999999
    vertex 12.558903724606028 37.354168924801414 42.15430699999999
    vertex 12.558903724606028 20.83653082833658 42.15430699999999
  endloop
endfacet
facet normal 3.06109214672758e-32 -4.5854680432850236e-32 -1.0
  outer loop
    vertex 12.558903724606028 20.83653082833658 42.15430699999999
    vertex 12.558903724606028 37.354168924801414 42.15430699999999
    vertex 12.658804147110658 37.59534989390464 42.15430699999999
  endloop
endfacet
facet normal 3.06109214672758e-32 -4.5854680432850236e-32 -1.0
  outer loop
    vertex 12.558903724606028 20.83653082833658 42.15430699999999
    vertex 12.658804147110658 37.59534989390464 42.15430699999999
    vertex 12.658804147110658 20.595349869291987 42.15430699999999
  endloop
endfacet
facet normal 3.06109214672758e-32 -4.5854680432850236e-32 -1.0
  outer loop
    vertex 12.658804147110658 20.595349869291987 42.15430699999999
    vertex 12.658804147110658 37.59534989390464 42.15430699999999
    vertex 12.817722769708547 37.80245669768925 42.15430699999999
  endloop
endfacet
facet normal 3.06109214672758e-32 -4.5854680432850236e-32 -1.0
  outer loop
    vertex 12.658804147110658 20.595349869291987 42.15430699999999
    vertex 12.817722769708547 37.80245669768925 42.15430699999999
    vertex 12.817722769708547 20.38824308150833 42.15430699999999
  endloop
endfacet
facet normal 3.06109214672758e-32 -4.5854680432850236e-32 -1.0
  outer loop
    vertex 12.817722769708547 20.38824308150833 42.15430699999999
    vertex 12.817722769708547 37.80245669768925 42.15430699999999
    vertex 13.024829550895097 37.961375349737516 42.15430699999999
  endloop
endfacet
facet normal 3.06109214672758e-32 -4.5854680432850236e-32 -1.0
  outer loop
    vertex 12.817722769708547 20.38824308150833 42.15430699999999
    vertex 13.024829550895097 37.961375349737516 42.15430699999999
    vertex 13.024829550895095 20.229324450312923 42.15430699999999
  endloop
endfacet
facet normal 3.06109214672758e-32 -4.5854680432850236e-32 -1.0
  outer loop
    vertex 13.024829550895095 20.229324450312923 42.15430699999999
    vertex 13.024829550895097 37.961375349737516 42.15430699999999
    vertex 13.266010505792574 20.12942401779627 42.15430699999999
  endloop
endfacet
facet normal 3.06109214672758e-32 -4.5854680432850236e-32 -1.0
  outer loop
    vertex 13.266010505792574 20.12942401779627 42.15430699999999
    vertex 13.024829550895097 37.961375349737516 42.15430699999999
    vertex 13.266010505792577 38.06127580653783 42.15430699999999
  endloop
endfacet
facet normal 3.06109214672758e-32 -4.5854680432850236e-32 -1.0
  outer loop
    vertex 13.266010505792574 20.12942401779627 42.15430699999999
    vertex 13.266010505792577 38.06127580653783 42.15430699999999
    vertex 13.524829550895094 20.095349833341118 42.15430699999999
  endloop
endfacet
facet normal 3.06109214672758e-32 -4.5854680432850236e-32 -1.0
  outer loop
    vertex 13.524829550895094 20.095349833341118 42.15430699999999
    vertex 13.266010505792577 38.06127580653783 42.15430699999999
    vertex 13.524829550895097 38.09535001705256 42.15430699999999
  endloop
endfacet
facet normal 3.06109214672758e-32 -4.5854680432850236e-32 -1.0
  outer loop
    vertex 13.524829550895094 20.095349833341118 42.15430699999999
    vertex 13.524829550895097 38.09535001705256 42.15430699999999
    vertex 15.524829550895095 23.095349874853603 42.15430699999999
  endloop
endfacet
facet normal 3.06109214672758e-32 -4.5854680432850236e-32 -1.0
  outer loop
    vertex 13.524829550895094 20.095349833341118 42.15430699999999
    vertex 15.524829550895095 23.095349874853603 42.15430699999999
    vertex 44.52482955089507 20.095349807412358 42.15430699999999
  endloop
endfacet
facet normal 3.06109214672758e-32 -4.5854680432850236e-32 -1.0
  outer loop
    vertex 15.524829550895095 23.095349874853603 42.15430699999999
    vertex 13.524829550895097 38.09535001705256 42.15430699999999
    vertex 15.524829550895095 35.09534987485361 42.15430699999999
  endloop
endfacet
facet normal 3.06109214672758e-32 -4.5854680432850236e-32 -1.0
  outer loop
    vertex 44.52482955089507 20.095349807412358 42.15430699999999
    vertex 15.524829550895095 23.095349874853603 42.15430699999999
    vertex 27.024829550895095 23.095349874853603 42.154306999999996
  endloop
endfacet
facet normal 3.06109214672758e-32 -4.5854680432850236e-32 -1.0
  outer loop
    vertex 44.52482955089507 20.095349807412358 42.15430699999999
    vertex 27.024829550895095 23.095349874853603 42.154306999999996
    vertex 31.12482955089507 23.095349874853603 42.154306999999996
  endloop
endfacet
facet normal 3.06109214672758e-32 -4.5854680432850236e-32 -1.0
  outer loop
    vertex 31.12482955089507 23.095349874853603 42.154306999999996
    vertex 27.024829550895095 23.095349874853603 42.154306999999996
    vertex 31.12482955089507 35.09534987485361 42.154306999999996
  endloop
endfacet
facet normal 3.06109214672758e-32 -4.5854680432850236e-32 -1.0
  outer loop
    vertex 44.52482955089507 20.095349807412358 42.15430699999999
    vertex 31.12482955089507 23.095349874853603 42.154306999999996
    vertex 42.52482955089507 23.095349874853603 42.15430699999999
  endloop
endfacet
facet normal 3.06109214672758e-32 -4.5854680432850236e-32 -1.0
  outer loop
    vertex 44.52482955089507 20.095349807412358 42.15430699999999
    vertex 42.52482955089507 23.095349874853603 42.15430699999999
    vertex 44.52482955089507 38.09534994563282 42.15430699999999
  endloop
endfacet
facet normal 3.06109214672758e-32 -4.5854680432850236e-32 -1.0
  outer loop
    vertex 44.52482955089507 20.095349807412358 42.15430699999999
    vertex 44.52482955089507 38.09534994563282 42.15430699999999
    vertex 44.78364859599759 38.06127575360288 42.15430699999999
  endloop
endfacet
facet normal 3.06109214672758e-32 -4.5854680432850236e-32 -1.0
  outer loop
    vertex 44.52482955089507 20.095349807412358 42.15430699999999
    vertex 44.78364859599759 38.06127575360288 42.15430699999999
    vertex 44.78364859599759 20.12942399857837 42.15430699999999
  endloop
endfacet
facet normal 3.06109214672758e-32 -4.5854680432850236e-32 -1.0
  outer loop
    vertex 44.78364859599759 20.12942399857837 42.15430699999999
    vertex 44.78364859599759 38.06127575360288 42.15430699999999
    vertex 45.02482955089507 37.961375314027656 42.15430699999999
  endloop
endfacet
facet normal 3.06109214672758e-32 -4.5854680432850236e-32 -1.0
  outer loop
    vertex 44.78364859599759 20.12942399857837 42.15430699999999
    vertex 45.02482955089507 37.961375314027656 42.15430699999999
    vertex 45.02482955089507 20.229324437348545 42.15430699999999
  endloop
endfacet
facet normal 3.06109214672758e-32 -4.5854680432850236e-32 -1.0
  outer loop
    vertex 45.02482955089507 20.229324437348545 42.15430699999999
    vertex 45.02482955089507 37.961375314027656 42.15430699999999
    vertex 45.23193633208162 37.80245667677091 42.15430699999999
  endloop
endfacet
facet normal 3.06109214672758e-32 -4.5854680432850236e-32 -1.0
  outer loop
    vertex 45.02482955089507 20.229324437348545 42.15430699999999
    vertex 45.23193633208162 37.80245667677091 42.15430699999999
    vertex 45.23193633208162 20.388243073913976 42.15430699999999
  endloop
endfacet
facet normal 3.06109214672758e-32 -4.5854680432850236e-32 -1.0
  outer loop
    vertex 45.23193633208162 20.388243073913976 42.15430699999999
    vertex 45.23193633208162 37.80245667677091 42.15430699999999
    vertex 45.39085495467951 37.59534988433622 42.15430699999999
  endloop
endfacet
facet normal 3.06109214672758e-32 -4.5854680432850236e-32 -1.0
  outer loop
    vertex 45.23193633208162 20.388243073913976 42.15430699999999
    vertex 45.39085495467951 37.59534988433622 42.15430699999999
    vertex 45.39085495467951 20.595349865818196 42.15430699999999
  endloop
endfacet
facet normal 3.06109214672758e-32 -4.5854680432850236e-32 -1.0
  outer loop
    vertex 45.39085495467951 20.595349865818196 42.15430699999999
    vertex 45.39085495467951 37.59534988433622 42.15430699999999
    vertex 45.490755377184136 37.35416892236786 42.15430699999999
  endloop
endfacet
facet normal 3.06109214672758e-32 -4.5854680432850236e-32 -1.0
  outer loop
    vertex 45.39085495467951 20.595349865818196 42.15430699999999
    vertex 45.490755377184136 37.35416892236786 42.15430699999999
    vertex 45.490755377184136 20.836530827453085 42.15430699999999
  endloop
endfacet
facet normal 3.06109214672758e-32 -4.5854680432850236e-32 -1.0
  outer loop
    vertex 45.490755377184136 20.836530827453085 42.15430699999999
    vertex 45.490755377184136 37.35416892236786 42.15430699999999
    vertex 45.52482955089507 37.0953498748536 42.15430699999999
  endloop
endfacet
facet normal 3.06109214672758e-32 -4.5854680432850236e-32 -1.0
  outer loop
    vertex 45.490755377184136 20.836530827453085 42.15430699999999
    vertex 45.52482955089507 37.0953498748536 42.15430699999999
    vertex 45.52482955089507 21.095349874853614 42.15430699999999
  endloop
endfacet
facet normal -1.0 -2.474992431882849e-32 9.720210513949618e-32
  outer loop
    vertex 45.52482955089507 21.095349874853614 42.15430699999999
    vertex 45.52482955089507 23.095349874853603 38.15430699999999
    vertex 45.52482955089507 21.095349874853614 5.654306999999989
  endloop
endfacet
facet normal -1.0 -2.474992431882849e-32 9.720210513949618e-32
  outer loop
    vertex 45.52482955089507 23.095349874853603 38.15430699999999
    vertex 45.52482955089507 21.095349874853614 42.15430699999999
    vertex 45.52482955089507 37.0953498748536 42.15430699999999
  endloop
endfacet
facet normal -1.0 -2.474992431882849e-32 9.720210513949618e-32
  outer loop
    vertex 45.52482955089507 23.095349874853603 38.15430699999999
    vertex 45.52482955089507 37.0953498748536 42.15430699999999
    vertex 45.52482955089507 24.086720914273446 38.15430699999999
  endloop
endfacet
facet normal -1.0 -2.474992431882849e-32 9.720210513949618e-32
  outer loop
    vertex 45.52482955089507 24.086720914273446 38.15430699999999
    vertex 45.52482955089507 37.0953498748536 42.15430699999999
    vertex 45.52482955089507 25.0953498748536 38.15430699999999
  endloop
endfacet
facet normal -1.0 -2.474992431882849e-32 9.720210513949618e-32
  outer loop
    vertex 45.52482955089507 25.0953498748536 38.15430699999999
    vertex 45.52482955089507 37.0953498748536 42.15430699999999
    vertex 45.52482955089507 25.0953498748536 37.15430699999999
  endloop
endfacet
facet normal -1.0 -2.474992431882849e-32 9.720210513949618e-32
  outer loop
    vertex 45.52482955089507 25.0953498748536 37.15430699999999
    vertex 45.52482955089507 37.0953498748536 42.15430699999999
    vertex 45.52482955089507 33.10174022980557 38.15430699999999
  endloop
endfacet
facet normal -1.0 -2.474992431882849e-32 9.720210513949618e-32
  outer loop
    vertex 45.52482955089507 25.0953498748536 37.15430699999999
    vertex 45.52482955089507 33.10174022980557 38.15430699999999
    vertex 45.52482955089507 25.0953498748536 5.654306999999986
  endloop
endfacet
facet normal -1.0 -2.474992431882849e-32 9.720210513949618e-32
  outer loop
    vertex 45.52482955089507 25.0953498748536 5.654306999999986
    vertex 45.52482955089507 33.10174022980557 38.15430699999999
    vertex 45.52482955089507 32.09955676629835 5.654306999999986
  endloop
endfacet
facet normal -1.0 -2.474992431882849e-32 9.720210513949618e-32
  outer loop
    vertex 45.52482955089507 32.09955676629835 5.654306999999986
    vertex 45.52482955089507 33.10174022980557 38.15430699999999
    vertex 45.52482955089507 32.358940933340826 5.688381173710918
  endloop
endfacet
facet normal -1.0 -2.474992431882849e-32 9.720210513949618e-32
  outer loop
    vertex 45.52482955089507 32.358940933340826 5.688381173710918
    vertex 45.52482955089507 33.10174022980557 38.15430699999999
    vertex 45.52482955089507 32.60064849805196 5.788281596215548
  endloop
endfacet
facet normal -1.0 -2.474992431882849e-32 9.720210513949618e-32
  outer loop
    vertex 45.52482955089507 32.60064849805196 5.788281596215548
    vertex 45.52482955089507 33.10174022980557 38.15430699999999
    vertex 45.52482955089507 32.80820748933733 5.947200218813438
  endloop
endfacet
facet normal -1.0 -2.474992431882849e-32 9.720210513949618e-32
  outer loop
    vertex 45.52482955089507 32.80820748933733 5.947200218813438
    vertex 45.52482955089507 33.10174022980557 38.15430699999999
    vertex 45.52482955089507 32.967473104948276 6.154306999999985
  endloop
endfacet
facet normal -1.0 -2.474992431882849e-32 9.720210513949618e-32
  outer loop
    vertex 45.52482955089507 32.967473104948276 6.154306999999985
    vertex 45.52482955089507 33.10174022980557 38.15430699999999
    vertex 45.52482955089507 33.067591656379804 6.395487954897464
  endloop
endfacet
facet normal -1.0 -2.474992431882849e-32 9.720210513949618e-32
  outer loop
    vertex 45.52482955089507 33.10174022980557 38.15430699999999
    vertex 45.52482955089507 37.0953498748536 42.15430699999999
    vertex 45.52482955089507 34.10392369331279 38.15430699999999
  endloop
endfacet
facet normal -1.0 -2.474992431882849e-32 9.720210513949618e-32
  outer loop
    vertex 45.52482955089507 34.10392369331279 38.15430699999999
    vertex 45.52482955089507 37.0953498748536 42.15430699999999
    vertex 45.52482955089507 35.08895951990165 38.15430699999999
  endloop
endfacet
facet normal -1.0 -2.474992431882849e-32 9.720210513949618e-32
  outer loop
    vertex 45.52482955089507 35.08895951990165 38.15430699999999
    vertex 45.52482955089507 37.0953498748536 42.15430699999999
    vertex 45.52482955089507 35.08895951990165 37.15430699999999
  endloop
endfacet
facet normal -1.0 -2.474992431882849e-32 9.720210513949618e-32
  outer loop
    vertex 45.52482955089507 35.08895951990165 37.15430699999999
    vertex 45.52482955089507 37.0953498748536 42.15430699999999
    vertex 45.52482955089507 35.08895951990165 6.654306999999984
  endloop
endfacet
facet normal -1.0 -2.474992431882849e-32 9.720210513949618e-32
  outer loop
    vertex 45.52482955089507 35.08895951990165 6.654306999999984
    vertex 45.52482955089507 37.0953498748536 42.15430699999999
    vertex 45.52482955089507 35.12310809332742 6.3954879548974635
  endloop
endfacet
facet normal -1.0 -2.474992431882849e-32 9.720210513949618e-32
  outer loop
    vertex 45.52482955089507 35.12310809332742 6.3954879548974635
    vertex 45.52482955089507 37.0953498748536 42.15430699999999
    vertex 45.52482955089507 35.22322664475894 6.154306999999984
  endloop
endfacet
facet normal -1.0 -2.474992431882849e-32 9.720210513949618e-32
  outer loop
    vertex 45.52482955089507 35.22322664475894 6.154306999999984
    vertex 45.52482955089507 37.0953498748536 42.15430699999999
    vertex 45.52482955089507 35.382492260369894 5.947200218813438
  endloop
endfacet
facet normal -1.0 -2.474992431882849e-32 9.720210513949618e-32
  outer loop
    vertex 45.52482955089507 35.382492260369894 5.947200218813438
    vertex 45.52482955089507 37.0953498748536 42.15430699999999
    vertex 45.52482955089507 35.59005125165526 5.788281596215547
  endloop
endfacet
facet normal -1.0 -2.474992431882849e-32 9.720210513949618e-32
  outer loop
    vertex 45.52482955089507 35.59005125165526 5.788281596215547
    vertex 45.52482955089507 37.0953498748536 42.15430699999999
    vertex 45.52482955089507 35.831758816366396 5.688381173710918
  endloop
endfacet
facet normal -1.0 -2.474992431882849e-32 9.720210513949618e-32
  outer loop
    vertex 45.52482955089507 35.831758816366396 5.688381173710918
    vertex 45.52482955089507 37.0953498748536 42.15430699999999
    vertex 45.52482955089507 36.091142983408865 5.654306999999987
  endloop
endfacet
facet normal -1.0 -2.474992431882849e-32 9.720210513949618e-32
  outer loop
    vertex 45.52482955089507 36.091142983408865 5.654306999999987
    vertex 45.52482955089507 37.0953498748536 42.15430699999999
    vertex 45.52482955089507 37.0953498748536 5.654306999999989
  endloop
endfacet
facet normal -1.0 -2.474992431882849e-32 9.720210513949618e-32
  outer loop
    vertex 45.52482955089507 33.10174022980557 38.15430699999999
    vertex 45.52482955089507 33.10174022980557 6.654306999999984
    vertex 45.52482955089507 33.067591656379804 6.395487954897464
  endloop
endfacet
facet normal -1.0 -2.474992431882849e-32 9.720210513949618e-32
  outer loop
    vertex 45.52482955089507 33.10174022980557 6.654306999999984
    vertex 45.52482955089507 33.10174022980557 38.15430699999999
    vertex 45.52482955089507 33.10174022980557 37.15430699999999
  endloop
endfacet
facet normal -1.0 -2.474992431882849e-32 9.720210513949618e-32
  outer loop
    vertex 45.52482955089507 23.095349874853603 38.15430699999999
    vertex 45.52482955089507 23.095349874853603 5.654306999999986
    vertex 45.52482955089507 21.095349874853614 5.654306999999989
  endloop
endfacet
facet normal -1.0 -2.474992431882849e-32 9.720210513949618e-32
  outer loop
    vertex 45.52482955089507 23.095349874853603 5.654306999999986
    vertex 45.52482955089507 23.095349874853603 38.15430699999999
    vertex 45.52482955089507 23.095349874853603 37.15430699999999
  endloop
endfacet
facet normal -0.793353355432887 0.6087614092757353 2.3089672148955336e-12
  outer loop
    vertex 45.39085495467951 20.595349865818196 42.15430699999999
    vertex 45.23193633208162 20.388243074103958 5.654306999999989
    vertex 45.23193633208162 20.388243073913976 42.15430699999999
  endloop
endfacet
facet normal -0.793353355432887 0.6087614092757353 2.3089672148955336e-12
  outer loop
    vertex 45.23193633208162 20.388243074103958 5.654306999999989
    vertex 45.39085495467951 20.595349865818196 42.15430699999999
    vertex 45.39085495467951 20.595349865905096 5.654306999999989
  endloop
endfacet
facet normal -0.9914448615230643 0.130526191086356 3.951561993302001e-14
  outer loop
    vertex 45.52482955089507 21.095349874853614 42.15430699999999
    vertex 45.490755377184136 20.836530827475183 5.654306999999989
    vertex 45.490755377184136 20.836530827453085 42.15430699999999
  endloop
endfacet
facet normal -0.9914448615230643 0.130526191086356 3.951561993302001e-14
  outer loop
    vertex 45.490755377184136 20.836530827475183 5.654306999999989
    vertex 45.52482955089507 21.095349874853614 42.15430699999999
    vertex 45.52482955089507 21.095349874853614 5.654306999999989
  endloop
endfacet
facet normal -0.608761462523176 0.793353314574688 5.589304863371148e-12
  outer loop
    vertex 45.02482955089507 20.229324437348545 42.15430699999999
    vertex 45.23193633208162 20.388243074103958 5.654306999999989
    vertex 45.02482955089507 20.22932443767286 5.654306999999988
  endloop
endfacet
facet normal -0.608761462523176 0.793353314574688 5.589304863371148e-12
  outer loop
    vertex 45.23193633208162 20.388243074103958 5.654306999999989
    vertex 45.02482955089507 20.229324437348545 42.15430699999999
    vertex 45.23193633208162 20.388243073913976 42.15430699999999
  endloop
endfacet
facet normal -0.9238795362727035 0.3826834232842262 5.714047840155063e-13
  outer loop
    vertex 45.490755377184136 20.836530827453085 42.15430699999999
    vertex 45.39085495467951 20.595349865905096 5.654306999999989
    vertex 45.39085495467951 20.595349865818196 42.15430699999999
  endloop
endfacet
facet normal -0.9238795362727035 0.3826834232842262 5.714047840155063e-13
  outer loop
    vertex 45.39085495467951 20.595349865905096 5.654306999999989
    vertex 45.490755377184136 20.836530827453085 42.15430699999999
    vertex 45.490755377184136 20.836530827475183 5.654306999999989
  endloop
endfacet
facet normal -0.13052625762909256 0.9914448527625447 1.533875107164001e-11
  outer loop
    vertex 44.52482955089507 20.095349807412358 42.15430699999999
    vertex 44.78364859599759 20.129423999059128 5.654306999999987
    vertex 44.52482955089507 20.095349808060995 5.654306999999986
  endloop
endfacet
facet normal -0.13052625762909256 0.9914448527625447 1.533875107164001e-11
  outer loop
    vertex 44.78364859599759 20.129423999059128 5.654306999999987
    vertex 44.52482955089507 20.095349807412358 42.15430699999999
    vertex 44.78364859599759 20.12942399857837 42.15430699999999
  endloop
endfacet
facet normal -0.3826834852921915 0.9238795105881618 1.0188900539353325e-11
  outer loop
    vertex 44.78364859599759 20.12942399857837 42.15430699999999
    vertex 45.02482955089507 20.22932443767286 5.654306999999988
    vertex 44.78364859599759 20.129423999059128 5.654306999999987
  endloop
endfacet
facet normal -0.3826834852921915 0.9238795105881618 1.0188900539353325e-11
  outer loop
    vertex 45.02482955089507 20.22932443767286 5.654306999999988
    vertex 44.78364859599759 20.12942399857837 42.15430699999999
    vertex 45.02482955089507 20.229324437348545 42.15430699999999
  endloop
endfacet
facet normal -5.199917346578303e-17 -2.2278928068434628e-17 -1.0
  outer loop
    vertex 12.558903724606028 37.354168924763734 5.654306999999989
    vertex 12.524829550895095 35.09534987485361 5.654306999999986
    vertex 12.524829550895095 37.095349874853575 5.654306999999989
  endloop
endfacet
facet normal -5.199917346578303e-17 -2.2278928068434628e-17 -1.0
  outer loop
    vertex 12.524829550895095 35.09534987485361 5.654306999999986
    vertex 12.558903724606028 37.354168924763734 5.654306999999989
    vertex 12.524829550895095 33.09534987485361 5.654306999999986
  endloop
endfacet
facet normal -5.199917346578303e-17 -2.2278928068434628e-17 -1.0
  outer loop
    vertex 12.524829550895095 33.09534987485361 5.654306999999986
    vertex 12.558903724606028 37.354168924763734 5.654306999999989
    vertex 12.524829550895095 25.0953498748536 5.654306999999986
  endloop
endfacet
facet normal -5.199917346578303e-17 -2.2278928068434628e-17 -1.0
  outer loop
    vertex 12.524829550895095 25.0953498748536 5.654306999999986
    vertex 12.558903724606028 37.354168924763734 5.654306999999989
    vertex 12.524829550895095 23.095349874853603 5.654306999999986
  endloop
endfacet
facet normal -5.199917346578303e-17 -2.2278928068434628e-17 -1.0
  outer loop
    vertex 12.524829550895095 23.095349874853603 5.654306999999986
    vertex 12.558903724606028 37.354168924763734 5.654306999999989
    vertex 12.524829550895095 21.095349874853607 5.654306999999989
  endloop
endfacet
facet normal -5.199917346578303e-17 -2.2278928068434628e-17 -1.0
  outer loop
    vertex 12.524829550895095 21.095349874853607 5.654306999999989
    vertex 12.558903724606028 37.354168924763734 5.654306999999989
    vertex 12.558903724606028 20.83653082833658 5.654306999999989
  endloop
endfacet
facet normal -5.199917346578303e-17 -2.2278928068434628e-17 -1.0
  outer loop
    vertex 12.558903724606028 20.83653082833658 5.654306999999989
    vertex 12.558903724606028 37.354168924763734 5.654306999999989
    vertex 12.658804147110658 37.59534989375647 5.654306999999989
  endloop
endfacet
facet normal -5.199917346578303e-17 -2.2278928068434628e-17 -1.0
  outer loop
    vertex 12.558903724606028 20.83653082833658 5.654306999999989
    vertex 12.658804147110658 37.59534989375647 5.654306999999989
    vertex 12.658804147110658 20.595349869291987 5.6543069999999895
  endloop
endfacet
facet normal -5.199917346578303e-17 -2.2278928068434628e-17 -1.0
  outer loop
    vertex 12.658804147110658 20.595349869291987 5.6543069999999895
    vertex 12.658804147110658 37.59534989375647 5.654306999999989
    vertex 12.817722769708547 37.802456697365336 5.654306999999989
  endloop
endfacet
facet normal -5.199917346578303e-17 -2.2278928068434628e-17 -1.0
  outer loop
    vertex 12.658804147110658 20.595349869291987 5.6543069999999895
    vertex 12.817722769708547 37.802456697365336 5.654306999999989
    vertex 12.817722769708547 20.38824308150833 5.6543069999999895
  endloop
endfacet
facet normal -5.199917346578303e-17 -2.2278928068434628e-17 -1.0
  outer loop
    vertex 12.817722769708547 20.38824308150833 5.6543069999999895
    vertex 12.817722769708547 37.802456697365336 5.654306999999989
    vertex 13.024829550895097 37.96137534918456 5.654306999999989
  endloop
endfacet
facet normal -5.199917346578303e-17 -2.2278928068434628e-17 -1.0
  outer loop
    vertex 12.817722769708547 20.38824308150833 5.6543069999999895
    vertex 13.024829550895097 37.96137534918456 5.654306999999989
    vertex 13.024829550895095 20.229324450312923 5.6543069999999895
  endloop
endfacet
facet normal -5.199917346578303e-17 -2.2278928068434628e-17 -1.0
  outer loop
    vertex 13.024829550895095 20.229324450312923 5.6543069999999895
    vertex 13.024829550895097 37.96137534918456 5.654306999999989
    vertex 13.266010505792577 20.12942401779627 5.6543069999999895
  endloop
endfacet
facet normal -5.199917346578303e-17 -2.2278928068434628e-17 -1.0
  outer loop
    vertex 13.266010505792577 20.12942401779627 5.6543069999999895
    vertex 13.024829550895097 37.96137534918456 5.654306999999989
    vertex 13.266010505792577 38.06127580571813 5.654306999999989
  endloop
endfacet
facet normal -5.199917346578303e-17 -2.2278928068434628e-17 -1.0
  outer loop
    vertex 13.266010505792577 20.12942401779627 5.6543069999999895
    vertex 13.266010505792577 38.06127580571813 5.654306999999989
    vertex 13.524829550895097 38.09535001594663 5.654306999999989
  endloop
endfacet
facet normal -5.199917346578303e-17 -2.2278928068434628e-17 -1.0
  outer loop
    vertex 13.266010505792577 20.12942401779627 5.6543069999999895
    vertex 13.524829550895097 38.09535001594663 5.654306999999989
    vertex 13.524829550895097 20.095349833341118 5.6543069999999895
  endloop
endfacet
facet normal -5.199917346578303e-17 -2.2278928068434628e-17 -1.0
  outer loop
    vertex 13.524829550895097 20.095349833341118 5.6543069999999895
    vertex 13.524829550895097 38.09535001594663 5.654306999999989
    vertex 17.53092723422478 38.09534987485361 5.654306999999986
  endloop
endfacet
facet normal -5.199917346578303e-17 -2.2278928068434628e-17 -1.0
  outer loop
    vertex 13.524829550895097 20.095349833341118 5.6543069999999895
    vertex 17.53092723422478 38.09534987485361 5.654306999999986
    vertex 17.524829550895095 20.095349874853603 5.654306999999992
  endloop
endfacet
facet normal -5.199917346578303e-17 -2.2278928068434628e-17 -1.0
  outer loop
    vertex 17.524829550895095 20.095349874853603 5.654306999999992
    vertex 17.53092723422478 38.09534987485361 5.654306999999986
    vertex 19.524829550895095 20.095349874853603 5.654306999999992
  endloop
endfacet
facet normal -5.199917346578303e-17 -2.2278928068434628e-17 -1.0
  outer loop
    vertex 19.524829550895095 20.095349874853603 5.654306999999992
    vertex 17.53092723422478 38.09534987485361 5.654306999999986
    vertex 19.51873186756541 38.09534987485361 5.654306999999986
  endloop
endfacet
facet normal -5.199917346578303e-17 -2.2278928068434628e-17 -1.0
  outer loop
    vertex 19.524829550895095 20.095349874853603 5.654306999999992
    vertex 19.51873186756541 38.09534987485361 5.654306999999986
    vertex 28.03338466039272 38.09534987485361 5.654306999999986
  endloop
endfacet
facet normal -5.199917346578303e-17 -2.2278928068434628e-17 -1.0
  outer loop
    vertex 19.524829550895095 20.095349874853603 5.654306999999992
    vertex 28.03338466039272 38.09534987485361 5.654306999999986
    vertex 28.024829550895085 20.095349874853603 5.6543069999999975
  endloop
endfacet
facet normal -5.199917346578303e-17 -2.2278928068434628e-17 -1.0
  outer loop
    vertex 28.024829550895085 20.095349874853603 5.6543069999999975
    vertex 28.03338466039272 38.09534987485361 5.654306999999986
    vertex 30.02482955089508 20.095349874853603 5.6543069999999975
  endloop
endfacet
facet normal -5.199917346578303e-17 -2.2278928068434628e-17 -1.0
  outer loop
    vertex 30.02482955089508 20.095349874853603 5.6543069999999975
    vertex 28.03338466039272 38.09534987485361 5.654306999999986
    vertex 30.016274441397467 38.09534987485361 5.654306999999986
  endloop
endfacet
facet normal -5.199917346578303e-17 -2.2278928068434628e-17 -1.0
  outer loop
    vertex 30.02482955089508 20.095349874853603 5.6543069999999975
    vertex 30.016274441397467 38.09534987485361 5.654306999999986
    vertex 38.53320553522257 38.09534987485361 5.654306999999986
  endloop
endfacet
facet normal -5.199917346578303e-17 -2.2278928068434628e-17 -1.0
  outer loop
    vertex 30.02482955089508 20.095349874853603 5.6543069999999975
    vertex 38.53320553522257 38.09534987485361 5.654306999999986
    vertex 38.52482955089506 20.095349874853603 5.654306999999975
  endloop
endfacet
facet normal -5.199917346578303e-17 -2.2278928068434628e-17 -1.0
  outer loop
    vertex 38.52482955089506 20.095349874853603 5.654306999999975
    vertex 38.53320553522257 38.09534987485361 5.654306999999986
    vertex 40.52482955089507 20.095349874853603 5.654306999999975
  endloop
endfacet
facet normal -5.199917346578303e-17 -2.2278928068434628e-17 -1.0
  outer loop
    vertex 40.52482955089507 20.095349874853603 5.654306999999975
    vertex 38.53320553522257 38.09534987485361 5.654306999999986
    vertex 40.51645356656757 38.09534987485361 5.654306999999986
  endloop
endfacet
facet normal -5.199917346578303e-17 -2.2278928068434628e-17 -1.0
  outer loop
    vertex 40.52482955089507 20.095349874853603 5.654306999999975
    vertex 40.51645356656757 38.09534987485361 5.654306999999986
    vertex 44.52482955089507 38.09534994563282 5.654306999999989
  endloop
endfacet
facet normal -5.199917346578303e-17 -2.2278928068434628e-17 -1.0
  outer loop
    vertex 40.52482955089507 20.095349874853603 5.654306999999975
    vertex 44.52482955089507 38.09534994563282 5.654306999999989
    vertex 44.52482955089507 20.095349808060995 5.654306999999986
  endloop
endfacet
facet normal -5.199917346578303e-17 -2.2278928068434628e-17 -1.0
  outer loop
    vertex 44.52482955089507 20.095349808060995 5.654306999999986
    vertex 44.52482955089507 38.09534994563282 5.654306999999989
    vertex 44.78364859599759 38.06127575360288 5.654306999999989
  endloop
endfacet
facet normal -5.199917346578303e-17 -2.2278928068434628e-17 -1.0
  outer loop
    vertex 44.52482955089507 20.095349808060995 5.654306999999986
    vertex 44.78364859599759 38.06127575360288 5.654306999999989
    vertex 44.78364859599759 20.129423999059128 5.654306999999987
  endloop
endfacet
facet normal -5.199917346578303e-17 -2.2278928068434628e-17 -1.0
  outer loop
    vertex 44.78364859599759 20.129423999059128 5.654306999999987
    vertex 44.78364859599759 38.06127575360288 5.654306999999989
    vertex 45.02482955089507 37.961375314027656 5.654306999999989
  endloop
endfacet
facet normal -5.199917346578303e-17 -2.2278928068434628e-17 -1.0
  outer loop
    vertex 44.78364859599759 20.129423999059128 5.654306999999987
    vertex 45.02482955089507 37.961375314027656 5.654306999999989
    vertex 45.02482955089507 20.22932443767286 5.654306999999988
  endloop
endfacet
facet normal -5.199917346578303e-17 -2.2278928068434628e-17 -1.0
  outer loop
    vertex 45.02482955089507 20.22932443767286 5.654306999999988
    vertex 45.02482955089507 37.961375314027656 5.654306999999989
    vertex 45.23193633208162 37.80245667677091 5.654306999999989
  endloop
endfacet
facet normal -5.199917346578303e-17 -2.2278928068434628e-17 -1.0
  outer loop
    vertex 45.02482955089507 20.22932443767286 5.654306999999988
    vertex 45.23193633208162 37.80245667677091 5.654306999999989
    vertex 45.23193633208162 20.388243074103958 5.654306999999989
  endloop
endfacet
facet normal -5.199917346578303e-17 -2.2278928068434628e-17 -1.0
  outer loop
    vertex 45.23193633208162 20.388243074103958 5.654306999999989
    vertex 45.23193633208162 37.80245667677091 5.654306999999989
    vertex 45.39085495467951 37.59534988433622 5.654306999999989
  endloop
endfacet
facet normal -5.199917346578303e-17 -2.2278928068434628e-17 -1.0
  outer loop
    vertex 45.23193633208162 20.388243074103958 5.654306999999989
    vertex 45.39085495467951 37.59534988433622 5.654306999999989
    vertex 45.39085495467951 20.595349865905096 5.654306999999989
  endloop
endfacet
facet normal -5.199917346578303e-17 -2.2278928068434628e-17 -1.0
  outer loop
    vertex 45.39085495467951 20.595349865905096 5.654306999999989
    vertex 45.39085495467951 37.59534988433622 5.654306999999989
    vertex 45.490755377184136 37.35416892236786 5.654306999999989
  endloop
endfacet
facet normal -5.199917346578303e-17 -2.2278928068434628e-17 -1.0
  outer loop
    vertex 45.39085495467951 20.595349865905096 5.654306999999989
    vertex 45.490755377184136 37.35416892236786 5.654306999999989
    vertex 45.490755377184136 20.836530827475183 5.654306999999989
  endloop
endfacet
facet normal -5.199917346578303e-17 -2.2278928068434628e-17 -1.0
  outer loop
    vertex 45.490755377184136 20.836530827475183 5.654306999999989
    vertex 45.490755377184136 37.35416892236786 5.654306999999989
    vertex 45.52482955089507 37.0953498748536 5.654306999999989
  endloop
endfacet
facet normal -5.199917346578303e-17 -2.2278928068434628e-17 -1.0
  outer loop
    vertex 45.490755377184136 20.836530827475183 5.654306999999989
    vertex 45.52482955089507 37.0953498748536 5.654306999999989
    vertex 45.52482955089507 21.095349874853614 5.654306999999989
  endloop
endfacet
facet normal -5.199917346578303e-17 -2.2278928068434628e-17 -1.0
  outer loop
    vertex 45.52482955089507 21.095349874853614 5.654306999999989
    vertex 45.52482955089507 37.0953498748536 5.654306999999989
    vertex 45.52482955089507 36.091142983408865 5.654306999999987
  endloop
endfacet
facet normal -5.199917346578303e-17 -2.2278928068434628e-17 -1.0
  outer loop
    vertex 45.52482955089507 21.095349874853614 5.654306999999989
    vertex 45.52482955089507 36.091142983408865 5.654306999999987
    vertex 45.52482955089507 35.08895951990165 5.654306999999986
  endloop
endfacet
facet normal -5.199917346578303e-17 -2.2278928068434628e-17 -1.0
  outer loop
    vertex 45.52482955089507 21.095349874853614 5.654306999999989
    vertex 45.52482955089507 35.08895951990165 5.654306999999986
    vertex 45.52482955089507 33.10174022980557 5.654306999999986
  endloop
endfacet
facet normal -5.199917346578303e-17 -2.2278928068434628e-17 -1.0
  outer loop
    vertex 45.52482955089507 21.095349874853614 5.654306999999989
    vertex 45.52482955089507 33.10174022980557 5.654306999999986
    vertex 45.52482955089507 32.09955676629835 5.654306999999986
  endloop
endfacet
facet normal -5.199917346578303e-17 -2.2278928068434628e-17 -1.0
  outer loop
    vertex 45.52482955089507 21.095349874853614 5.654306999999989
    vertex 45.52482955089507 32.09955676629835 5.654306999999986
    vertex 45.52482955089507 25.0953498748536 5.654306999999986
  endloop
endfacet
facet normal -5.199917346578303e-17 -2.2278928068434628e-17 -1.0
  outer loop
    vertex 45.52482955089507 21.095349874853614 5.654306999999989
    vertex 45.52482955089507 25.0953498748536 5.654306999999986
    vertex 45.52482955089507 23.095349874853603 5.654306999999986
  endloop
endfacet
endsolid Ножка2
